<?xml version="1.0" encoding="UTF-8"?>
<gpx xmlns="http://www.topografix.com/GPX/1/1" version="1.1" creator="GPSBabel - http://www.gpsbabel.org">
	<metadata>
		<author>
			<name><![CDATA[Andy 的游历]]></name>
		</author>
	</metadata>
	<trk>
		<trkseg>
			<trkpt lat="30.488177" lon="119.387815">
				<speed>0.551165</speed>
				<ele>138.000000</ele>
				<time>2025-09-13T00:31:50Z</time>
			</trkpt>
			<trkpt lat="30.488135" lon="119.387721">
				<speed>0.020083</speed>
				<ele>137.000000</ele>
				<time>2025-09-13T00:32:18Z</time>
			</trkpt>
			<trkpt lat="30.488206" lon="119.387637">
				<speed>0.922564</speed>
				<ele>138.000000</ele>
				<time>2025-09-13T00:32:51Z</time>
			</trkpt>
			<trkpt lat="30.488311" lon="119.387642">
				<speed>1.067109</speed>
				<ele>141.000000</ele>
				<time>2025-09-13T00:33:00Z</time>
			</trkpt>
			<trkpt lat="30.488403" lon="119.387654">
				<speed>1.194265</speed>
				<ele>140.000000</ele>
				<time>2025-09-13T00:33:07Z</time>
			</trkpt>
			<trkpt lat="30.488494" lon="119.387657">
				<speed>1.039089</speed>
				<ele>139.000000</ele>
				<time>2025-09-13T00:33:15Z</time>
			</trkpt>
			<trkpt lat="30.488585" lon="119.387671">
				<speed>1.289940</speed>
				<ele>140.000000</ele>
				<time>2025-09-13T00:33:22Z</time>
			</trkpt>
			<trkpt lat="30.488679" lon="119.387707">
				<speed>1.418949</speed>
				<ele>140.000000</ele>
				<time>2025-09-13T00:33:30Z</time>
			</trkpt>
			<trkpt lat="30.488765" lon="119.387644">
				<speed>1.085961</speed>
				<ele>140.000000</ele>
				<time>2025-09-13T00:33:40Z</time>
			</trkpt>
			<trkpt lat="30.488773" lon="119.387534">
				<speed>1.103232</speed>
				<ele>139.000000</ele>
				<time>2025-09-13T00:33:47Z</time>
			</trkpt>
			<trkpt lat="30.488775" lon="119.387417">
				<speed>1.472405</speed>
				<ele>139.000000</ele>
				<time>2025-09-13T00:33:55Z</time>
			</trkpt>
			<trkpt lat="30.488776" lon="119.387307">
				<speed>1.393743</speed>
				<ele>139.000000</ele>
				<time>2025-09-13T00:34:03Z</time>
			</trkpt>
			<trkpt lat="30.488785" lon="119.387202">
				<speed>1.065362</speed>
				<ele>139.000000</ele>
				<time>2025-09-13T00:34:11Z</time>
			</trkpt>
			<trkpt lat="30.488807" lon="119.387089">
				<speed>1.281445</speed>
				<ele>142.000000</ele>
				<time>2025-09-13T00:34:18Z</time>
			</trkpt>
			<trkpt lat="30.488893" lon="119.387040">
				<speed>1.290639</speed>
				<ele>145.000000</ele>
				<time>2025-09-13T00:34:30Z</time>
			</trkpt>
			<trkpt lat="30.488992" lon="119.387041">
				<speed>1.231723</speed>
				<ele>147.000000</ele>
				<time>2025-09-13T00:34:39Z</time>
			</trkpt>
			<trkpt lat="30.489095" lon="119.387049">
				<speed>1.614364</speed>
				<ele>147.000000</ele>
				<time>2025-09-13T00:34:46Z</time>
			</trkpt>
			<trkpt lat="30.489196" lon="119.387067">
				<speed>1.600279</speed>
				<ele>146.000000</ele>
				<time>2025-09-13T00:34:54Z</time>
			</trkpt>
			<trkpt lat="30.489286" lon="119.387056">
				<speed>1.577978</speed>
				<ele>144.000000</ele>
				<time>2025-09-13T00:35:01Z</time>
			</trkpt>
			<trkpt lat="30.489265" lon="119.386946">
				<speed>1.552240</speed>
				<ele>142.000000</ele>
				<time>2025-09-13T00:35:09Z</time>
			</trkpt>
			<trkpt lat="30.489212" lon="119.386849">
				<speed>1.559456</speed>
				<ele>142.000000</ele>
				<time>2025-09-13T00:35:17Z</time>
			</trkpt>
			<trkpt lat="30.489163" lon="119.386753">
				<speed>1.583114</speed>
				<ele>142.000000</ele>
				<time>2025-09-13T00:35:25Z</time>
			</trkpt>
			<trkpt lat="30.489129" lon="119.386652">
				<speed>1.562392</speed>
				<ele>142.000000</ele>
				<time>2025-09-13T00:35:33Z</time>
			</trkpt>
			<trkpt lat="30.489096" lon="119.386549">
				<speed>1.563942</speed>
				<ele>142.000000</ele>
				<time>2025-09-13T00:35:41Z</time>
			</trkpt>
			<trkpt lat="30.489076" lon="119.386447">
				<speed>1.529731</speed>
				<ele>141.000000</ele>
				<time>2025-09-13T00:35:49Z</time>
			</trkpt>
			<trkpt lat="30.489015" lon="119.386354">
				<speed>1.517159</speed>
				<ele>141.000000</ele>
				<time>2025-09-13T00:35:58Z</time>
			</trkpt>
			<trkpt lat="30.488953" lon="119.386269">
				<speed>1.470721</speed>
				<ele>142.000000</ele>
				<time>2025-09-13T00:36:07Z</time>
			</trkpt>
			<trkpt lat="30.488890" lon="119.386176">
				<speed>1.333134</speed>
				<ele>141.000000</ele>
				<time>2025-09-13T00:36:17Z</time>
			</trkpt>
			<trkpt lat="30.488860" lon="119.386067">
				<speed>1.184887</speed>
				<ele>141.000000</ele>
				<time>2025-09-13T00:36:27Z</time>
			</trkpt>
			<trkpt lat="30.488847" lon="119.385956">
				<speed>1.469710</speed>
				<ele>140.000000</ele>
				<time>2025-09-13T00:36:35Z</time>
			</trkpt>
			<trkpt lat="30.488836" lon="119.385849">
				<speed>1.391883</speed>
				<ele>140.000000</ele>
				<time>2025-09-13T00:36:43Z</time>
			</trkpt>
			<trkpt lat="30.488830" lon="119.385736">
				<speed>1.514970</speed>
				<ele>140.000000</ele>
				<time>2025-09-13T00:36:51Z</time>
			</trkpt>
			<trkpt lat="30.488816" lon="119.385629">
				<speed>1.410952</speed>
				<ele>141.000000</ele>
				<time>2025-09-13T00:36:59Z</time>
			</trkpt>
			<trkpt lat="30.488805" lon="119.385516">
				<speed>1.506034</speed>
				<ele>141.000000</ele>
				<time>2025-09-13T00:37:07Z</time>
			</trkpt>
			<trkpt lat="30.488791" lon="119.385404">
				<speed>1.501914</speed>
				<ele>141.000000</ele>
				<time>2025-09-13T00:37:15Z</time>
			</trkpt>
			<trkpt lat="30.488782" lon="119.385299">
				<speed>1.546138</speed>
				<ele>141.000000</ele>
				<time>2025-09-13T00:37:22Z</time>
			</trkpt>
			<trkpt lat="30.488760" lon="119.385184">
				<speed>1.570394</speed>
				<ele>141.000000</ele>
				<time>2025-09-13T00:37:30Z</time>
			</trkpt>
			<trkpt lat="30.488758" lon="119.385070">
				<speed>1.574492</speed>
				<ele>142.000000</ele>
				<time>2025-09-13T00:37:38Z</time>
			</trkpt>
			<trkpt lat="30.488792" lon="119.384965">
				<speed>1.542512</speed>
				<ele>142.000000</ele>
				<time>2025-09-13T00:37:46Z</time>
			</trkpt>
			<trkpt lat="30.488832" lon="119.384858">
				<speed>1.603721</speed>
				<ele>143.000000</ele>
				<time>2025-09-13T00:37:54Z</time>
			</trkpt>
			<trkpt lat="30.488865" lon="119.384760">
				<speed>1.605139</speed>
				<ele>143.000000</ele>
				<time>2025-09-13T00:38:01Z</time>
			</trkpt>
			<trkpt lat="30.488885" lon="119.384647">
				<speed>1.210504</speed>
				<ele>143.000000</ele>
				<time>2025-09-13T00:38:10Z</time>
			</trkpt>
			<trkpt lat="30.488892" lon="119.384539">
				<speed>1.325320</speed>
				<ele>144.000000</ele>
				<time>2025-09-13T00:38:18Z</time>
			</trkpt>
			<trkpt lat="30.488879" lon="119.384432">
				<speed>1.216599</speed>
				<ele>144.000000</ele>
				<time>2025-09-13T00:38:26Z</time>
			</trkpt>
			<trkpt lat="30.488860" lon="119.384325">
				<speed>1.611924</speed>
				<ele>144.000000</ele>
				<time>2025-09-13T00:38:33Z</time>
			</trkpt>
			<trkpt lat="30.488846" lon="119.384219">
				<speed>1.621843</speed>
				<ele>144.000000</ele>
				<time>2025-09-13T00:38:40Z</time>
			</trkpt>
			<trkpt lat="30.488855" lon="119.384101">
				<speed>1.580541</speed>
				<ele>145.000000</ele>
				<time>2025-09-13T00:38:48Z</time>
			</trkpt>
			<trkpt lat="30.488874" lon="119.383987">
				<speed>1.563633</speed>
				<ele>144.000000</ele>
				<time>2025-09-13T00:38:56Z</time>
			</trkpt>
			<trkpt lat="30.488899" lon="119.383884">
				<speed>1.556351</speed>
				<ele>145.000000</ele>
				<time>2025-09-13T00:39:04Z</time>
			</trkpt>
			<trkpt lat="30.488923" lon="119.383769">
				<speed>1.601539</speed>
				<ele>146.000000</ele>
				<time>2025-09-13T00:39:12Z</time>
			</trkpt>
			<trkpt lat="30.488949" lon="119.383655">
				<speed>1.521503</speed>
				<ele>145.000000</ele>
				<time>2025-09-13T00:39:20Z</time>
			</trkpt>
			<trkpt lat="30.488963" lon="119.383545">
				<speed>1.600842</speed>
				<ele>146.000000</ele>
				<time>2025-09-13T00:39:28Z</time>
			</trkpt>
			<trkpt lat="30.488969" lon="119.383433">
				<speed>1.585841</speed>
				<ele>144.000000</ele>
				<time>2025-09-13T00:39:36Z</time>
			</trkpt>
			<trkpt lat="30.488971" lon="119.383328">
				<speed>1.590996</speed>
				<ele>145.000000</ele>
				<time>2025-09-13T00:39:44Z</time>
			</trkpt>
			<trkpt lat="30.488963" lon="119.383217">
				<speed>1.257912</speed>
				<ele>145.000000</ele>
				<time>2025-09-13T00:39:53Z</time>
			</trkpt>
			<trkpt lat="30.488962" lon="119.383112">
				<speed>1.349021</speed>
				<ele>144.000000</ele>
				<time>2025-09-13T00:40:01Z</time>
			</trkpt>
			<trkpt lat="30.488951" lon="119.382992">
				<speed>1.374036</speed>
				<ele>145.000000</ele>
				<time>2025-09-13T00:40:09Z</time>
			</trkpt>
			<trkpt lat="30.488966" lon="119.382878">
				<speed>1.253827</speed>
				<ele>147.000000</ele>
				<time>2025-09-13T00:40:17Z</time>
			</trkpt>
			<trkpt lat="30.488991" lon="119.382767">
				<speed>1.276657</speed>
				<ele>148.000000</ele>
				<time>2025-09-13T00:40:25Z</time>
			</trkpt>
			<trkpt lat="30.489008" lon="119.382651">
				<speed>1.457691</speed>
				<ele>149.000000</ele>
				<time>2025-09-13T00:40:33Z</time>
			</trkpt>
			<trkpt lat="30.489028" lon="119.382538">
				<speed>1.608317</speed>
				<ele>149.000000</ele>
				<time>2025-09-13T00:40:40Z</time>
			</trkpt>
			<trkpt lat="30.489024" lon="119.382419">
				<speed>1.602060</speed>
				<ele>150.000000</ele>
				<time>2025-09-13T00:40:48Z</time>
			</trkpt>
			<trkpt lat="30.489002" lon="119.382308">
				<speed>1.441713</speed>
				<ele>150.000000</ele>
				<time>2025-09-13T00:40:56Z</time>
			</trkpt>
			<trkpt lat="30.488975" lon="119.382196">
				<speed>1.307371</speed>
				<ele>150.000000</ele>
				<time>2025-09-13T00:41:04Z</time>
			</trkpt>
			<trkpt lat="30.488958" lon="119.382088">
				<speed>1.095494</speed>
				<ele>151.000000</ele>
				<time>2025-09-13T00:41:12Z</time>
			</trkpt>
			<trkpt lat="30.488965" lon="119.381983">
				<speed>1.240549</speed>
				<ele>152.000000</ele>
				<time>2025-09-13T00:41:20Z</time>
			</trkpt>
			<trkpt lat="30.489033" lon="119.381907">
				<speed>1.263508</speed>
				<ele>152.000000</ele>
				<time>2025-09-13T00:41:27Z</time>
			</trkpt>
			<trkpt lat="30.489104" lon="119.381836">
				<speed>1.607745</speed>
				<ele>152.000000</ele>
				<time>2025-09-13T00:41:34Z</time>
			</trkpt>
			<trkpt lat="30.489179" lon="119.381759">
				<speed>1.591493</speed>
				<ele>151.000000</ele>
				<time>2025-09-13T00:41:42Z</time>
			</trkpt>
			<trkpt lat="30.489261" lon="119.381689">
				<speed>1.592662</speed>
				<ele>152.000000</ele>
				<time>2025-09-13T00:41:50Z</time>
			</trkpt>
			<trkpt lat="30.489332" lon="119.381609">
				<speed>1.606682</speed>
				<ele>153.000000</ele>
				<time>2025-09-13T00:41:58Z</time>
			</trkpt>
			<trkpt lat="30.489383" lon="119.381517">
				<speed>1.565760</speed>
				<ele>155.000000</ele>
				<time>2025-09-13T00:42:06Z</time>
			</trkpt>
			<trkpt lat="30.489431" lon="119.381428">
				<speed>1.600217</speed>
				<ele>154.000000</ele>
				<time>2025-09-13T00:42:12Z</time>
			</trkpt>
			<trkpt lat="30.489485" lon="119.381330">
				<speed>1.584979</speed>
				<ele>154.000000</ele>
				<time>2025-09-13T00:42:21Z</time>
			</trkpt>
			<trkpt lat="30.489556" lon="119.381255">
				<speed>1.555552</speed>
				<ele>154.000000</ele>
				<time>2025-09-13T00:42:29Z</time>
			</trkpt>
			<trkpt lat="30.489583" lon="119.381154">
				<speed>1.548470</speed>
				<ele>157.000000</ele>
				<time>2025-09-13T00:42:37Z</time>
			</trkpt>
			<trkpt lat="30.489543" lon="119.381060">
				<speed>1.532290</speed>
				<ele>158.000000</ele>
				<time>2025-09-13T00:42:44Z</time>
			</trkpt>
			<trkpt lat="30.489496" lon="119.380962">
				<speed>1.516609</speed>
				<ele>161.000000</ele>
				<time>2025-09-13T00:42:52Z</time>
			</trkpt>
			<trkpt lat="30.489473" lon="119.380860">
				<speed>0.987837</speed>
				<ele>162.000000</ele>
				<time>2025-09-13T00:43:01Z</time>
			</trkpt>
			<trkpt lat="30.489430" lon="119.380764">
				<speed>1.033668</speed>
				<ele>162.000000</ele>
				<time>2025-09-13T00:43:10Z</time>
			</trkpt>
			<trkpt lat="30.489384" lon="119.380660">
				<speed>1.102037</speed>
				<ele>162.000000</ele>
				<time>2025-09-13T00:43:19Z</time>
			</trkpt>
			<trkpt lat="30.489311" lon="119.380590">
				<speed>0.843958</speed>
				<ele>162.000000</ele>
				<time>2025-09-13T00:43:26Z</time>
			</trkpt>
			<trkpt lat="30.489243" lon="119.380514">
				<speed>0.982835</speed>
				<ele>163.000000</ele>
				<time>2025-09-13T00:43:35Z</time>
			</trkpt>
			<trkpt lat="30.489186" lon="119.380423">
				<speed>0.939405</speed>
				<ele>163.000000</ele>
				<time>2025-09-13T00:43:43Z</time>
			</trkpt>
			<trkpt lat="30.489132" lon="119.380338">
				<speed>1.298199</speed>
				<ele>163.000000</ele>
				<time>2025-09-13T00:43:50Z</time>
			</trkpt>
			<trkpt lat="30.489083" lon="119.380238">
				<speed>1.224014</speed>
				<ele>163.000000</ele>
				<time>2025-09-13T00:43:58Z</time>
			</trkpt>
			<trkpt lat="30.489028" lon="119.380147">
				<speed>1.109226</speed>
				<ele>163.000000</ele>
				<time>2025-09-13T00:44:06Z</time>
			</trkpt>
			<trkpt lat="30.488967" lon="119.380066">
				<speed>1.038691</speed>
				<ele>163.000000</ele>
				<time>2025-09-13T00:44:14Z</time>
			</trkpt>
			<trkpt lat="30.488890" lon="119.380003">
				<speed>1.219613</speed>
				<ele>161.000000</ele>
				<time>2025-09-13T00:44:22Z</time>
			</trkpt>
			<trkpt lat="30.488811" lon="119.379948">
				<speed>1.163611</speed>
				<ele>163.000000</ele>
				<time>2025-09-13T00:44:30Z</time>
			</trkpt>
			<trkpt lat="30.488727" lon="119.379889">
				<speed>1.171219</speed>
				<ele>162.000000</ele>
				<time>2025-09-13T00:44:38Z</time>
			</trkpt>
			<trkpt lat="30.488662" lon="119.379816">
				<speed>1.442703</speed>
				<ele>163.000000</ele>
				<time>2025-09-13T00:44:45Z</time>
			</trkpt>
			<trkpt lat="30.488622" lon="119.379713">
				<speed>1.393443</speed>
				<ele>162.000000</ele>
				<time>2025-09-13T00:44:53Z</time>
			</trkpt>
			<trkpt lat="30.488604" lon="119.379606">
				<speed>1.180981</speed>
				<ele>162.000000</ele>
				<time>2025-09-13T00:45:01Z</time>
			</trkpt>
			<trkpt lat="30.488626" lon="119.379501">
				<speed>0.993302</speed>
				<ele>163.000000</ele>
				<time>2025-09-13T00:45:09Z</time>
			</trkpt>
			<trkpt lat="30.488663" lon="119.379393">
				<speed>1.265794</speed>
				<ele>166.000000</ele>
				<time>2025-09-13T00:45:17Z</time>
			</trkpt>
			<trkpt lat="30.488703" lon="119.379290">
				<speed>1.041275</speed>
				<ele>167.000000</ele>
				<time>2025-09-13T00:45:26Z</time>
			</trkpt>
			<trkpt lat="30.488721" lon="119.379174">
				<speed>1.298535</speed>
				<ele>168.000000</ele>
				<time>2025-09-13T00:45:34Z</time>
			</trkpt>
			<trkpt lat="30.488719" lon="119.379063">
				<speed>1.268605</speed>
				<ele>169.000000</ele>
				<time>2025-09-13T00:45:42Z</time>
			</trkpt>
			<trkpt lat="30.488699" lon="119.378953">
				<speed>1.539972</speed>
				<ele>170.000000</ele>
				<time>2025-09-13T00:45:50Z</time>
			</trkpt>
			<trkpt lat="30.488658" lon="119.378851">
				<speed>1.536861</speed>
				<ele>171.000000</ele>
				<time>2025-09-13T00:45:58Z</time>
			</trkpt>
			<trkpt lat="30.488603" lon="119.378761">
				<speed>1.517201</speed>
				<ele>170.000000</ele>
				<time>2025-09-13T00:46:06Z</time>
			</trkpt>
			<trkpt lat="30.488541" lon="119.378685">
				<speed>0.931813</speed>
				<ele>169.000000</ele>
				<time>2025-09-13T00:46:15Z</time>
			</trkpt>
			<trkpt lat="30.488454" lon="119.378654">
				<speed>1.218105</speed>
				<ele>169.000000</ele>
				<time>2025-09-13T00:46:34Z</time>
			</trkpt>
			<trkpt lat="30.488367" lon="119.378610">
				<speed>1.236641</speed>
				<ele>170.000000</ele>
				<time>2025-09-13T00:46:42Z</time>
			</trkpt>
			<trkpt lat="30.488281" lon="119.378568">
				<speed>1.075608</speed>
				<ele>169.000000</ele>
				<time>2025-09-13T00:46:51Z</time>
			</trkpt>
			<trkpt lat="30.488196" lon="119.378527">
				<speed>1.221256</speed>
				<ele>172.000000</ele>
				<time>2025-09-13T00:46:59Z</time>
			</trkpt>
			<trkpt lat="30.488099" lon="119.378487">
				<speed>1.352412</speed>
				<ele>172.000000</ele>
				<time>2025-09-13T00:47:08Z</time>
			</trkpt>
			<trkpt lat="30.488005" lon="119.378463">
				<speed>1.497340</speed>
				<ele>173.000000</ele>
				<time>2025-09-13T00:47:15Z</time>
			</trkpt>
			<trkpt lat="30.487917" lon="119.378426">
				<speed>1.135701</speed>
				<ele>169.000000</ele>
				<time>2025-09-13T00:47:24Z</time>
			</trkpt>
			<trkpt lat="30.487875" lon="119.378318">
				<speed>0.868056</speed>
				<ele>169.000000</ele>
				<time>2025-09-13T00:47:37Z</time>
			</trkpt>
			<trkpt lat="30.487821" lon="119.378226">
				<speed>0.823547</speed>
				<ele>169.000000</ele>
				<time>2025-09-13T00:47:46Z</time>
			</trkpt>
			<trkpt lat="30.487801" lon="119.378124">
				<speed>1.339575</speed>
				<ele>169.000000</ele>
				<time>2025-09-13T00:47:53Z</time>
			</trkpt>
			<trkpt lat="30.487783" lon="119.378022">
				<speed>1.529135</speed>
				<ele>170.000000</ele>
				<time>2025-09-13T00:48:00Z</time>
			</trkpt>
			<trkpt lat="30.487750" lon="119.377912">
				<speed>1.073449</speed>
				<ele>170.000000</ele>
				<time>2025-09-13T00:48:09Z</time>
			</trkpt>
			<trkpt lat="30.487730" lon="119.377806">
				<speed>0.992891</speed>
				<ele>174.000000</ele>
				<time>2025-09-13T00:48:17Z</time>
			</trkpt>
			<trkpt lat="30.487711" lon="119.377702">
				<speed>0.806377</speed>
				<ele>176.000000</ele>
				<time>2025-09-13T00:48:26Z</time>
			</trkpt>
			<trkpt lat="30.487707" lon="119.377597">
				<speed>1.136795</speed>
				<ele>177.000000</ele>
				<time>2025-09-13T00:48:34Z</time>
			</trkpt>
			<trkpt lat="30.487694" lon="119.377488">
				<speed>0.927668</speed>
				<ele>179.000000</ele>
				<time>2025-09-13T00:48:45Z</time>
			</trkpt>
			<trkpt lat="30.487666" lon="119.377378">
				<speed>0.834418</speed>
				<ele>181.000000</ele>
				<time>2025-09-13T00:48:55Z</time>
			</trkpt>
			<trkpt lat="30.487628" lon="119.377273">
				<speed>0.981308</speed>
				<ele>182.000000</ele>
				<time>2025-09-13T00:49:04Z</time>
			</trkpt>
			<trkpt lat="30.487571" lon="119.377182">
				<speed>0.913640</speed>
				<ele>185.000000</ele>
				<time>2025-09-13T00:49:14Z</time>
			</trkpt>
			<trkpt lat="30.487523" lon="119.377093">
				<speed>0.900429</speed>
				<ele>187.000000</ele>
				<time>2025-09-13T00:49:23Z</time>
			</trkpt>
			<trkpt lat="30.487494" lon="119.376984">
				<speed>0.739854</speed>
				<ele>189.000000</ele>
				<time>2025-09-13T00:49:36Z</time>
			</trkpt>
			<trkpt lat="30.487511" lon="119.376874">
				<speed>0.764991</speed>
				<ele>190.000000</ele>
				<time>2025-09-13T00:49:47Z</time>
			</trkpt>
			<trkpt lat="30.487567" lon="119.376781">
				<speed>1.013748</speed>
				<ele>191.000000</ele>
				<time>2025-09-13T00:49:57Z</time>
			</trkpt>
			<trkpt lat="30.487619" lon="119.376686">
				<speed>1.138018</speed>
				<ele>193.000000</ele>
				<time>2025-09-13T00:50:06Z</time>
			</trkpt>
			<trkpt lat="30.487651" lon="119.376586">
				<speed>0.945626</speed>
				<ele>195.000000</ele>
				<time>2025-09-13T00:50:15Z</time>
			</trkpt>
			<trkpt lat="30.487654" lon="119.376482">
				<speed>1.013433</speed>
				<ele>197.000000</ele>
				<time>2025-09-13T00:50:24Z</time>
			</trkpt>
			<trkpt lat="30.487671" lon="119.376364">
				<speed>1.119736</speed>
				<ele>198.000000</ele>
				<time>2025-09-13T00:50:34Z</time>
			</trkpt>
			<trkpt lat="30.487707" lon="119.376260">
				<speed>0.801603</speed>
				<ele>198.000000</ele>
				<time>2025-09-13T00:50:44Z</time>
			</trkpt>
			<trkpt lat="30.487761" lon="119.376162">
				<speed>0.639054</speed>
				<ele>202.000000</ele>
				<time>2025-09-13T00:50:55Z</time>
			</trkpt>
			<trkpt lat="30.487802" lon="119.376068">
				<speed>0.696845</speed>
				<ele>205.000000</ele>
				<time>2025-09-13T00:51:06Z</time>
			</trkpt>
			<trkpt lat="30.487837" lon="119.375971">
				<speed>0.604892</speed>
				<ele>206.000000</ele>
				<time>2025-09-13T00:51:17Z</time>
			</trkpt>
			<trkpt lat="30.487856" lon="119.375860">
				<speed>0.892100</speed>
				<ele>204.000000</ele>
				<time>2025-09-13T00:51:28Z</time>
			</trkpt>
			<trkpt lat="30.487877" lon="119.375749">
				<speed>1.246099</speed>
				<ele>206.000000</ele>
				<time>2025-09-13T00:51:38Z</time>
			</trkpt>
			<trkpt lat="30.487876" lon="119.375635">
				<speed>0.971684</speed>
				<ele>207.000000</ele>
				<time>2025-09-13T00:51:48Z</time>
			</trkpt>
			<trkpt lat="30.487852" lon="119.375522">
				<speed>1.074977</speed>
				<ele>208.000000</ele>
				<time>2025-09-13T00:51:58Z</time>
			</trkpt>
			<trkpt lat="30.487828" lon="119.375418">
				<speed>0.927015</speed>
				<ele>210.000000</ele>
				<time>2025-09-13T00:52:07Z</time>
			</trkpt>
			<trkpt lat="30.487778" lon="119.375322">
				<speed>0.935068</speed>
				<ele>211.000000</ele>
				<time>2025-09-13T00:52:17Z</time>
			</trkpt>
			<trkpt lat="30.487730" lon="119.375223">
				<speed>0.986699</speed>
				<ele>214.000000</ele>
				<time>2025-09-13T00:52:28Z</time>
			</trkpt>
			<trkpt lat="30.487694" lon="119.375123">
				<speed>0.683220</speed>
				<ele>216.000000</ele>
				<time>2025-09-13T00:52:40Z</time>
			</trkpt>
			<trkpt lat="30.487720" lon="119.375022">
				<speed>0.674827</speed>
				<ele>220.000000</ele>
				<time>2025-09-13T00:53:13Z</time>
			</trkpt>
			<trkpt lat="30.487743" lon="119.374918">
				<speed>0.690154</speed>
				<ele>216.000000</ele>
				<time>2025-09-13T00:55:44Z</time>
			</trkpt>
			<trkpt lat="30.487754" lon="119.374809">
				<speed>0.606896</speed>
				<ele>220.000000</ele>
				<time>2025-09-13T00:55:58Z</time>
			</trkpt>
			<trkpt lat="30.487752" lon="119.374700">
				<speed>0.311443</speed>
				<ele>225.000000</ele>
				<time>2025-09-13T00:56:16Z</time>
			</trkpt>
			<trkpt lat="30.487730" lon="119.374598">
				<speed>0.723902</speed>
				<ele>229.000000</ele>
				<time>2025-09-13T00:56:33Z</time>
			</trkpt>
			<trkpt lat="30.487726" lon="119.374487">
				<speed>0.619371</speed>
				<ele>232.000000</ele>
				<time>2025-09-13T00:56:51Z</time>
			</trkpt>
			<trkpt lat="30.487737" lon="119.374382">
				<speed>0.455005</speed>
				<ele>237.000000</ele>
				<time>2025-09-13T00:57:08Z</time>
			</trkpt>
			<trkpt lat="30.487707" lon="119.374282">
				<speed>0.496342</speed>
				<ele>240.000000</ele>
				<time>2025-09-13T00:57:25Z</time>
			</trkpt>
			<trkpt lat="30.487675" lon="119.374175">
				<speed>0.459447</speed>
				<ele>246.000000</ele>
				<time>2025-09-13T00:57:46Z</time>
			</trkpt>
			<trkpt lat="30.487646" lon="119.374073">
				<speed>0.374698</speed>
				<ele>248.000000</ele>
				<time>2025-09-13T00:58:09Z</time>
			</trkpt>
			<trkpt lat="30.487557" lon="119.374087">
				<speed>0.388214</speed>
				<ele>249.000000</ele>
				<time>2025-09-13T00:58:28Z</time>
			</trkpt>
			<trkpt lat="30.487470" lon="119.374060">
				<speed>0.429230</speed>
				<ele>252.000000</ele>
				<time>2025-09-13T00:58:47Z</time>
			</trkpt>
			<trkpt lat="30.487394" lon="119.373999">
				<speed>0.522791</speed>
				<ele>258.000000</ele>
				<time>2025-09-13T00:59:11Z</time>
			</trkpt>
			<trkpt lat="30.487330" lon="119.373921">
				<speed>0.284569</speed>
				<ele>260.000000</ele>
				<time>2025-09-13T00:59:49Z</time>
			</trkpt>
			<trkpt lat="30.487239" lon="119.373885">
				<speed>0.117406</speed>
				<ele>267.000000</ele>
				<time>2025-09-13T01:00:23Z</time>
			</trkpt>
			<trkpt lat="30.487272" lon="119.373774">
				<speed>0.985885</speed>
				<ele>270.000000</ele>
				<time>2025-09-13T01:00:39Z</time>
			</trkpt>
			<trkpt lat="30.487345" lon="119.373707">
				<speed>0.756913</speed>
				<ele>271.000000</ele>
				<time>2025-09-13T01:00:49Z</time>
			</trkpt>
			<trkpt lat="30.487433" lon="119.373657">
				<speed>0.854051</speed>
				<ele>271.000000</ele>
				<time>2025-09-13T01:00:59Z</time>
			</trkpt>
			<trkpt lat="30.487523" lon="119.373608">
				<speed>0.877910</speed>
				<ele>271.000000</ele>
				<time>2025-09-13T01:01:10Z</time>
			</trkpt>
			<trkpt lat="30.487610" lon="119.373557">
				<speed>1.017067</speed>
				<ele>273.000000</ele>
				<time>2025-09-13T01:01:20Z</time>
			</trkpt>
			<trkpt lat="30.487699" lon="119.373525">
				<speed>0.829692</speed>
				<ele>274.000000</ele>
				<time>2025-09-13T01:01:30Z</time>
			</trkpt>
			<trkpt lat="30.487790" lon="119.373498">
				<speed>1.053291</speed>
				<ele>274.000000</ele>
				<time>2025-09-13T01:01:39Z</time>
			</trkpt>
			<trkpt lat="30.487869" lon="119.373446">
				<speed>0.948786</speed>
				<ele>274.000000</ele>
				<time>2025-09-13T01:01:48Z</time>
			</trkpt>
			<trkpt lat="30.487926" lon="119.373362">
				<speed>0.553318</speed>
				<ele>274.000000</ele>
				<time>2025-09-13T01:02:02Z</time>
			</trkpt>
			<trkpt lat="30.487957" lon="119.373260">
				<speed>0.454550</speed>
				<ele>275.000000</ele>
				<time>2025-09-13T01:02:20Z</time>
			</trkpt>
			<trkpt lat="30.488008" lon="119.373174">
				<speed>0.643446</speed>
				<ele>280.000000</ele>
				<time>2025-09-13T01:02:38Z</time>
			</trkpt>
			<trkpt lat="30.488041" lon="119.373075">
				<speed>0.462855</speed>
				<ele>282.000000</ele>
				<time>2025-09-13T01:02:54Z</time>
			</trkpt>
			<trkpt lat="30.488108" lon="119.373000">
				<speed>0.230148</speed>
				<ele>285.000000</ele>
				<time>2025-09-13T01:03:17Z</time>
			</trkpt>
			<trkpt lat="30.488198" lon="119.373031">
				<speed>0.113914</speed>
				<ele>287.000000</ele>
				<time>2025-09-13T01:03:29Z</time>
			</trkpt>
			<trkpt lat="30.488292" lon="119.373015">
				<speed>0.000000</speed>
				<ele>308.000000</ele>
				<time>2025-09-13T01:04:40Z</time>
			</trkpt>
			<trkpt lat="30.488275" lon="119.373119">
				<speed>0.401405</speed>
				<ele>308.000000</ele>
				<time>2025-09-13T01:06:00Z</time>
			</trkpt>
			<trkpt lat="30.488301" lon="119.373221">
				<speed>0.451068</speed>
				<ele>305.000000</ele>
				<time>2025-09-13T01:06:18Z</time>
			</trkpt>
			<trkpt lat="30.488371" lon="119.373155">
				<speed>0.227680</speed>
				<ele>307.000000</ele>
				<time>2025-09-13T01:06:44Z</time>
			</trkpt>
			<trkpt lat="30.488458" lon="119.373192">
				<speed>0.440071</speed>
				<ele>316.000000</ele>
				<time>2025-09-13T01:09:33Z</time>
			</trkpt>
			<trkpt lat="30.488550" lon="119.373198">
				<speed>0.476815</speed>
				<ele>322.000000</ele>
				<time>2025-09-13T01:09:56Z</time>
			</trkpt>
			<trkpt lat="30.488637" lon="119.373158">
				<speed>0.197694</speed>
				<ele>330.000000</ele>
				<time>2025-09-13T01:10:19Z</time>
			</trkpt>
			<trkpt lat="30.488680" lon="119.373065">
				<speed>0.376045</speed>
				<ele>332.000000</ele>
				<time>2025-09-13T01:10:48Z</time>
			</trkpt>
			<trkpt lat="30.488735" lon="119.372967">
				<speed>0.562051</speed>
				<ele>336.000000</ele>
				<time>2025-09-13T01:11:00Z</time>
			</trkpt>
			<trkpt lat="30.488764" lon="119.372863">
				<speed>0.195758</speed>
				<ele>338.000000</ele>
				<time>2025-09-13T01:11:14Z</time>
			</trkpt>
			<trkpt lat="30.488773" lon="119.372759">
				<speed>0.051421</speed>
				<ele>342.000000</ele>
				<time>2025-09-13T01:11:34Z</time>
			</trkpt>
			<trkpt lat="30.488855" lon="119.372708">
				<speed>0.410413</speed>
				<ele>344.000000</ele>
				<time>2025-09-13T01:11:51Z</time>
			</trkpt>
			<trkpt lat="30.488947" lon="119.372753">
				<speed>0.952970</speed>
				<ele>342.000000</ele>
				<time>2025-09-13T01:12:02Z</time>
			</trkpt>
			<trkpt lat="30.489044" lon="119.372728">
				<speed>0.882290</speed>
				<ele>341.000000</ele>
				<time>2025-09-13T01:12:11Z</time>
			</trkpt>
			<trkpt lat="30.489133" lon="119.372757">
				<speed>0.736706</speed>
				<ele>341.000000</ele>
				<time>2025-09-13T01:12:21Z</time>
			</trkpt>
			<trkpt lat="30.489186" lon="119.372666">
				<speed>0.507778</speed>
				<ele>343.000000</ele>
				<time>2025-09-13T01:12:36Z</time>
			</trkpt>
			<trkpt lat="30.489205" lon="119.372560">
				<speed>0.567300</speed>
				<ele>344.000000</ele>
				<time>2025-09-13T01:12:49Z</time>
			</trkpt>
			<trkpt lat="30.489227" lon="119.372453">
				<speed>0.333673</speed>
				<ele>345.000000</ele>
				<time>2025-09-13T01:13:00Z</time>
			</trkpt>
			<trkpt lat="30.489255" lon="119.372351">
				<speed>0.517834</speed>
				<ele>347.000000</ele>
				<time>2025-09-13T01:13:10Z</time>
			</trkpt>
			<trkpt lat="30.489269" lon="119.372241">
				<speed>0.457415</speed>
				<ele>349.000000</ele>
				<time>2025-09-13T01:13:20Z</time>
			</trkpt>
			<trkpt lat="30.489273" lon="119.372126">
				<speed>0.656993</speed>
				<ele>351.000000</ele>
				<time>2025-09-13T01:13:31Z</time>
			</trkpt>
			<trkpt lat="30.489308" lon="119.372024">
				<speed>0.434346</speed>
				<ele>353.000000</ele>
				<time>2025-09-13T01:13:46Z</time>
			</trkpt>
			<trkpt lat="30.489362" lon="119.371933">
				<speed>0.839369</speed>
				<ele>352.000000</ele>
				<time>2025-09-13T01:13:57Z</time>
			</trkpt>
			<trkpt lat="30.489415" lon="119.371846">
				<speed>0.453339</speed>
				<ele>353.000000</ele>
				<time>2025-09-13T01:14:11Z</time>
			</trkpt>
			<trkpt lat="30.489501" lon="119.371895">
				<speed>0.139858</speed>
				<ele>354.000000</ele>
				<time>2025-09-13T01:14:28Z</time>
			</trkpt>
			<trkpt lat="30.489587" lon="119.371927">
				<speed>0.308851</speed>
				<ele>356.000000</ele>
				<time>2025-09-13T01:14:41Z</time>
			</trkpt>
			<trkpt lat="30.489679" lon="119.371947">
				<speed>0.637980</speed>
				<ele>359.000000</ele>
				<time>2025-09-13T01:14:55Z</time>
			</trkpt>
			<trkpt lat="30.489764" lon="119.372001">
				<speed>1.065314</speed>
				<ele>357.000000</ele>
				<time>2025-09-13T01:15:07Z</time>
			</trkpt>
			<trkpt lat="30.489854" lon="119.372017">
				<speed>1.155609</speed>
				<ele>356.000000</ele>
				<time>2025-09-13T01:15:17Z</time>
			</trkpt>
			<trkpt lat="30.489949" lon="119.372046">
				<speed>0.757602</speed>
				<ele>357.000000</ele>
				<time>2025-09-13T01:15:27Z</time>
			</trkpt>
			<trkpt lat="30.490039" lon="119.372076">
				<speed>0.519193</speed>
				<ele>356.000000</ele>
				<time>2025-09-13T01:15:37Z</time>
			</trkpt>
			<trkpt lat="30.490123" lon="119.372115">
				<speed>0.623452</speed>
				<ele>356.000000</ele>
				<time>2025-09-13T01:15:45Z</time>
			</trkpt>
			<trkpt lat="30.490214" lon="119.372138">
				<speed>0.332266</speed>
				<ele>358.000000</ele>
				<time>2025-09-13T01:16:00Z</time>
			</trkpt>
			<trkpt lat="30.490282" lon="119.372207">
				<speed>0.301977</speed>
				<ele>356.000000</ele>
				<time>2025-09-13T01:16:16Z</time>
			</trkpt>
			<trkpt lat="30.490285" lon="119.372320">
				<speed>0.685006</speed>
				<ele>358.000000</ele>
				<time>2025-09-13T01:16:29Z</time>
			</trkpt>
			<trkpt lat="30.490304" lon="119.372429">
				<speed>0.782198</speed>
				<ele>359.000000</ele>
				<time>2025-09-13T01:16:41Z</time>
			</trkpt>
			<trkpt lat="30.490331" lon="119.372528">
				<speed>0.134571</speed>
				<ele>360.000000</ele>
				<time>2025-09-13T01:16:54Z</time>
			</trkpt>
			<trkpt lat="30.490421" lon="119.372526">
				<speed>0.228282</speed>
				<ele>365.000000</ele>
				<time>2025-09-13T01:17:23Z</time>
			</trkpt>
			<trkpt lat="30.490421" lon="119.372412">
				<speed>0.433936</speed>
				<ele>364.000000</ele>
				<time>2025-09-13T01:17:37Z</time>
			</trkpt>
			<trkpt lat="30.490430" lon="119.372304">
				<speed>0.443221</speed>
				<ele>364.000000</ele>
				<time>2025-09-13T01:17:47Z</time>
			</trkpt>
			<trkpt lat="30.490426" lon="119.372195">
				<speed>0.587042</speed>
				<ele>366.000000</ele>
				<time>2025-09-13T01:18:00Z</time>
			</trkpt>
			<trkpt lat="30.490423" lon="119.372082">
				<speed>0.463495</speed>
				<ele>372.000000</ele>
				<time>2025-09-13T01:18:24Z</time>
			</trkpt>
			<trkpt lat="30.490422" lon="119.371969">
				<speed>0.429416</speed>
				<ele>377.000000</ele>
				<time>2025-09-13T01:18:38Z</time>
			</trkpt>
			<trkpt lat="30.490475" lon="119.371881">
				<speed>0.133255</speed>
				<ele>374.000000</ele>
				<time>2025-09-13T01:18:48Z</time>
			</trkpt>
			<trkpt lat="30.490528" lon="119.371797">
				<speed>0.228622</speed>
				<ele>377.000000</ele>
				<time>2025-09-13T01:19:01Z</time>
			</trkpt>
			<trkpt lat="30.490563" lon="119.371700">
				<speed>0.163882</speed>
				<ele>381.000000</ele>
				<time>2025-09-13T01:19:31Z</time>
			</trkpt>
			<trkpt lat="30.490481" lon="119.371648">
				<speed>0.742872</speed>
				<ele>386.000000</ele>
				<time>2025-09-13T01:20:15Z</time>
			</trkpt>
			<trkpt lat="30.490436" lon="119.371739">
				<speed>0.516875</speed>
				<ele>386.000000</ele>
				<time>2025-09-13T01:20:24Z</time>
			</trkpt>
			<trkpt lat="30.490383" lon="119.371852">
				<speed>3.025389</speed>
				<ele>386.000000</ele>
				<time>2025-09-13T01:20:28Z</time>
			</trkpt>
			<trkpt lat="30.490464" lon="119.371790">
				<speed>0.055372</speed>
				<ele>386.000000</ele>
				<time>2025-09-13T01:20:47Z</time>
			</trkpt>
			<trkpt lat="30.490549" lon="119.371826">
				<speed>0.286085</speed>
				<ele>393.000000</ele>
				<time>2025-09-13T01:21:16Z</time>
			</trkpt>
			<trkpt lat="30.490631" lon="119.371879">
				<speed>0.277707</speed>
				<ele>394.000000</ele>
				<time>2025-09-13T01:21:36Z</time>
			</trkpt>
			<trkpt lat="30.490660" lon="119.371776">
				<speed>0.502241</speed>
				<ele>396.000000</ele>
				<time>2025-09-13T01:22:15Z</time>
			</trkpt>
			<trkpt lat="30.490626" lon="119.371667">
				<speed>0.675435</speed>
				<ele>395.000000</ele>
				<time>2025-09-13T01:22:29Z</time>
			</trkpt>
			<trkpt lat="30.490612" lon="119.371553">
				<speed>0.953690</speed>
				<ele>395.000000</ele>
				<time>2025-09-13T01:22:39Z</time>
			</trkpt>
			<trkpt lat="30.490629" lon="119.371446">
				<speed>0.454507</speed>
				<ele>395.000000</ele>
				<time>2025-09-13T01:22:50Z</time>
			</trkpt>
			<trkpt lat="30.490677" lon="119.371349">
				<speed>0.407057</speed>
				<ele>398.000000</ele>
				<time>2025-09-13T01:23:00Z</time>
			</trkpt>
			<trkpt lat="30.490686" lon="119.371236">
				<speed>0.647545</speed>
				<ele>400.000000</ele>
				<time>2025-09-13T01:23:09Z</time>
			</trkpt>
			<trkpt lat="30.490690" lon="119.371125">
				<speed>0.401843</speed>
				<ele>401.000000</ele>
				<time>2025-09-13T01:23:19Z</time>
			</trkpt>
			<trkpt lat="30.490715" lon="119.371016">
				<speed>0.341736</speed>
				<ele>403.000000</ele>
				<time>2025-09-13T01:23:30Z</time>
			</trkpt>
			<trkpt lat="30.490760" lon="119.370920">
				<speed>0.520599</speed>
				<ele>402.000000</ele>
				<time>2025-09-13T01:23:39Z</time>
			</trkpt>
			<trkpt lat="30.490801" lon="119.370822">
				<speed>0.653554</speed>
				<ele>404.000000</ele>
				<time>2025-09-13T01:23:51Z</time>
			</trkpt>
			<trkpt lat="30.490846" lon="119.370722">
				<speed>0.755731</speed>
				<ele>402.000000</ele>
				<time>2025-09-13T01:24:02Z</time>
			</trkpt>
			<trkpt lat="30.490893" lon="119.370629">
				<speed>0.620512</speed>
				<ele>402.000000</ele>
				<time>2025-09-13T01:24:13Z</time>
			</trkpt>
			<trkpt lat="30.490980" lon="119.370585">
				<speed>0.422219</speed>
				<ele>402.000000</ele>
				<time>2025-09-13T01:24:23Z</time>
			</trkpt>
			<trkpt lat="30.491071" lon="119.370583">
				<speed>0.540493</speed>
				<ele>402.000000</ele>
				<time>2025-09-13T01:24:31Z</time>
			</trkpt>
			<trkpt lat="30.491164" lon="119.370565">
				<speed>0.454630</speed>
				<ele>404.000000</ele>
				<time>2025-09-13T01:24:40Z</time>
			</trkpt>
			<trkpt lat="30.491259" lon="119.370559">
				<speed>0.156956</speed>
				<ele>408.000000</ele>
				<time>2025-09-13T01:24:56Z</time>
			</trkpt>
			<trkpt lat="30.491301" lon="119.370464">
				<speed>0.054050</speed>
				<ele>408.000000</ele>
				<time>2025-09-13T01:25:08Z</time>
			</trkpt>
			<trkpt lat="30.491359" lon="119.370381">
				<speed>1.064234</speed>
				<ele>402.000000</ele>
				<time>2025-09-13T01:25:29Z</time>
			</trkpt>
			<trkpt lat="30.491398" lon="119.370278">
				<speed>1.089955</speed>
				<ele>401.000000</ele>
				<time>2025-09-13T01:25:38Z</time>
			</trkpt>
			<trkpt lat="30.491422" lon="119.370170">
				<speed>1.234265</speed>
				<ele>400.000000</ele>
				<time>2025-09-13T01:25:46Z</time>
			</trkpt>
			<trkpt lat="30.491457" lon="119.370059">
				<speed>0.955905</speed>
				<ele>401.000000</ele>
				<time>2025-09-13T01:25:54Z</time>
			</trkpt>
			<trkpt lat="30.491482" lon="119.369959">
				<speed>0.975948</speed>
				<ele>401.000000</ele>
				<time>2025-09-13T01:26:01Z</time>
			</trkpt>
			<trkpt lat="30.491526" lon="119.369856">
				<speed>1.341845</speed>
				<ele>402.000000</ele>
				<time>2025-09-13T01:26:09Z</time>
			</trkpt>
			<trkpt lat="30.491557" lon="119.369742">
				<speed>1.535624</speed>
				<ele>403.000000</ele>
				<time>2025-09-13T01:26:17Z</time>
			</trkpt>
			<trkpt lat="30.491600" lon="119.369645">
				<speed>1.270892</speed>
				<ele>405.000000</ele>
				<time>2025-09-13T01:26:24Z</time>
			</trkpt>
			<trkpt lat="30.491624" lon="119.369540">
				<speed>1.086983</speed>
				<ele>407.000000</ele>
				<time>2025-09-13T01:26:31Z</time>
			</trkpt>
			<trkpt lat="30.491647" lon="119.369427">
				<speed>0.895100</speed>
				<ele>408.000000</ele>
				<time>2025-09-13T01:26:39Z</time>
			</trkpt>
			<trkpt lat="30.491686" lon="119.369324">
				<speed>0.875279</speed>
				<ele>409.000000</ele>
				<time>2025-09-13T01:26:46Z</time>
			</trkpt>
			<trkpt lat="30.491700" lon="119.369214">
				<speed>1.037035</speed>
				<ele>411.000000</ele>
				<time>2025-09-13T01:26:54Z</time>
			</trkpt>
			<trkpt lat="30.491741" lon="119.369112">
				<speed>1.007401</speed>
				<ele>412.000000</ele>
				<time>2025-09-13T01:27:02Z</time>
			</trkpt>
			<trkpt lat="30.491777" lon="119.369015">
				<speed>1.007103</speed>
				<ele>413.000000</ele>
				<time>2025-09-13T01:27:10Z</time>
			</trkpt>
			<trkpt lat="30.491804" lon="119.368906">
				<speed>0.901139</speed>
				<ele>414.000000</ele>
				<time>2025-09-13T01:27:18Z</time>
			</trkpt>
			<trkpt lat="30.491845" lon="119.368811">
				<speed>0.899668</speed>
				<ele>415.000000</ele>
				<time>2025-09-13T01:27:26Z</time>
			</trkpt>
			<trkpt lat="30.491905" lon="119.368733">
				<speed>0.878552</speed>
				<ele>415.000000</ele>
				<time>2025-09-13T01:27:34Z</time>
			</trkpt>
			<trkpt lat="30.491993" lon="119.368694">
				<speed>0.405555</speed>
				<ele>417.000000</ele>
				<time>2025-09-13T01:27:46Z</time>
			</trkpt>
			<trkpt lat="30.492079" lon="119.368647">
				<speed>0.308626</speed>
				<ele>423.000000</ele>
				<time>2025-09-13T01:28:00Z</time>
			</trkpt>
			<trkpt lat="30.492124" lon="119.368557">
				<speed>0.200486</speed>
				<ele>426.000000</ele>
				<time>2025-09-13T01:28:15Z</time>
			</trkpt>
			<trkpt lat="30.492153" lon="119.368456">
				<speed>0.359421</speed>
				<ele>432.000000</ele>
				<time>2025-09-13T01:28:31Z</time>
			</trkpt>
			<trkpt lat="30.492218" lon="119.368377">
				<speed>0.296904</speed>
				<ele>433.000000</ele>
				<time>2025-09-13T01:28:46Z</time>
			</trkpt>
			<trkpt lat="30.492267" lon="119.368287">
				<speed>0.358602</speed>
				<ele>434.000000</ele>
				<time>2025-09-13T01:28:58Z</time>
			</trkpt>
			<trkpt lat="30.492315" lon="119.368194">
				<speed>0.473588</speed>
				<ele>434.000000</ele>
				<time>2025-09-13T01:29:16Z</time>
			</trkpt>
			<trkpt lat="30.492265" lon="119.368106">
				<speed>0.158780</speed>
				<ele>442.000000</ele>
				<time>2025-09-13T01:30:01Z</time>
			</trkpt>
			<trkpt lat="30.492258" lon="119.367988">
				<speed>0.768932</speed>
				<ele>440.000000</ele>
				<time>2025-09-13T01:30:16Z</time>
			</trkpt>
			<trkpt lat="30.492176" lon="119.368072">
				<speed>0.664812</speed>
				<ele>461.000000</ele>
				<time>2025-09-13T01:30:44Z</time>
			</trkpt>
			<trkpt lat="30.492257" lon="119.368436">
				<speed>0.442570</speed>
				<ele>463.000000</ele>
				<time>2025-09-13T01:31:17Z</time>
			</trkpt>
			<trkpt lat="30.492233" lon="119.368252">
				<speed>-1.000000</speed>
				<ele>454.000000</ele>
				<time>2025-09-13T01:31:37Z</time>
			</trkpt>
			<trkpt lat="30.492217" lon="119.368546">
				<speed>0.720493</speed>
				<ele>458.000000</ele>
				<time>2025-09-13T01:33:58Z</time>
			</trkpt>
			<trkpt lat="30.492393" lon="119.368182">
				<speed>1.346236</speed>
				<ele>466.000000</ele>
				<time>2025-09-13T01:34:06Z</time>
			</trkpt>
			<trkpt lat="30.492375" lon="119.368303">
				<speed>0.731714</speed>
				<ele>470.000000</ele>
				<time>2025-09-13T01:34:13Z</time>
			</trkpt>
			<trkpt lat="30.492263" lon="119.368088">
				<speed>0.998822</speed>
				<ele>472.000000</ele>
				<time>2025-09-13T01:34:26Z</time>
			</trkpt>
			<trkpt lat="30.492333" lon="119.368159">
				<speed>0.617396</speed>
				<ele>472.000000</ele>
				<time>2025-09-13T01:34:31Z</time>
			</trkpt>
			<trkpt lat="30.492611" lon="119.368160">
				<speed>0.153089</speed>
				<ele>459.000000</ele>
				<time>2025-09-13T01:35:10Z</time>
			</trkpt>
			<trkpt lat="30.492668" lon="119.368077">
				<speed>0.274355</speed>
				<ele>467.000000</ele>
				<time>2025-09-13T01:35:34Z</time>
			</trkpt>
			<trkpt lat="30.492634" lon="119.367979">
				<speed>0.117448</speed>
				<ele>469.000000</ele>
				<time>2025-09-13T01:35:51Z</time>
			</trkpt>
			<trkpt lat="30.492539" lon="119.367977">
				<speed>0.708472</speed>
				<ele>470.000000</ele>
				<time>2025-09-13T01:36:18Z</time>
			</trkpt>
			<trkpt lat="30.492446" lon="119.367968">
				<speed>0.450806</speed>
				<ele>472.000000</ele>
				<time>2025-09-13T01:36:29Z</time>
			</trkpt>
			<trkpt lat="30.492494" lon="119.367876">
				<speed>0.079785</speed>
				<ele>476.000000</ele>
				<time>2025-09-13T01:36:51Z</time>
			</trkpt>
			<trkpt lat="30.492497" lon="119.367768">
				<speed>0.236648</speed>
				<ele>478.000000</ele>
				<time>2025-09-13T01:37:05Z</time>
			</trkpt>
			<trkpt lat="30.492519" lon="119.367664">
				<speed>0.489748</speed>
				<ele>481.000000</ele>
				<time>2025-09-13T01:37:18Z</time>
			</trkpt>
			<trkpt lat="30.492542" lon="119.367561">
				<speed>0.612979</speed>
				<ele>483.000000</ele>
				<time>2025-09-13T01:37:30Z</time>
			</trkpt>
			<trkpt lat="30.492580" lon="119.367462">
				<speed>0.416825</speed>
				<ele>485.000000</ele>
				<time>2025-09-13T01:37:44Z</time>
			</trkpt>
			<trkpt lat="30.492612" lon="119.367363">
				<speed>0.601813</speed>
				<ele>489.000000</ele>
				<time>2025-09-13T01:38:05Z</time>
			</trkpt>
			<trkpt lat="30.492554" lon="119.367281">
				<speed>0.718942</speed>
				<ele>492.000000</ele>
				<time>2025-09-13T01:38:25Z</time>
			</trkpt>
			<trkpt lat="30.492572" lon="119.367177">
				<speed>0.309661</speed>
				<ele>496.000000</ele>
				<time>2025-09-13T01:38:42Z</time>
			</trkpt>
			<trkpt lat="30.492582" lon="119.367070">
				<speed>0.766450</speed>
				<ele>499.000000</ele>
				<time>2025-09-13T01:39:00Z</time>
			</trkpt>
			<trkpt lat="30.492658" lon="119.367008">
				<speed>0.497012</speed>
				<ele>500.000000</ele>
				<time>2025-09-13T01:39:11Z</time>
			</trkpt>
			<trkpt lat="30.492746" lon="119.366967">
				<speed>0.673810</speed>
				<ele>502.000000</ele>
				<time>2025-09-13T01:39:23Z</time>
			</trkpt>
			<trkpt lat="30.492818" lon="119.366899">
				<speed>0.675707</speed>
				<ele>504.000000</ele>
				<time>2025-09-13T01:39:35Z</time>
			</trkpt>
			<trkpt lat="30.492893" lon="119.366834">
				<speed>0.415362</speed>
				<ele>505.000000</ele>
				<time>2025-09-13T01:39:52Z</time>
			</trkpt>
			<trkpt lat="30.492941" lon="119.366744">
				<speed>0.602369</speed>
				<ele>507.000000</ele>
				<time>2025-09-13T01:40:08Z</time>
			</trkpt>
			<trkpt lat="30.493019" lon="119.366689">
				<speed>0.803663</speed>
				<ele>508.000000</ele>
				<time>2025-09-13T01:40:20Z</time>
			</trkpt>
			<trkpt lat="30.492929" lon="119.366658">
				<speed>1.099850</speed>
				<ele>508.000000</ele>
				<time>2025-09-13T01:40:36Z</time>
			</trkpt>
			<trkpt lat="30.492882" lon="119.366557">
				<speed>1.018172</speed>
				<ele>506.000000</ele>
				<time>2025-09-13T01:40:54Z</time>
			</trkpt>
			<trkpt lat="30.492851" lon="119.366447">
				<speed>1.136092</speed>
				<ele>506.000000</ele>
				<time>2025-09-13T01:41:04Z</time>
			</trkpt>
			<trkpt lat="30.492834" lon="119.366333">
				<speed>1.477324</speed>
				<ele>505.000000</ele>
				<time>2025-09-13T01:41:12Z</time>
			</trkpt>
			<trkpt lat="30.492801" lon="119.366223">
				<speed>1.174787</speed>
				<ele>505.000000</ele>
				<time>2025-09-13T01:41:21Z</time>
			</trkpt>
			<trkpt lat="30.492746" lon="119.366139">
				<speed>1.202462</speed>
				<ele>505.000000</ele>
				<time>2025-09-13T01:41:29Z</time>
			</trkpt>
			<trkpt lat="30.492662" lon="119.366077">
				<speed>1.181255</speed>
				<ele>505.000000</ele>
				<time>2025-09-13T01:41:37Z</time>
			</trkpt>
			<trkpt lat="30.492578" lon="119.366016">
				<speed>0.990177</speed>
				<ele>506.000000</ele>
				<time>2025-09-13T01:41:45Z</time>
			</trkpt>
			<trkpt lat="30.492540" lon="119.365920">
				<speed>1.134450</speed>
				<ele>507.000000</ele>
				<time>2025-09-13T01:41:53Z</time>
			</trkpt>
			<trkpt lat="30.492589" lon="119.365815">
				<speed>1.213835</speed>
				<ele>509.000000</ele>
				<time>2025-09-13T01:42:01Z</time>
			</trkpt>
			<trkpt lat="30.492647" lon="119.365734">
				<speed>1.256112</speed>
				<ele>508.000000</ele>
				<time>2025-09-13T01:42:09Z</time>
			</trkpt>
			<trkpt lat="30.492722" lon="119.365663">
				<speed>0.868596</speed>
				<ele>508.000000</ele>
				<time>2025-09-13T01:42:19Z</time>
			</trkpt>
			<trkpt lat="30.492803" lon="119.365593">
				<speed>1.144033</speed>
				<ele>507.000000</ele>
				<time>2025-09-13T01:42:28Z</time>
			</trkpt>
			<trkpt lat="30.492883" lon="119.365535">
				<speed>1.040358</speed>
				<ele>508.000000</ele>
				<time>2025-09-13T01:42:37Z</time>
			</trkpt>
			<trkpt lat="30.492974" lon="119.365495">
				<speed>0.946996</speed>
				<ele>508.000000</ele>
				<time>2025-09-13T01:42:47Z</time>
			</trkpt>
			<trkpt lat="30.493065" lon="119.365505">
				<speed>1.054924</speed>
				<ele>508.000000</ele>
				<time>2025-09-13T01:42:55Z</time>
			</trkpt>
			<trkpt lat="30.493155" lon="119.365495">
				<speed>0.962104</speed>
				<ele>508.000000</ele>
				<time>2025-09-13T01:43:05Z</time>
			</trkpt>
			<trkpt lat="30.493254" lon="119.365497">
				<speed>0.986710</speed>
				<ele>510.000000</ele>
				<time>2025-09-13T01:43:15Z</time>
			</trkpt>
			<trkpt lat="30.493348" lon="119.365522">
				<speed>0.993834</speed>
				<ele>510.000000</ele>
				<time>2025-09-13T01:43:24Z</time>
			</trkpt>
			<trkpt lat="30.493430" lon="119.365576">
				<speed>1.127569</speed>
				<ele>513.000000</ele>
				<time>2025-09-13T01:43:33Z</time>
			</trkpt>
			<trkpt lat="30.493520" lon="119.365621">
				<speed>0.958298</speed>
				<ele>515.000000</ele>
				<time>2025-09-13T01:43:42Z</time>
			</trkpt>
			<trkpt lat="30.493615" lon="119.365604">
				<speed>0.929928</speed>
				<ele>515.000000</ele>
				<time>2025-09-13T01:43:50Z</time>
			</trkpt>
			<trkpt lat="30.493688" lon="119.365673">
				<speed>0.392438</speed>
				<ele>514.000000</ele>
				<time>2025-09-13T01:44:19Z</time>
			</trkpt>
			<trkpt lat="30.493765" lon="119.365731">
				<speed>1.081676</speed>
				<ele>516.000000</ele>
				<time>2025-09-13T01:44:34Z</time>
			</trkpt>
			<trkpt lat="30.493850" lon="119.365789">
				<speed>0.843847</speed>
				<ele>515.000000</ele>
				<time>2025-09-13T01:44:45Z</time>
			</trkpt>
			<trkpt lat="30.493937" lon="119.365835">
				<speed>0.985472</speed>
				<ele>516.000000</ele>
				<time>2025-09-13T01:44:55Z</time>
			</trkpt>
			<trkpt lat="30.494017" lon="119.365903">
				<speed>1.031817</speed>
				<ele>516.000000</ele>
				<time>2025-09-13T01:45:05Z</time>
			</trkpt>
			<trkpt lat="30.494100" lon="119.365964">
				<speed>1.089141</speed>
				<ele>515.000000</ele>
				<time>2025-09-13T01:45:15Z</time>
			</trkpt>
			<trkpt lat="30.494168" lon="119.366033">
				<speed>0.855882</speed>
				<ele>514.000000</ele>
				<time>2025-09-13T01:45:24Z</time>
			</trkpt>
			<trkpt lat="30.494252" lon="119.366094">
				<speed>0.857407</speed>
				<ele>514.000000</ele>
				<time>2025-09-13T01:45:34Z</time>
			</trkpt>
			<trkpt lat="30.494340" lon="119.366133">
				<speed>1.159667</speed>
				<ele>513.000000</ele>
				<time>2025-09-13T01:45:58Z</time>
			</trkpt>
			<trkpt lat="30.494407" lon="119.366217">
				<speed>1.198770</speed>
				<ele>511.000000</ele>
				<time>2025-09-13T01:46:07Z</time>
			</trkpt>
			<trkpt lat="30.494476" lon="119.366292">
				<speed>1.175587</speed>
				<ele>511.000000</ele>
				<time>2025-09-13T01:46:15Z</time>
			</trkpt>
			<trkpt lat="30.494547" lon="119.366372">
				<speed>1.241484</speed>
				<ele>511.000000</ele>
				<time>2025-09-13T01:46:23Z</time>
			</trkpt>
			<trkpt lat="30.494620" lon="119.366435">
				<speed>1.229353</speed>
				<ele>510.000000</ele>
				<time>2025-09-13T01:46:31Z</time>
			</trkpt>
			<trkpt lat="30.494712" lon="119.366486">
				<speed>1.272818</speed>
				<ele>508.000000</ele>
				<time>2025-09-13T01:46:40Z</time>
			</trkpt>
			<trkpt lat="30.494800" lon="119.366534">
				<speed>1.172913</speed>
				<ele>509.000000</ele>
				<time>2025-09-13T01:46:48Z</time>
			</trkpt>
			<trkpt lat="30.494878" lon="119.366588">
				<speed>1.210788</speed>
				<ele>509.000000</ele>
				<time>2025-09-13T01:46:56Z</time>
			</trkpt>
			<trkpt lat="30.494957" lon="119.366647">
				<speed>1.262068</speed>
				<ele>508.000000</ele>
				<time>2025-09-13T01:47:04Z</time>
			</trkpt>
			<trkpt lat="30.495043" lon="119.366690">
				<speed>0.949034</speed>
				<ele>506.000000</ele>
				<time>2025-09-13T01:47:13Z</time>
			</trkpt>
			<trkpt lat="30.495140" lon="119.366718">
				<speed>1.146326</speed>
				<ele>505.000000</ele>
				<time>2025-09-13T01:47:23Z</time>
			</trkpt>
			<trkpt lat="30.495242" lon="119.366737">
				<speed>1.132997</speed>
				<ele>506.000000</ele>
				<time>2025-09-13T01:47:32Z</time>
			</trkpt>
			<trkpt lat="30.495334" lon="119.366767">
				<speed>1.204261</speed>
				<ele>506.000000</ele>
				<time>2025-09-13T01:47:39Z</time>
			</trkpt>
			<trkpt lat="30.495413" lon="119.366824">
				<speed>1.314877</speed>
				<ele>505.000000</ele>
				<time>2025-09-13T01:47:47Z</time>
			</trkpt>
			<trkpt lat="30.495499" lon="119.366882">
				<speed>1.114852</speed>
				<ele>505.000000</ele>
				<time>2025-09-13T01:47:56Z</time>
			</trkpt>
			<trkpt lat="30.495579" lon="119.366943">
				<speed>1.519842</speed>
				<ele>506.000000</ele>
				<time>2025-09-13T01:48:03Z</time>
			</trkpt>
			<trkpt lat="30.495657" lon="119.367010">
				<speed>0.827675</speed>
				<ele>504.000000</ele>
				<time>2025-09-13T01:48:13Z</time>
			</trkpt>
			<trkpt lat="30.495731" lon="119.367073">
				<speed>0.907914</speed>
				<ele>504.000000</ele>
				<time>2025-09-13T01:48:22Z</time>
			</trkpt>
			<trkpt lat="30.495801" lon="119.367155">
				<speed>1.111807</speed>
				<ele>506.000000</ele>
				<time>2025-09-13T01:48:30Z</time>
			</trkpt>
			<trkpt lat="30.495868" lon="119.367233">
				<speed>0.895380</speed>
				<ele>506.000000</ele>
				<time>2025-09-13T01:48:39Z</time>
			</trkpt>
			<trkpt lat="30.495930" lon="119.367314">
				<speed>1.006060</speed>
				<ele>505.000000</ele>
				<time>2025-09-13T01:48:47Z</time>
			</trkpt>
			<trkpt lat="30.495991" lon="119.367400">
				<speed>1.041352</speed>
				<ele>504.000000</ele>
				<time>2025-09-13T01:48:55Z</time>
			</trkpt>
			<trkpt lat="30.496049" lon="119.367487">
				<speed>1.209168</speed>
				<ele>503.000000</ele>
				<time>2025-09-13T01:49:03Z</time>
			</trkpt>
			<trkpt lat="30.496118" lon="119.367565">
				<speed>0.127798</speed>
				<ele>503.000000</ele>
				<time>2025-09-13T01:49:19Z</time>
			</trkpt>
			<trkpt lat="30.496171" lon="119.367653">
				<speed>0.585674</speed>
				<ele>500.000000</ele>
				<time>2025-09-13T01:49:31Z</time>
			</trkpt>
			<trkpt lat="30.496195" lon="119.367755">
				<speed>0.533835</speed>
				<ele>497.000000</ele>
				<time>2025-09-13T01:49:44Z</time>
			</trkpt>
			<trkpt lat="30.496264" lon="119.367833">
				<speed>0.973026</speed>
				<ele>496.000000</ele>
				<time>2025-09-13T01:49:56Z</time>
			</trkpt>
			<trkpt lat="30.496351" lon="119.367875">
				<speed>0.511837</speed>
				<ele>495.000000</ele>
				<time>2025-09-13T01:50:09Z</time>
			</trkpt>
			<trkpt lat="30.496441" lon="119.367897">
				<speed>0.331159</speed>
				<ele>492.000000</ele>
				<time>2025-09-13T01:50:27Z</time>
			</trkpt>
			<trkpt lat="30.496532" lon="119.367884">
				<speed>0.716790</speed>
				<ele>487.000000</ele>
				<time>2025-09-13T01:50:47Z</time>
			</trkpt>
			<trkpt lat="30.496624" lon="119.367869">
				<speed>0.722061</speed>
				<ele>486.000000</ele>
				<time>2025-09-13T01:51:00Z</time>
			</trkpt>
			<trkpt lat="30.496678" lon="119.367954">
				<speed>1.013226</speed>
				<ele>485.000000</ele>
				<time>2025-09-13T01:51:09Z</time>
			</trkpt>
			<trkpt lat="30.496738" lon="119.368036">
				<speed>0.374579</speed>
				<ele>481.000000</ele>
				<time>2025-09-13T01:51:24Z</time>
			</trkpt>
			<trkpt lat="30.496805" lon="119.368107">
				<speed>0.738670</speed>
				<ele>480.000000</ele>
				<time>2025-09-13T01:51:39Z</time>
			</trkpt>
			<trkpt lat="30.496877" lon="119.368179">
				<speed>0.441858</speed>
				<ele>479.000000</ele>
				<time>2025-09-13T01:51:51Z</time>
			</trkpt>
			<trkpt lat="30.496922" lon="119.368274">
				<speed>0.626434</speed>
				<ele>477.000000</ele>
				<time>2025-09-13T01:52:01Z</time>
			</trkpt>
			<trkpt lat="30.496980" lon="119.368362">
				<speed>0.733715</speed>
				<ele>476.000000</ele>
				<time>2025-09-13T01:52:11Z</time>
			</trkpt>
			<trkpt lat="30.497037" lon="119.368447">
				<speed>0.877044</speed>
				<ele>477.000000</ele>
				<time>2025-09-13T01:52:20Z</time>
			</trkpt>
			<trkpt lat="30.497113" lon="119.368512">
				<speed>0.726643</speed>
				<ele>477.000000</ele>
				<time>2025-09-13T01:52:30Z</time>
			</trkpt>
			<trkpt lat="30.497171" lon="119.368595">
				<speed>0.525273</speed>
				<ele>475.000000</ele>
				<time>2025-09-13T01:52:42Z</time>
			</trkpt>
			<trkpt lat="30.497232" lon="119.368681">
				<speed>0.652152</speed>
				<ele>472.000000</ele>
				<time>2025-09-13T01:52:56Z</time>
			</trkpt>
			<trkpt lat="30.497295" lon="119.368771">
				<speed>0.699458</speed>
				<ele>471.000000</ele>
				<time>2025-09-13T01:53:07Z</time>
			</trkpt>
			<trkpt lat="30.497373" lon="119.368831">
				<speed>0.493065</speed>
				<ele>471.000000</ele>
				<time>2025-09-13T01:53:19Z</time>
			</trkpt>
			<trkpt lat="30.497436" lon="119.368908">
				<speed>0.493297</speed>
				<ele>468.000000</ele>
				<time>2025-09-13T01:53:33Z</time>
			</trkpt>
			<trkpt lat="30.497460" lon="119.369013">
				<speed>0.441152</speed>
				<ele>465.000000</ele>
				<time>2025-09-13T01:53:46Z</time>
			</trkpt>
			<trkpt lat="30.497437" lon="119.369124">
				<speed>0.541818</speed>
				<ele>462.000000</ele>
				<time>2025-09-13T01:53:57Z</time>
			</trkpt>
			<trkpt lat="30.497412" lon="119.369226">
				<speed>0.240353</speed>
				<ele>459.000000</ele>
				<time>2025-09-13T01:54:11Z</time>
			</trkpt>
			<trkpt lat="30.497417" lon="119.369334">
				<speed>0.370887</speed>
				<ele>455.000000</ele>
				<time>2025-09-13T01:54:31Z</time>
			</trkpt>
			<trkpt lat="30.497464" lon="119.369429">
				<speed>0.462015</speed>
				<ele>453.000000</ele>
				<time>2025-09-13T01:54:49Z</time>
			</trkpt>
			<trkpt lat="30.497499" lon="119.369531">
				<speed>0.320430</speed>
				<ele>452.000000</ele>
				<time>2025-09-13T01:55:04Z</time>
			</trkpt>
			<trkpt lat="30.497550" lon="119.369623">
				<speed>0.160050</speed>
				<ele>447.000000</ele>
				<time>2025-09-13T01:55:25Z</time>
			</trkpt>
			<trkpt lat="30.497567" lon="119.369731">
				<speed>0.126673</speed>
				<ele>445.000000</ele>
				<time>2025-09-13T01:55:46Z</time>
			</trkpt>
			<trkpt lat="30.497605" lon="119.369827">
				<speed>0.139660</speed>
				<ele>442.000000</ele>
				<time>2025-09-13T01:56:01Z</time>
			</trkpt>
			<trkpt lat="30.497626" lon="119.369934">
				<speed>0.255601</speed>
				<ele>438.000000</ele>
				<time>2025-09-13T01:56:25Z</time>
			</trkpt>
			<trkpt lat="30.497656" lon="119.370036">
				<speed>0.406244</speed>
				<ele>436.000000</ele>
				<time>2025-09-13T01:56:41Z</time>
			</trkpt>
			<trkpt lat="30.497686" lon="119.370140">
				<speed>0.351815</speed>
				<ele>435.000000</ele>
				<time>2025-09-13T01:56:58Z</time>
			</trkpt>
			<trkpt lat="30.497616" lon="119.370212">
				<speed>0.112923</speed>
				<ele>429.000000</ele>
				<time>2025-09-13T01:58:22Z</time>
			</trkpt>
			<trkpt lat="30.497578" lon="119.370309">
				<speed>0.464596</speed>
				<ele>427.000000</ele>
				<time>2025-09-13T01:58:37Z</time>
			</trkpt>
			<trkpt lat="30.497556" lon="119.370416">
				<speed>0.591639</speed>
				<ele>425.000000</ele>
				<time>2025-09-13T01:58:51Z</time>
			</trkpt>
			<trkpt lat="30.497484" lon="119.370489">
				<speed>0.505250</speed>
				<ele>419.000000</ele>
				<time>2025-09-13T01:59:07Z</time>
			</trkpt>
			<trkpt lat="30.497421" lon="119.370573">
				<speed>0.923037</speed>
				<ele>416.000000</ele>
				<time>2025-09-13T01:59:17Z</time>
			</trkpt>
			<trkpt lat="30.497369" lon="119.370667">
				<speed>0.712236</speed>
				<ele>414.000000</ele>
				<time>2025-09-13T01:59:32Z</time>
			</trkpt>
			<trkpt lat="30.497305" lon="119.370748">
				<speed>0.726264</speed>
				<ele>412.000000</ele>
				<time>2025-09-13T01:59:44Z</time>
			</trkpt>
			<trkpt lat="30.497229" lon="119.370814">
				<speed>0.733105</speed>
				<ele>411.000000</ele>
				<time>2025-09-13T01:59:59Z</time>
			</trkpt>
			<trkpt lat="30.497146" lon="119.370871">
				<speed>0.322488</speed>
				<ele>408.000000</ele>
				<time>2025-09-13T02:00:16Z</time>
			</trkpt>
			<trkpt lat="30.497075" lon="119.370946">
				<speed>0.625711</speed>
				<ele>408.000000</ele>
				<time>2025-09-13T02:00:29Z</time>
			</trkpt>
			<trkpt lat="30.497016" lon="119.371033">
				<speed>0.864821</speed>
				<ele>406.000000</ele>
				<time>2025-09-13T02:00:40Z</time>
			</trkpt>
			<trkpt lat="30.496948" lon="119.371110">
				<speed>0.654897</speed>
				<ele>403.000000</ele>
				<time>2025-09-13T02:00:52Z</time>
			</trkpt>
			<trkpt lat="30.496882" lon="119.371193">
				<speed>0.846566</speed>
				<ele>402.000000</ele>
				<time>2025-09-13T02:01:04Z</time>
			</trkpt>
			<trkpt lat="30.496813" lon="119.371265">
				<speed>0.828875</speed>
				<ele>399.000000</ele>
				<time>2025-09-13T02:01:15Z</time>
			</trkpt>
			<trkpt lat="30.496753" lon="119.371354">
				<speed>0.906461</speed>
				<ele>399.000000</ele>
				<time>2025-09-13T02:01:25Z</time>
			</trkpt>
			<trkpt lat="30.496688" lon="119.371442">
				<speed>1.426102</speed>
				<ele>397.000000</ele>
				<time>2025-09-13T02:01:35Z</time>
			</trkpt>
			<trkpt lat="30.496635" lon="119.371532">
				<speed>0.788056</speed>
				<ele>398.000000</ele>
				<time>2025-09-13T02:01:44Z</time>
			</trkpt>
			<trkpt lat="30.496570" lon="119.371620">
				<speed>0.793229</speed>
				<ele>398.000000</ele>
				<time>2025-09-13T02:01:54Z</time>
			</trkpt>
			<trkpt lat="30.496503" lon="119.371696">
				<speed>0.430874</speed>
				<ele>396.000000</ele>
				<time>2025-09-13T02:02:06Z</time>
			</trkpt>
			<trkpt lat="30.496423" lon="119.371751">
				<speed>0.818799</speed>
				<ele>395.000000</ele>
				<time>2025-09-13T02:02:16Z</time>
			</trkpt>
			<trkpt lat="30.496330" lon="119.371789">
				<speed>0.894183</speed>
				<ele>394.000000</ele>
				<time>2025-09-13T02:02:26Z</time>
			</trkpt>
			<trkpt lat="30.496260" lon="119.371858">
				<speed>0.737965</speed>
				<ele>391.000000</ele>
				<time>2025-09-13T02:02:39Z</time>
			</trkpt>
			<trkpt lat="30.496184" lon="119.371928">
				<speed>1.013488</speed>
				<ele>391.000000</ele>
				<time>2025-09-13T02:02:49Z</time>
			</trkpt>
			<trkpt lat="30.496114" lon="119.371999">
				<speed>0.942055</speed>
				<ele>390.000000</ele>
				<time>2025-09-13T02:02:59Z</time>
			</trkpt>
			<trkpt lat="30.496036" lon="119.372059">
				<speed>0.514973</speed>
				<ele>391.000000</ele>
				<time>2025-09-13T02:03:09Z</time>
			</trkpt>
			<trkpt lat="30.495974" lon="119.372146">
				<speed>0.978055</speed>
				<ele>388.000000</ele>
				<time>2025-09-13T02:03:25Z</time>
			</trkpt>
			<trkpt lat="30.495911" lon="119.372229">
				<speed>0.890760</speed>
				<ele>387.000000</ele>
				<time>2025-09-13T02:03:36Z</time>
			</trkpt>
			<trkpt lat="30.495863" lon="119.372324">
				<speed>0.780570</speed>
				<ele>384.000000</ele>
				<time>2025-09-13T02:03:49Z</time>
			</trkpt>
			<trkpt lat="30.495814" lon="119.372417">
				<speed>0.748918</speed>
				<ele>382.000000</ele>
				<time>2025-09-13T02:04:02Z</time>
			</trkpt>
			<trkpt lat="30.495752" lon="119.372503">
				<speed>0.933897</speed>
				<ele>381.000000</ele>
				<time>2025-09-13T02:04:14Z</time>
			</trkpt>
			<trkpt lat="30.495675" lon="119.372563">
				<speed>0.496061</speed>
				<ele>379.000000</ele>
				<time>2025-09-13T02:04:30Z</time>
			</trkpt>
			<trkpt lat="30.495616" lon="119.372647">
				<speed>0.975964</speed>
				<ele>380.000000</ele>
				<time>2025-09-13T02:04:41Z</time>
			</trkpt>
			<trkpt lat="30.495583" lon="119.372756">
				<speed>0.723774</speed>
				<ele>380.000000</ele>
				<time>2025-09-13T02:04:53Z</time>
			</trkpt>
			<trkpt lat="30.495558" lon="119.372870">
				<speed>0.723012</speed>
				<ele>378.000000</ele>
				<time>2025-09-13T02:05:05Z</time>
			</trkpt>
			<trkpt lat="30.495545" lon="119.372981">
				<speed>0.748503</speed>
				<ele>378.000000</ele>
				<time>2025-09-13T02:05:15Z</time>
			</trkpt>
			<trkpt lat="30.495495" lon="119.373081">
				<speed>0.765703</speed>
				<ele>379.000000</ele>
				<time>2025-09-13T02:05:24Z</time>
			</trkpt>
			<trkpt lat="30.495445" lon="119.373178">
				<speed>0.731349</speed>
				<ele>380.000000</ele>
				<time>2025-09-13T02:05:34Z</time>
			</trkpt>
			<trkpt lat="30.495407" lon="119.373279">
				<speed>0.526380</speed>
				<ele>380.000000</ele>
				<time>2025-09-13T02:05:44Z</time>
			</trkpt>
			<trkpt lat="30.495391" lon="119.373389">
				<speed>0.834655</speed>
				<ele>378.000000</ele>
				<time>2025-09-13T02:05:54Z</time>
			</trkpt>
			<trkpt lat="30.495388" lon="119.373497">
				<speed>0.702428</speed>
				<ele>379.000000</ele>
				<time>2025-09-13T02:06:04Z</time>
			</trkpt>
			<trkpt lat="30.495358" lon="119.373598">
				<speed>0.987733</speed>
				<ele>378.000000</ele>
				<time>2025-09-13T02:06:15Z</time>
			</trkpt>
			<trkpt lat="30.495309" lon="119.373687">
				<speed>1.053681</speed>
				<ele>377.000000</ele>
				<time>2025-09-13T02:06:24Z</time>
			</trkpt>
			<trkpt lat="30.495304" lon="119.373805">
				<speed>0.872706</speed>
				<ele>376.000000</ele>
				<time>2025-09-13T02:06:43Z</time>
			</trkpt>
			<trkpt lat="30.495293" lon="119.373916">
				<speed>0.528084</speed>
				<ele>375.000000</ele>
				<time>2025-09-13T02:06:54Z</time>
			</trkpt>
			<trkpt lat="30.495302" lon="119.374028">
				<speed>0.677110</speed>
				<ele>377.000000</ele>
				<time>2025-09-13T02:07:36Z</time>
			</trkpt>
			<trkpt lat="30.495311" lon="119.374135">
				<speed>0.538719</speed>
				<ele>375.000000</ele>
				<time>2025-09-13T02:07:47Z</time>
			</trkpt>
			<trkpt lat="30.495344" lon="119.374034">
				<speed>0.625541</speed>
				<ele>373.000000</ele>
				<time>2025-09-13T02:07:57Z</time>
			</trkpt>
			<trkpt lat="30.495366" lon="119.373929">
				<speed>0.590930</speed>
				<ele>371.000000</ele>
				<time>2025-09-13T02:08:07Z</time>
			</trkpt>
			<trkpt lat="30.495396" lon="119.373823">
				<speed>0.637491</speed>
				<ele>373.000000</ele>
				<time>2025-09-13T02:08:15Z</time>
			</trkpt>
			<trkpt lat="30.495464" lon="119.373734">
				<speed>0.824450</speed>
				<ele>372.000000</ele>
				<time>2025-09-13T02:08:23Z</time>
			</trkpt>
			<trkpt lat="30.495513" lon="119.373637">
				<speed>1.082023</speed>
				<ele>369.000000</ele>
				<time>2025-09-13T02:08:32Z</time>
			</trkpt>
			<trkpt lat="30.495553" lon="119.373533">
				<speed>0.957785</speed>
				<ele>370.000000</ele>
				<time>2025-09-13T02:08:41Z</time>
			</trkpt>
			<trkpt lat="30.495581" lon="119.373423">
				<speed>0.999851</speed>
				<ele>369.000000</ele>
				<time>2025-09-13T02:08:50Z</time>
			</trkpt>
			<trkpt lat="30.495595" lon="119.373309">
				<speed>1.021153</speed>
				<ele>367.000000</ele>
				<time>2025-09-13T02:08:59Z</time>
			</trkpt>
			<trkpt lat="30.495668" lon="119.373240">
				<speed>0.738372</speed>
				<ele>367.000000</ele>
				<time>2025-09-13T02:09:08Z</time>
			</trkpt>
			<trkpt lat="30.495712" lon="119.373141">
				<speed>1.247595</speed>
				<ele>366.000000</ele>
				<time>2025-09-13T02:09:28Z</time>
			</trkpt>
			<trkpt lat="30.495741" lon="119.373035">
				<speed>1.177518</speed>
				<ele>367.000000</ele>
				<time>2025-09-13T02:09:37Z</time>
			</trkpt>
			<trkpt lat="30.495777" lon="119.372934">
				<speed>1.022488</speed>
				<ele>365.000000</ele>
				<time>2025-09-13T02:09:47Z</time>
			</trkpt>
			<trkpt lat="30.495813" lon="119.372828">
				<speed>0.982014</speed>
				<ele>365.000000</ele>
				<time>2025-09-13T02:09:57Z</time>
			</trkpt>
			<trkpt lat="30.495863" lon="119.372738">
				<speed>1.048533</speed>
				<ele>365.000000</ele>
				<time>2025-09-13T02:10:06Z</time>
			</trkpt>
			<trkpt lat="30.495923" lon="119.372653">
				<speed>0.861681</speed>
				<ele>367.000000</ele>
				<time>2025-09-13T02:10:16Z</time>
			</trkpt>
			<trkpt lat="30.496001" lon="119.372590">
				<speed>1.095328</speed>
				<ele>367.000000</ele>
				<time>2025-09-13T02:10:25Z</time>
			</trkpt>
			<trkpt lat="30.496078" lon="119.372517">
				<speed>1.093576</speed>
				<ele>368.000000</ele>
				<time>2025-09-13T02:10:35Z</time>
			</trkpt>
			<trkpt lat="30.496161" lon="119.372450">
				<speed>1.222619</speed>
				<ele>368.000000</ele>
				<time>2025-09-13T02:10:53Z</time>
			</trkpt>
			<trkpt lat="30.496237" lon="119.372389">
				<speed>0.784942</speed>
				<ele>367.000000</ele>
				<time>2025-09-13T02:11:03Z</time>
			</trkpt>
			<trkpt lat="30.496309" lon="119.372325">
				<speed>1.018634</speed>
				<ele>369.000000</ele>
				<time>2025-09-13T02:11:12Z</time>
			</trkpt>
			<trkpt lat="30.496386" lon="119.372262">
				<speed>1.073109</speed>
				<ele>370.000000</ele>
				<time>2025-09-13T02:11:22Z</time>
			</trkpt>
			<trkpt lat="30.496465" lon="119.372201">
				<speed>1.244203</speed>
				<ele>370.000000</ele>
				<time>2025-09-13T02:11:32Z</time>
			</trkpt>
			<trkpt lat="30.496538" lon="119.372136">
				<speed>0.916551</speed>
				<ele>373.000000</ele>
				<time>2025-09-13T02:11:42Z</time>
			</trkpt>
			<trkpt lat="30.496606" lon="119.372061">
				<speed>1.044099</speed>
				<ele>372.000000</ele>
				<time>2025-09-13T02:11:51Z</time>
			</trkpt>
			<trkpt lat="30.496677" lon="119.371993">
				<speed>1.101926</speed>
				<ele>373.000000</ele>
				<time>2025-09-13T02:12:00Z</time>
			</trkpt>
			<trkpt lat="30.496752" lon="119.371929">
				<speed>0.925020</speed>
				<ele>372.000000</ele>
				<time>2025-09-13T02:12:10Z</time>
			</trkpt>
			<trkpt lat="30.496825" lon="119.371855">
				<speed>1.202064</speed>
				<ele>372.000000</ele>
				<time>2025-09-13T02:12:18Z</time>
			</trkpt>
			<trkpt lat="30.496922" lon="119.371850">
				<speed>1.240214</speed>
				<ele>376.000000</ele>
				<time>2025-09-13T02:12:27Z</time>
			</trkpt>
			<trkpt lat="30.496961" lon="119.371952">
				<speed>1.009508</speed>
				<ele>375.000000</ele>
				<time>2025-09-13T02:12:36Z</time>
			</trkpt>
			<trkpt lat="30.496967" lon="119.372064">
				<speed>1.084349</speed>
				<ele>376.000000</ele>
				<time>2025-09-13T02:12:45Z</time>
			</trkpt>
			<trkpt lat="30.496983" lon="119.372171">
				<speed>1.154418</speed>
				<ele>376.000000</ele>
				<time>2025-09-13T02:12:54Z</time>
			</trkpt>
			<trkpt lat="30.497025" lon="119.372274">
				<speed>1.127821</speed>
				<ele>377.000000</ele>
				<time>2025-09-13T02:13:04Z</time>
			</trkpt>
			<trkpt lat="30.497070" lon="119.372376">
				<speed>1.087343</speed>
				<ele>377.000000</ele>
				<time>2025-09-13T02:13:13Z</time>
			</trkpt>
			<trkpt lat="30.497111" lon="119.372479">
				<speed>1.166031</speed>
				<ele>378.000000</ele>
				<time>2025-09-13T02:13:22Z</time>
			</trkpt>
			<trkpt lat="30.497149" lon="119.372578">
				<speed>1.167393</speed>
				<ele>379.000000</ele>
				<time>2025-09-13T02:13:30Z</time>
			</trkpt>
			<trkpt lat="30.497181" lon="119.372688">
				<speed>1.153989</speed>
				<ele>381.000000</ele>
				<time>2025-09-13T02:13:39Z</time>
			</trkpt>
			<trkpt lat="30.497215" lon="119.372796">
				<speed>1.102166</speed>
				<ele>382.000000</ele>
				<time>2025-09-13T02:13:48Z</time>
			</trkpt>
			<trkpt lat="30.497240" lon="119.372896">
				<speed>1.120785</speed>
				<ele>381.000000</ele>
				<time>2025-09-13T02:13:56Z</time>
			</trkpt>
			<trkpt lat="30.497270" lon="119.373001">
				<speed>1.261048</speed>
				<ele>383.000000</ele>
				<time>2025-09-13T02:14:04Z</time>
			</trkpt>
			<trkpt lat="30.497304" lon="119.373103">
				<speed>1.163900</speed>
				<ele>383.000000</ele>
				<time>2025-09-13T02:14:12Z</time>
			</trkpt>
			<trkpt lat="30.497344" lon="119.373201">
				<speed>1.234090</speed>
				<ele>383.000000</ele>
				<time>2025-09-13T02:14:20Z</time>
			</trkpt>
			<trkpt lat="30.497402" lon="119.373293">
				<speed>0.848012</speed>
				<ele>382.000000</ele>
				<time>2025-09-13T02:14:37Z</time>
			</trkpt>
			<trkpt lat="30.497442" lon="119.373400">
				<speed>1.369444</speed>
				<ele>383.000000</ele>
				<time>2025-09-13T02:14:46Z</time>
			</trkpt>
			<trkpt lat="30.497512" lon="119.373477">
				<speed>1.014025</speed>
				<ele>382.000000</ele>
				<time>2025-09-13T02:14:56Z</time>
			</trkpt>
			<trkpt lat="30.497576" lon="119.373556">
				<speed>1.135697</speed>
				<ele>383.000000</ele>
				<time>2025-09-13T02:15:06Z</time>
			</trkpt>
			<trkpt lat="30.497638" lon="119.373641">
				<speed>1.063512</speed>
				<ele>383.000000</ele>
				<time>2025-09-13T02:15:16Z</time>
			</trkpt>
			<trkpt lat="30.497679" lon="119.373739">
				<speed>1.193147</speed>
				<ele>384.000000</ele>
				<time>2025-09-13T02:15:25Z</time>
			</trkpt>
			<trkpt lat="30.497694" lon="119.373856">
				<speed>1.138471</speed>
				<ele>387.000000</ele>
				<time>2025-09-13T02:15:34Z</time>
			</trkpt>
			<trkpt lat="30.497689" lon="119.373970">
				<speed>0.861132</speed>
				<ele>388.000000</ele>
				<time>2025-09-13T02:15:44Z</time>
			</trkpt>
			<trkpt lat="30.497671" lon="119.374080">
				<speed>0.995304</speed>
				<ele>389.000000</ele>
				<time>2025-09-13T02:15:53Z</time>
			</trkpt>
			<trkpt lat="30.497673" lon="119.374193">
				<speed>0.911291</speed>
				<ele>390.000000</ele>
				<time>2025-09-13T02:16:02Z</time>
			</trkpt>
			<trkpt lat="30.497717" lon="119.374288">
				<speed>0.943282</speed>
				<ele>391.000000</ele>
				<time>2025-09-13T02:16:10Z</time>
			</trkpt>
			<trkpt lat="30.497794" lon="119.374355">
				<speed>1.176553</speed>
				<ele>392.000000</ele>
				<time>2025-09-13T02:16:18Z</time>
			</trkpt>
			<trkpt lat="30.497712" lon="119.374294">
				<speed>0.980918</speed>
				<ele>391.000000</ele>
				<time>2025-09-13T02:16:38Z</time>
			</trkpt>
			<trkpt lat="30.497615" lon="119.373996">
				<speed>-1.000000</speed>
				<ele>400.000000</ele>
				<time>2025-09-13T02:18:20Z</time>
			</trkpt>
			<trkpt lat="30.497831" lon="119.374445">
				<speed>0.000000</speed>
				<ele>395.000000</ele>
				<time>2025-09-13T02:18:32Z</time>
			</trkpt>
			<trkpt lat="30.497880" lon="119.374534">
				<speed>0.116371</speed>
				<ele>388.000000</ele>
				<time>2025-09-13T02:18:49Z</time>
			</trkpt>
			<trkpt lat="30.497848" lon="119.374631">
				<speed>0.421480</speed>
				<ele>390.000000</ele>
				<time>2025-09-13T02:19:02Z</time>
			</trkpt>
			<trkpt lat="30.497810" lon="119.374727">
				<speed>0.647028</speed>
				<ele>386.000000</ele>
				<time>2025-09-13T02:19:16Z</time>
			</trkpt>
			<trkpt lat="30.497826" lon="119.374836">
				<speed>0.412699</speed>
				<ele>382.000000</ele>
				<time>2025-09-13T02:19:29Z</time>
			</trkpt>
			<trkpt lat="30.497852" lon="119.374936">
				<speed>0.334054</speed>
				<ele>381.000000</ele>
				<time>2025-09-13T02:19:41Z</time>
			</trkpt>
			<trkpt lat="30.497913" lon="119.375015">
				<speed>0.381038</speed>
				<ele>376.000000</ele>
				<time>2025-09-13T02:20:00Z</time>
			</trkpt>
			<trkpt lat="30.497959" lon="119.375115">
				<speed>0.612744</speed>
				<ele>371.000000</ele>
				<time>2025-09-13T02:20:16Z</time>
			</trkpt>
			<trkpt lat="30.498008" lon="119.375204">
				<speed>0.753261</speed>
				<ele>367.000000</ele>
				<time>2025-09-13T02:20:29Z</time>
			</trkpt>
			<trkpt lat="30.497917" lon="119.375216">
				<speed>0.052305</speed>
				<ele>363.000000</ele>
				<time>2025-09-13T02:20:45Z</time>
			</trkpt>
			<trkpt lat="30.497825" lon="119.375181">
				<speed>0.120316</speed>
				<ele>361.000000</ele>
				<time>2025-09-13T02:20:56Z</time>
			</trkpt>
			<trkpt lat="30.497735" lon="119.375159">
				<speed>0.105511</speed>
				<ele>360.000000</ele>
				<time>2025-09-13T02:21:06Z</time>
			</trkpt>
			<trkpt lat="30.497647" lon="119.375114">
				<speed>0.136419</speed>
				<ele>359.000000</ele>
				<time>2025-09-13T02:21:17Z</time>
			</trkpt>
			<trkpt lat="30.497565" lon="119.375067">
				<speed>0.136551</speed>
				<ele>359.000000</ele>
				<time>2025-09-13T02:21:27Z</time>
			</trkpt>
			<trkpt lat="30.497476" lon="119.375006">
				<speed>0.251582</speed>
				<ele>358.000000</ele>
				<time>2025-09-13T02:21:36Z</time>
			</trkpt>
			<trkpt lat="30.497378" lon="119.374987">
				<speed>0.729920</speed>
				<ele>356.000000</ele>
				<time>2025-09-13T02:21:45Z</time>
			</trkpt>
			<trkpt lat="30.497285" lon="119.374988">
				<speed>0.743979</speed>
				<ele>354.000000</ele>
				<time>2025-09-13T02:21:55Z</time>
			</trkpt>
			<trkpt lat="30.497203" lon="119.375042">
				<speed>0.760688</speed>
				<ele>351.000000</ele>
				<time>2025-09-13T02:22:16Z</time>
			</trkpt>
			<trkpt lat="30.497109" lon="119.375020">
				<speed>0.775098</speed>
				<ele>350.000000</ele>
				<time>2025-09-13T02:22:25Z</time>
			</trkpt>
			<trkpt lat="30.497017" lon="119.375051">
				<speed>0.254277</speed>
				<ele>348.000000</ele>
				<time>2025-09-13T02:22:47Z</time>
			</trkpt>
			<trkpt lat="30.496963" lon="119.375136">
				<speed>0.252733</speed>
				<ele>345.000000</ele>
				<time>2025-09-13T02:23:10Z</time>
			</trkpt>
			<trkpt lat="30.496889" lon="119.375195">
				<speed>0.521929</speed>
				<ele>342.000000</ele>
				<time>2025-09-13T02:23:25Z</time>
			</trkpt>
			<trkpt lat="30.496811" lon="119.375251">
				<speed>0.540577</speed>
				<ele>337.000000</ele>
				<time>2025-09-13T02:23:43Z</time>
			</trkpt>
			<trkpt lat="30.496742" lon="119.375330">
				<speed>0.471213</speed>
				<ele>334.000000</ele>
				<time>2025-09-13T02:23:57Z</time>
			</trkpt>
			<trkpt lat="30.496662" lon="119.375392">
				<speed>0.588748</speed>
				<ele>331.000000</ele>
				<time>2025-09-13T02:24:10Z</time>
			</trkpt>
			<trkpt lat="30.496595" lon="119.375466">
				<speed>0.577929</speed>
				<ele>327.000000</ele>
				<time>2025-09-13T02:24:25Z</time>
			</trkpt>
			<trkpt lat="30.496511" lon="119.375512">
				<speed>0.524747</speed>
				<ele>323.000000</ele>
				<time>2025-09-13T02:24:41Z</time>
			</trkpt>
			<trkpt lat="30.496439" lon="119.375579">
				<speed>0.571442</speed>
				<ele>321.000000</ele>
				<time>2025-09-13T02:25:00Z</time>
			</trkpt>
			<trkpt lat="30.496346" lon="119.375597">
				<speed>0.371022</speed>
				<ele>314.000000</ele>
				<time>2025-09-13T02:25:25Z</time>
			</trkpt>
			<trkpt lat="30.496252" lon="119.375543">
				<speed>1.076091</speed>
				<ele>314.000000</ele>
				<time>2025-09-13T02:25:37Z</time>
			</trkpt>
			<trkpt lat="30.496166" lon="119.375587">
				<speed>0.727093</speed>
				<ele>314.000000</ele>
				<time>2025-09-13T02:25:46Z</time>
			</trkpt>
			<trkpt lat="30.496090" lon="119.375657">
				<speed>1.227530</speed>
				<ele>314.000000</ele>
				<time>2025-09-13T02:25:55Z</time>
			</trkpt>
			<trkpt lat="30.496019" lon="119.375724">
				<speed>0.833402</speed>
				<ele>313.000000</ele>
				<time>2025-09-13T02:26:05Z</time>
			</trkpt>
			<trkpt lat="30.495962" lon="119.375810">
				<speed>0.648980</speed>
				<ele>314.000000</ele>
				<time>2025-09-13T02:26:16Z</time>
			</trkpt>
			<trkpt lat="30.495910" lon="119.375907">
				<speed>0.997586</speed>
				<ele>316.000000</ele>
				<time>2025-09-13T02:26:25Z</time>
			</trkpt>
			<trkpt lat="30.495852" lon="119.375992">
				<speed>1.150857</speed>
				<ele>316.000000</ele>
				<time>2025-09-13T02:26:35Z</time>
			</trkpt>
			<trkpt lat="30.495811" lon="119.376095">
				<speed>0.765497</speed>
				<ele>315.000000</ele>
				<time>2025-09-13T02:26:47Z</time>
			</trkpt>
			<trkpt lat="30.495762" lon="119.376196">
				<speed>0.959821</speed>
				<ele>313.000000</ele>
				<time>2025-09-13T02:26:58Z</time>
			</trkpt>
			<trkpt lat="30.495714" lon="119.376296">
				<speed>0.949915</speed>
				<ele>313.000000</ele>
				<time>2025-09-13T02:27:08Z</time>
			</trkpt>
			<trkpt lat="30.495699" lon="119.376405">
				<speed>1.047358</speed>
				<ele>313.000000</ele>
				<time>2025-09-13T02:27:16Z</time>
			</trkpt>
			<trkpt lat="30.495699" lon="119.376515">
				<speed>1.261679</speed>
				<ele>313.000000</ele>
				<time>2025-09-13T02:27:37Z</time>
			</trkpt>
			<trkpt lat="30.495652" lon="119.376615">
				<speed>1.078670</speed>
				<ele>313.000000</ele>
				<time>2025-09-13T02:27:46Z</time>
			</trkpt>
			<trkpt lat="30.495617" lon="119.376719">
				<speed>0.836590</speed>
				<ele>313.000000</ele>
				<time>2025-09-13T02:27:58Z</time>
			</trkpt>
			<trkpt lat="30.495531" lon="119.376761">
				<speed>0.840517</speed>
				<ele>313.000000</ele>
				<time>2025-09-13T02:28:07Z</time>
			</trkpt>
			<trkpt lat="30.495442" lon="119.376788">
				<speed>0.617607</speed>
				<ele>312.000000</ele>
				<time>2025-09-13T02:28:18Z</time>
			</trkpt>
			<trkpt lat="30.495409" lon="119.376886">
				<speed>0.642643</speed>
				<ele>312.000000</ele>
				<time>2025-09-13T02:28:28Z</time>
			</trkpt>
			<trkpt lat="30.495361" lon="119.376989">
				<speed>0.532055</speed>
				<ele>309.000000</ele>
				<time>2025-09-13T02:28:40Z</time>
			</trkpt>
			<trkpt lat="30.495303" lon="119.377073">
				<speed>0.595378</speed>
				<ele>311.000000</ele>
				<time>2025-09-13T02:28:49Z</time>
			</trkpt>
			<trkpt lat="30.495256" lon="119.377172">
				<speed>0.819735</speed>
				<ele>311.000000</ele>
				<time>2025-09-13T02:28:58Z</time>
			</trkpt>
			<trkpt lat="30.495198" lon="119.377265">
				<speed>0.738434</speed>
				<ele>311.000000</ele>
				<time>2025-09-13T02:29:08Z</time>
			</trkpt>
			<trkpt lat="30.495142" lon="119.377350">
				<speed>0.801883</speed>
				<ele>311.000000</ele>
				<time>2025-09-13T02:29:18Z</time>
			</trkpt>
			<trkpt lat="30.495059" lon="119.377404">
				<speed>0.744783</speed>
				<ele>310.000000</ele>
				<time>2025-09-13T02:29:28Z</time>
			</trkpt>
			<trkpt lat="30.494976" lon="119.377457">
				<speed>0.554519</speed>
				<ele>311.000000</ele>
				<time>2025-09-13T02:29:38Z</time>
			</trkpt>
			<trkpt lat="30.494888" lon="119.377496">
				<speed>0.472770</speed>
				<ele>310.000000</ele>
				<time>2025-09-13T02:29:49Z</time>
			</trkpt>
			<trkpt lat="30.494795" lon="119.377523">
				<speed>0.730424</speed>
				<ele>308.000000</ele>
				<time>2025-09-13T02:30:00Z</time>
			</trkpt>
			<trkpt lat="30.494706" lon="119.377558">
				<speed>0.397340</speed>
				<ele>308.000000</ele>
				<time>2025-09-13T02:30:09Z</time>
			</trkpt>
			<trkpt lat="30.494634" lon="119.377621">
				<speed>0.587170</speed>
				<ele>305.000000</ele>
				<time>2025-09-13T02:30:18Z</time>
			</trkpt>
			<trkpt lat="30.494555" lon="119.377675">
				<speed>0.701303</speed>
				<ele>307.000000</ele>
				<time>2025-09-13T02:30:27Z</time>
			</trkpt>
			<trkpt lat="30.494476" lon="119.377730">
				<speed>0.572943</speed>
				<ele>305.000000</ele>
				<time>2025-09-13T02:30:38Z</time>
			</trkpt>
			<trkpt lat="30.494392" lon="119.377795">
				<speed>0.648169</speed>
				<ele>304.000000</ele>
				<time>2025-09-13T02:30:48Z</time>
			</trkpt>
			<trkpt lat="30.494306" lon="119.377852">
				<speed>0.569785</speed>
				<ele>306.000000</ele>
				<time>2025-09-13T02:30:57Z</time>
			</trkpt>
			<trkpt lat="30.494216" lon="119.377864">
				<speed>0.447357</speed>
				<ele>303.000000</ele>
				<time>2025-09-13T02:31:08Z</time>
			</trkpt>
			<trkpt lat="30.494132" lon="119.377906">
				<speed>0.606597</speed>
				<ele>302.000000</ele>
				<time>2025-09-13T02:31:25Z</time>
			</trkpt>
			<trkpt lat="30.494061" lon="119.377975">
				<speed>0.293835</speed>
				<ele>298.000000</ele>
				<time>2025-09-13T02:31:44Z</time>
			</trkpt>
			<trkpt lat="30.493966" lon="119.377994">
				<speed>0.338054</speed>
				<ele>296.000000</ele>
				<time>2025-09-13T02:31:58Z</time>
			</trkpt>
			<trkpt lat="30.493872" lon="119.378002">
				<speed>0.383565</speed>
				<ele>294.000000</ele>
				<time>2025-09-13T02:32:09Z</time>
			</trkpt>
			<trkpt lat="30.493780" lon="119.378020">
				<speed>0.389556</speed>
				<ele>293.000000</ele>
				<time>2025-09-13T02:32:20Z</time>
			</trkpt>
			<trkpt lat="30.493689" lon="119.378025">
				<speed>0.586086</speed>
				<ele>292.000000</ele>
				<time>2025-09-13T02:32:29Z</time>
			</trkpt>
			<trkpt lat="30.493593" lon="119.378044">
				<speed>0.609749</speed>
				<ele>290.000000</ele>
				<time>2025-09-13T02:32:39Z</time>
			</trkpt>
			<trkpt lat="30.493500" lon="119.378051">
				<speed>0.656638</speed>
				<ele>288.000000</ele>
				<time>2025-09-13T02:32:48Z</time>
			</trkpt>
			<trkpt lat="30.493414" lon="119.378080">
				<speed>0.551389</speed>
				<ele>287.000000</ele>
				<time>2025-09-13T02:32:56Z</time>
			</trkpt>
			<trkpt lat="30.493315" lon="119.378106">
				<speed>0.701775</speed>
				<ele>284.000000</ele>
				<time>2025-09-13T02:33:05Z</time>
			</trkpt>
			<trkpt lat="30.493221" lon="119.378120">
				<speed>0.443377</speed>
				<ele>282.000000</ele>
				<time>2025-09-13T02:33:17Z</time>
			</trkpt>
			<trkpt lat="30.493133" lon="119.378144">
				<speed>0.353697</speed>
				<ele>280.000000</ele>
				<time>2025-09-13T02:33:33Z</time>
			</trkpt>
			<trkpt lat="30.493042" lon="119.378174">
				<speed>0.378694</speed>
				<ele>279.000000</ele>
				<time>2025-09-13T02:33:50Z</time>
			</trkpt>
			<trkpt lat="30.492954" lon="119.378199">
				<speed>0.327777</speed>
				<ele>276.000000</ele>
				<time>2025-09-13T02:34:03Z</time>
			</trkpt>
			<trkpt lat="30.492914" lon="119.378300">
				<speed>0.330881</speed>
				<ele>275.000000</ele>
				<time>2025-09-13T02:34:20Z</time>
			</trkpt>
			<trkpt lat="30.492839" lon="119.378359">
				<speed>0.557040</speed>
				<ele>270.000000</ele>
				<time>2025-09-13T02:34:36Z</time>
			</trkpt>
			<trkpt lat="30.492797" lon="119.378458">
				<speed>0.341428</speed>
				<ele>266.000000</ele>
				<time>2025-09-13T02:34:53Z</time>
			</trkpt>
			<trkpt lat="30.492786" lon="119.378564">
				<speed>0.345324</speed>
				<ele>263.000000</ele>
				<time>2025-09-13T02:35:19Z</time>
			</trkpt>
			<trkpt lat="30.492791" lon="119.378669">
				<speed>0.383044</speed>
				<ele>262.000000</ele>
				<time>2025-09-13T02:35:34Z</time>
			</trkpt>
			<trkpt lat="30.492785" lon="119.378776">
				<speed>0.408801</speed>
				<ele>260.000000</ele>
				<time>2025-09-13T02:35:49Z</time>
			</trkpt>
			<trkpt lat="30.492799" lon="119.378886">
				<speed>0.406510</speed>
				<ele>257.000000</ele>
				<time>2025-09-13T02:36:01Z</time>
			</trkpt>
			<trkpt lat="30.492819" lon="119.378992">
				<speed>0.669675</speed>
				<ele>255.000000</ele>
				<time>2025-09-13T02:36:13Z</time>
			</trkpt>
			<trkpt lat="30.492851" lon="119.379094">
				<speed>0.045229</speed>
				<ele>250.000000</ele>
				<time>2025-09-13T02:37:35Z</time>
			</trkpt>
			<trkpt lat="30.492842" lon="119.379205">
				<speed>0.244303</speed>
				<ele>248.000000</ele>
				<time>2025-09-13T02:37:45Z</time>
			</trkpt>
			<trkpt lat="30.492794" lon="119.379294">
				<speed>0.221071</speed>
				<ele>247.000000</ele>
				<time>2025-09-13T02:37:55Z</time>
			</trkpt>
			<trkpt lat="30.492728" lon="119.379370">
				<speed>0.571496</speed>
				<ele>247.000000</ele>
				<time>2025-09-13T02:38:04Z</time>
			</trkpt>
			<trkpt lat="30.492670" lon="119.379468">
				<speed>0.870955</speed>
				<ele>248.000000</ele>
				<time>2025-09-13T02:38:12Z</time>
			</trkpt>
			<trkpt lat="30.492616" lon="119.379563">
				<speed>0.720202</speed>
				<ele>246.000000</ele>
				<time>2025-09-13T02:38:21Z</time>
			</trkpt>
			<trkpt lat="30.492560" lon="119.379652">
				<speed>0.521569</speed>
				<ele>244.000000</ele>
				<time>2025-09-13T02:38:34Z</time>
			</trkpt>
			<trkpt lat="30.492494" lon="119.379737">
				<speed>0.604773</speed>
				<ele>242.000000</ele>
				<time>2025-09-13T02:38:47Z</time>
			</trkpt>
			<trkpt lat="30.492449" lon="119.379832">
				<speed>0.243365</speed>
				<ele>242.000000</ele>
				<time>2025-09-13T02:38:58Z</time>
			</trkpt>
			<trkpt lat="30.492435" lon="119.379935">
				<speed>0.534102</speed>
				<ele>243.000000</ele>
				<time>2025-09-13T02:39:07Z</time>
			</trkpt>
			<trkpt lat="30.492456" lon="119.380043">
				<speed>0.693467</speed>
				<ele>241.000000</ele>
				<time>2025-09-13T02:39:17Z</time>
			</trkpt>
			<trkpt lat="30.492473" lon="119.380149">
				<speed>0.783959</speed>
				<ele>241.000000</ele>
				<time>2025-09-13T02:39:24Z</time>
			</trkpt>
			<trkpt lat="30.492496" lon="119.380263">
				<speed>0.657854</speed>
				<ele>239.000000</ele>
				<time>2025-09-13T02:39:34Z</time>
			</trkpt>
			<trkpt lat="30.492526" lon="119.380369">
				<speed>0.929483</speed>
				<ele>237.000000</ele>
				<time>2025-09-13T02:39:43Z</time>
			</trkpt>
			<trkpt lat="30.492562" lon="119.380471">
				<speed>0.670355</speed>
				<ele>234.000000</ele>
				<time>2025-09-13T02:39:52Z</time>
			</trkpt>
			<trkpt lat="30.492563" lon="119.380586">
				<speed>0.605442</speed>
				<ele>233.000000</ele>
				<time>2025-09-13T02:40:00Z</time>
			</trkpt>
			<trkpt lat="30.492530" lon="119.380688">
				<speed>0.582131</speed>
				<ele>231.000000</ele>
				<time>2025-09-13T02:40:09Z</time>
			</trkpt>
			<trkpt lat="30.492464" lon="119.380760">
				<speed>0.679469</speed>
				<ele>231.000000</ele>
				<time>2025-09-13T02:40:20Z</time>
			</trkpt>
			<trkpt lat="30.492381" lon="119.380813">
				<speed>0.445204</speed>
				<ele>229.000000</ele>
				<time>2025-09-13T02:40:32Z</time>
			</trkpt>
			<trkpt lat="30.492326" lon="119.380901">
				<speed>0.315837</speed>
				<ele>224.000000</ele>
				<time>2025-09-13T02:40:46Z</time>
			</trkpt>
			<trkpt lat="30.492264" lon="119.380977">
				<speed>0.413761</speed>
				<ele>221.000000</ele>
				<time>2025-09-13T02:41:00Z</time>
			</trkpt>
			<trkpt lat="30.492220" lon="119.381073">
				<speed>0.371564</speed>
				<ele>220.000000</ele>
				<time>2025-09-13T02:41:14Z</time>
			</trkpt>
			<trkpt lat="30.492201" lon="119.381182">
				<speed>0.438203</speed>
				<ele>216.000000</ele>
				<time>2025-09-13T02:41:30Z</time>
			</trkpt>
			<trkpt lat="30.492179" lon="119.381289">
				<speed>0.561990</speed>
				<ele>214.000000</ele>
				<time>2025-09-13T02:41:43Z</time>
			</trkpt>
			<trkpt lat="30.492148" lon="119.381396">
				<speed>0.551711</speed>
				<ele>211.000000</ele>
				<time>2025-09-13T02:41:56Z</time>
			</trkpt>
			<trkpt lat="30.492120" lon="119.381500">
				<speed>0.668889</speed>
				<ele>208.000000</ele>
				<time>2025-09-13T02:42:07Z</time>
			</trkpt>
			<trkpt lat="30.492079" lon="119.381598">
				<speed>0.630122</speed>
				<ele>206.000000</ele>
				<time>2025-09-13T02:42:17Z</time>
			</trkpt>
			<trkpt lat="30.492006" lon="119.381660">
				<speed>0.673032</speed>
				<ele>204.000000</ele>
				<time>2025-09-13T02:42:27Z</time>
			</trkpt>
			<trkpt lat="30.491921" lon="119.381714">
				<speed>0.715959</speed>
				<ele>202.000000</ele>
				<time>2025-09-13T02:42:39Z</time>
			</trkpt>
			<trkpt lat="30.491845" lon="119.381785">
				<speed>0.506631</speed>
				<ele>199.000000</ele>
				<time>2025-09-13T02:42:52Z</time>
			</trkpt>
			<trkpt lat="30.491775" lon="119.381855">
				<speed>0.479799</speed>
				<ele>197.000000</ele>
				<time>2025-09-13T02:43:11Z</time>
			</trkpt>
			<trkpt lat="30.491707" lon="119.381923">
				<speed>0.399628</speed>
				<ele>193.000000</ele>
				<time>2025-09-13T02:43:26Z</time>
			</trkpt>
			<trkpt lat="30.491648" lon="119.382013">
				<speed>0.666946</speed>
				<ele>189.000000</ele>
				<time>2025-09-13T02:43:43Z</time>
			</trkpt>
			<trkpt lat="30.491554" lon="119.382041">
				<speed>0.520043</speed>
				<ele>186.000000</ele>
				<time>2025-09-13T02:43:57Z</time>
			</trkpt>
			<trkpt lat="30.491487" lon="119.382114">
				<speed>0.464869</speed>
				<ele>184.000000</ele>
				<time>2025-09-13T02:44:09Z</time>
			</trkpt>
			<trkpt lat="30.491428" lon="119.382199">
				<speed>0.515813</speed>
				<ele>181.000000</ele>
				<time>2025-09-13T02:44:22Z</time>
			</trkpt>
			<trkpt lat="30.491377" lon="119.382293">
				<speed>0.810950</speed>
				<ele>177.000000</ele>
				<time>2025-09-13T02:44:36Z</time>
			</trkpt>
			<trkpt lat="30.491436" lon="119.382380">
				<speed>0.740243</speed>
				<ele>174.000000</ele>
				<time>2025-09-13T02:44:50Z</time>
			</trkpt>
			<trkpt lat="30.491486" lon="119.382468">
				<speed>0.536952</speed>
				<ele>172.000000</ele>
				<time>2025-09-13T02:45:05Z</time>
			</trkpt>
			<trkpt lat="30.491481" lon="119.382574">
				<speed>0.637023</speed>
				<ele>170.000000</ele>
				<time>2025-09-13T02:45:18Z</time>
			</trkpt>
			<trkpt lat="30.491438" lon="119.382678">
				<speed>0.619673</speed>
				<ele>167.000000</ele>
				<time>2025-09-13T02:45:30Z</time>
			</trkpt>
			<trkpt lat="30.491399" lon="119.382782">
				<speed>0.535786</speed>
				<ele>166.000000</ele>
				<time>2025-09-13T02:45:41Z</time>
			</trkpt>
			<trkpt lat="30.491389" lon="119.382886">
				<speed>0.520145</speed>
				<ele>162.000000</ele>
				<time>2025-09-13T02:45:56Z</time>
			</trkpt>
			<trkpt lat="30.491384" lon="119.382996">
				<speed>0.590838</speed>
				<ele>158.000000</ele>
				<time>2025-09-13T02:46:09Z</time>
			</trkpt>
			<trkpt lat="30.491383" lon="119.383106">
				<speed>0.603510</speed>
				<ele>155.000000</ele>
				<time>2025-09-13T02:46:26Z</time>
			</trkpt>
			<trkpt lat="30.491363" lon="119.383211">
				<speed>0.740454</speed>
				<ele>154.000000</ele>
				<time>2025-09-13T02:46:37Z</time>
			</trkpt>
			<trkpt lat="30.491364" lon="119.383328">
				<speed>1.003121</speed>
				<ele>153.000000</ele>
				<time>2025-09-13T02:46:47Z</time>
			</trkpt>
			<trkpt lat="30.491377" lon="119.383433">
				<speed>1.075088</speed>
				<ele>153.000000</ele>
				<time>2025-09-13T02:46:56Z</time>
			</trkpt>
			<trkpt lat="30.491382" lon="119.383551">
				<speed>1.277520</speed>
				<ele>153.000000</ele>
				<time>2025-09-13T02:47:05Z</time>
			</trkpt>
			<trkpt lat="30.491370" lon="119.383666">
				<speed>1.040737</speed>
				<ele>152.000000</ele>
				<time>2025-09-13T02:47:16Z</time>
			</trkpt>
			<trkpt lat="30.491406" lon="119.383773">
				<speed>1.165015</speed>
				<ele>151.000000</ele>
				<time>2025-09-13T02:47:25Z</time>
			</trkpt>
			<trkpt lat="30.491432" lon="119.383873">
				<speed>1.464851</speed>
				<ele>151.000000</ele>
				<time>2025-09-13T02:47:33Z</time>
			</trkpt>
			<trkpt lat="30.491458" lon="119.383973">
				<speed>0.886379</speed>
				<ele>148.000000</ele>
				<time>2025-09-13T02:47:43Z</time>
			</trkpt>
			<trkpt lat="30.491492" lon="119.384078">
				<speed>1.107517</speed>
				<ele>148.000000</ele>
				<time>2025-09-13T02:47:51Z</time>
			</trkpt>
			<trkpt lat="30.491517" lon="119.384194">
				<speed>1.082420</speed>
				<ele>148.000000</ele>
				<time>2025-09-13T02:48:01Z</time>
			</trkpt>
			<trkpt lat="30.491528" lon="119.384298">
				<speed>1.108596</speed>
				<ele>148.000000</ele>
				<time>2025-09-13T02:48:09Z</time>
			</trkpt>
			<trkpt lat="30.491491" lon="119.384403">
				<speed>1.260147</speed>
				<ele>146.000000</ele>
				<time>2025-09-13T02:48:17Z</time>
			</trkpt>
			<trkpt lat="30.491454" lon="119.384502">
				<speed>1.001424</speed>
				<ele>146.000000</ele>
				<time>2025-09-13T02:48:27Z</time>
			</trkpt>
			<trkpt lat="30.491398" lon="119.384600">
				<speed>0.969801</speed>
				<ele>146.000000</ele>
				<time>2025-09-13T02:48:36Z</time>
			</trkpt>
			<trkpt lat="30.491337" lon="119.384686">
				<speed>1.014699</speed>
				<ele>143.000000</ele>
				<time>2025-09-13T02:48:58Z</time>
			</trkpt>
			<trkpt lat="30.491270" lon="119.384761">
				<speed>0.976211</speed>
				<ele>143.000000</ele>
				<time>2025-09-13T02:49:13Z</time>
			</trkpt>
			<trkpt lat="30.491273" lon="119.384873">
				<speed>0.729809</speed>
				<ele>142.000000</ele>
				<time>2025-09-13T02:49:34Z</time>
			</trkpt>
			<trkpt lat="30.491255" lon="119.384976">
				<speed>1.198174</speed>
				<ele>142.000000</ele>
				<time>2025-09-13T02:49:42Z</time>
			</trkpt>
			<trkpt lat="30.491212" lon="119.385075">
				<speed>1.088478</speed>
				<ele>143.000000</ele>
				<time>2025-09-13T02:49:51Z</time>
			</trkpt>
			<trkpt lat="30.491157" lon="119.385175">
				<speed>1.329936</speed>
				<ele>143.000000</ele>
				<time>2025-09-13T02:50:00Z</time>
			</trkpt>
			<trkpt lat="30.491113" lon="119.385284">
				<speed>1.107499</speed>
				<ele>143.000000</ele>
				<time>2025-09-13T02:50:09Z</time>
			</trkpt>
			<trkpt lat="30.491067" lon="119.385375">
				<speed>1.313013</speed>
				<ele>143.000000</ele>
				<time>2025-09-13T02:50:17Z</time>
			</trkpt>
			<trkpt lat="30.491031" lon="119.385475">
				<speed>1.174610</speed>
				<ele>142.000000</ele>
				<time>2025-09-13T02:50:25Z</time>
			</trkpt>
			<trkpt lat="30.491003" lon="119.385583">
				<speed>1.139879</speed>
				<ele>142.000000</ele>
				<time>2025-09-13T02:50:34Z</time>
			</trkpt>
			<trkpt lat="30.490983" lon="119.385687">
				<speed>1.201983</speed>
				<ele>142.000000</ele>
				<time>2025-09-13T02:50:42Z</time>
			</trkpt>
			<trkpt lat="30.490960" lon="119.385791">
				<speed>1.435084</speed>
				<ele>141.000000</ele>
				<time>2025-09-13T02:50:50Z</time>
			</trkpt>
			<trkpt lat="30.490925" lon="119.385893">
				<speed>1.180874</speed>
				<ele>142.000000</ele>
				<time>2025-09-13T02:50:59Z</time>
			</trkpt>
			<trkpt lat="30.490858" lon="119.385975">
				<speed>0.997366</speed>
				<ele>142.000000</ele>
				<time>2025-09-13T02:51:10Z</time>
			</trkpt>
			<trkpt lat="30.490775" lon="119.386042">
				<speed>1.262671</speed>
				<ele>142.000000</ele>
				<time>2025-09-13T02:51:21Z</time>
			</trkpt>
			<trkpt lat="30.490717" lon="119.386123">
				<speed>0.993453</speed>
				<ele>142.000000</ele>
				<time>2025-09-13T02:51:29Z</time>
			</trkpt>
			<trkpt lat="30.490649" lon="119.386194">
				<speed>1.016836</speed>
				<ele>142.000000</ele>
				<time>2025-09-13T02:51:46Z</time>
			</trkpt>
			<trkpt lat="30.490565" lon="119.386237">
				<speed>1.126550</speed>
				<ele>141.000000</ele>
				<time>2025-09-13T02:51:56Z</time>
			</trkpt>
			<trkpt lat="30.490483" lon="119.386293">
				<speed>1.136963</speed>
				<ele>141.000000</ele>
				<time>2025-09-13T02:52:05Z</time>
			</trkpt>
			<trkpt lat="30.490459" lon="119.386402">
				<speed>1.110307</speed>
				<ele>141.000000</ele>
				<time>2025-09-13T02:52:14Z</time>
			</trkpt>
			<trkpt lat="30.490397" lon="119.386484">
				<speed>1.185170</speed>
				<ele>141.000000</ele>
				<time>2025-09-13T02:52:23Z</time>
			</trkpt>
			<trkpt lat="30.490333" lon="119.386574">
				<speed>1.282116</speed>
				<ele>141.000000</ele>
				<time>2025-09-13T02:52:32Z</time>
			</trkpt>
			<trkpt lat="30.490269" lon="119.386660">
				<speed>1.360400</speed>
				<ele>142.000000</ele>
				<time>2025-09-13T02:52:40Z</time>
			</trkpt>
			<trkpt lat="30.490217" lon="119.386756">
				<speed>1.104641</speed>
				<ele>141.000000</ele>
				<time>2025-09-13T02:52:49Z</time>
			</trkpt>
			<trkpt lat="30.490182" lon="119.386867">
				<speed>1.155101</speed>
				<ele>141.000000</ele>
				<time>2025-09-13T02:52:58Z</time>
			</trkpt>
			<trkpt lat="30.490167" lon="119.386974">
				<speed>1.534787</speed>
				<ele>143.000000</ele>
				<time>2025-09-13T02:53:06Z</time>
			</trkpt>
			<trkpt lat="30.490175" lon="119.387081">
				<speed>1.097787</speed>
				<ele>141.000000</ele>
				<time>2025-09-13T02:53:15Z</time>
			</trkpt>
			<trkpt lat="30.490195" lon="119.387191">
				<speed>1.243031</speed>
				<ele>140.000000</ele>
				<time>2025-09-13T02:53:23Z</time>
			</trkpt>
			<trkpt lat="30.490215" lon="119.387298">
				<speed>1.265406</speed>
				<ele>140.000000</ele>
				<time>2025-09-13T02:53:31Z</time>
			</trkpt>
			<trkpt lat="30.490233" lon="119.387408">
				<speed>1.241918</speed>
				<ele>140.000000</ele>
				<time>2025-09-13T02:53:39Z</time>
			</trkpt>
			<trkpt lat="30.490261" lon="119.387516">
				<speed>1.165367</speed>
				<ele>140.000000</ele>
				<time>2025-09-13T02:53:48Z</time>
			</trkpt>
			<trkpt lat="30.490285" lon="119.387617">
				<speed>1.199600</speed>
				<ele>140.000000</ele>
				<time>2025-09-13T02:53:56Z</time>
			</trkpt>
			<trkpt lat="30.490310" lon="119.387728">
				<speed>1.274138</speed>
				<ele>140.000000</ele>
				<time>2025-09-13T02:54:04Z</time>
			</trkpt>
			<trkpt lat="30.490346" lon="119.387841">
				<speed>1.427898</speed>
				<ele>141.000000</ele>
				<time>2025-09-13T02:54:13Z</time>
			</trkpt>
			<trkpt lat="30.490272" lon="119.387899">
				<speed>0.984216</speed>
				<ele>140.000000</ele>
				<time>2025-09-13T02:54:27Z</time>
			</trkpt>
			<trkpt lat="30.490180" lon="119.387904">
				<speed>1.253374</speed>
				<ele>140.000000</ele>
				<time>2025-09-13T02:54:36Z</time>
			</trkpt>
			<trkpt lat="30.490085" lon="119.387904">
				<speed>0.892352</speed>
				<ele>140.000000</ele>
				<time>2025-09-13T02:54:45Z</time>
			</trkpt>
			<trkpt lat="30.489987" lon="119.387879">
				<speed>1.296307</speed>
				<ele>139.000000</ele>
				<time>2025-09-13T02:54:53Z</time>
			</trkpt>
			<trkpt lat="30.489889" lon="119.387918">
				<speed>0.961284</speed>
				<ele>139.000000</ele>
				<time>2025-09-13T02:55:02Z</time>
			</trkpt>
			<trkpt lat="30.489800" lon="119.387964">
				<speed>1.081355</speed>
				<ele>141.000000</ele>
				<time>2025-09-13T02:55:14Z</time>
			</trkpt>
			<trkpt lat="30.489737" lon="119.388050">
				<speed>1.307131</speed>
				<ele>140.000000</ele>
				<time>2025-09-13T02:55:21Z</time>
			</trkpt>
			<trkpt lat="30.489663" lon="119.388115">
				<speed>1.139305</speed>
				<ele>141.000000</ele>
				<time>2025-09-13T02:55:31Z</time>
			</trkpt>
			<trkpt lat="30.489573" lon="119.388131">
				<speed>1.444296</speed>
				<ele>140.000000</ele>
				<time>2025-09-13T02:55:38Z</time>
			</trkpt>
			<trkpt lat="30.489478" lon="119.388134">
				<speed>0.789119</speed>
				<ele>138.000000</ele>
				<time>2025-09-13T02:55:47Z</time>
			</trkpt>
			<trkpt lat="30.489387" lon="119.388116">
				<speed>1.257634</speed>
				<ele>140.000000</ele>
				<time>2025-09-13T02:55:56Z</time>
			</trkpt>
			<trkpt lat="30.489294" lon="119.388089">
				<speed>1.066846</speed>
				<ele>140.000000</ele>
				<time>2025-09-13T02:56:04Z</time>
			</trkpt>
			<trkpt lat="30.489209" lon="119.388052">
				<speed>1.296559</speed>
				<ele>141.000000</ele>
				<time>2025-09-13T02:56:11Z</time>
			</trkpt>
			<trkpt lat="30.489122" lon="119.388001">
				<speed>1.501567</speed>
				<ele>140.000000</ele>
				<time>2025-09-13T02:56:19Z</time>
			</trkpt>
			<trkpt lat="30.489037" lon="119.387959">
				<speed>1.468433</speed>
				<ele>140.000000</ele>
				<time>2025-09-13T02:56:27Z</time>
			</trkpt>
			<trkpt lat="30.488940" lon="119.387926">
				<speed>1.498084</speed>
				<ele>139.000000</ele>
				<time>2025-09-13T02:56:35Z</time>
			</trkpt>
			<trkpt lat="30.488842" lon="119.387907">
				<speed>1.385099</speed>
				<ele>140.000000</ele>
				<time>2025-09-13T02:56:44Z</time>
			</trkpt>
			<trkpt lat="30.488744" lon="119.387886">
				<speed>1.387747</speed>
				<ele>140.000000</ele>
				<time>2025-09-13T02:56:52Z</time>
			</trkpt>
			<trkpt lat="30.488645" lon="119.387871">
				<speed>1.354571</speed>
				<ele>140.000000</ele>
				<time>2025-09-13T02:57:00Z</time>
			</trkpt>
			<trkpt lat="30.488557" lon="119.387836">
				<speed>1.425047</speed>
				<ele>141.000000</ele>
				<time>2025-09-13T02:57:08Z</time>
			</trkpt>
			<trkpt lat="30.488480" lon="119.387908">
				<speed>1.129372</speed>
				<ele>141.000000</ele>
				<time>2025-09-13T02:57:20Z</time>
			</trkpt>
			<trkpt lat="30.488393" lon="119.387944">
				<speed>1.152044</speed>
				<ele>141.000000</ele>
				<time>2025-09-13T02:57:29Z</time>
			</trkpt>
			<trkpt lat="30.488293" lon="119.387956">
				<speed>1.193934</speed>
				<ele>143.000000</ele>
				<time>2025-09-13T02:57:38Z</time>
			</trkpt>
		</trkseg>
	</trk>
	<extensions>
		<name>2025-09-13 08:31:48</name>
		<TrackTypeId>8</TrackTypeId>
		<SportType>18</SportType>
		<TrackTags><![CDATA[徒步]]></TrackTags>
		<BeginTime>1757723508000</BeginTime>
		<EndTime>1757732265565</EndTime>
		<PauseTime>5</PauseTime>
		<StartDistrictId>0</StartDistrictId>
		<EndDistrictId>0</EndDistrictId>
		<CreaterId>56392261</CreaterId>
		<CreaterName><![CDATA[Andy 的游历]]></CreaterName>
		<OriginCreaterId>56392261</OriginCreaterId>
		<OriginCreaterName><![CDATA[Andy 的游历]]></OriginCreaterName>
		<Distance>7489.382977</Distance>
		<ElevationGain>402.380000</ElevationGain>
		<ElevationLoss>399.700000</ElevationLoss>
		<SportAvgSpeed>0.855704</SportAvgSpeed>
	</extensions>
</gpx>
