<?xml version="1.0" encoding="UTF-8"?>
<gpx xmlns="http://www.topografix.com/GPX/1/1" version="1.1" creator="GPSBabel - http://www.gpsbabel.org">
	<metadata>
		<author>
			<name><![CDATA[Andy 的游历]]></name>
		</author>
	</metadata>
	<trk>
		<trkseg>
			<trkpt lat="22.669580" lon="114.346056">
				<speed>1.434689</speed>
				<ele>52.000000</ele>
				<time>2025-04-04T05:05:06Z</time>
			</trkpt>
			<trkpt lat="22.669489" lon="114.345998">
				<speed>1.200998</speed>
				<ele>55.000000</ele>
				<time>2025-04-04T05:05:16Z</time>
			</trkpt>
			<trkpt lat="22.669409" lon="114.345923">
				<speed>1.349914</speed>
				<ele>53.000000</ele>
				<time>2025-04-04T05:05:24Z</time>
			</trkpt>
			<trkpt lat="22.669386" lon="114.345825">
				<speed>0.670808</speed>
				<ele>54.000000</ele>
				<time>2025-04-04T05:05:35Z</time>
			</trkpt>
			<trkpt lat="22.669385" lon="114.345718">
				<speed>1.004080</speed>
				<ele>55.000000</ele>
				<time>2025-04-04T05:05:45Z</time>
			</trkpt>
			<trkpt lat="22.669299" lon="114.345667">
				<speed>1.095978</speed>
				<ele>52.000000</ele>
				<time>2025-04-04T05:05:53Z</time>
			</trkpt>
			<trkpt lat="22.669212" lon="114.345639">
				<speed>1.636669</speed>
				<ele>51.000000</ele>
				<time>2025-04-04T05:05:59Z</time>
			</trkpt>
			<trkpt lat="22.669123" lon="114.345597">
				<speed>1.588905</speed>
				<ele>54.000000</ele>
				<time>2025-04-04T05:06:11Z</time>
			</trkpt>
			<trkpt lat="22.669034" lon="114.345554">
				<speed>1.024865</speed>
				<ele>52.000000</ele>
				<time>2025-04-04T05:06:24Z</time>
			</trkpt>
			<trkpt lat="22.668944" lon="114.345528">
				<speed>0.846042</speed>
				<ele>52.000000</ele>
				<time>2025-04-04T05:06:34Z</time>
			</trkpt>
			<trkpt lat="22.668852" lon="114.345490">
				<speed>1.413410</speed>
				<ele>53.000000</ele>
				<time>2025-04-04T05:06:43Z</time>
			</trkpt>
			<trkpt lat="22.668760" lon="114.345465">
				<speed>0.871284</speed>
				<ele>53.000000</ele>
				<time>2025-04-04T05:06:52Z</time>
			</trkpt>
			<trkpt lat="22.668725" lon="114.345370">
				<speed>1.441815</speed>
				<ele>55.000000</ele>
				<time>2025-04-04T05:07:00Z</time>
			</trkpt>
			<trkpt lat="22.668762" lon="114.345272">
				<speed>1.272695</speed>
				<ele>58.000000</ele>
				<time>2025-04-04T05:07:07Z</time>
			</trkpt>
			<trkpt lat="22.668777" lon="114.345165">
				<speed>1.448342</speed>
				<ele>60.000000</ele>
				<time>2025-04-04T05:07:16Z</time>
			</trkpt>
			<trkpt lat="22.668802" lon="114.345068">
				<speed>1.121018</speed>
				<ele>59.000000</ele>
				<time>2025-04-04T05:07:25Z</time>
			</trkpt>
			<trkpt lat="22.668804" lon="114.344970">
				<speed>1.023618</speed>
				<ele>59.000000</ele>
				<time>2025-04-04T05:07:34Z</time>
			</trkpt>
			<trkpt lat="22.668783" lon="114.344868">
				<speed>1.207064</speed>
				<ele>57.000000</ele>
				<time>2025-04-04T05:07:44Z</time>
			</trkpt>
			<trkpt lat="22.668746" lon="114.344767">
				<speed>1.432708</speed>
				<ele>58.000000</ele>
				<time>2025-04-04T05:07:52Z</time>
			</trkpt>
			<trkpt lat="22.668682" lon="114.344686">
				<speed>1.255522</speed>
				<ele>58.000000</ele>
				<time>2025-04-04T05:08:00Z</time>
			</trkpt>
			<trkpt lat="22.668613" lon="114.344603">
				<speed>1.506816</speed>
				<ele>59.000000</ele>
				<time>2025-04-04T05:08:09Z</time>
			</trkpt>
			<trkpt lat="22.668543" lon="114.344517">
				<speed>1.592314</speed>
				<ele>58.000000</ele>
				<time>2025-04-04T05:08:17Z</time>
			</trkpt>
			<trkpt lat="22.668470" lon="114.344442">
				<speed>1.416482</speed>
				<ele>57.000000</ele>
				<time>2025-04-04T05:08:25Z</time>
			</trkpt>
			<trkpt lat="22.668407" lon="114.344368">
				<speed>1.366304</speed>
				<ele>58.000000</ele>
				<time>2025-04-04T05:08:33Z</time>
			</trkpt>
			<trkpt lat="22.668338" lon="114.344293">
				<speed>1.164959</speed>
				<ele>58.000000</ele>
				<time>2025-04-04T05:08:41Z</time>
			</trkpt>
			<trkpt lat="22.668271" lon="114.344213">
				<speed>1.071357</speed>
				<ele>58.000000</ele>
				<time>2025-04-04T05:08:49Z</time>
			</trkpt>
			<trkpt lat="22.668228" lon="114.344127">
				<speed>1.270913</speed>
				<ele>60.000000</ele>
				<time>2025-04-04T05:08:56Z</time>
			</trkpt>
			<trkpt lat="22.668161" lon="114.344046">
				<speed>1.357814</speed>
				<ele>58.000000</ele>
				<time>2025-04-04T05:09:04Z</time>
			</trkpt>
			<trkpt lat="22.668128" lon="114.343951">
				<speed>1.675872</speed>
				<ele>60.000000</ele>
				<time>2025-04-04T05:09:11Z</time>
			</trkpt>
			<trkpt lat="22.668104" lon="114.343855">
				<speed>1.046399</speed>
				<ele>56.000000</ele>
				<time>2025-04-04T05:09:22Z</time>
			</trkpt>
			<trkpt lat="22.668097" lon="114.343757">
				<speed>1.095880</speed>
				<ele>56.000000</ele>
				<time>2025-04-04T05:09:31Z</time>
			</trkpt>
			<trkpt lat="22.668143" lon="114.343674">
				<speed>1.356227</speed>
				<ele>56.000000</ele>
				<time>2025-04-04T05:09:38Z</time>
			</trkpt>
			<trkpt lat="22.668198" lon="114.343581">
				<speed>1.359697</speed>
				<ele>56.000000</ele>
				<time>2025-04-04T05:09:46Z</time>
			</trkpt>
			<trkpt lat="22.668262" lon="114.343506">
				<speed>1.419766</speed>
				<ele>55.000000</ele>
				<time>2025-04-04T05:09:54Z</time>
			</trkpt>
			<trkpt lat="22.668333" lon="114.343432">
				<speed>1.256418</speed>
				<ele>52.000000</ele>
				<time>2025-04-04T05:10:03Z</time>
			</trkpt>
			<trkpt lat="22.668390" lon="114.343352">
				<speed>1.393152</speed>
				<ele>51.000000</ele>
				<time>2025-04-04T05:10:09Z</time>
			</trkpt>
			<trkpt lat="22.668475" lon="114.343297">
				<speed>1.194066</speed>
				<ele>49.000000</ele>
				<time>2025-04-04T05:10:17Z</time>
			</trkpt>
			<trkpt lat="22.668537" lon="114.343218">
				<speed>1.121796</speed>
				<ele>48.000000</ele>
				<time>2025-04-04T05:10:25Z</time>
			</trkpt>
			<trkpt lat="22.668622" lon="114.343155">
				<speed>1.279192</speed>
				<ele>49.000000</ele>
				<time>2025-04-04T05:10:33Z</time>
			</trkpt>
			<trkpt lat="22.668703" lon="114.343095">
				<speed>1.280069</speed>
				<ele>49.000000</ele>
				<time>2025-04-04T05:10:42Z</time>
			</trkpt>
			<trkpt lat="22.668793" lon="114.343033">
				<speed>1.549584</speed>
				<ele>51.000000</ele>
				<time>2025-04-04T05:10:50Z</time>
			</trkpt>
			<trkpt lat="22.668846" lon="114.342950">
				<speed>1.071530</speed>
				<ele>52.000000</ele>
				<time>2025-04-04T05:10:57Z</time>
			</trkpt>
			<trkpt lat="22.668865" lon="114.342850">
				<speed>1.318197</speed>
				<ele>53.000000</ele>
				<time>2025-04-04T05:11:04Z</time>
			</trkpt>
			<trkpt lat="22.668831" lon="114.342752">
				<speed>1.103076</speed>
				<ele>55.000000</ele>
				<time>2025-04-04T05:11:11Z</time>
			</trkpt>
			<trkpt lat="22.668738" lon="114.342713">
				<speed>1.053939</speed>
				<ele>52.000000</ele>
				<time>2025-04-04T05:11:19Z</time>
			</trkpt>
			<trkpt lat="22.668641" lon="114.342694">
				<speed>1.073105</speed>
				<ele>52.000000</ele>
				<time>2025-04-04T05:11:27Z</time>
			</trkpt>
			<trkpt lat="22.668556" lon="114.342656">
				<speed>0.851808</speed>
				<ele>50.000000</ele>
				<time>2025-04-04T05:11:35Z</time>
			</trkpt>
			<trkpt lat="22.668482" lon="114.342580">
				<speed>1.107696</speed>
				<ele>51.000000</ele>
				<time>2025-04-04T05:11:43Z</time>
			</trkpt>
			<trkpt lat="22.668401" lon="114.342529">
				<speed>1.204127</speed>
				<ele>50.000000</ele>
				<time>2025-04-04T05:11:50Z</time>
			</trkpt>
			<trkpt lat="22.668325" lon="114.342473">
				<speed>1.363573</speed>
				<ele>50.000000</ele>
				<time>2025-04-04T05:11:57Z</time>
			</trkpt>
			<trkpt lat="22.668220" lon="114.342435">
				<speed>1.730019</speed>
				<ele>51.000000</ele>
				<time>2025-04-04T05:12:04Z</time>
			</trkpt>
			<trkpt lat="22.668123" lon="114.342460">
				<speed>1.256866</speed>
				<ele>49.000000</ele>
				<time>2025-04-04T05:12:12Z</time>
			</trkpt>
			<trkpt lat="22.668034" lon="114.342501">
				<speed>1.137328</speed>
				<ele>49.000000</ele>
				<time>2025-04-04T05:12:20Z</time>
			</trkpt>
			<trkpt lat="22.667951" lon="114.342557">
				<speed>1.302342</speed>
				<ele>48.000000</ele>
				<time>2025-04-04T05:12:28Z</time>
			</trkpt>
			<trkpt lat="22.667882" lon="114.342623">
				<speed>1.258796</speed>
				<ele>49.000000</ele>
				<time>2025-04-04T05:12:35Z</time>
			</trkpt>
			<trkpt lat="22.667825" lon="114.342701">
				<speed>1.257200</speed>
				<ele>49.000000</ele>
				<time>2025-04-04T05:12:42Z</time>
			</trkpt>
			<trkpt lat="22.667759" lon="114.342778">
				<speed>1.298885</speed>
				<ele>49.000000</ele>
				<time>2025-04-04T05:12:50Z</time>
			</trkpt>
			<trkpt lat="22.667704" lon="114.342857">
				<speed>1.230696</speed>
				<ele>48.000000</ele>
				<time>2025-04-04T05:12:57Z</time>
			</trkpt>
			<trkpt lat="22.667622" lon="114.342931">
				<speed>1.517468</speed>
				<ele>50.000000</ele>
				<time>2025-04-04T05:13:05Z</time>
			</trkpt>
			<trkpt lat="22.667554" lon="114.342995">
				<speed>1.341927</speed>
				<ele>50.000000</ele>
				<time>2025-04-04T05:13:12Z</time>
			</trkpt>
			<trkpt lat="22.667469" lon="114.343052">
				<speed>1.376924</speed>
				<ele>48.000000</ele>
				<time>2025-04-04T05:13:21Z</time>
			</trkpt>
			<trkpt lat="22.667392" lon="114.343107">
				<speed>1.341092</speed>
				<ele>50.000000</ele>
				<time>2025-04-04T05:13:29Z</time>
			</trkpt>
			<trkpt lat="22.667312" lon="114.343152">
				<speed>1.413326</speed>
				<ele>50.000000</ele>
				<time>2025-04-04T05:13:36Z</time>
			</trkpt>
			<trkpt lat="22.667229" lon="114.343208">
				<speed>1.197609</speed>
				<ele>51.000000</ele>
				<time>2025-04-04T05:13:44Z</time>
			</trkpt>
			<trkpt lat="22.667139" lon="114.343259">
				<speed>1.266767</speed>
				<ele>51.000000</ele>
				<time>2025-04-04T05:13:52Z</time>
			</trkpt>
			<trkpt lat="22.667056" lon="114.343308">
				<speed>1.382499</speed>
				<ele>53.000000</ele>
				<time>2025-04-04T05:13:59Z</time>
			</trkpt>
			<trkpt lat="22.666964" lon="114.343334">
				<speed>1.180376</speed>
				<ele>53.000000</ele>
				<time>2025-04-04T05:14:06Z</time>
			</trkpt>
			<trkpt lat="22.666868" lon="114.343355">
				<speed>1.301826</speed>
				<ele>50.000000</ele>
				<time>2025-04-04T05:14:14Z</time>
			</trkpt>
			<trkpt lat="22.666777" lon="114.343366">
				<speed>1.229770</speed>
				<ele>50.000000</ele>
				<time>2025-04-04T05:14:21Z</time>
			</trkpt>
			<trkpt lat="22.666687" lon="114.343399">
				<speed>1.483774</speed>
				<ele>51.000000</ele>
				<time>2025-04-04T05:14:28Z</time>
			</trkpt>
			<trkpt lat="22.666597" lon="114.343428">
				<speed>1.414124</speed>
				<ele>51.000000</ele>
				<time>2025-04-04T05:14:35Z</time>
			</trkpt>
			<trkpt lat="22.666506" lon="114.343454">
				<speed>1.224269</speed>
				<ele>52.000000</ele>
				<time>2025-04-04T05:14:44Z</time>
			</trkpt>
			<trkpt lat="22.666407" lon="114.343475">
				<speed>1.321590</speed>
				<ele>51.000000</ele>
				<time>2025-04-04T05:14:51Z</time>
			</trkpt>
			<trkpt lat="22.666314" lon="114.343485">
				<speed>1.441494</speed>
				<ele>51.000000</ele>
				<time>2025-04-04T05:14:58Z</time>
			</trkpt>
			<trkpt lat="22.666221" lon="114.343481">
				<speed>1.149347</speed>
				<ele>49.000000</ele>
				<time>2025-04-04T05:15:05Z</time>
			</trkpt>
			<trkpt lat="22.666122" lon="114.343479">
				<speed>1.323254</speed>
				<ele>48.000000</ele>
				<time>2025-04-04T05:15:13Z</time>
			</trkpt>
			<trkpt lat="22.666029" lon="114.343493">
				<speed>1.405006</speed>
				<ele>49.000000</ele>
				<time>2025-04-04T05:15:21Z</time>
			</trkpt>
			<trkpt lat="22.665936" lon="114.343497">
				<speed>1.224912</speed>
				<ele>49.000000</ele>
				<time>2025-04-04T05:15:29Z</time>
			</trkpt>
			<trkpt lat="22.665838" lon="114.343489">
				<speed>1.409909</speed>
				<ele>48.000000</ele>
				<time>2025-04-04T05:15:39Z</time>
			</trkpt>
			<trkpt lat="22.665740" lon="114.343492">
				<speed>1.329718</speed>
				<ele>50.000000</ele>
				<time>2025-04-04T05:15:47Z</time>
			</trkpt>
			<trkpt lat="22.665648" lon="114.343494">
				<speed>1.318419</speed>
				<ele>51.000000</ele>
				<time>2025-04-04T05:15:55Z</time>
			</trkpt>
			<trkpt lat="22.665557" lon="114.343508">
				<speed>1.133941</speed>
				<ele>50.000000</ele>
				<time>2025-04-04T05:16:02Z</time>
			</trkpt>
			<trkpt lat="22.665458" lon="114.343500">
				<speed>1.207019</speed>
				<ele>50.000000</ele>
				<time>2025-04-04T05:16:10Z</time>
			</trkpt>
			<trkpt lat="22.665367" lon="114.343487">
				<speed>1.392750</speed>
				<ele>52.000000</ele>
				<time>2025-04-04T05:16:17Z</time>
			</trkpt>
			<trkpt lat="22.665272" lon="114.343480">
				<speed>1.209701</speed>
				<ele>55.000000</ele>
				<time>2025-04-04T05:16:25Z</time>
			</trkpt>
			<trkpt lat="22.665202" lon="114.343558">
				<speed>1.373121</speed>
				<ele>52.000000</ele>
				<time>2025-04-04T05:16:34Z</time>
			</trkpt>
			<trkpt lat="22.665280" lon="114.343608">
				<speed>0.480307</speed>
				<ele>51.000000</ele>
				<time>2025-04-04T05:16:58Z</time>
			</trkpt>
			<trkpt lat="22.665193" lon="114.343638">
				<speed>0.194145</speed>
				<ele>49.000000</ele>
				<time>2025-04-04T05:22:39Z</time>
			</trkpt>
			<trkpt lat="22.665180" lon="114.343736">
				<speed>0.500240</speed>
				<ele>55.000000</ele>
				<time>2025-04-04T05:22:53Z</time>
			</trkpt>
			<trkpt lat="22.665130" lon="114.343818">
				<speed>0.866011</speed>
				<ele>55.000000</ele>
				<time>2025-04-04T05:23:03Z</time>
			</trkpt>
			<trkpt lat="22.665096" lon="114.343915">
				<speed>1.210201</speed>
				<ele>58.000000</ele>
				<time>2025-04-04T05:23:16Z</time>
			</trkpt>
			<trkpt lat="22.665002" lon="114.343925">
				<speed>1.139689</speed>
				<ele>58.000000</ele>
				<time>2025-04-04T05:23:26Z</time>
			</trkpt>
			<trkpt lat="22.664901" lon="114.343905">
				<speed>1.304065</speed>
				<ele>58.000000</ele>
				<time>2025-04-04T05:23:35Z</time>
			</trkpt>
			<trkpt lat="22.664813" lon="114.343869">
				<speed>1.199415</speed>
				<ele>58.000000</ele>
				<time>2025-04-04T05:23:44Z</time>
			</trkpt>
			<trkpt lat="22.664718" lon="114.343855">
				<speed>1.085611</speed>
				<ele>53.000000</ele>
				<time>2025-04-04T05:23:54Z</time>
			</trkpt>
			<trkpt lat="22.664631" lon="114.343810">
				<speed>1.141638</speed>
				<ele>54.000000</ele>
				<time>2025-04-04T05:24:02Z</time>
			</trkpt>
			<trkpt lat="22.664530" lon="114.343785">
				<speed>1.208850</speed>
				<ele>53.000000</ele>
				<time>2025-04-04T05:24:11Z</time>
			</trkpt>
			<trkpt lat="22.664434" lon="114.343750">
				<speed>1.314498</speed>
				<ele>53.000000</ele>
				<time>2025-04-04T05:24:20Z</time>
			</trkpt>
			<trkpt lat="22.664349" lon="114.343708">
				<speed>1.268342</speed>
				<ele>54.000000</ele>
				<time>2025-04-04T05:24:28Z</time>
			</trkpt>
			<trkpt lat="22.664259" lon="114.343672">
				<speed>1.257808</speed>
				<ele>54.000000</ele>
				<time>2025-04-04T05:24:36Z</time>
			</trkpt>
			<trkpt lat="22.664168" lon="114.343632">
				<speed>1.087233</speed>
				<ele>54.000000</ele>
				<time>2025-04-04T05:24:44Z</time>
			</trkpt>
			<trkpt lat="22.664070" lon="114.343620">
				<speed>1.066045</speed>
				<ele>53.000000</ele>
				<time>2025-04-04T05:24:53Z</time>
			</trkpt>
			<trkpt lat="22.663973" lon="114.343613">
				<speed>1.052397</speed>
				<ele>53.000000</ele>
				<time>2025-04-04T05:25:02Z</time>
			</trkpt>
			<trkpt lat="22.663876" lon="114.343594">
				<speed>1.333103</speed>
				<ele>51.000000</ele>
				<time>2025-04-04T05:25:11Z</time>
			</trkpt>
			<trkpt lat="22.663783" lon="114.343572">
				<speed>1.331682</speed>
				<ele>51.000000</ele>
				<time>2025-04-04T05:25:19Z</time>
			</trkpt>
			<trkpt lat="22.663690" lon="114.343585">
				<speed>0.970156</speed>
				<ele>50.000000</ele>
				<time>2025-04-04T05:25:28Z</time>
			</trkpt>
			<trkpt lat="22.663593" lon="114.343553">
				<speed>1.364840</speed>
				<ele>52.000000</ele>
				<time>2025-04-04T05:25:36Z</time>
			</trkpt>
			<trkpt lat="22.663494" lon="114.343543">
				<speed>1.155471</speed>
				<ele>49.000000</ele>
				<time>2025-04-04T05:25:45Z</time>
			</trkpt>
			<trkpt lat="22.663399" lon="114.343569">
				<speed>1.240557</speed>
				<ele>48.000000</ele>
				<time>2025-04-04T05:25:52Z</time>
			</trkpt>
			<trkpt lat="22.663298" lon="114.343581">
				<speed>1.185429</speed>
				<ele>48.000000</ele>
				<time>2025-04-04T05:26:01Z</time>
			</trkpt>
			<trkpt lat="22.663202" lon="114.343586">
				<speed>0.930089</speed>
				<ele>48.000000</ele>
				<time>2025-04-04T05:26:11Z</time>
			</trkpt>
			<trkpt lat="22.663098" lon="114.343577">
				<speed>1.166538</speed>
				<ele>47.000000</ele>
				<time>2025-04-04T05:26:20Z</time>
			</trkpt>
			<trkpt lat="22.663006" lon="114.343553">
				<speed>1.147963</speed>
				<ele>46.000000</ele>
				<time>2025-04-04T05:26:28Z</time>
			</trkpt>
			<trkpt lat="22.662908" lon="114.343537">
				<speed>1.167441</speed>
				<ele>46.000000</ele>
				<time>2025-04-04T05:26:37Z</time>
			</trkpt>
			<trkpt lat="22.662812" lon="114.343522">
				<speed>1.232958</speed>
				<ele>46.000000</ele>
				<time>2025-04-04T05:26:46Z</time>
			</trkpt>
			<trkpt lat="22.662722" lon="114.343505">
				<speed>0.983756</speed>
				<ele>46.000000</ele>
				<time>2025-04-04T05:26:54Z</time>
			</trkpt>
			<trkpt lat="22.662625" lon="114.343518">
				<speed>1.220642</speed>
				<ele>43.000000</ele>
				<time>2025-04-04T05:27:02Z</time>
			</trkpt>
			<trkpt lat="22.662532" lon="114.343488">
				<speed>1.135958</speed>
				<ele>44.000000</ele>
				<time>2025-04-04T05:27:12Z</time>
			</trkpt>
			<trkpt lat="22.662441" lon="114.343466">
				<speed>1.134462</speed>
				<ele>44.000000</ele>
				<time>2025-04-04T05:27:20Z</time>
			</trkpt>
			<trkpt lat="22.662346" lon="114.343486">
				<speed>0.932055</speed>
				<ele>45.000000</ele>
				<time>2025-04-04T05:27:28Z</time>
			</trkpt>
			<trkpt lat="22.662260" lon="114.343524">
				<speed>0.527721</speed>
				<ele>48.000000</ele>
				<time>2025-04-04T05:27:40Z</time>
			</trkpt>
			<trkpt lat="22.662202" lon="114.343617">
				<speed>1.179485</speed>
				<ele>48.000000</ele>
				<time>2025-04-04T05:27:52Z</time>
			</trkpt>
			<trkpt lat="22.662183" lon="114.343715">
				<speed>0.840071</speed>
				<ele>47.000000</ele>
				<time>2025-04-04T05:27:58Z</time>
			</trkpt>
			<trkpt lat="22.662120" lon="114.343798">
				<speed>1.084807</speed>
				<ele>47.000000</ele>
				<time>2025-04-04T05:28:06Z</time>
			</trkpt>
			<trkpt lat="22.662039" lon="114.343840">
				<speed>1.516655</speed>
				<ele>48.000000</ele>
				<time>2025-04-04T05:28:16Z</time>
			</trkpt>
			<trkpt lat="22.661955" lon="114.343881">
				<speed>1.208481</speed>
				<ele>47.000000</ele>
				<time>2025-04-04T05:28:26Z</time>
			</trkpt>
			<trkpt lat="22.661852" lon="114.343871">
				<speed>1.385657</speed>
				<ele>48.000000</ele>
				<time>2025-04-04T05:28:36Z</time>
			</trkpt>
			<trkpt lat="22.661756" lon="114.343890">
				<speed>1.014806</speed>
				<ele>46.000000</ele>
				<time>2025-04-04T05:28:47Z</time>
			</trkpt>
			<trkpt lat="22.661663" lon="114.343869">
				<speed>0.661870</speed>
				<ele>48.000000</ele>
				<time>2025-04-04T05:28:56Z</time>
			</trkpt>
			<trkpt lat="22.661569" lon="114.343852">
				<speed>0.780818</speed>
				<ele>46.000000</ele>
				<time>2025-04-04T05:29:05Z</time>
			</trkpt>
			<trkpt lat="22.661473" lon="114.343841">
				<speed>1.278579</speed>
				<ele>46.000000</ele>
				<time>2025-04-04T05:29:14Z</time>
			</trkpt>
			<trkpt lat="22.661381" lon="114.343802">
				<speed>1.493589</speed>
				<ele>45.000000</ele>
				<time>2025-04-04T05:29:20Z</time>
			</trkpt>
			<trkpt lat="22.661301" lon="114.343756">
				<speed>0.708668</speed>
				<ele>46.000000</ele>
				<time>2025-04-04T05:29:29Z</time>
			</trkpt>
			<trkpt lat="22.661225" lon="114.343694">
				<speed>0.897627</speed>
				<ele>51.000000</ele>
				<time>2025-04-04T05:29:46Z</time>
			</trkpt>
			<trkpt lat="22.661147" lon="114.343632">
				<speed>0.972163</speed>
				<ele>53.000000</ele>
				<time>2025-04-04T05:29:55Z</time>
			</trkpt>
			<trkpt lat="22.661119" lon="114.343537">
				<speed>0.969917</speed>
				<ele>55.000000</ele>
				<time>2025-04-04T05:30:05Z</time>
			</trkpt>
			<trkpt lat="22.661085" lon="114.343439">
				<speed>1.277758</speed>
				<ele>54.000000</ele>
				<time>2025-04-04T05:30:13Z</time>
			</trkpt>
			<trkpt lat="22.661021" lon="114.343350">
				<speed>1.287140</speed>
				<ele>52.000000</ele>
				<time>2025-04-04T05:30:24Z</time>
			</trkpt>
			<trkpt lat="22.660961" lon="114.343273">
				<speed>1.030376</speed>
				<ele>51.000000</ele>
				<time>2025-04-04T05:30:32Z</time>
			</trkpt>
			<trkpt lat="22.660896" lon="114.343202">
				<speed>1.266798</speed>
				<ele>52.000000</ele>
				<time>2025-04-04T05:30:38Z</time>
			</trkpt>
			<trkpt lat="22.660819" lon="114.343137">
				<speed>1.481134</speed>
				<ele>53.000000</ele>
				<time>2025-04-04T05:30:45Z</time>
			</trkpt>
			<trkpt lat="22.660732" lon="114.343085">
				<speed>1.038967</speed>
				<ele>51.000000</ele>
				<time>2025-04-04T05:30:54Z</time>
			</trkpt>
			<trkpt lat="22.660639" lon="114.343068">
				<speed>0.902629</speed>
				<ele>51.000000</ele>
				<time>2025-04-04T05:31:02Z</time>
			</trkpt>
			<trkpt lat="22.660541" lon="114.343052">
				<speed>1.468987</speed>
				<ele>53.000000</ele>
				<time>2025-04-04T05:31:09Z</time>
			</trkpt>
			<trkpt lat="22.660444" lon="114.343031">
				<speed>1.260810</speed>
				<ele>53.000000</ele>
				<time>2025-04-04T05:31:17Z</time>
			</trkpt>
			<trkpt lat="22.660344" lon="114.343017">
				<speed>1.281107</speed>
				<ele>52.000000</ele>
				<time>2025-04-04T05:31:25Z</time>
			</trkpt>
			<trkpt lat="22.660250" lon="114.342983">
				<speed>1.368856</speed>
				<ele>52.000000</ele>
				<time>2025-04-04T05:31:32Z</time>
			</trkpt>
			<trkpt lat="22.660152" lon="114.342973">
				<speed>1.303938</speed>
				<ele>54.000000</ele>
				<time>2025-04-04T05:31:39Z</time>
			</trkpt>
			<trkpt lat="22.660051" lon="114.342952">
				<speed>1.272849</speed>
				<ele>56.000000</ele>
				<time>2025-04-04T05:31:47Z</time>
			</trkpt>
			<trkpt lat="22.659957" lon="114.342930">
				<speed>1.138272</speed>
				<ele>56.000000</ele>
				<time>2025-04-04T05:31:55Z</time>
			</trkpt>
			<trkpt lat="22.659861" lon="114.342926">
				<speed>1.176835</speed>
				<ele>57.000000</ele>
				<time>2025-04-04T05:32:03Z</time>
			</trkpt>
			<trkpt lat="22.659762" lon="114.342918">
				<speed>1.084338</speed>
				<ele>58.000000</ele>
				<time>2025-04-04T05:32:11Z</time>
			</trkpt>
			<trkpt lat="22.659666" lon="114.342915">
				<speed>0.778076</speed>
				<ele>58.000000</ele>
				<time>2025-04-04T05:32:21Z</time>
			</trkpt>
			<trkpt lat="22.659574" lon="114.342893">
				<speed>1.302259</speed>
				<ele>58.000000</ele>
				<time>2025-04-04T05:32:27Z</time>
			</trkpt>
			<trkpt lat="22.659482" lon="114.342878">
				<speed>1.255457</speed>
				<ele>56.000000</ele>
				<time>2025-04-04T05:32:34Z</time>
			</trkpt>
			<trkpt lat="22.659391" lon="114.342895">
				<speed>1.125712</speed>
				<ele>55.000000</ele>
				<time>2025-04-04T05:32:43Z</time>
			</trkpt>
			<trkpt lat="22.659300" lon="114.342872">
				<speed>1.214585</speed>
				<ele>61.000000</ele>
				<time>2025-04-04T05:32:49Z</time>
			</trkpt>
			<trkpt lat="22.659208" lon="114.342857">
				<speed>1.253380</speed>
				<ele>63.000000</ele>
				<time>2025-04-04T05:32:56Z</time>
			</trkpt>
			<trkpt lat="22.659118" lon="114.342823">
				<speed>0.933360</speed>
				<ele>64.000000</ele>
				<time>2025-04-04T05:33:05Z</time>
			</trkpt>
			<trkpt lat="22.659042" lon="114.342767">
				<speed>1.102453</speed>
				<ele>63.000000</ele>
				<time>2025-04-04T05:33:15Z</time>
			</trkpt>
			<trkpt lat="22.658946" lon="114.342721">
				<speed>1.032606</speed>
				<ele>62.000000</ele>
				<time>2025-04-04T05:33:23Z</time>
			</trkpt>
			<trkpt lat="22.658854" lon="114.342680">
				<speed>0.854185</speed>
				<ele>63.000000</ele>
				<time>2025-04-04T05:33:30Z</time>
			</trkpt>
			<trkpt lat="22.658782" lon="114.342616">
				<speed>1.260168</speed>
				<ele>66.000000</ele>
				<time>2025-04-04T05:33:37Z</time>
			</trkpt>
			<trkpt lat="22.658696" lon="114.342571">
				<speed>1.154712</speed>
				<ele>65.000000</ele>
				<time>2025-04-04T05:33:46Z</time>
			</trkpt>
			<trkpt lat="22.658604" lon="114.342553">
				<speed>1.106328</speed>
				<ele>66.000000</ele>
				<time>2025-04-04T05:33:54Z</time>
			</trkpt>
			<trkpt lat="22.658523" lon="114.342487">
				<speed>1.362083</speed>
				<ele>70.000000</ele>
				<time>2025-04-04T05:34:04Z</time>
			</trkpt>
			<trkpt lat="22.658441" lon="114.342444">
				<speed>0.978727</speed>
				<ele>72.000000</ele>
				<time>2025-04-04T05:34:13Z</time>
			</trkpt>
			<trkpt lat="22.658389" lon="114.342360">
				<speed>1.380527</speed>
				<ele>74.000000</ele>
				<time>2025-04-04T05:34:21Z</time>
			</trkpt>
			<trkpt lat="22.658331" lon="114.342283">
				<speed>1.284084</speed>
				<ele>72.000000</ele>
				<time>2025-04-04T05:34:28Z</time>
			</trkpt>
			<trkpt lat="22.658292" lon="114.342194">
				<speed>1.220393</speed>
				<ele>74.000000</ele>
				<time>2025-04-04T05:34:35Z</time>
			</trkpt>
			<trkpt lat="22.658250" lon="114.342102">
				<speed>1.397767</speed>
				<ele>77.000000</ele>
				<time>2025-04-04T05:34:42Z</time>
			</trkpt>
			<trkpt lat="22.658199" lon="114.342019">
				<speed>1.374456</speed>
				<ele>78.000000</ele>
				<time>2025-04-04T05:34:49Z</time>
			</trkpt>
			<trkpt lat="22.658152" lon="114.341920">
				<speed>1.397603</speed>
				<ele>77.000000</ele>
				<time>2025-04-04T05:34:57Z</time>
			</trkpt>
			<trkpt lat="22.658123" lon="114.341820">
				<speed>1.244176</speed>
				<ele>76.000000</ele>
				<time>2025-04-04T05:35:05Z</time>
			</trkpt>
			<trkpt lat="22.658071" lon="114.341732">
				<speed>1.408010</speed>
				<ele>75.000000</ele>
				<time>2025-04-04T05:35:13Z</time>
			</trkpt>
			<trkpt lat="22.658031" lon="114.341630">
				<speed>1.418311</speed>
				<ele>73.000000</ele>
				<time>2025-04-04T05:35:20Z</time>
			</trkpt>
			<trkpt lat="22.658016" lon="114.341534">
				<speed>1.262290</speed>
				<ele>71.000000</ele>
				<time>2025-04-04T05:35:26Z</time>
			</trkpt>
			<trkpt lat="22.658031" lon="114.341430">
				<speed>1.467779</speed>
				<ele>72.000000</ele>
				<time>2025-04-04T05:35:33Z</time>
			</trkpt>
			<trkpt lat="22.658070" lon="114.341328">
				<speed>1.151564</speed>
				<ele>72.000000</ele>
				<time>2025-04-04T05:35:42Z</time>
			</trkpt>
			<trkpt lat="22.658060" lon="114.341229">
				<speed>1.476764</speed>
				<ele>74.000000</ele>
				<time>2025-04-04T05:35:48Z</time>
			</trkpt>
			<trkpt lat="22.658021" lon="114.341137">
				<speed>1.705945</speed>
				<ele>75.000000</ele>
				<time>2025-04-04T05:35:55Z</time>
			</trkpt>
			<trkpt lat="22.657988" lon="114.341038">
				<speed>1.082813</speed>
				<ele>74.000000</ele>
				<time>2025-04-04T05:36:04Z</time>
			</trkpt>
			<trkpt lat="22.657953" lon="114.340943">
				<speed>1.223811</speed>
				<ele>72.000000</ele>
				<time>2025-04-04T05:36:12Z</time>
			</trkpt>
			<trkpt lat="22.657906" lon="114.340856">
				<speed>0.784744</speed>
				<ele>72.000000</ele>
				<time>2025-04-04T05:36:40Z</time>
			</trkpt>
			<trkpt lat="22.657868" lon="114.340747">
				<speed>1.319839</speed>
				<ele>71.000000</ele>
				<time>2025-04-04T05:37:07Z</time>
			</trkpt>
			<trkpt lat="22.657834" lon="114.340651">
				<speed>1.137464</speed>
				<ele>67.000000</ele>
				<time>2025-04-04T05:37:17Z</time>
			</trkpt>
			<trkpt lat="22.657795" lon="114.340555">
				<speed>1.423297</speed>
				<ele>67.000000</ele>
				<time>2025-04-04T05:37:25Z</time>
			</trkpt>
			<trkpt lat="22.657749" lon="114.340459">
				<speed>1.303683</speed>
				<ele>67.000000</ele>
				<time>2025-04-04T05:37:33Z</time>
			</trkpt>
			<trkpt lat="22.657688" lon="114.340368">
				<speed>1.314766</speed>
				<ele>68.000000</ele>
				<time>2025-04-04T05:37:40Z</time>
			</trkpt>
			<trkpt lat="22.657590" lon="114.340336">
				<speed>1.016275</speed>
				<ele>68.000000</ele>
				<time>2025-04-04T05:37:49Z</time>
			</trkpt>
			<trkpt lat="22.657491" lon="114.340346">
				<speed>1.259860</speed>
				<ele>66.000000</ele>
				<time>2025-04-04T05:37:57Z</time>
			</trkpt>
			<trkpt lat="22.657390" lon="114.340324">
				<speed>1.252672</speed>
				<ele>66.000000</ele>
				<time>2025-04-04T05:38:06Z</time>
			</trkpt>
			<trkpt lat="22.657355" lon="114.340228">
				<speed>0.559443</speed>
				<ele>64.000000</ele>
				<time>2025-04-04T05:38:54Z</time>
			</trkpt>
			<trkpt lat="22.657250" lon="114.340225">
				<speed>1.522258</speed>
				<ele>63.000000</ele>
				<time>2025-04-04T05:39:07Z</time>
			</trkpt>
			<trkpt lat="22.657159" lon="114.340231">
				<speed>1.422955</speed>
				<ele>61.000000</ele>
				<time>2025-04-04T05:39:14Z</time>
			</trkpt>
			<trkpt lat="22.657078" lon="114.340289">
				<speed>1.149607</speed>
				<ele>59.000000</ele>
				<time>2025-04-04T05:39:22Z</time>
			</trkpt>
			<trkpt lat="22.656977" lon="114.340300">
				<speed>1.085954</speed>
				<ele>57.000000</ele>
				<time>2025-04-04T05:39:31Z</time>
			</trkpt>
			<trkpt lat="22.656872" lon="114.340267">
				<speed>1.580691</speed>
				<ele>58.000000</ele>
				<time>2025-04-04T05:39:39Z</time>
			</trkpt>
			<trkpt lat="22.656777" lon="114.340239">
				<speed>1.171316</speed>
				<ele>60.000000</ele>
				<time>2025-04-04T05:39:46Z</time>
			</trkpt>
			<trkpt lat="22.656694" lon="114.340279">
				<speed>1.282335</speed>
				<ele>60.000000</ele>
				<time>2025-04-04T05:39:55Z</time>
			</trkpt>
			<trkpt lat="22.656598" lon="114.340267">
				<speed>1.350027</speed>
				<ele>60.000000</ele>
				<time>2025-04-04T05:40:03Z</time>
			</trkpt>
			<trkpt lat="22.656500" lon="114.340279">
				<speed>1.206528</speed>
				<ele>61.000000</ele>
				<time>2025-04-04T05:40:12Z</time>
			</trkpt>
			<trkpt lat="22.656412" lon="114.340323">
				<speed>1.290759</speed>
				<ele>61.000000</ele>
				<time>2025-04-04T05:40:20Z</time>
			</trkpt>
			<trkpt lat="22.656312" lon="114.340344">
				<speed>1.287318</speed>
				<ele>61.000000</ele>
				<time>2025-04-04T05:40:28Z</time>
			</trkpt>
			<trkpt lat="22.656224" lon="114.340368">
				<speed>1.273844</speed>
				<ele>63.000000</ele>
				<time>2025-04-04T05:40:35Z</time>
			</trkpt>
			<trkpt lat="22.656131" lon="114.340388">
				<speed>1.014063</speed>
				<ele>63.000000</ele>
				<time>2025-04-04T05:40:43Z</time>
			</trkpt>
			<trkpt lat="22.656036" lon="114.340389">
				<speed>1.375428</speed>
				<ele>62.000000</ele>
				<time>2025-04-04T05:40:50Z</time>
			</trkpt>
			<trkpt lat="22.655932" lon="114.340390">
				<speed>1.315659</speed>
				<ele>62.000000</ele>
				<time>2025-04-04T05:40:59Z</time>
			</trkpt>
			<trkpt lat="22.655831" lon="114.340393">
				<speed>1.097062</speed>
				<ele>60.000000</ele>
				<time>2025-04-04T05:41:08Z</time>
			</trkpt>
			<trkpt lat="22.655731" lon="114.340401">
				<speed>1.145182</speed>
				<ele>61.000000</ele>
				<time>2025-04-04T05:41:16Z</time>
			</trkpt>
			<trkpt lat="22.655641" lon="114.340399">
				<speed>1.082006</speed>
				<ele>60.000000</ele>
				<time>2025-04-04T05:41:23Z</time>
			</trkpt>
			<trkpt lat="22.655542" lon="114.340392">
				<speed>1.099139</speed>
				<ele>61.000000</ele>
				<time>2025-04-04T05:41:31Z</time>
			</trkpt>
			<trkpt lat="22.655451" lon="114.340389">
				<speed>1.077168</speed>
				<ele>61.000000</ele>
				<time>2025-04-04T05:41:38Z</time>
			</trkpt>
			<trkpt lat="22.655355" lon="114.340370">
				<speed>1.532491</speed>
				<ele>61.000000</ele>
				<time>2025-04-04T05:41:45Z</time>
			</trkpt>
			<trkpt lat="22.655256" lon="114.340340">
				<speed>1.529623</speed>
				<ele>62.000000</ele>
				<time>2025-04-04T05:41:53Z</time>
			</trkpt>
			<trkpt lat="22.655179" lon="114.340282">
				<speed>1.572526</speed>
				<ele>62.000000</ele>
				<time>2025-04-04T05:42:00Z</time>
			</trkpt>
			<trkpt lat="22.655106" lon="114.340214">
				<speed>1.560512</speed>
				<ele>62.000000</ele>
				<time>2025-04-04T05:42:07Z</time>
			</trkpt>
			<trkpt lat="22.655033" lon="114.340148">
				<speed>1.580166</speed>
				<ele>64.000000</ele>
				<time>2025-04-04T05:42:14Z</time>
			</trkpt>
			<trkpt lat="22.654964" lon="114.340076">
				<speed>1.593886</speed>
				<ele>67.000000</ele>
				<time>2025-04-04T05:42:22Z</time>
			</trkpt>
			<trkpt lat="22.654922" lon="114.339986">
				<speed>1.602440</speed>
				<ele>66.000000</ele>
				<time>2025-04-04T05:42:29Z</time>
			</trkpt>
			<trkpt lat="22.654859" lon="114.339907">
				<speed>1.151207</speed>
				<ele>66.000000</ele>
				<time>2025-04-04T05:42:38Z</time>
			</trkpt>
			<trkpt lat="22.654811" lon="114.339815">
				<speed>1.221092</speed>
				<ele>67.000000</ele>
				<time>2025-04-04T05:42:46Z</time>
			</trkpt>
			<trkpt lat="22.654779" lon="114.339713">
				<speed>1.431412</speed>
				<ele>65.000000</ele>
				<time>2025-04-04T05:42:53Z</time>
			</trkpt>
			<trkpt lat="22.654756" lon="114.339609">
				<speed>1.214684</speed>
				<ele>65.000000</ele>
				<time>2025-04-04T05:43:01Z</time>
			</trkpt>
			<trkpt lat="22.654707" lon="114.339511">
				<speed>1.170593</speed>
				<ele>66.000000</ele>
				<time>2025-04-04T05:43:10Z</time>
			</trkpt>
			<trkpt lat="22.654654" lon="114.339421">
				<speed>1.408236</speed>
				<ele>67.000000</ele>
				<time>2025-04-04T05:43:18Z</time>
			</trkpt>
			<trkpt lat="22.654584" lon="114.339341">
				<speed>1.232381</speed>
				<ele>68.000000</ele>
				<time>2025-04-04T05:43:26Z</time>
			</trkpt>
			<trkpt lat="22.654525" lon="114.339262">
				<speed>1.264521</speed>
				<ele>69.000000</ele>
				<time>2025-04-04T05:43:34Z</time>
			</trkpt>
			<trkpt lat="22.654457" lon="114.339197">
				<speed>1.294234</speed>
				<ele>69.000000</ele>
				<time>2025-04-04T05:43:41Z</time>
			</trkpt>
			<trkpt lat="22.654378" lon="114.339140">
				<speed>1.172818</speed>
				<ele>69.000000</ele>
				<time>2025-04-04T05:43:48Z</time>
			</trkpt>
			<trkpt lat="22.654287" lon="114.339100">
				<speed>1.124288</speed>
				<ele>70.000000</ele>
				<time>2025-04-04T05:43:56Z</time>
			</trkpt>
			<trkpt lat="22.654210" lon="114.339042">
				<speed>1.071992</speed>
				<ele>71.000000</ele>
				<time>2025-04-04T05:44:04Z</time>
			</trkpt>
			<trkpt lat="22.654120" lon="114.338998">
				<speed>1.339171</speed>
				<ele>72.000000</ele>
				<time>2025-04-04T05:44:12Z</time>
			</trkpt>
			<trkpt lat="22.654030" lon="114.338981">
				<speed>0.866623</speed>
				<ele>75.000000</ele>
				<time>2025-04-04T05:44:20Z</time>
			</trkpt>
			<trkpt lat="22.653934" lon="114.338994">
				<speed>1.326244</speed>
				<ele>76.000000</ele>
				<time>2025-04-04T05:44:28Z</time>
			</trkpt>
			<trkpt lat="22.653840" lon="114.338987">
				<speed>0.992117</speed>
				<ele>77.000000</ele>
				<time>2025-04-04T05:44:37Z</time>
			</trkpt>
			<trkpt lat="22.653750" lon="114.338942">
				<speed>1.219850</speed>
				<ele>78.000000</ele>
				<time>2025-04-04T05:44:46Z</time>
			</trkpt>
			<trkpt lat="22.653661" lon="114.338891">
				<speed>0.952028</speed>
				<ele>80.000000</ele>
				<time>2025-04-04T05:44:56Z</time>
			</trkpt>
			<trkpt lat="22.653582" lon="114.338818">
				<speed>1.273331</speed>
				<ele>80.000000</ele>
				<time>2025-04-04T05:45:05Z</time>
			</trkpt>
			<trkpt lat="22.653495" lon="114.338787">
				<speed>0.808094</speed>
				<ele>82.000000</ele>
				<time>2025-04-04T05:45:14Z</time>
			</trkpt>
			<trkpt lat="22.653410" lon="114.338745">
				<speed>1.290676</speed>
				<ele>84.000000</ele>
				<time>2025-04-04T05:45:21Z</time>
			</trkpt>
			<trkpt lat="22.653326" lon="114.338698">
				<speed>0.934767</speed>
				<ele>87.000000</ele>
				<time>2025-04-04T05:45:32Z</time>
			</trkpt>
			<trkpt lat="22.653240" lon="114.338647">
				<speed>1.120913</speed>
				<ele>90.000000</ele>
				<time>2025-04-04T05:45:40Z</time>
			</trkpt>
			<trkpt lat="22.653155" lon="114.338598">
				<speed>1.015127</speed>
				<ele>92.000000</ele>
				<time>2025-04-04T05:45:48Z</time>
			</trkpt>
			<trkpt lat="22.653091" lon="114.338528">
				<speed>1.229099</speed>
				<ele>93.000000</ele>
				<time>2025-04-04T05:45:55Z</time>
			</trkpt>
			<trkpt lat="22.653013" lon="114.338466">
				<speed>1.058874</speed>
				<ele>95.000000</ele>
				<time>2025-04-04T05:46:03Z</time>
			</trkpt>
			<trkpt lat="22.652933" lon="114.338415">
				<speed>1.224053</speed>
				<ele>96.000000</ele>
				<time>2025-04-04T05:46:10Z</time>
			</trkpt>
			<trkpt lat="22.652844" lon="114.338434">
				<speed>1.283670</speed>
				<ele>96.000000</ele>
				<time>2025-04-04T05:46:16Z</time>
			</trkpt>
			<trkpt lat="22.652745" lon="114.338465">
				<speed>1.289484</speed>
				<ele>94.000000</ele>
				<time>2025-04-04T05:46:26Z</time>
			</trkpt>
			<trkpt lat="22.652655" lon="114.338441">
				<speed>1.215858</speed>
				<ele>93.000000</ele>
				<time>2025-04-04T05:46:33Z</time>
			</trkpt>
			<trkpt lat="22.652559" lon="114.338418">
				<speed>1.192375</speed>
				<ele>94.000000</ele>
				<time>2025-04-04T05:46:42Z</time>
			</trkpt>
			<trkpt lat="22.652475" lon="114.338377">
				<speed>1.289173</speed>
				<ele>95.000000</ele>
				<time>2025-04-04T05:46:50Z</time>
			</trkpt>
			<trkpt lat="22.652405" lon="114.338310">
				<speed>1.029801</speed>
				<ele>97.000000</ele>
				<time>2025-04-04T05:46:59Z</time>
			</trkpt>
			<trkpt lat="22.652350" lon="114.338228">
				<speed>1.002433</speed>
				<ele>100.000000</ele>
				<time>2025-04-04T05:47:08Z</time>
			</trkpt>
			<trkpt lat="22.652273" lon="114.338173">
				<speed>1.234592</speed>
				<ele>103.000000</ele>
				<time>2025-04-04T05:47:16Z</time>
			</trkpt>
			<trkpt lat="22.652209" lon="114.338094">
				<speed>1.097779</speed>
				<ele>104.000000</ele>
				<time>2025-04-04T05:47:24Z</time>
			</trkpt>
			<trkpt lat="22.652130" lon="114.338046">
				<speed>1.268668</speed>
				<ele>105.000000</ele>
				<time>2025-04-04T05:47:31Z</time>
			</trkpt>
			<trkpt lat="22.652037" lon="114.338002">
				<speed>1.071418</speed>
				<ele>105.000000</ele>
				<time>2025-04-04T05:47:39Z</time>
			</trkpt>
			<trkpt lat="22.651944" lon="114.337979">
				<speed>1.263630</speed>
				<ele>107.000000</ele>
				<time>2025-04-04T05:47:47Z</time>
			</trkpt>
			<trkpt lat="22.651854" lon="114.337959">
				<speed>1.155466</speed>
				<ele>108.000000</ele>
				<time>2025-04-04T05:47:55Z</time>
			</trkpt>
			<trkpt lat="22.651780" lon="114.337901">
				<speed>1.280847</speed>
				<ele>111.000000</ele>
				<time>2025-04-04T05:48:03Z</time>
			</trkpt>
			<trkpt lat="22.651681" lon="114.337905">
				<speed>1.697433</speed>
				<ele>113.000000</ele>
				<time>2025-04-04T05:48:10Z</time>
			</trkpt>
			<trkpt lat="22.651592" lon="114.337962">
				<speed>1.339269</speed>
				<ele>113.000000</ele>
				<time>2025-04-04T05:48:17Z</time>
			</trkpt>
			<trkpt lat="22.651543" lon="114.338044">
				<speed>1.068534</speed>
				<ele>115.000000</ele>
				<time>2025-04-04T05:48:25Z</time>
			</trkpt>
			<trkpt lat="22.651470" lon="114.338113">
				<speed>1.040090</speed>
				<ele>118.000000</ele>
				<time>2025-04-04T05:48:35Z</time>
			</trkpt>
			<trkpt lat="22.651377" lon="114.338137">
				<speed>0.846550</speed>
				<ele>117.000000</ele>
				<time>2025-04-04T05:48:43Z</time>
			</trkpt>
			<trkpt lat="22.651282" lon="114.338170">
				<speed>1.165956</speed>
				<ele>117.000000</ele>
				<time>2025-04-04T05:48:52Z</time>
			</trkpt>
			<trkpt lat="22.651185" lon="114.338167">
				<speed>1.156574</speed>
				<ele>118.000000</ele>
				<time>2025-04-04T05:49:01Z</time>
			</trkpt>
			<trkpt lat="22.651095" lon="114.338126">
				<speed>1.312747</speed>
				<ele>123.000000</ele>
				<time>2025-04-04T05:49:11Z</time>
			</trkpt>
			<trkpt lat="22.651021" lon="114.338067">
				<speed>1.531037</speed>
				<ele>124.000000</ele>
				<time>2025-04-04T05:49:19Z</time>
			</trkpt>
			<trkpt lat="22.650938" lon="114.338010">
				<speed>1.253243</speed>
				<ele>128.000000</ele>
				<time>2025-04-04T05:49:29Z</time>
			</trkpt>
			<trkpt lat="22.650882" lon="114.337919">
				<speed>1.664526</speed>
				<ele>129.000000</ele>
				<time>2025-04-04T05:49:36Z</time>
			</trkpt>
			<trkpt lat="22.650806" lon="114.337853">
				<speed>1.218428</speed>
				<ele>129.000000</ele>
				<time>2025-04-04T05:49:44Z</time>
			</trkpt>
			<trkpt lat="22.650723" lon="114.337792">
				<speed>1.272376</speed>
				<ele>131.000000</ele>
				<time>2025-04-04T05:49:53Z</time>
			</trkpt>
			<trkpt lat="22.650634" lon="114.337746">
				<speed>1.220224</speed>
				<ele>132.000000</ele>
				<time>2025-04-04T05:50:27Z</time>
			</trkpt>
			<trkpt lat="22.650544" lon="114.337696">
				<speed>1.038501</speed>
				<ele>134.000000</ele>
				<time>2025-04-04T05:50:38Z</time>
			</trkpt>
			<trkpt lat="22.650445" lon="114.337662">
				<speed>1.284682</speed>
				<ele>135.000000</ele>
				<time>2025-04-04T05:50:46Z</time>
			</trkpt>
			<trkpt lat="22.650353" lon="114.337684">
				<speed>1.347752</speed>
				<ele>135.000000</ele>
				<time>2025-04-04T05:50:54Z</time>
			</trkpt>
			<trkpt lat="22.650338" lon="114.337781">
				<speed>1.242022</speed>
				<ele>138.000000</ele>
				<time>2025-04-04T05:51:02Z</time>
			</trkpt>
			<trkpt lat="22.650361" lon="114.337880">
				<speed>1.503074</speed>
				<ele>141.000000</ele>
				<time>2025-04-04T05:51:09Z</time>
			</trkpt>
			<trkpt lat="22.650385" lon="114.337979">
				<speed>1.409919</speed>
				<ele>142.000000</ele>
				<time>2025-04-04T05:51:17Z</time>
			</trkpt>
			<trkpt lat="22.650363" lon="114.338080">
				<speed>1.300835</speed>
				<ele>143.000000</ele>
				<time>2025-04-04T05:51:25Z</time>
			</trkpt>
			<trkpt lat="22.650306" lon="114.338157">
				<speed>0.997831</speed>
				<ele>144.000000</ele>
				<time>2025-04-04T05:51:34Z</time>
			</trkpt>
			<trkpt lat="22.650224" lon="114.338215">
				<speed>1.271151</speed>
				<ele>145.000000</ele>
				<time>2025-04-04T05:51:43Z</time>
			</trkpt>
			<trkpt lat="22.650136" lon="114.338240">
				<speed>1.079582</speed>
				<ele>149.000000</ele>
				<time>2025-04-04T05:51:52Z</time>
			</trkpt>
			<trkpt lat="22.650043" lon="114.338241">
				<speed>1.294258</speed>
				<ele>148.000000</ele>
				<time>2025-04-04T05:52:00Z</time>
			</trkpt>
			<trkpt lat="22.649956" lon="114.338211">
				<speed>1.353147</speed>
				<ele>150.000000</ele>
				<time>2025-04-04T05:52:07Z</time>
			</trkpt>
			<trkpt lat="22.649869" lon="114.338168">
				<speed>1.414624</speed>
				<ele>152.000000</ele>
				<time>2025-04-04T05:52:16Z</time>
			</trkpt>
			<trkpt lat="22.649792" lon="114.338111">
				<speed>1.015856</speed>
				<ele>151.000000</ele>
				<time>2025-04-04T05:52:23Z</time>
			</trkpt>
			<trkpt lat="22.649699" lon="114.338085">
				<speed>1.099516</speed>
				<ele>151.000000</ele>
				<time>2025-04-04T05:52:31Z</time>
			</trkpt>
			<trkpt lat="22.649609" lon="114.338103">
				<speed>1.242844</speed>
				<ele>153.000000</ele>
				<time>2025-04-04T05:52:39Z</time>
			</trkpt>
			<trkpt lat="22.649520" lon="114.338140">
				<speed>1.292609</speed>
				<ele>155.000000</ele>
				<time>2025-04-04T05:52:47Z</time>
			</trkpt>
			<trkpt lat="22.649436" lon="114.338102">
				<speed>1.288314</speed>
				<ele>154.000000</ele>
				<time>2025-04-04T05:52:55Z</time>
			</trkpt>
			<trkpt lat="22.649346" lon="114.338068">
				<speed>0.911761</speed>
				<ele>155.000000</ele>
				<time>2025-04-04T05:53:04Z</time>
			</trkpt>
			<trkpt lat="22.649260" lon="114.338030">
				<speed>1.128302</speed>
				<ele>155.000000</ele>
				<time>2025-04-04T05:53:12Z</time>
			</trkpt>
			<trkpt lat="22.649170" lon="114.338041">
				<speed>1.194538</speed>
				<ele>160.000000</ele>
				<time>2025-04-04T05:53:22Z</time>
			</trkpt>
			<trkpt lat="22.649078" lon="114.338079">
				<speed>1.357627</speed>
				<ele>161.000000</ele>
				<time>2025-04-04T05:53:32Z</time>
			</trkpt>
			<trkpt lat="22.648984" lon="114.338062">
				<speed>1.278801</speed>
				<ele>159.000000</ele>
				<time>2025-04-04T05:53:42Z</time>
			</trkpt>
			<trkpt lat="22.648891" lon="114.338049">
				<speed>1.252117</speed>
				<ele>159.000000</ele>
				<time>2025-04-04T05:53:51Z</time>
			</trkpt>
			<trkpt lat="22.648798" lon="114.338089">
				<speed>1.321948</speed>
				<ele>158.000000</ele>
				<time>2025-04-04T05:53:59Z</time>
			</trkpt>
			<trkpt lat="22.648700" lon="114.338116">
				<speed>1.167262</speed>
				<ele>157.000000</ele>
				<time>2025-04-04T05:54:07Z</time>
			</trkpt>
			<trkpt lat="22.648618" lon="114.338163">
				<speed>1.513437</speed>
				<ele>159.000000</ele>
				<time>2025-04-04T05:54:12Z</time>
			</trkpt>
			<trkpt lat="22.648542" lon="114.338221">
				<speed>1.459361</speed>
				<ele>162.000000</ele>
				<time>2025-04-04T05:54:19Z</time>
			</trkpt>
			<trkpt lat="22.648450" lon="114.338232">
				<speed>1.364210</speed>
				<ele>164.000000</ele>
				<time>2025-04-04T05:54:27Z</time>
			</trkpt>
			<trkpt lat="22.648360" lon="114.338227">
				<speed>1.188707</speed>
				<ele>165.000000</ele>
				<time>2025-04-04T05:54:36Z</time>
			</trkpt>
			<trkpt lat="22.648258" lon="114.338209">
				<speed>1.365049</speed>
				<ele>164.000000</ele>
				<time>2025-04-04T05:54:44Z</time>
			</trkpt>
			<trkpt lat="22.648156" lon="114.338198">
				<speed>1.403030</speed>
				<ele>163.000000</ele>
				<time>2025-04-04T05:54:51Z</time>
			</trkpt>
			<trkpt lat="22.648065" lon="114.338230">
				<speed>1.292978</speed>
				<ele>165.000000</ele>
				<time>2025-04-04T05:54:58Z</time>
			</trkpt>
			<trkpt lat="22.647997" lon="114.338295">
				<speed>1.210716</speed>
				<ele>164.000000</ele>
				<time>2025-04-04T05:55:06Z</time>
			</trkpt>
			<trkpt lat="22.647905" lon="114.338301">
				<speed>1.393422</speed>
				<ele>164.000000</ele>
				<time>2025-04-04T05:55:13Z</time>
			</trkpt>
			<trkpt lat="22.647815" lon="114.338322">
				<speed>1.313670</speed>
				<ele>168.000000</ele>
				<time>2025-04-04T05:55:22Z</time>
			</trkpt>
			<trkpt lat="22.647721" lon="114.338335">
				<speed>1.016620</speed>
				<ele>170.000000</ele>
				<time>2025-04-04T05:55:31Z</time>
			</trkpt>
			<trkpt lat="22.647624" lon="114.338341">
				<speed>0.666087</speed>
				<ele>175.000000</ele>
				<time>2025-04-04T05:55:41Z</time>
			</trkpt>
			<trkpt lat="22.647530" lon="114.338322">
				<speed>1.286532</speed>
				<ele>178.000000</ele>
				<time>2025-04-04T05:55:49Z</time>
			</trkpt>
			<trkpt lat="22.647457" lon="114.338257">
				<speed>1.267195</speed>
				<ele>179.000000</ele>
				<time>2025-04-04T05:55:57Z</time>
			</trkpt>
			<trkpt lat="22.647377" lon="114.338192">
				<speed>1.083498</speed>
				<ele>182.000000</ele>
				<time>2025-04-04T05:56:06Z</time>
			</trkpt>
			<trkpt lat="22.647302" lon="114.338114">
				<speed>1.203882</speed>
				<ele>181.000000</ele>
				<time>2025-04-04T05:56:14Z</time>
			</trkpt>
			<trkpt lat="22.647235" lon="114.338038">
				<speed>1.371373</speed>
				<ele>182.000000</ele>
				<time>2025-04-04T05:56:21Z</time>
			</trkpt>
			<trkpt lat="22.647136" lon="114.338017">
				<speed>1.335912</speed>
				<ele>184.000000</ele>
				<time>2025-04-04T05:56:29Z</time>
			</trkpt>
			<trkpt lat="22.647039" lon="114.337981">
				<speed>0.995426</speed>
				<ele>184.000000</ele>
				<time>2025-04-04T05:56:38Z</time>
			</trkpt>
			<trkpt lat="22.646947" lon="114.337973">
				<speed>0.791345</speed>
				<ele>184.000000</ele>
				<time>2025-04-04T05:56:45Z</time>
			</trkpt>
			<trkpt lat="22.646861" lon="114.337941">
				<speed>0.993667</speed>
				<ele>183.000000</ele>
				<time>2025-04-04T05:56:53Z</time>
			</trkpt>
			<trkpt lat="22.646764" lon="114.337953">
				<speed>1.631247</speed>
				<ele>185.000000</ele>
				<time>2025-04-04T05:57:01Z</time>
			</trkpt>
			<trkpt lat="22.646701" lon="114.338042">
				<speed>1.167753</speed>
				<ele>183.000000</ele>
				<time>2025-04-04T05:57:11Z</time>
			</trkpt>
			<trkpt lat="22.646668" lon="114.338138">
				<speed>1.406035</speed>
				<ele>186.000000</ele>
				<time>2025-04-04T05:57:19Z</time>
			</trkpt>
			<trkpt lat="22.646648" lon="114.338239">
				<speed>1.427209</speed>
				<ele>191.000000</ele>
				<time>2025-04-04T05:57:28Z</time>
			</trkpt>
			<trkpt lat="22.646652" lon="114.338339">
				<speed>1.257184</speed>
				<ele>196.000000</ele>
				<time>2025-04-04T05:57:37Z</time>
			</trkpt>
			<trkpt lat="22.646629" lon="114.338443">
				<speed>1.423410</speed>
				<ele>196.000000</ele>
				<time>2025-04-04T05:57:46Z</time>
			</trkpt>
			<trkpt lat="22.646605" lon="114.338540">
				<speed>1.338583</speed>
				<ele>196.000000</ele>
				<time>2025-04-04T05:57:54Z</time>
			</trkpt>
			<trkpt lat="22.646574" lon="114.338650">
				<speed>1.593706</speed>
				<ele>196.000000</ele>
				<time>2025-04-04T05:58:04Z</time>
			</trkpt>
			<trkpt lat="22.646508" lon="114.338738">
				<speed>1.244238</speed>
				<ele>193.000000</ele>
				<time>2025-04-04T05:58:12Z</time>
			</trkpt>
			<trkpt lat="22.646448" lon="114.338814">
				<speed>0.982404</speed>
				<ele>192.000000</ele>
				<time>2025-04-04T05:58:19Z</time>
			</trkpt>
			<trkpt lat="22.646394" lon="114.338906">
				<speed>1.575417</speed>
				<ele>194.000000</ele>
				<time>2025-04-04T05:58:25Z</time>
			</trkpt>
			<trkpt lat="22.646316" lon="114.338963">
				<speed>1.049914</speed>
				<ele>192.000000</ele>
				<time>2025-04-04T05:58:34Z</time>
			</trkpt>
			<trkpt lat="22.646250" lon="114.339042">
				<speed>1.277479</speed>
				<ele>194.000000</ele>
				<time>2025-04-04T05:58:41Z</time>
			</trkpt>
			<trkpt lat="22.646156" lon="114.339082">
				<speed>1.406136</speed>
				<ele>196.000000</ele>
				<time>2025-04-04T05:58:49Z</time>
			</trkpt>
			<trkpt lat="22.646057" lon="114.339116">
				<speed>1.475636</speed>
				<ele>197.000000</ele>
				<time>2025-04-04T05:58:57Z</time>
			</trkpt>
			<trkpt lat="22.645960" lon="114.339140">
				<speed>1.407591</speed>
				<ele>197.000000</ele>
				<time>2025-04-04T05:59:05Z</time>
			</trkpt>
			<trkpt lat="22.645888" lon="114.339208">
				<speed>1.403276</speed>
				<ele>198.000000</ele>
				<time>2025-04-04T05:59:12Z</time>
			</trkpt>
			<trkpt lat="22.645818" lon="114.339273">
				<speed>1.398985</speed>
				<ele>200.000000</ele>
				<time>2025-04-04T05:59:19Z</time>
			</trkpt>
			<trkpt lat="22.645745" lon="114.339343">
				<speed>1.328859</speed>
				<ele>203.000000</ele>
				<time>2025-04-04T05:59:27Z</time>
			</trkpt>
			<trkpt lat="22.645660" lon="114.339398">
				<speed>1.203628</speed>
				<ele>204.000000</ele>
				<time>2025-04-04T05:59:35Z</time>
			</trkpt>
			<trkpt lat="22.645582" lon="114.339448">
				<speed>1.195871</speed>
				<ele>203.000000</ele>
				<time>2025-04-04T05:59:43Z</time>
			</trkpt>
			<trkpt lat="22.645486" lon="114.339473">
				<speed>1.340443</speed>
				<ele>202.000000</ele>
				<time>2025-04-04T05:59:51Z</time>
			</trkpt>
			<trkpt lat="22.645397" lon="114.339521">
				<speed>1.424545</speed>
				<ele>204.000000</ele>
				<time>2025-04-04T05:59:58Z</time>
			</trkpt>
			<trkpt lat="22.645303" lon="114.339509">
				<speed>1.260419</speed>
				<ele>205.000000</ele>
				<time>2025-04-04T06:00:05Z</time>
			</trkpt>
			<trkpt lat="22.645215" lon="114.339539">
				<speed>0.599543</speed>
				<ele>203.000000</ele>
				<time>2025-04-04T06:00:14Z</time>
			</trkpt>
			<trkpt lat="22.645122" lon="114.339544">
				<speed>1.041748</speed>
				<ele>199.000000</ele>
				<time>2025-04-04T06:00:22Z</time>
			</trkpt>
			<trkpt lat="22.645031" lon="114.339587">
				<speed>1.286375</speed>
				<ele>201.000000</ele>
				<time>2025-04-04T06:00:29Z</time>
			</trkpt>
			<trkpt lat="22.644942" lon="114.339624">
				<speed>0.991218</speed>
				<ele>200.000000</ele>
				<time>2025-04-04T06:00:39Z</time>
			</trkpt>
			<trkpt lat="22.644853" lon="114.339604">
				<speed>1.250603</speed>
				<ele>199.000000</ele>
				<time>2025-04-04T06:00:46Z</time>
			</trkpt>
			<trkpt lat="22.644753" lon="114.339576">
				<speed>1.215238</speed>
				<ele>199.000000</ele>
				<time>2025-04-04T06:00:54Z</time>
			</trkpt>
			<trkpt lat="22.644696" lon="114.339489">
				<speed>1.154158</speed>
				<ele>201.000000</ele>
				<time>2025-04-04T06:01:03Z</time>
			</trkpt>
			<trkpt lat="22.644673" lon="114.339393">
				<speed>1.271233</speed>
				<ele>201.000000</ele>
				<time>2025-04-04T06:01:10Z</time>
			</trkpt>
			<trkpt lat="22.644627" lon="114.339299">
				<speed>1.265529</speed>
				<ele>202.000000</ele>
				<time>2025-04-04T06:01:18Z</time>
			</trkpt>
			<trkpt lat="22.644534" lon="114.339289">
				<speed>1.378128</speed>
				<ele>202.000000</ele>
				<time>2025-04-04T06:01:25Z</time>
			</trkpt>
			<trkpt lat="22.644449" lon="114.339327">
				<speed>1.342132</speed>
				<ele>203.000000</ele>
				<time>2025-04-04T06:01:32Z</time>
			</trkpt>
			<trkpt lat="22.644360" lon="114.339359">
				<speed>1.398381</speed>
				<ele>203.000000</ele>
				<time>2025-04-04T06:01:39Z</time>
			</trkpt>
			<trkpt lat="22.644270" lon="114.339385">
				<speed>1.162742</speed>
				<ele>205.000000</ele>
				<time>2025-04-04T06:01:47Z</time>
			</trkpt>
			<trkpt lat="22.644187" lon="114.339433">
				<speed>1.410413</speed>
				<ele>206.000000</ele>
				<time>2025-04-04T06:01:54Z</time>
			</trkpt>
			<trkpt lat="22.644092" lon="114.339435">
				<speed>1.449812</speed>
				<ele>204.000000</ele>
				<time>2025-04-04T06:02:00Z</time>
			</trkpt>
			<trkpt lat="22.643998" lon="114.339408">
				<speed>1.328648</speed>
				<ele>203.000000</ele>
				<time>2025-04-04T06:02:07Z</time>
			</trkpt>
			<trkpt lat="22.643908" lon="114.339366">
				<speed>1.185272</speed>
				<ele>205.000000</ele>
				<time>2025-04-04T06:02:15Z</time>
			</trkpt>
			<trkpt lat="22.643815" lon="114.339356">
				<speed>1.472588</speed>
				<ele>208.000000</ele>
				<time>2025-04-04T06:02:22Z</time>
			</trkpt>
			<trkpt lat="22.643724" lon="114.339358">
				<speed>1.418491</speed>
				<ele>209.000000</ele>
				<time>2025-04-04T06:02:28Z</time>
			</trkpt>
			<trkpt lat="22.643646" lon="114.339302">
				<speed>1.444018</speed>
				<ele>209.000000</ele>
				<time>2025-04-04T06:02:35Z</time>
			</trkpt>
			<trkpt lat="22.643559" lon="114.339255">
				<speed>1.308300</speed>
				<ele>208.000000</ele>
				<time>2025-04-04T06:02:43Z</time>
			</trkpt>
			<trkpt lat="22.643462" lon="114.339220">
				<speed>1.193407</speed>
				<ele>206.000000</ele>
				<time>2025-04-04T06:02:52Z</time>
			</trkpt>
			<trkpt lat="22.643367" lon="114.339220">
				<speed>1.650396</speed>
				<ele>206.000000</ele>
				<time>2025-04-04T06:03:00Z</time>
			</trkpt>
			<trkpt lat="22.643276" lon="114.339214">
				<speed>1.139304</speed>
				<ele>205.000000</ele>
				<time>2025-04-04T06:03:08Z</time>
			</trkpt>
			<trkpt lat="22.643180" lon="114.339211">
				<speed>1.167521</speed>
				<ele>206.000000</ele>
				<time>2025-04-04T06:03:16Z</time>
			</trkpt>
			<trkpt lat="22.643080" lon="114.339191">
				<speed>1.397150</speed>
				<ele>207.000000</ele>
				<time>2025-04-04T06:03:25Z</time>
			</trkpt>
			<trkpt lat="22.642987" lon="114.339168">
				<speed>1.321437</speed>
				<ele>208.000000</ele>
				<time>2025-04-04T06:03:33Z</time>
			</trkpt>
			<trkpt lat="22.642886" lon="114.339170">
				<speed>1.109836</speed>
				<ele>206.000000</ele>
				<time>2025-04-04T06:03:41Z</time>
			</trkpt>
			<trkpt lat="22.642786" lon="114.339174">
				<speed>1.392002</speed>
				<ele>206.000000</ele>
				<time>2025-04-04T06:03:51Z</time>
			</trkpt>
			<trkpt lat="22.642699" lon="114.339198">
				<speed>1.459130</speed>
				<ele>207.000000</ele>
				<time>2025-04-04T06:03:58Z</time>
			</trkpt>
			<trkpt lat="22.642620" lon="114.339251">
				<speed>1.459421</speed>
				<ele>208.000000</ele>
				<time>2025-04-04T06:04:05Z</time>
			</trkpt>
			<trkpt lat="22.642521" lon="114.339255">
				<speed>1.695356</speed>
				<ele>208.000000</ele>
				<time>2025-04-04T06:04:13Z</time>
			</trkpt>
			<trkpt lat="22.642448" lon="114.339191">
				<speed>1.336541</speed>
				<ele>207.000000</ele>
				<time>2025-04-04T06:04:20Z</time>
			</trkpt>
			<trkpt lat="22.642374" lon="114.339127">
				<speed>1.387903</speed>
				<ele>206.000000</ele>
				<time>2025-04-04T06:04:28Z</time>
			</trkpt>
			<trkpt lat="22.642311" lon="114.339053">
				<speed>1.166314</speed>
				<ele>208.000000</ele>
				<time>2025-04-04T06:04:36Z</time>
			</trkpt>
			<trkpt lat="22.642292" lon="114.338951">
				<speed>1.126328</speed>
				<ele>210.000000</ele>
				<time>2025-04-04T06:04:44Z</time>
			</trkpt>
			<trkpt lat="22.642280" lon="114.338850">
				<speed>1.322402</speed>
				<ele>210.000000</ele>
				<time>2025-04-04T06:04:52Z</time>
			</trkpt>
			<trkpt lat="22.642224" lon="114.338763">
				<speed>1.370791</speed>
				<ele>210.000000</ele>
				<time>2025-04-04T06:05:00Z</time>
			</trkpt>
			<trkpt lat="22.642146" lon="114.338693">
				<speed>1.343253</speed>
				<ele>208.000000</ele>
				<time>2025-04-04T06:05:08Z</time>
			</trkpt>
			<trkpt lat="22.642055" lon="114.338656">
				<speed>1.160721</speed>
				<ele>207.000000</ele>
				<time>2025-04-04T06:05:16Z</time>
			</trkpt>
			<trkpt lat="22.641961" lon="114.338627">
				<speed>1.542978</speed>
				<ele>209.000000</ele>
				<time>2025-04-04T06:05:23Z</time>
			</trkpt>
			<trkpt lat="22.641886" lon="114.338573">
				<speed>1.372339</speed>
				<ele>210.000000</ele>
				<time>2025-04-04T06:05:30Z</time>
			</trkpt>
			<trkpt lat="22.641839" lon="114.338476">
				<speed>1.443766</speed>
				<ele>211.000000</ele>
				<time>2025-04-04T06:05:38Z</time>
			</trkpt>
			<trkpt lat="22.641832" lon="114.338378">
				<speed>1.361744</speed>
				<ele>212.000000</ele>
				<time>2025-04-04T06:05:46Z</time>
			</trkpt>
			<trkpt lat="22.641837" lon="114.338274">
				<speed>1.323828</speed>
				<ele>212.000000</ele>
				<time>2025-04-04T06:05:55Z</time>
			</trkpt>
			<trkpt lat="22.641858" lon="114.338179">
				<speed>1.414989</speed>
				<ele>212.000000</ele>
				<time>2025-04-04T06:06:02Z</time>
			</trkpt>
			<trkpt lat="22.641843" lon="114.338081">
				<speed>1.298406</speed>
				<ele>212.000000</ele>
				<time>2025-04-04T06:06:10Z</time>
			</trkpt>
			<trkpt lat="22.641793" lon="114.337988">
				<speed>1.320622</speed>
				<ele>212.000000</ele>
				<time>2025-04-04T06:06:17Z</time>
			</trkpt>
			<trkpt lat="22.641720" lon="114.337917">
				<speed>1.099976</speed>
				<ele>212.000000</ele>
				<time>2025-04-04T06:06:26Z</time>
			</trkpt>
			<trkpt lat="22.641675" lon="114.337827">
				<speed>0.093465</speed>
				<ele>213.000000</ele>
				<time>2025-04-04T06:06:48Z</time>
			</trkpt>
			<trkpt lat="22.641676" lon="114.337726">
				<speed>0.137112</speed>
				<ele>213.000000</ele>
				<time>2025-04-04T06:06:57Z</time>
			</trkpt>
			<trkpt lat="22.641688" lon="114.337624">
				<speed>0.119056</speed>
				<ele>211.000000</ele>
				<time>2025-04-04T06:07:05Z</time>
			</trkpt>
			<trkpt lat="22.641700" lon="114.337515">
				<speed>1.246072</speed>
				<ele>211.000000</ele>
				<time>2025-04-04T06:07:13Z</time>
			</trkpt>
			<trkpt lat="22.641693" lon="114.337414">
				<speed>0.900386</speed>
				<ele>213.000000</ele>
				<time>2025-04-04T06:07:22Z</time>
			</trkpt>
			<trkpt lat="22.641633" lon="114.337325">
				<speed>1.303819</speed>
				<ele>213.000000</ele>
				<time>2025-04-04T06:07:30Z</time>
			</trkpt>
			<trkpt lat="22.641535" lon="114.337285">
				<speed>1.415959</speed>
				<ele>214.000000</ele>
				<time>2025-04-04T06:07:39Z</time>
			</trkpt>
			<trkpt lat="22.641441" lon="114.337274">
				<speed>1.521964</speed>
				<ele>215.000000</ele>
				<time>2025-04-04T06:07:46Z</time>
			</trkpt>
			<trkpt lat="22.641348" lon="114.337313">
				<speed>1.434474</speed>
				<ele>214.000000</ele>
				<time>2025-04-04T06:07:54Z</time>
			</trkpt>
			<trkpt lat="22.641257" lon="114.337316">
				<speed>1.305658</speed>
				<ele>216.000000</ele>
				<time>2025-04-04T06:08:02Z</time>
			</trkpt>
			<trkpt lat="22.641175" lon="114.337252">
				<speed>1.193230</speed>
				<ele>218.000000</ele>
				<time>2025-04-04T06:08:11Z</time>
			</trkpt>
			<trkpt lat="22.641146" lon="114.337152">
				<speed>1.331213</speed>
				<ele>218.000000</ele>
				<time>2025-04-04T06:08:19Z</time>
			</trkpt>
			<trkpt lat="22.641177" lon="114.337059">
				<speed>1.292782</speed>
				<ele>218.000000</ele>
				<time>2025-04-04T06:08:27Z</time>
			</trkpt>
			<trkpt lat="22.641184" lon="114.336958">
				<speed>1.082332</speed>
				<ele>221.000000</ele>
				<time>2025-04-04T06:08:36Z</time>
			</trkpt>
			<trkpt lat="22.641168" lon="114.336852">
				<speed>0.664422</speed>
				<ele>224.000000</ele>
				<time>2025-04-04T06:08:48Z</time>
			</trkpt>
			<trkpt lat="22.641102" lon="114.336780">
				<speed>1.129220</speed>
				<ele>222.000000</ele>
				<time>2025-04-04T06:08:55Z</time>
			</trkpt>
			<trkpt lat="22.641024" lon="114.336730">
				<speed>1.117121</speed>
				<ele>222.000000</ele>
				<time>2025-04-04T06:09:03Z</time>
			</trkpt>
			<trkpt lat="22.640935" lon="114.336681">
				<speed>1.214560</speed>
				<ele>222.000000</ele>
				<time>2025-04-04T06:09:12Z</time>
			</trkpt>
			<trkpt lat="22.640847" lon="114.336647">
				<speed>0.740974</speed>
				<ele>220.000000</ele>
				<time>2025-04-04T06:09:26Z</time>
			</trkpt>
			<trkpt lat="22.640778" lon="114.336575">
				<speed>0.875558</speed>
				<ele>221.000000</ele>
				<time>2025-04-04T06:09:36Z</time>
			</trkpt>
			<trkpt lat="22.640731" lon="114.336486">
				<speed>1.352590</speed>
				<ele>222.000000</ele>
				<time>2025-04-04T06:09:44Z</time>
			</trkpt>
			<trkpt lat="22.640751" lon="114.336376">
				<speed>1.416156</speed>
				<ele>218.000000</ele>
				<time>2025-04-04T06:09:54Z</time>
			</trkpt>
			<trkpt lat="22.640827" lon="114.336315">
				<speed>1.285021</speed>
				<ele>218.000000</ele>
				<time>2025-04-04T06:10:03Z</time>
			</trkpt>
			<trkpt lat="22.640922" lon="114.336300">
				<speed>1.419158</speed>
				<ele>216.000000</ele>
				<time>2025-04-04T06:10:11Z</time>
			</trkpt>
			<trkpt lat="22.641016" lon="114.336277">
				<speed>0.936056</speed>
				<ele>213.000000</ele>
				<time>2025-04-04T06:10:20Z</time>
			</trkpt>
			<trkpt lat="22.641078" lon="114.336206">
				<speed>1.487663</speed>
				<ele>212.000000</ele>
				<time>2025-04-04T06:10:27Z</time>
			</trkpt>
			<trkpt lat="22.641106" lon="114.336111">
				<speed>1.276376</speed>
				<ele>212.000000</ele>
				<time>2025-04-04T06:10:35Z</time>
			</trkpt>
			<trkpt lat="22.641099" lon="114.336009">
				<speed>1.328373</speed>
				<ele>212.000000</ele>
				<time>2025-04-04T06:10:43Z</time>
			</trkpt>
			<trkpt lat="22.641063" lon="114.335919">
				<speed>0.694367</speed>
				<ele>217.000000</ele>
				<time>2025-04-04T06:10:51Z</time>
			</trkpt>
			<trkpt lat="22.640985" lon="114.335853">
				<speed>1.263099</speed>
				<ele>220.000000</ele>
				<time>2025-04-04T06:10:59Z</time>
			</trkpt>
			<trkpt lat="22.640894" lon="114.335800">
				<speed>1.531107</speed>
				<ele>220.000000</ele>
				<time>2025-04-04T06:11:06Z</time>
			</trkpt>
			<trkpt lat="22.640804" lon="114.335768">
				<speed>1.175324</speed>
				<ele>218.000000</ele>
				<time>2025-04-04T06:11:14Z</time>
			</trkpt>
			<trkpt lat="22.640736" lon="114.335682">
				<speed>0.990843</speed>
				<ele>215.000000</ele>
				<time>2025-04-04T06:11:22Z</time>
			</trkpt>
			<trkpt lat="22.640687" lon="114.335597">
				<speed>0.901916</speed>
				<ele>215.000000</ele>
				<time>2025-04-04T06:11:31Z</time>
			</trkpt>
			<trkpt lat="22.640613" lon="114.335524">
				<speed>1.390954</speed>
				<ele>216.000000</ele>
				<time>2025-04-04T06:11:40Z</time>
			</trkpt>
			<trkpt lat="22.640549" lon="114.335455">
				<speed>1.389489</speed>
				<ele>214.000000</ele>
				<time>2025-04-04T06:11:47Z</time>
			</trkpt>
			<trkpt lat="22.640484" lon="114.335375">
				<speed>0.851336</speed>
				<ele>216.000000</ele>
				<time>2025-04-04T06:11:57Z</time>
			</trkpt>
			<trkpt lat="22.640405" lon="114.335323">
				<speed>0.965663</speed>
				<ele>215.000000</ele>
				<time>2025-04-04T06:12:06Z</time>
			</trkpt>
			<trkpt lat="22.640366" lon="114.335224">
				<speed>0.905508</speed>
				<ele>219.000000</ele>
				<time>2025-04-04T06:12:16Z</time>
			</trkpt>
			<trkpt lat="22.640340" lon="114.335118">
				<speed>1.377944</speed>
				<ele>218.000000</ele>
				<time>2025-04-04T06:12:23Z</time>
			</trkpt>
			<trkpt lat="22.640368" lon="114.335019">
				<speed>1.348321</speed>
				<ele>219.000000</ele>
				<time>2025-04-04T06:12:31Z</time>
			</trkpt>
			<trkpt lat="22.640390" lon="114.334921">
				<speed>1.203517</speed>
				<ele>215.000000</ele>
				<time>2025-04-04T06:12:39Z</time>
			</trkpt>
			<trkpt lat="22.640478" lon="114.334869">
				<speed>1.262518</speed>
				<ele>213.000000</ele>
				<time>2025-04-04T06:12:49Z</time>
			</trkpt>
			<trkpt lat="22.640554" lon="114.334810">
				<speed>1.104464</speed>
				<ele>214.000000</ele>
				<time>2025-04-04T06:12:58Z</time>
			</trkpt>
			<trkpt lat="22.640600" lon="114.334720">
				<speed>1.355969</speed>
				<ele>214.000000</ele>
				<time>2025-04-04T06:13:05Z</time>
			</trkpt>
			<trkpt lat="22.640633" lon="114.334617">
				<speed>1.365309</speed>
				<ele>215.000000</ele>
				<time>2025-04-04T06:13:13Z</time>
			</trkpt>
			<trkpt lat="22.640597" lon="114.334520">
				<speed>0.330216</speed>
				<ele>213.000000</ele>
				<time>2025-04-04T06:13:30Z</time>
			</trkpt>
			<trkpt lat="22.640511" lon="114.334482">
				<speed>0.686370</speed>
				<ele>206.000000</ele>
				<time>2025-04-04T06:13:46Z</time>
			</trkpt>
			<trkpt lat="22.640419" lon="114.334497">
				<speed>0.640413</speed>
				<ele>202.000000</ele>
				<time>2025-04-04T06:13:59Z</time>
			</trkpt>
			<trkpt lat="22.640326" lon="114.334523">
				<speed>0.929810</speed>
				<ele>199.000000</ele>
				<time>2025-04-04T06:14:13Z</time>
			</trkpt>
			<trkpt lat="22.640232" lon="114.334528">
				<speed>0.893826</speed>
				<ele>196.000000</ele>
				<time>2025-04-04T06:14:26Z</time>
			</trkpt>
			<trkpt lat="22.640141" lon="114.334545">
				<speed>1.148108</speed>
				<ele>195.000000</ele>
				<time>2025-04-04T06:14:37Z</time>
			</trkpt>
			<trkpt lat="22.640049" lon="114.334545">
				<speed>0.695765</speed>
				<ele>194.000000</ele>
				<time>2025-04-04T06:14:48Z</time>
			</trkpt>
			<trkpt lat="22.639961" lon="114.334512">
				<speed>0.860263</speed>
				<ele>189.000000</ele>
				<time>2025-04-04T06:14:59Z</time>
			</trkpt>
			<trkpt lat="22.639870" lon="114.334505">
				<speed>1.064221</speed>
				<ele>192.000000</ele>
				<time>2025-04-04T06:15:14Z</time>
			</trkpt>
			<trkpt lat="22.639790" lon="114.334437">
				<speed>1.211549</speed>
				<ele>192.000000</ele>
				<time>2025-04-04T06:15:29Z</time>
			</trkpt>
			<trkpt lat="22.639738" lon="114.334350">
				<speed>0.576020</speed>
				<ele>192.000000</ele>
				<time>2025-04-04T06:15:41Z</time>
			</trkpt>
			<trkpt lat="22.639740" lon="114.334252">
				<speed>0.602938</speed>
				<ele>190.000000</ele>
				<time>2025-04-04T06:15:54Z</time>
			</trkpt>
			<trkpt lat="22.639745" lon="114.334152">
				<speed>1.303823</speed>
				<ele>190.000000</ele>
				<time>2025-04-04T06:16:06Z</time>
			</trkpt>
			<trkpt lat="22.639732" lon="114.334048">
				<speed>0.820852</speed>
				<ele>193.000000</ele>
				<time>2025-04-04T06:16:17Z</time>
			</trkpt>
			<trkpt lat="22.639722" lon="114.334145">
				<speed>0.549451</speed>
				<ele>191.000000</ele>
				<time>2025-04-04T06:17:20Z</time>
			</trkpt>
			<trkpt lat="22.639714" lon="114.334250">
				<speed>0.531243</speed>
				<ele>189.000000</ele>
				<time>2025-04-04T06:17:31Z</time>
			</trkpt>
			<trkpt lat="22.639738" lon="114.334350">
				<speed>0.699800</speed>
				<ele>190.000000</ele>
				<time>2025-04-04T06:17:45Z</time>
			</trkpt>
			<trkpt lat="22.639814" lon="114.334425">
				<speed>0.529041</speed>
				<ele>192.000000</ele>
				<time>2025-04-04T06:17:57Z</time>
			</trkpt>
			<trkpt lat="22.639894" lon="114.334485">
				<speed>0.584863</speed>
				<ele>192.000000</ele>
				<time>2025-04-04T06:18:13Z</time>
			</trkpt>
			<trkpt lat="22.639982" lon="114.334516">
				<speed>0.894363</speed>
				<ele>192.000000</ele>
				<time>2025-04-04T06:18:34Z</time>
			</trkpt>
			<trkpt lat="22.640081" lon="114.334539">
				<speed>0.602737</speed>
				<ele>195.000000</ele>
				<time>2025-04-04T06:18:50Z</time>
			</trkpt>
			<trkpt lat="22.640173" lon="114.334532">
				<speed>0.313394</speed>
				<ele>193.000000</ele>
				<time>2025-04-04T06:19:01Z</time>
			</trkpt>
			<trkpt lat="22.640271" lon="114.334524">
				<speed>0.375046</speed>
				<ele>194.000000</ele>
				<time>2025-04-04T06:19:14Z</time>
			</trkpt>
			<trkpt lat="22.640358" lon="114.334494">
				<speed>0.290810</speed>
				<ele>198.000000</ele>
				<time>2025-04-04T06:19:34Z</time>
			</trkpt>
			<trkpt lat="22.640459" lon="114.334488">
				<speed>0.722508</speed>
				<ele>205.000000</ele>
				<time>2025-04-04T06:20:01Z</time>
			</trkpt>
			<trkpt lat="22.640552" lon="114.334489">
				<speed>0.514751</speed>
				<ele>208.000000</ele>
				<time>2025-04-04T06:20:23Z</time>
			</trkpt>
			<trkpt lat="22.640605" lon="114.334575">
				<speed>0.799480</speed>
				<ele>211.000000</ele>
				<time>2025-04-04T06:20:41Z</time>
			</trkpt>
			<trkpt lat="22.640614" lon="114.334673">
				<speed>1.701432</speed>
				<ele>213.000000</ele>
				<time>2025-04-04T06:20:48Z</time>
			</trkpt>
			<trkpt lat="22.640584" lon="114.334765">
				<speed>1.075886</speed>
				<ele>212.000000</ele>
				<time>2025-04-04T06:20:56Z</time>
			</trkpt>
			<trkpt lat="22.640509" lon="114.334832">
				<speed>1.511927</speed>
				<ele>210.000000</ele>
				<time>2025-04-04T06:21:04Z</time>
			</trkpt>
			<trkpt lat="22.640424" lon="114.334884">
				<speed>1.180523</speed>
				<ele>207.000000</ele>
				<time>2025-04-04T06:21:13Z</time>
			</trkpt>
			<trkpt lat="22.640370" lon="114.334963">
				<speed>0.902012</speed>
				<ele>208.000000</ele>
				<time>2025-04-04T06:21:23Z</time>
			</trkpt>
			<trkpt lat="22.640365" lon="114.335065">
				<speed>1.126366</speed>
				<ele>212.000000</ele>
				<time>2025-04-04T06:21:33Z</time>
			</trkpt>
			<trkpt lat="22.640343" lon="114.335169">
				<speed>1.081501</speed>
				<ele>217.000000</ele>
				<time>2025-04-04T06:21:43Z</time>
			</trkpt>
			<trkpt lat="22.640348" lon="114.335269">
				<speed>1.100645</speed>
				<ele>217.000000</ele>
				<time>2025-04-04T06:21:51Z</time>
			</trkpt>
			<trkpt lat="22.640379" lon="114.335371">
				<speed>1.197433</speed>
				<ele>216.000000</ele>
				<time>2025-04-04T06:22:00Z</time>
			</trkpt>
			<trkpt lat="22.640474" lon="114.335409">
				<speed>1.012749</speed>
				<ele>214.000000</ele>
				<time>2025-04-04T06:22:08Z</time>
			</trkpt>
			<trkpt lat="22.640549" lon="114.335466">
				<speed>1.304713</speed>
				<ele>213.000000</ele>
				<time>2025-04-04T06:22:15Z</time>
			</trkpt>
			<trkpt lat="22.640625" lon="114.335532">
				<speed>1.148236</speed>
				<ele>213.000000</ele>
				<time>2025-04-04T06:22:23Z</time>
			</trkpt>
			<trkpt lat="22.640689" lon="114.335612">
				<speed>1.192070</speed>
				<ele>214.000000</ele>
				<time>2025-04-04T06:22:31Z</time>
			</trkpt>
			<trkpt lat="22.640750" lon="114.335690">
				<speed>1.291238</speed>
				<ele>215.000000</ele>
				<time>2025-04-04T06:22:39Z</time>
			</trkpt>
			<trkpt lat="22.640824" lon="114.335762">
				<speed>1.314229</speed>
				<ele>214.000000</ele>
				<time>2025-04-04T06:22:47Z</time>
			</trkpt>
			<trkpt lat="22.640900" lon="114.335837">
				<speed>1.358089</speed>
				<ele>214.000000</ele>
				<time>2025-04-04T06:22:55Z</time>
			</trkpt>
			<trkpt lat="22.640973" lon="114.335895">
				<speed>1.227507</speed>
				<ele>214.000000</ele>
				<time>2025-04-04T06:23:02Z</time>
			</trkpt>
			<trkpt lat="22.641043" lon="114.335960">
				<speed>1.261463</speed>
				<ele>214.000000</ele>
				<time>2025-04-04T06:23:10Z</time>
			</trkpt>
			<trkpt lat="22.641084" lon="114.336052">
				<speed>1.115874</speed>
				<ele>214.000000</ele>
				<time>2025-04-04T06:23:18Z</time>
			</trkpt>
			<trkpt lat="22.641099" lon="114.336149">
				<speed>1.364638</speed>
				<ele>214.000000</ele>
				<time>2025-04-04T06:23:25Z</time>
			</trkpt>
			<trkpt lat="22.641044" lon="114.336235">
				<speed>1.356694</speed>
				<ele>213.000000</ele>
				<time>2025-04-04T06:23:32Z</time>
			</trkpt>
			<trkpt lat="22.640952" lon="114.336278">
				<speed>1.351038</speed>
				<ele>209.000000</ele>
				<time>2025-04-04T06:23:40Z</time>
			</trkpt>
			<trkpt lat="22.640867" lon="114.336319">
				<speed>1.461552</speed>
				<ele>208.000000</ele>
				<time>2025-04-04T06:23:48Z</time>
			</trkpt>
			<trkpt lat="22.640784" lon="114.336371">
				<speed>1.141840</speed>
				<ele>211.000000</ele>
				<time>2025-04-04T06:23:57Z</time>
			</trkpt>
			<trkpt lat="22.640738" lon="114.336456">
				<speed>0.720512</speed>
				<ele>214.000000</ele>
				<time>2025-04-04T06:24:05Z</time>
			</trkpt>
			<trkpt lat="22.640740" lon="114.336559">
				<speed>1.044059</speed>
				<ele>220.000000</ele>
				<time>2025-04-04T06:24:17Z</time>
			</trkpt>
			<trkpt lat="22.640803" lon="114.336635">
				<speed>0.960567</speed>
				<ele>222.000000</ele>
				<time>2025-04-04T06:24:26Z</time>
			</trkpt>
			<trkpt lat="22.640838" lon="114.336543">
				<speed>1.536878</speed>
				<ele>222.000000</ele>
				<time>2025-04-04T06:24:41Z</time>
			</trkpt>
			<trkpt lat="22.640883" lon="114.336456">
				<speed>1.329501</speed>
				<ele>222.000000</ele>
				<time>2025-04-04T06:24:48Z</time>
			</trkpt>
			<trkpt lat="22.640963" lon="114.336400">
				<speed>1.311163</speed>
				<ele>223.000000</ele>
				<time>2025-04-04T06:24:56Z</time>
			</trkpt>
			<trkpt lat="22.641058" lon="114.336387">
				<speed>1.352037</speed>
				<ele>224.000000</ele>
				<time>2025-04-04T06:25:04Z</time>
			</trkpt>
			<trkpt lat="22.641148" lon="114.336399">
				<speed>1.519350</speed>
				<ele>222.000000</ele>
				<time>2025-04-04T06:25:10Z</time>
			</trkpt>
			<trkpt lat="22.641240" lon="114.336402">
				<speed>1.348698</speed>
				<ele>221.000000</ele>
				<time>2025-04-04T06:25:17Z</time>
			</trkpt>
			<trkpt lat="22.641330" lon="114.336358">
				<speed>1.129363</speed>
				<ele>223.000000</ele>
				<time>2025-04-04T06:25:25Z</time>
			</trkpt>
			<trkpt lat="22.641414" lon="114.336310">
				<speed>1.284426</speed>
				<ele>222.000000</ele>
				<time>2025-04-04T06:25:33Z</time>
			</trkpt>
			<trkpt lat="22.641501" lon="114.336272">
				<speed>1.485943</speed>
				<ele>222.000000</ele>
				<time>2025-04-04T06:25:40Z</time>
			</trkpt>
			<trkpt lat="22.641574" lon="114.336210">
				<speed>1.287989</speed>
				<ele>222.000000</ele>
				<time>2025-04-04T06:25:48Z</time>
			</trkpt>
			<trkpt lat="22.641660" lon="114.336149">
				<speed>1.231765</speed>
				<ele>222.000000</ele>
				<time>2025-04-04T06:25:56Z</time>
			</trkpt>
			<trkpt lat="22.641744" lon="114.336098">
				<speed>1.689870</speed>
				<ele>223.000000</ele>
				<time>2025-04-04T06:26:03Z</time>
			</trkpt>
			<trkpt lat="22.641791" lon="114.336002">
				<speed>1.181460</speed>
				<ele>224.000000</ele>
				<time>2025-04-04T06:26:11Z</time>
			</trkpt>
			<trkpt lat="22.641856" lon="114.335911">
				<speed>1.301636</speed>
				<ele>227.000000</ele>
				<time>2025-04-04T06:26:18Z</time>
			</trkpt>
			<trkpt lat="22.641939" lon="114.335846">
				<speed>1.339279</speed>
				<ele>227.000000</ele>
				<time>2025-04-04T06:26:26Z</time>
			</trkpt>
			<trkpt lat="22.642030" lon="114.335810">
				<speed>1.075116</speed>
				<ele>231.000000</ele>
				<time>2025-04-04T06:26:37Z</time>
			</trkpt>
			<trkpt lat="22.642090" lon="114.335737">
				<speed>1.018512</speed>
				<ele>230.000000</ele>
				<time>2025-04-04T06:26:45Z</time>
			</trkpt>
			<trkpt lat="22.642175" lon="114.335696">
				<speed>1.201029</speed>
				<ele>230.000000</ele>
				<time>2025-04-04T06:26:53Z</time>
			</trkpt>
			<trkpt lat="22.642221" lon="114.335604">
				<speed>1.309523</speed>
				<ele>233.000000</ele>
				<time>2025-04-04T06:27:01Z</time>
			</trkpt>
			<trkpt lat="22.642175" lon="114.335512">
				<speed>1.463243</speed>
				<ele>239.000000</ele>
				<time>2025-04-04T06:27:10Z</time>
			</trkpt>
			<trkpt lat="22.642108" lon="114.335439">
				<speed>1.073766</speed>
				<ele>238.000000</ele>
				<time>2025-04-04T06:27:16Z</time>
			</trkpt>
			<trkpt lat="22.642017" lon="114.335397">
				<speed>1.124808</speed>
				<ele>238.000000</ele>
				<time>2025-04-04T06:27:25Z</time>
			</trkpt>
			<trkpt lat="22.641931" lon="114.335364">
				<speed>1.094051</speed>
				<ele>240.000000</ele>
				<time>2025-04-04T06:27:33Z</time>
			</trkpt>
			<trkpt lat="22.641886" lon="114.335259">
				<speed>1.539969</speed>
				<ele>245.000000</ele>
				<time>2025-04-04T06:27:42Z</time>
			</trkpt>
			<trkpt lat="22.641884" lon="114.335153">
				<speed>1.479312</speed>
				<ele>245.000000</ele>
				<time>2025-04-04T06:27:49Z</time>
			</trkpt>
			<trkpt lat="22.641879" lon="114.335047">
				<speed>1.316698</speed>
				<ele>248.000000</ele>
				<time>2025-04-04T06:27:57Z</time>
			</trkpt>
			<trkpt lat="22.641854" lon="114.334951">
				<speed>1.135178</speed>
				<ele>249.000000</ele>
				<time>2025-04-04T06:28:05Z</time>
			</trkpt>
			<trkpt lat="22.641815" lon="114.334856">
				<speed>1.369690</speed>
				<ele>250.000000</ele>
				<time>2025-04-04T06:28:12Z</time>
			</trkpt>
			<trkpt lat="22.641755" lon="114.334779">
				<speed>1.343517</speed>
				<ele>251.000000</ele>
				<time>2025-04-04T06:28:20Z</time>
			</trkpt>
			<trkpt lat="22.641687" lon="114.334712">
				<speed>0.993832</speed>
				<ele>252.000000</ele>
				<time>2025-04-04T06:28:28Z</time>
			</trkpt>
			<trkpt lat="22.641612" lon="114.334637">
				<speed>1.897728</speed>
				<ele>250.000000</ele>
				<time>2025-04-04T06:28:35Z</time>
			</trkpt>
			<trkpt lat="22.641577" lon="114.334543">
				<speed>1.243893</speed>
				<ele>252.000000</ele>
				<time>2025-04-04T06:28:44Z</time>
			</trkpt>
			<trkpt lat="22.641540" lon="114.334436">
				<speed>1.447609</speed>
				<ele>253.000000</ele>
				<time>2025-04-04T06:28:52Z</time>
			</trkpt>
			<trkpt lat="22.641536" lon="114.334326">
				<speed>1.325124</speed>
				<ele>253.000000</ele>
				<time>2025-04-04T06:29:00Z</time>
			</trkpt>
			<trkpt lat="22.641551" lon="114.334213">
				<speed>1.382476</speed>
				<ele>254.000000</ele>
				<time>2025-04-04T06:29:08Z</time>
			</trkpt>
			<trkpt lat="22.641626" lon="114.334151">
				<speed>1.294868</speed>
				<ele>254.000000</ele>
				<time>2025-04-04T06:29:15Z</time>
			</trkpt>
			<trkpt lat="22.641672" lon="114.334053">
				<speed>1.470777</speed>
				<ele>251.000000</ele>
				<time>2025-04-04T06:29:25Z</time>
			</trkpt>
			<trkpt lat="22.641724" lon="114.333973">
				<speed>1.361858</speed>
				<ele>250.000000</ele>
				<time>2025-04-04T06:29:32Z</time>
			</trkpt>
			<trkpt lat="22.641754" lon="114.333879">
				<speed>1.207758</speed>
				<ele>252.000000</ele>
				<time>2025-04-04T06:29:40Z</time>
			</trkpt>
			<trkpt lat="22.641810" lon="114.333791">
				<speed>1.223005</speed>
				<ele>252.000000</ele>
				<time>2025-04-04T06:29:48Z</time>
			</trkpt>
			<trkpt lat="22.641833" lon="114.333693">
				<speed>1.140965</speed>
				<ele>252.000000</ele>
				<time>2025-04-04T06:29:56Z</time>
			</trkpt>
			<trkpt lat="22.641878" lon="114.333594">
				<speed>1.485172</speed>
				<ele>251.000000</ele>
				<time>2025-04-04T06:30:05Z</time>
			</trkpt>
			<trkpt lat="22.641904" lon="114.333493">
				<speed>1.568860</speed>
				<ele>252.000000</ele>
				<time>2025-04-04T06:30:13Z</time>
			</trkpt>
			<trkpt lat="22.641903" lon="114.333393">
				<speed>1.124227</speed>
				<ele>253.000000</ele>
				<time>2025-04-04T06:30:20Z</time>
			</trkpt>
			<trkpt lat="22.641940" lon="114.333291">
				<speed>1.037352</speed>
				<ele>256.000000</ele>
				<time>2025-04-04T06:30:28Z</time>
			</trkpt>
			<trkpt lat="22.641971" lon="114.333192">
				<speed>1.338928</speed>
				<ele>257.000000</ele>
				<time>2025-04-04T06:30:36Z</time>
			</trkpt>
			<trkpt lat="22.641967" lon="114.333089">
				<speed>1.241201</speed>
				<ele>259.000000</ele>
				<time>2025-04-04T06:30:44Z</time>
			</trkpt>
			<trkpt lat="22.641957" lon="114.332980">
				<speed>1.306589</speed>
				<ele>261.000000</ele>
				<time>2025-04-04T06:30:51Z</time>
			</trkpt>
			<trkpt lat="22.641949" lon="114.332882">
				<speed>1.314828</speed>
				<ele>267.000000</ele>
				<time>2025-04-04T06:30:59Z</time>
			</trkpt>
			<trkpt lat="22.641936" lon="114.332781">
				<speed>1.222106</speed>
				<ele>273.000000</ele>
				<time>2025-04-04T06:31:08Z</time>
			</trkpt>
			<trkpt lat="22.641905" lon="114.332682">
				<speed>1.007214</speed>
				<ele>276.000000</ele>
				<time>2025-04-04T06:31:18Z</time>
			</trkpt>
			<trkpt lat="22.641869" lon="114.332571">
				<speed>1.482264</speed>
				<ele>279.000000</ele>
				<time>2025-04-04T06:31:27Z</time>
			</trkpt>
			<trkpt lat="22.641839" lon="114.332474">
				<speed>1.895990</speed>
				<ele>277.000000</ele>
				<time>2025-04-04T06:31:33Z</time>
			</trkpt>
			<trkpt lat="22.641818" lon="114.332379">
				<speed>1.016469</speed>
				<ele>277.000000</ele>
				<time>2025-04-04T06:31:42Z</time>
			</trkpt>
			<trkpt lat="22.641819" lon="114.332277">
				<speed>1.386839</speed>
				<ele>274.000000</ele>
				<time>2025-04-04T06:31:50Z</time>
			</trkpt>
			<trkpt lat="22.641799" lon="114.332177">
				<speed>1.353436</speed>
				<ele>272.000000</ele>
				<time>2025-04-04T06:31:57Z</time>
			</trkpt>
			<trkpt lat="22.641744" lon="114.332099">
				<speed>1.311778</speed>
				<ele>276.000000</ele>
				<time>2025-04-04T06:32:05Z</time>
			</trkpt>
			<trkpt lat="22.641681" lon="114.332021">
				<speed>1.370281</speed>
				<ele>276.000000</ele>
				<time>2025-04-04T06:32:13Z</time>
			</trkpt>
			<trkpt lat="22.641629" lon="114.331939">
				<speed>1.024220</speed>
				<ele>277.000000</ele>
				<time>2025-04-04T06:32:21Z</time>
			</trkpt>
			<trkpt lat="22.641588" lon="114.331830">
				<speed>1.402136</speed>
				<ele>275.000000</ele>
				<time>2025-04-04T06:32:28Z</time>
			</trkpt>
			<trkpt lat="22.641571" lon="114.331732">
				<speed>1.315676</speed>
				<ele>274.000000</ele>
				<time>2025-04-04T06:32:36Z</time>
			</trkpt>
			<trkpt lat="22.641567" lon="114.331631">
				<speed>1.066868</speed>
				<ele>274.000000</ele>
				<time>2025-04-04T06:32:44Z</time>
			</trkpt>
			<trkpt lat="22.641540" lon="114.331531">
				<speed>1.203684</speed>
				<ele>275.000000</ele>
				<time>2025-04-04T06:32:52Z</time>
			</trkpt>
			<trkpt lat="22.641501" lon="114.331431">
				<speed>1.405325</speed>
				<ele>275.000000</ele>
				<time>2025-04-04T06:33:00Z</time>
			</trkpt>
			<trkpt lat="22.641428" lon="114.331371">
				<speed>1.107978</speed>
				<ele>277.000000</ele>
				<time>2025-04-04T06:33:10Z</time>
			</trkpt>
			<trkpt lat="22.641345" lon="114.331296">
				<speed>1.372899</speed>
				<ele>282.000000</ele>
				<time>2025-04-04T06:33:19Z</time>
			</trkpt>
			<trkpt lat="22.641256" lon="114.331246">
				<speed>1.213883</speed>
				<ele>283.000000</ele>
				<time>2025-04-04T06:33:27Z</time>
			</trkpt>
			<trkpt lat="22.641188" lon="114.331172">
				<speed>1.001531</speed>
				<ele>281.000000</ele>
				<time>2025-04-04T06:33:35Z</time>
			</trkpt>
			<trkpt lat="22.641114" lon="114.331100">
				<speed>1.324391</speed>
				<ele>280.000000</ele>
				<time>2025-04-04T06:33:42Z</time>
			</trkpt>
			<trkpt lat="22.641043" lon="114.331039">
				<speed>1.165737</speed>
				<ele>278.000000</ele>
				<time>2025-04-04T06:33:50Z</time>
			</trkpt>
			<trkpt lat="22.640987" lon="114.330962">
				<speed>0.999370</speed>
				<ele>276.000000</ele>
				<time>2025-04-04T06:33:59Z</time>
			</trkpt>
			<trkpt lat="22.640923" lon="114.330879">
				<speed>1.401896</speed>
				<ele>274.000000</ele>
				<time>2025-04-04T06:34:06Z</time>
			</trkpt>
			<trkpt lat="22.640869" lon="114.330790">
				<speed>1.381335</speed>
				<ele>271.000000</ele>
				<time>2025-04-04T06:34:12Z</time>
			</trkpt>
			<trkpt lat="22.640839" lon="114.330696">
				<speed>1.441028</speed>
				<ele>271.000000</ele>
				<time>2025-04-04T06:34:19Z</time>
			</trkpt>
			<trkpt lat="22.640787" lon="114.330607">
				<speed>1.452835</speed>
				<ele>270.000000</ele>
				<time>2025-04-04T06:34:26Z</time>
			</trkpt>
			<trkpt lat="22.640721" lon="114.330535">
				<speed>1.430707</speed>
				<ele>270.000000</ele>
				<time>2025-04-04T06:34:33Z</time>
			</trkpt>
			<trkpt lat="22.640634" lon="114.330477">
				<speed>1.444452</speed>
				<ele>268.000000</ele>
				<time>2025-04-04T06:34:42Z</time>
			</trkpt>
			<trkpt lat="22.640547" lon="114.330437">
				<speed>1.482566</speed>
				<ele>266.000000</ele>
				<time>2025-04-04T06:34:49Z</time>
			</trkpt>
			<trkpt lat="22.640460" lon="114.330386">
				<speed>1.327398</speed>
				<ele>265.000000</ele>
				<time>2025-04-04T06:34:58Z</time>
			</trkpt>
			<trkpt lat="22.640378" lon="114.330341">
				<speed>1.416975</speed>
				<ele>266.000000</ele>
				<time>2025-04-04T06:35:05Z</time>
			</trkpt>
			<trkpt lat="22.640321" lon="114.330259">
				<speed>1.465700</speed>
				<ele>267.000000</ele>
				<time>2025-04-04T06:35:12Z</time>
			</trkpt>
			<trkpt lat="22.640264" lon="114.330175">
				<speed>1.116551</speed>
				<ele>264.000000</ele>
				<time>2025-04-04T06:35:20Z</time>
			</trkpt>
			<trkpt lat="22.640200" lon="114.330091">
				<speed>1.204797</speed>
				<ele>259.000000</ele>
				<time>2025-04-04T06:35:29Z</time>
			</trkpt>
			<trkpt lat="22.640143" lon="114.330007">
				<speed>1.223408</speed>
				<ele>257.000000</ele>
				<time>2025-04-04T06:35:37Z</time>
			</trkpt>
			<trkpt lat="22.640092" lon="114.329916">
				<speed>1.449039</speed>
				<ele>258.000000</ele>
				<time>2025-04-04T06:35:44Z</time>
			</trkpt>
			<trkpt lat="22.640061" lon="114.329819">
				<speed>1.453525</speed>
				<ele>260.000000</ele>
				<time>2025-04-04T06:35:51Z</time>
			</trkpt>
			<trkpt lat="22.640009" lon="114.329723">
				<speed>1.483260</speed>
				<ele>261.000000</ele>
				<time>2025-04-04T06:35:58Z</time>
			</trkpt>
			<trkpt lat="22.639988" lon="114.329625">
				<speed>0.694160</speed>
				<ele>259.000000</ele>
				<time>2025-04-04T06:36:07Z</time>
			</trkpt>
			<trkpt lat="22.640004" lon="114.329522">
				<speed>1.266605</speed>
				<ele>257.000000</ele>
				<time>2025-04-04T06:36:14Z</time>
			</trkpt>
			<trkpt lat="22.640074" lon="114.329439">
				<speed>1.331809</speed>
				<ele>256.000000</ele>
				<time>2025-04-04T06:36:23Z</time>
			</trkpt>
			<trkpt lat="22.640145" lon="114.329369">
				<speed>1.453921</speed>
				<ele>255.000000</ele>
				<time>2025-04-04T06:36:30Z</time>
			</trkpt>
			<trkpt lat="22.640235" lon="114.329322">
				<speed>1.384119</speed>
				<ele>256.000000</ele>
				<time>2025-04-04T06:36:39Z</time>
			</trkpt>
			<trkpt lat="22.640309" lon="114.329263">
				<speed>1.413098</speed>
				<ele>256.000000</ele>
				<time>2025-04-04T06:36:46Z</time>
			</trkpt>
			<trkpt lat="22.640399" lon="114.329208">
				<speed>1.394888</speed>
				<ele>257.000000</ele>
				<time>2025-04-04T06:36:53Z</time>
			</trkpt>
			<trkpt lat="22.640477" lon="114.329147">
				<speed>1.119101</speed>
				<ele>257.000000</ele>
				<time>2025-04-04T06:37:03Z</time>
			</trkpt>
			<trkpt lat="22.640553" lon="114.329093">
				<speed>1.294619</speed>
				<ele>259.000000</ele>
				<time>2025-04-04T06:37:10Z</time>
			</trkpt>
			<trkpt lat="22.640626" lon="114.329024">
				<speed>1.247283</speed>
				<ele>262.000000</ele>
				<time>2025-04-04T06:37:17Z</time>
			</trkpt>
			<trkpt lat="22.640705" lon="114.328960">
				<speed>1.388518</speed>
				<ele>260.000000</ele>
				<time>2025-04-04T06:37:25Z</time>
			</trkpt>
			<trkpt lat="22.640803" lon="114.328929">
				<speed>1.360805</speed>
				<ele>261.000000</ele>
				<time>2025-04-04T06:37:33Z</time>
			</trkpt>
			<trkpt lat="22.640894" lon="114.328890">
				<speed>1.073458</speed>
				<ele>261.000000</ele>
				<time>2025-04-04T06:37:41Z</time>
			</trkpt>
			<trkpt lat="22.640986" lon="114.328893">
				<speed>1.080232</speed>
				<ele>261.000000</ele>
				<time>2025-04-04T06:37:50Z</time>
			</trkpt>
			<trkpt lat="22.641081" lon="114.328895">
				<speed>1.329551</speed>
				<ele>259.000000</ele>
				<time>2025-04-04T06:37:58Z</time>
			</trkpt>
			<trkpt lat="22.641175" lon="114.328912">
				<speed>0.779164</speed>
				<ele>259.000000</ele>
				<time>2025-04-04T06:38:06Z</time>
			</trkpt>
			<trkpt lat="22.641263" lon="114.328946">
				<speed>0.898217</speed>
				<ele>258.000000</ele>
				<time>2025-04-04T06:38:18Z</time>
			</trkpt>
			<trkpt lat="22.641329" lon="114.329026">
				<speed>1.407149</speed>
				<ele>261.000000</ele>
				<time>2025-04-04T06:38:25Z</time>
			</trkpt>
			<trkpt lat="22.641377" lon="114.329115">
				<speed>1.098942</speed>
				<ele>260.000000</ele>
				<time>2025-04-04T06:38:33Z</time>
			</trkpt>
			<trkpt lat="22.641423" lon="114.329212">
				<speed>1.187801</speed>
				<ele>259.000000</ele>
				<time>2025-04-04T06:38:44Z</time>
			</trkpt>
			<trkpt lat="22.641459" lon="114.329307">
				<speed>1.013444</speed>
				<ele>259.000000</ele>
				<time>2025-04-04T06:38:58Z</time>
			</trkpt>
			<trkpt lat="22.641460" lon="114.329427">
				<speed>1.707085</speed>
				<ele>260.000000</ele>
				<time>2025-04-04T06:39:06Z</time>
			</trkpt>
			<trkpt lat="22.641496" lon="114.329523">
				<speed>1.257974</speed>
				<ele>262.000000</ele>
				<time>2025-04-04T06:39:14Z</time>
			</trkpt>
			<trkpt lat="22.641560" lon="114.329599">
				<speed>1.052580</speed>
				<ele>264.000000</ele>
				<time>2025-04-04T06:39:23Z</time>
			</trkpt>
			<trkpt lat="22.641627" lon="114.329674">
				<speed>1.143220</speed>
				<ele>263.000000</ele>
				<time>2025-04-04T06:39:32Z</time>
			</trkpt>
			<trkpt lat="22.641571" lon="114.329589">
				<speed>1.404350</speed>
				<ele>264.000000</ele>
				<time>2025-04-04T06:39:52Z</time>
			</trkpt>
			<trkpt lat="22.641505" lon="114.329513">
				<speed>1.638588</speed>
				<ele>263.000000</ele>
				<time>2025-04-04T06:40:01Z</time>
			</trkpt>
			<trkpt lat="22.641475" lon="114.329420">
				<speed>1.421573</speed>
				<ele>264.000000</ele>
				<time>2025-04-04T06:40:10Z</time>
			</trkpt>
			<trkpt lat="22.641479" lon="114.329321">
				<speed>1.287636</speed>
				<ele>267.000000</ele>
				<time>2025-04-04T06:40:17Z</time>
			</trkpt>
			<trkpt lat="22.641441" lon="114.329231">
				<speed>1.020805</speed>
				<ele>265.000000</ele>
				<time>2025-04-04T06:40:24Z</time>
			</trkpt>
			<trkpt lat="22.641397" lon="114.329144">
				<speed>1.160829</speed>
				<ele>262.000000</ele>
				<time>2025-04-04T06:40:33Z</time>
			</trkpt>
			<trkpt lat="22.641350" lon="114.329051">
				<speed>1.516742</speed>
				<ele>261.000000</ele>
				<time>2025-04-04T06:40:41Z</time>
			</trkpt>
			<trkpt lat="22.641287" lon="114.328971">
				<speed>1.109224</speed>
				<ele>259.000000</ele>
				<time>2025-04-04T06:40:50Z</time>
			</trkpt>
			<trkpt lat="22.641193" lon="114.328938">
				<speed>1.390304</speed>
				<ele>258.000000</ele>
				<time>2025-04-04T06:40:57Z</time>
			</trkpt>
			<trkpt lat="22.641101" lon="114.328928">
				<speed>1.516501</speed>
				<ele>258.000000</ele>
				<time>2025-04-04T06:41:04Z</time>
			</trkpt>
			<trkpt lat="22.641007" lon="114.328918">
				<speed>1.395049</speed>
				<ele>260.000000</ele>
				<time>2025-04-04T06:41:11Z</time>
			</trkpt>
			<trkpt lat="22.640914" lon="114.328890">
				<speed>1.415513</speed>
				<ele>260.000000</ele>
				<time>2025-04-04T06:41:18Z</time>
			</trkpt>
			<trkpt lat="22.640908" lon="114.328786">
				<speed>1.195277</speed>
				<ele>258.000000</ele>
				<time>2025-04-04T06:41:26Z</time>
			</trkpt>
			<trkpt lat="22.640963" lon="114.328709">
				<speed>0.875804</speed>
				<ele>258.000000</ele>
				<time>2025-04-04T06:41:35Z</time>
			</trkpt>
			<trkpt lat="22.641023" lon="114.328629">
				<speed>1.360511</speed>
				<ele>259.000000</ele>
				<time>2025-04-04T06:41:42Z</time>
			</trkpt>
			<trkpt lat="22.641101" lon="114.328562">
				<speed>1.360210</speed>
				<ele>262.000000</ele>
				<time>2025-04-04T06:41:50Z</time>
			</trkpt>
			<trkpt lat="22.641173" lon="114.328494">
				<speed>0.844290</speed>
				<ele>265.000000</ele>
				<time>2025-04-04T06:41:59Z</time>
			</trkpt>
			<trkpt lat="22.641246" lon="114.328435">
				<speed>1.348820</speed>
				<ele>268.000000</ele>
				<time>2025-04-04T06:42:06Z</time>
			</trkpt>
			<trkpt lat="22.641314" lon="114.328356">
				<speed>0.969285</speed>
				<ele>269.000000</ele>
				<time>2025-04-04T06:42:15Z</time>
			</trkpt>
			<trkpt lat="22.641400" lon="114.328316">
				<speed>1.116436</speed>
				<ele>270.000000</ele>
				<time>2025-04-04T06:42:22Z</time>
			</trkpt>
			<trkpt lat="22.641494" lon="114.328301">
				<speed>1.515797</speed>
				<ele>266.000000</ele>
				<time>2025-04-04T06:42:30Z</time>
			</trkpt>
			<trkpt lat="22.641567" lon="114.328237">
				<speed>1.302395</speed>
				<ele>261.000000</ele>
				<time>2025-04-04T06:42:38Z</time>
			</trkpt>
			<trkpt lat="22.641629" lon="114.328150">
				<speed>1.208351</speed>
				<ele>261.000000</ele>
				<time>2025-04-04T06:42:47Z</time>
			</trkpt>
			<trkpt lat="22.641715" lon="114.328092">
				<speed>1.301168</speed>
				<ele>262.000000</ele>
				<time>2025-04-04T06:42:56Z</time>
			</trkpt>
			<trkpt lat="22.641813" lon="114.328082">
				<speed>1.292275</speed>
				<ele>261.000000</ele>
				<time>2025-04-04T06:43:06Z</time>
			</trkpt>
			<trkpt lat="22.641906" lon="114.328114">
				<speed>1.205526</speed>
				<ele>261.000000</ele>
				<time>2025-04-04T06:43:16Z</time>
			</trkpt>
			<trkpt lat="22.642007" lon="114.328120">
				<speed>1.403874</speed>
				<ele>261.000000</ele>
				<time>2025-04-04T06:43:24Z</time>
			</trkpt>
			<trkpt lat="22.642101" lon="114.328108">
				<speed>1.133483</speed>
				<ele>261.000000</ele>
				<time>2025-04-04T06:43:32Z</time>
			</trkpt>
			<trkpt lat="22.642198" lon="114.328076">
				<speed>1.074880</speed>
				<ele>260.000000</ele>
				<time>2025-04-04T06:43:42Z</time>
			</trkpt>
			<trkpt lat="22.642278" lon="114.328022">
				<speed>1.396635</speed>
				<ele>259.000000</ele>
				<time>2025-04-04T06:43:50Z</time>
			</trkpt>
			<trkpt lat="22.642373" lon="114.327977">
				<speed>1.353824</speed>
				<ele>259.000000</ele>
				<time>2025-04-04T06:43:59Z</time>
			</trkpt>
			<trkpt lat="22.642470" lon="114.327952">
				<speed>1.377427</speed>
				<ele>259.000000</ele>
				<time>2025-04-04T06:44:08Z</time>
			</trkpt>
			<trkpt lat="22.642553" lon="114.327904">
				<speed>1.320412</speed>
				<ele>259.000000</ele>
				<time>2025-04-04T06:44:16Z</time>
			</trkpt>
			<trkpt lat="22.642645" lon="114.327889">
				<speed>1.016622</speed>
				<ele>261.000000</ele>
				<time>2025-04-04T06:44:25Z</time>
			</trkpt>
			<trkpt lat="22.642744" lon="114.327907">
				<speed>1.362555</speed>
				<ele>262.000000</ele>
				<time>2025-04-04T06:44:32Z</time>
			</trkpt>
			<trkpt lat="22.642836" lon="114.327900">
				<speed>1.572316</speed>
				<ele>261.000000</ele>
				<time>2025-04-04T06:44:40Z</time>
			</trkpt>
			<trkpt lat="22.642933" lon="114.327876">
				<speed>1.314848</speed>
				<ele>261.000000</ele>
				<time>2025-04-04T06:44:50Z</time>
			</trkpt>
			<trkpt lat="22.643029" lon="114.327866">
				<speed>1.473362</speed>
				<ele>262.000000</ele>
				<time>2025-04-04T06:44:58Z</time>
			</trkpt>
			<trkpt lat="22.643128" lon="114.327858">
				<speed>1.245672</speed>
				<ele>264.000000</ele>
				<time>2025-04-04T06:45:07Z</time>
			</trkpt>
			<trkpt lat="22.643219" lon="114.327831">
				<speed>1.104014</speed>
				<ele>264.000000</ele>
				<time>2025-04-04T06:45:15Z</time>
			</trkpt>
			<trkpt lat="22.643316" lon="114.327830">
				<speed>1.143106</speed>
				<ele>263.000000</ele>
				<time>2025-04-04T06:45:23Z</time>
			</trkpt>
			<trkpt lat="22.643408" lon="114.327849">
				<speed>1.299423</speed>
				<ele>265.000000</ele>
				<time>2025-04-04T06:45:31Z</time>
			</trkpt>
			<trkpt lat="22.643497" lon="114.327874">
				<speed>1.084470</speed>
				<ele>266.000000</ele>
				<time>2025-04-04T06:45:39Z</time>
			</trkpt>
			<trkpt lat="22.643585" lon="114.327902">
				<speed>1.195869</speed>
				<ele>266.000000</ele>
				<time>2025-04-04T06:45:48Z</time>
			</trkpt>
			<trkpt lat="22.643682" lon="114.327882">
				<speed>1.179225</speed>
				<ele>266.000000</ele>
				<time>2025-04-04T06:45:57Z</time>
			</trkpt>
			<trkpt lat="22.643775" lon="114.327860">
				<speed>1.000943</speed>
				<ele>266.000000</ele>
				<time>2025-04-04T06:46:06Z</time>
			</trkpt>
			<trkpt lat="22.643866" lon="114.327819">
				<speed>1.411761</speed>
				<ele>266.000000</ele>
				<time>2025-04-04T06:46:14Z</time>
			</trkpt>
			<trkpt lat="22.643962" lon="114.327787">
				<speed>1.424903</speed>
				<ele>268.000000</ele>
				<time>2025-04-04T06:46:24Z</time>
			</trkpt>
			<trkpt lat="22.644056" lon="114.327774">
				<speed>0.919214</speed>
				<ele>271.000000</ele>
				<time>2025-04-04T06:46:32Z</time>
			</trkpt>
			<trkpt lat="22.644148" lon="114.327759">
				<speed>1.251520</speed>
				<ele>272.000000</ele>
				<time>2025-04-04T06:46:40Z</time>
			</trkpt>
			<trkpt lat="22.644246" lon="114.327752">
				<speed>1.285323</speed>
				<ele>273.000000</ele>
				<time>2025-04-04T06:46:48Z</time>
			</trkpt>
			<trkpt lat="22.644338" lon="114.327758">
				<speed>1.277586</speed>
				<ele>274.000000</ele>
				<time>2025-04-04T06:46:55Z</time>
			</trkpt>
			<trkpt lat="22.644435" lon="114.327750">
				<speed>1.045284</speed>
				<ele>274.000000</ele>
				<time>2025-04-04T06:47:05Z</time>
			</trkpt>
			<trkpt lat="22.644535" lon="114.327737">
				<speed>1.444727</speed>
				<ele>274.000000</ele>
				<time>2025-04-04T06:47:14Z</time>
			</trkpt>
			<trkpt lat="22.644631" lon="114.327737">
				<speed>1.113323</speed>
				<ele>275.000000</ele>
				<time>2025-04-04T06:47:23Z</time>
			</trkpt>
			<trkpt lat="22.644722" lon="114.327754">
				<speed>1.091384</speed>
				<ele>275.000000</ele>
				<time>2025-04-04T06:47:31Z</time>
			</trkpt>
			<trkpt lat="22.644820" lon="114.327780">
				<speed>1.182891</speed>
				<ele>274.000000</ele>
				<time>2025-04-04T06:47:40Z</time>
			</trkpt>
			<trkpt lat="22.644917" lon="114.327795">
				<speed>0.878925</speed>
				<ele>273.000000</ele>
				<time>2025-04-04T06:47:50Z</time>
			</trkpt>
			<trkpt lat="22.645017" lon="114.327796">
				<speed>0.948339</speed>
				<ele>273.000000</ele>
				<time>2025-04-04T06:48:00Z</time>
			</trkpt>
			<trkpt lat="22.645106" lon="114.327744">
				<speed>1.422050</speed>
				<ele>274.000000</ele>
				<time>2025-04-04T06:48:08Z</time>
			</trkpt>
			<trkpt lat="22.645188" lon="114.327695">
				<speed>0.598251</speed>
				<ele>273.000000</ele>
				<time>2025-04-04T06:48:16Z</time>
			</trkpt>
			<trkpt lat="22.645296" lon="114.327701">
				<speed>1.483240</speed>
				<ele>272.000000</ele>
				<time>2025-04-04T06:48:27Z</time>
			</trkpt>
			<trkpt lat="22.645387" lon="114.327727">
				<speed>0.797392</speed>
				<ele>270.000000</ele>
				<time>2025-04-04T06:48:37Z</time>
			</trkpt>
			<trkpt lat="22.645472" lon="114.327775">
				<speed>0.999848</speed>
				<ele>273.000000</ele>
				<time>2025-04-04T06:48:47Z</time>
			</trkpt>
			<trkpt lat="22.645523" lon="114.327864">
				<speed>0.674497</speed>
				<ele>273.000000</ele>
				<time>2025-04-04T06:48:58Z</time>
			</trkpt>
			<trkpt lat="22.645580" lon="114.327961">
				<speed>1.192522</speed>
				<ele>279.000000</ele>
				<time>2025-04-04T06:49:08Z</time>
			</trkpt>
			<trkpt lat="22.645661" lon="114.328019">
				<speed>0.666486</speed>
				<ele>286.000000</ele>
				<time>2025-04-04T06:49:21Z</time>
			</trkpt>
			<trkpt lat="22.645751" lon="114.328004">
				<speed>0.570025</speed>
				<ele>285.000000</ele>
				<time>2025-04-04T06:49:29Z</time>
			</trkpt>
			<trkpt lat="22.645845" lon="114.327976">
				<speed>1.312819</speed>
				<ele>284.000000</ele>
				<time>2025-04-04T06:49:35Z</time>
			</trkpt>
			<trkpt lat="22.645934" lon="114.327934">
				<speed>0.843190</speed>
				<ele>285.000000</ele>
				<time>2025-04-04T06:49:44Z</time>
			</trkpt>
			<trkpt lat="22.646007" lon="114.327871">
				<speed>0.562197</speed>
				<ele>282.000000</ele>
				<time>2025-04-04T06:49:53Z</time>
			</trkpt>
			<trkpt lat="22.646075" lon="114.327795">
				<speed>1.178625</speed>
				<ele>282.000000</ele>
				<time>2025-04-04T06:50:03Z</time>
			</trkpt>
			<trkpt lat="22.646154" lon="114.327733">
				<speed>1.200295</speed>
				<ele>283.000000</ele>
				<time>2025-04-04T06:50:12Z</time>
			</trkpt>
			<trkpt lat="22.646242" lon="114.327691">
				<speed>1.509500</speed>
				<ele>280.000000</ele>
				<time>2025-04-04T06:50:20Z</time>
			</trkpt>
			<trkpt lat="22.646329" lon="114.327652">
				<speed>0.832875</speed>
				<ele>281.000000</ele>
				<time>2025-04-04T06:50:31Z</time>
			</trkpt>
			<trkpt lat="22.646416" lon="114.327598">
				<speed>1.215962</speed>
				<ele>282.000000</ele>
				<time>2025-04-04T06:50:39Z</time>
			</trkpt>
			<trkpt lat="22.646517" lon="114.327589">
				<speed>0.802346</speed>
				<ele>280.000000</ele>
				<time>2025-04-04T06:50:47Z</time>
			</trkpt>
			<trkpt lat="22.646614" lon="114.327563">
				<speed>0.851170</speed>
				<ele>279.000000</ele>
				<time>2025-04-04T06:50:54Z</time>
			</trkpt>
			<trkpt lat="22.646658" lon="114.327472">
				<speed>1.037448</speed>
				<ele>280.000000</ele>
				<time>2025-04-04T06:51:02Z</time>
			</trkpt>
			<trkpt lat="22.646646" lon="114.327367">
				<speed>1.105516</speed>
				<ele>282.000000</ele>
				<time>2025-04-04T06:51:11Z</time>
			</trkpt>
			<trkpt lat="22.646626" lon="114.327268">
				<speed>0.671738</speed>
				<ele>282.000000</ele>
				<time>2025-04-04T06:51:21Z</time>
			</trkpt>
			<trkpt lat="22.646670" lon="114.327177">
				<speed>0.641521</speed>
				<ele>284.000000</ele>
				<time>2025-04-04T06:51:59Z</time>
			</trkpt>
			<trkpt lat="22.646738" lon="114.327111">
				<speed>0.699886</speed>
				<ele>279.000000</ele>
				<time>2025-04-04T06:52:12Z</time>
			</trkpt>
			<trkpt lat="22.646811" lon="114.327052">
				<speed>0.364193</speed>
				<ele>281.000000</ele>
				<time>2025-04-04T06:52:29Z</time>
			</trkpt>
			<trkpt lat="22.646894" lon="114.327012">
				<speed>0.628768</speed>
				<ele>283.000000</ele>
				<time>2025-04-04T06:52:43Z</time>
			</trkpt>
			<trkpt lat="22.646916" lon="114.326908">
				<speed>1.058399</speed>
				<ele>289.000000</ele>
				<time>2025-04-04T06:53:17Z</time>
			</trkpt>
			<trkpt lat="22.646894" lon="114.326812">
				<speed>0.543301</speed>
				<ele>296.000000</ele>
				<time>2025-04-04T06:53:34Z</time>
			</trkpt>
			<trkpt lat="22.646957" lon="114.326741">
				<speed>0.197620</speed>
				<ele>299.000000</ele>
				<time>2025-04-04T06:53:49Z</time>
			</trkpt>
			<trkpt lat="22.647013" lon="114.326660">
				<speed>0.936245</speed>
				<ele>302.000000</ele>
				<time>2025-04-04T06:53:59Z</time>
			</trkpt>
			<trkpt lat="22.647085" lon="114.326600">
				<speed>0.208588</speed>
				<ele>303.000000</ele>
				<time>2025-04-04T06:54:22Z</time>
			</trkpt>
			<trkpt lat="22.647170" lon="114.326551">
				<speed>0.439933</speed>
				<ele>306.000000</ele>
				<time>2025-04-04T06:54:37Z</time>
			</trkpt>
			<trkpt lat="22.647258" lon="114.326529">
				<speed>0.069122</speed>
				<ele>312.000000</ele>
				<time>2025-04-04T06:55:22Z</time>
			</trkpt>
			<trkpt lat="22.647349" lon="114.326506">
				<speed>0.026216</speed>
				<ele>315.000000</ele>
				<time>2025-04-04T06:55:52Z</time>
			</trkpt>
			<trkpt lat="22.647364" lon="114.326407">
				<speed>0.953820</speed>
				<ele>314.000000</ele>
				<time>2025-04-04T06:58:18Z</time>
			</trkpt>
			<trkpt lat="22.647426" lon="114.326332">
				<speed>0.512530</speed>
				<ele>327.000000</ele>
				<time>2025-04-04T06:58:41Z</time>
			</trkpt>
			<trkpt lat="22.647461" lon="114.326233">
				<speed>1.147161</speed>
				<ele>331.000000</ele>
				<time>2025-04-04T06:58:50Z</time>
			</trkpt>
			<trkpt lat="22.647498" lon="114.326142">
				<speed>0.156794</speed>
				<ele>335.000000</ele>
				<time>2025-04-04T06:59:06Z</time>
			</trkpt>
			<trkpt lat="22.647591" lon="114.326085">
				<speed>2.091568</speed>
				<ele>336.000000</ele>
				<time>2025-04-04T06:59:17Z</time>
			</trkpt>
			<trkpt lat="22.647679" lon="114.326051">
				<speed>0.669619</speed>
				<ele>337.000000</ele>
				<time>2025-04-04T07:00:09Z</time>
			</trkpt>
			<trkpt lat="22.647770" lon="114.326022">
				<speed>0.844188</speed>
				<ele>337.000000</ele>
				<time>2025-04-04T07:00:16Z</time>
			</trkpt>
			<trkpt lat="22.647831" lon="114.325939">
				<speed>0.633347</speed>
				<ele>336.000000</ele>
				<time>2025-04-04T07:00:33Z</time>
			</trkpt>
			<trkpt lat="22.647863" lon="114.325848">
				<speed>0.729623</speed>
				<ele>341.000000</ele>
				<time>2025-04-04T07:00:47Z</time>
			</trkpt>
			<trkpt lat="22.647940" lon="114.325778">
				<speed>0.671238</speed>
				<ele>341.000000</ele>
				<time>2025-04-04T07:01:11Z</time>
			</trkpt>
			<trkpt lat="22.648014" lon="114.325716">
				<speed>0.344042</speed>
				<ele>343.000000</ele>
				<time>2025-04-04T07:01:24Z</time>
			</trkpt>
			<trkpt lat="22.648094" lon="114.325652">
				<speed>0.452927</speed>
				<ele>341.000000</ele>
				<time>2025-04-04T07:01:38Z</time>
			</trkpt>
			<trkpt lat="22.648133" lon="114.325554">
				<speed>0.786438</speed>
				<ele>337.000000</ele>
				<time>2025-04-04T07:01:52Z</time>
			</trkpt>
			<trkpt lat="22.648207" lon="114.325490">
				<speed>0.547444</speed>
				<ele>334.000000</ele>
				<time>2025-04-04T07:02:10Z</time>
			</trkpt>
			<trkpt lat="22.648278" lon="114.325422">
				<speed>0.844152</speed>
				<ele>331.000000</ele>
				<time>2025-04-04T07:02:26Z</time>
			</trkpt>
			<trkpt lat="22.648345" lon="114.325350">
				<speed>0.846879</speed>
				<ele>330.000000</ele>
				<time>2025-04-04T07:02:39Z</time>
			</trkpt>
			<trkpt lat="22.648370" lon="114.325254">
				<speed>0.689314</speed>
				<ele>328.000000</ele>
				<time>2025-04-04T07:02:54Z</time>
			</trkpt>
			<trkpt lat="22.648357" lon="114.325146">
				<speed>0.948717</speed>
				<ele>326.000000</ele>
				<time>2025-04-04T07:03:04Z</time>
			</trkpt>
			<trkpt lat="22.648306" lon="114.325064">
				<speed>0.570711</speed>
				<ele>331.000000</ele>
				<time>2025-04-04T07:03:16Z</time>
			</trkpt>
			<trkpt lat="22.648275" lon="114.324969">
				<speed>0.922751</speed>
				<ele>331.000000</ele>
				<time>2025-04-04T07:03:27Z</time>
			</trkpt>
			<trkpt lat="22.648240" lon="114.324869">
				<speed>0.895532</speed>
				<ele>331.000000</ele>
				<time>2025-04-04T07:03:43Z</time>
			</trkpt>
			<trkpt lat="22.648248" lon="114.324765">
				<speed>0.836535</speed>
				<ele>331.000000</ele>
				<time>2025-04-04T07:03:54Z</time>
			</trkpt>
			<trkpt lat="22.648235" lon="114.324668">
				<speed>0.637410</speed>
				<ele>328.000000</ele>
				<time>2025-04-04T07:04:04Z</time>
			</trkpt>
			<trkpt lat="22.648237" lon="114.324565">
				<speed>1.025376</speed>
				<ele>322.000000</ele>
				<time>2025-04-04T07:04:15Z</time>
			</trkpt>
			<trkpt lat="22.648221" lon="114.324468">
				<speed>0.909700</speed>
				<ele>321.000000</ele>
				<time>2025-04-04T07:04:25Z</time>
			</trkpt>
			<trkpt lat="22.648260" lon="114.324378">
				<speed>0.434859</speed>
				<ele>323.000000</ele>
				<time>2025-04-04T07:04:35Z</time>
			</trkpt>
			<trkpt lat="22.648298" lon="114.324290">
				<speed>0.658048</speed>
				<ele>322.000000</ele>
				<time>2025-04-04T07:04:46Z</time>
			</trkpt>
			<trkpt lat="22.648384" lon="114.324241">
				<speed>1.024444</speed>
				<ele>319.000000</ele>
				<time>2025-04-04T07:04:58Z</time>
			</trkpt>
			<trkpt lat="22.648447" lon="114.324166">
				<speed>1.098576</speed>
				<ele>319.000000</ele>
				<time>2025-04-04T07:05:10Z</time>
			</trkpt>
			<trkpt lat="22.648520" lon="114.324106">
				<speed>0.639810</speed>
				<ele>319.000000</ele>
				<time>2025-04-04T07:05:21Z</time>
			</trkpt>
			<trkpt lat="22.648618" lon="114.324101">
				<speed>0.909799</speed>
				<ele>318.000000</ele>
				<time>2025-04-04T07:05:31Z</time>
			</trkpt>
			<trkpt lat="22.648704" lon="114.324066">
				<speed>1.088729</speed>
				<ele>316.000000</ele>
				<time>2025-04-04T07:05:42Z</time>
			</trkpt>
			<trkpt lat="22.648776" lon="114.324003">
				<speed>1.243508</speed>
				<ele>316.000000</ele>
				<time>2025-04-04T07:05:52Z</time>
			</trkpt>
			<trkpt lat="22.648746" lon="114.323907">
				<speed>0.840865</speed>
				<ele>315.000000</ele>
				<time>2025-04-04T07:06:02Z</time>
			</trkpt>
			<trkpt lat="22.648771" lon="114.323812">
				<speed>1.025625</speed>
				<ele>312.000000</ele>
				<time>2025-04-04T07:06:15Z</time>
			</trkpt>
			<trkpt lat="22.648792" lon="114.323706">
				<speed>1.147133</speed>
				<ele>309.000000</ele>
				<time>2025-04-04T07:06:25Z</time>
			</trkpt>
			<trkpt lat="22.648764" lon="114.323601">
				<speed>1.210456</speed>
				<ele>309.000000</ele>
				<time>2025-04-04T07:06:33Z</time>
			</trkpt>
			<trkpt lat="22.648848" lon="114.323544">
				<speed>1.702030</speed>
				<ele>306.000000</ele>
				<time>2025-04-04T07:06:44Z</time>
			</trkpt>
			<trkpt lat="22.648947" lon="114.323545">
				<speed>1.660687</speed>
				<ele>301.000000</ele>
				<time>2025-04-04T07:06:58Z</time>
			</trkpt>
			<trkpt lat="22.649020" lon="114.323611">
				<speed>0.872599</speed>
				<ele>310.000000</ele>
				<time>2025-04-04T07:07:11Z</time>
			</trkpt>
			<trkpt lat="22.649110" lon="114.323581">
				<speed>0.792838</speed>
				<ele>309.000000</ele>
				<time>2025-04-04T07:07:22Z</time>
			</trkpt>
			<trkpt lat="22.649201" lon="114.323562">
				<speed>1.351962</speed>
				<ele>306.000000</ele>
				<time>2025-04-04T07:07:34Z</time>
			</trkpt>
			<trkpt lat="22.649297" lon="114.323525">
				<speed>1.739298</speed>
				<ele>304.000000</ele>
				<time>2025-04-04T07:07:42Z</time>
			</trkpt>
			<trkpt lat="22.649298" lon="114.323416">
				<speed>0.917059</speed>
				<ele>304.000000</ele>
				<time>2025-04-04T07:07:53Z</time>
			</trkpt>
			<trkpt lat="22.649295" lon="114.323317">
				<speed>1.542973</speed>
				<ele>304.000000</ele>
				<time>2025-04-04T07:08:01Z</time>
			</trkpt>
			<trkpt lat="22.649329" lon="114.323223">
				<speed>0.915754</speed>
				<ele>306.000000</ele>
				<time>2025-04-04T07:08:12Z</time>
			</trkpt>
			<trkpt lat="22.649380" lon="114.323140">
				<speed>1.218944</speed>
				<ele>307.000000</ele>
				<time>2025-04-04T07:08:22Z</time>
			</trkpt>
			<trkpt lat="22.649441" lon="114.323056">
				<speed>1.029898</speed>
				<ele>306.000000</ele>
				<time>2025-04-04T07:08:31Z</time>
			</trkpt>
			<trkpt lat="22.649506" lon="114.322989">
				<speed>1.180488</speed>
				<ele>307.000000</ele>
				<time>2025-04-04T07:08:41Z</time>
			</trkpt>
			<trkpt lat="22.649552" lon="114.322903">
				<speed>1.119400</speed>
				<ele>307.000000</ele>
				<time>2025-04-04T07:08:51Z</time>
			</trkpt>
			<trkpt lat="22.649617" lon="114.322827">
				<speed>1.094080</speed>
				<ele>306.000000</ele>
				<time>2025-04-04T07:09:03Z</time>
			</trkpt>
			<trkpt lat="22.649691" lon="114.322752">
				<speed>1.272657</speed>
				<ele>304.000000</ele>
				<time>2025-04-04T07:09:14Z</time>
			</trkpt>
			<trkpt lat="22.649754" lon="114.322681">
				<speed>0.507412</speed>
				<ele>303.000000</ele>
				<time>2025-04-04T07:09:28Z</time>
			</trkpt>
			<trkpt lat="22.649811" lon="114.322602">
				<speed>0.734824</speed>
				<ele>301.000000</ele>
				<time>2025-04-04T07:09:44Z</time>
			</trkpt>
			<trkpt lat="22.649876" lon="114.322530">
				<speed>0.859086</speed>
				<ele>299.000000</ele>
				<time>2025-04-04T07:09:58Z</time>
			</trkpt>
			<trkpt lat="22.649934" lon="114.322453">
				<speed>0.802567</speed>
				<ele>304.000000</ele>
				<time>2025-04-04T07:10:13Z</time>
			</trkpt>
			<trkpt lat="22.649996" lon="114.322372">
				<speed>1.100822</speed>
				<ele>305.000000</ele>
				<time>2025-04-04T07:10:24Z</time>
			</trkpt>
			<trkpt lat="22.650073" lon="114.322313">
				<speed>0.601518</speed>
				<ele>300.000000</ele>
				<time>2025-04-04T07:10:41Z</time>
			</trkpt>
			<trkpt lat="22.650138" lon="114.322236">
				<speed>0.620167</speed>
				<ele>299.000000</ele>
				<time>2025-04-04T07:10:52Z</time>
			</trkpt>
			<trkpt lat="22.650153" lon="114.322132">
				<speed>0.931255</speed>
				<ele>297.000000</ele>
				<time>2025-04-04T07:11:03Z</time>
			</trkpt>
			<trkpt lat="22.650218" lon="114.322058">
				<speed>1.004215</speed>
				<ele>291.000000</ele>
				<time>2025-04-04T07:11:13Z</time>
			</trkpt>
			<trkpt lat="22.650263" lon="114.321968">
				<speed>0.550654</speed>
				<ele>286.000000</ele>
				<time>2025-04-04T07:11:25Z</time>
			</trkpt>
			<trkpt lat="22.650356" lon="114.321973">
				<speed>1.420223</speed>
				<ele>287.000000</ele>
				<time>2025-04-04T07:11:34Z</time>
			</trkpt>
			<trkpt lat="22.650412" lon="114.321890">
				<speed>0.600123</speed>
				<ele>285.000000</ele>
				<time>2025-04-04T07:11:47Z</time>
			</trkpt>
			<trkpt lat="22.650497" lon="114.321842">
				<speed>0.598979</speed>
				<ele>287.000000</ele>
				<time>2025-04-04T07:12:01Z</time>
			</trkpt>
			<trkpt lat="22.650578" lon="114.321789">
				<speed>0.583696</speed>
				<ele>289.000000</ele>
				<time>2025-04-04T07:12:11Z</time>
			</trkpt>
			<trkpt lat="22.650663" lon="114.321740">
				<speed>1.230385</speed>
				<ele>288.000000</ele>
				<time>2025-04-04T07:12:20Z</time>
			</trkpt>
			<trkpt lat="22.650760" lon="114.321712">
				<speed>0.820088</speed>
				<ele>289.000000</ele>
				<time>2025-04-04T07:12:30Z</time>
			</trkpt>
			<trkpt lat="22.650831" lon="114.321647">
				<speed>0.636798</speed>
				<ele>293.000000</ele>
				<time>2025-04-04T07:12:47Z</time>
			</trkpt>
			<trkpt lat="22.650879" lon="114.321564">
				<speed>0.222956</speed>
				<ele>290.000000</ele>
				<time>2025-04-04T07:13:18Z</time>
			</trkpt>
			<trkpt lat="22.650960" lon="114.321518">
				<speed>1.254950</speed>
				<ele>289.000000</ele>
				<time>2025-04-04T07:13:34Z</time>
			</trkpt>
			<trkpt lat="22.651038" lon="114.321461">
				<speed>0.925712</speed>
				<ele>293.000000</ele>
				<time>2025-04-04T07:13:46Z</time>
			</trkpt>
			<trkpt lat="22.651146" lon="114.321451">
				<speed>1.838133</speed>
				<ele>294.000000</ele>
				<time>2025-04-04T07:13:57Z</time>
			</trkpt>
			<trkpt lat="22.651237" lon="114.321471">
				<speed>1.252642</speed>
				<ele>298.000000</ele>
				<time>2025-04-04T07:14:07Z</time>
			</trkpt>
			<trkpt lat="22.651322" lon="114.321421">
				<speed>0.752283</speed>
				<ele>299.000000</ele>
				<time>2025-04-04T07:14:20Z</time>
			</trkpt>
			<trkpt lat="22.651409" lon="114.321388">
				<speed>0.465936</speed>
				<ele>302.000000</ele>
				<time>2025-04-04T07:14:45Z</time>
			</trkpt>
			<trkpt lat="22.651500" lon="114.321386">
				<speed>0.832985</speed>
				<ele>303.000000</ele>
				<time>2025-04-04T07:17:55Z</time>
			</trkpt>
			<trkpt lat="22.651582" lon="114.321336">
				<speed>2.024562</speed>
				<ele>304.000000</ele>
				<time>2025-04-04T07:18:02Z</time>
			</trkpt>
			<trkpt lat="22.651672" lon="114.321296">
				<speed>1.135494</speed>
				<ele>308.000000</ele>
				<time>2025-04-04T07:18:11Z</time>
			</trkpt>
			<trkpt lat="22.651773" lon="114.321244">
				<speed>2.999052</speed>
				<ele>311.000000</ele>
				<time>2025-04-04T07:18:18Z</time>
			</trkpt>
			<trkpt lat="22.651860" lon="114.321212">
				<speed>1.738390</speed>
				<ele>313.000000</ele>
				<time>2025-04-04T07:18:23Z</time>
			</trkpt>
			<trkpt lat="22.651922" lon="114.321127">
				<speed>1.883498</speed>
				<ele>316.000000</ele>
				<time>2025-04-04T07:18:33Z</time>
			</trkpt>
			<trkpt lat="22.652030" lon="114.321136">
				<speed>1.503879</speed>
				<ele>323.000000</ele>
				<time>2025-04-04T07:19:01Z</time>
			</trkpt>
			<trkpt lat="22.652127" lon="114.321122">
				<speed>0.979540</speed>
				<ele>327.000000</ele>
				<time>2025-04-04T07:19:15Z</time>
			</trkpt>
			<trkpt lat="22.652218" lon="114.321073">
				<speed>1.204460</speed>
				<ele>330.000000</ele>
				<time>2025-04-04T07:19:25Z</time>
			</trkpt>
			<trkpt lat="22.652308" lon="114.321058">
				<speed>0.000000</speed>
				<ele>331.000000</ele>
				<time>2025-04-04T07:20:55Z</time>
			</trkpt>
			<trkpt lat="22.652405" lon="114.321059">
				<speed>0.815812</speed>
				<ele>331.000000</ele>
				<time>2025-04-04T07:22:24Z</time>
			</trkpt>
			<trkpt lat="22.652491" lon="114.321091">
				<speed>0.493117</speed>
				<ele>336.000000</ele>
				<time>2025-04-04T07:22:43Z</time>
			</trkpt>
			<trkpt lat="22.652583" lon="114.321096">
				<speed>0.699381</speed>
				<ele>342.000000</ele>
				<time>2025-04-04T07:23:10Z</time>
			</trkpt>
			<trkpt lat="22.652674" lon="114.321093">
				<speed>0.568266</speed>
				<ele>344.000000</ele>
				<time>2025-04-04T07:23:35Z</time>
			</trkpt>
			<trkpt lat="22.652765" lon="114.321091">
				<speed>0.360476</speed>
				<ele>351.000000</ele>
				<time>2025-04-04T07:24:08Z</time>
			</trkpt>
			<trkpt lat="22.652860" lon="114.321088">
				<speed>0.853339</speed>
				<ele>351.000000</ele>
				<time>2025-04-04T07:24:48Z</time>
			</trkpt>
			<trkpt lat="22.652947" lon="114.321115">
				<speed>0.890556</speed>
				<ele>355.000000</ele>
				<time>2025-04-04T07:25:01Z</time>
			</trkpt>
			<trkpt lat="22.653037" lon="114.321138">
				<speed>1.346714</speed>
				<ele>358.000000</ele>
				<time>2025-04-04T07:25:12Z</time>
			</trkpt>
			<trkpt lat="22.653128" lon="114.321108">
				<speed>1.085870</speed>
				<ele>361.000000</ele>
				<time>2025-04-04T07:25:21Z</time>
			</trkpt>
			<trkpt lat="22.653211" lon="114.321068">
				<speed>0.826523</speed>
				<ele>364.000000</ele>
				<time>2025-04-04T07:25:37Z</time>
			</trkpt>
			<trkpt lat="22.653299" lon="114.321046">
				<speed>0.281394</speed>
				<ele>365.000000</ele>
				<time>2025-04-04T07:25:50Z</time>
			</trkpt>
			<trkpt lat="22.653388" lon="114.321026">
				<speed>0.600298</speed>
				<ele>370.000000</ele>
				<time>2025-04-04T07:26:04Z</time>
			</trkpt>
			<trkpt lat="22.653477" lon="114.321054">
				<speed>0.491675</speed>
				<ele>372.000000</ele>
				<time>2025-04-04T07:26:19Z</time>
			</trkpt>
			<trkpt lat="22.653554" lon="114.321114">
				<speed>0.949626</speed>
				<ele>372.000000</ele>
				<time>2025-04-04T07:26:42Z</time>
			</trkpt>
			<trkpt lat="22.653639" lon="114.321172">
				<speed>1.238262</speed>
				<ele>371.000000</ele>
				<time>2025-04-04T07:26:58Z</time>
			</trkpt>
			<trkpt lat="22.653693" lon="114.321251">
				<speed>0.403604</speed>
				<ele>373.000000</ele>
				<time>2025-04-04T07:27:09Z</time>
			</trkpt>
			<trkpt lat="22.653784" lon="114.321298">
				<speed>0.862891</speed>
				<ele>375.000000</ele>
				<time>2025-04-04T07:27:23Z</time>
			</trkpt>
			<trkpt lat="22.653869" lon="114.321362">
				<speed>1.383721</speed>
				<ele>376.000000</ele>
				<time>2025-04-04T07:27:35Z</time>
			</trkpt>
			<trkpt lat="22.653947" lon="114.321420">
				<speed>0.532981</speed>
				<ele>376.000000</ele>
				<time>2025-04-04T07:27:50Z</time>
			</trkpt>
			<trkpt lat="22.654039" lon="114.321456">
				<speed>0.884067</speed>
				<ele>381.000000</ele>
				<time>2025-04-04T07:28:04Z</time>
			</trkpt>
			<trkpt lat="22.654097" lon="114.321542">
				<speed>1.144776</speed>
				<ele>381.000000</ele>
				<time>2025-04-04T07:28:16Z</time>
			</trkpt>
			<trkpt lat="22.654183" lon="114.321580">
				<speed>0.877931</speed>
				<ele>381.000000</ele>
				<time>2025-04-04T07:28:25Z</time>
			</trkpt>
			<trkpt lat="22.654277" lon="114.321566">
				<speed>0.949594</speed>
				<ele>383.000000</ele>
				<time>2025-04-04T07:28:33Z</time>
			</trkpt>
			<trkpt lat="22.654367" lon="114.321545">
				<speed>0.503000</speed>
				<ele>387.000000</ele>
				<time>2025-04-04T07:28:43Z</time>
			</trkpt>
			<trkpt lat="22.654464" lon="114.321554">
				<speed>0.929526</speed>
				<ele>389.000000</ele>
				<time>2025-04-04T07:28:53Z</time>
			</trkpt>
			<trkpt lat="22.654564" lon="114.321607">
				<speed>2.166050</speed>
				<ele>385.000000</ele>
				<time>2025-04-04T07:29:05Z</time>
			</trkpt>
			<trkpt lat="22.654656" lon="114.321641">
				<speed>1.207758</speed>
				<ele>384.000000</ele>
				<time>2025-04-04T07:29:15Z</time>
			</trkpt>
			<trkpt lat="22.654736" lon="114.321709">
				<speed>0.961535</speed>
				<ele>388.000000</ele>
				<time>2025-04-04T07:29:26Z</time>
			</trkpt>
			<trkpt lat="22.654833" lon="114.321725">
				<speed>0.627519</speed>
				<ele>393.000000</ele>
				<time>2025-04-04T07:29:38Z</time>
			</trkpt>
			<trkpt lat="22.654922" lon="114.321756">
				<speed>1.113655</speed>
				<ele>392.000000</ele>
				<time>2025-04-04T07:29:52Z</time>
			</trkpt>
			<trkpt lat="22.655015" lon="114.321793">
				<speed>0.721045</speed>
				<ele>389.000000</ele>
				<time>2025-04-04T07:30:10Z</time>
			</trkpt>
			<trkpt lat="22.655112" lon="114.321788">
				<speed>0.675585</speed>
				<ele>393.000000</ele>
				<time>2025-04-04T07:30:27Z</time>
			</trkpt>
			<trkpt lat="22.655192" lon="114.321842">
				<speed>0.571195</speed>
				<ele>397.000000</ele>
				<time>2025-04-04T07:30:42Z</time>
			</trkpt>
			<trkpt lat="22.655285" lon="114.321881">
				<speed>0.908539</speed>
				<ele>399.000000</ele>
				<time>2025-04-04T07:30:54Z</time>
			</trkpt>
			<trkpt lat="22.655359" lon="114.321964">
				<speed>1.162497</speed>
				<ele>400.000000</ele>
				<time>2025-04-04T07:37:40Z</time>
			</trkpt>
			<trkpt lat="22.655457" lon="114.321949">
				<speed>0.825208</speed>
				<ele>404.000000</ele>
				<time>2025-04-04T07:38:07Z</time>
			</trkpt>
			<trkpt lat="22.655496" lon="114.322050">
				<speed>0.999935</speed>
				<ele>411.000000</ele>
				<time>2025-04-04T07:38:19Z</time>
			</trkpt>
			<trkpt lat="22.655559" lon="114.322121">
				<speed>0.111872</speed>
				<ele>415.000000</ele>
				<time>2025-04-04T07:38:29Z</time>
			</trkpt>
			<trkpt lat="22.655650" lon="114.322131">
				<speed>0.599219</speed>
				<ele>419.000000</ele>
				<time>2025-04-04T07:39:23Z</time>
			</trkpt>
			<trkpt lat="22.655741" lon="114.322148">
				<speed>1.259219</speed>
				<ele>419.000000</ele>
				<time>2025-04-04T07:39:35Z</time>
			</trkpt>
			<trkpt lat="22.655765" lon="114.322245">
				<speed>0.728461</speed>
				<ele>423.000000</ele>
				<time>2025-04-04T07:39:59Z</time>
			</trkpt>
			<trkpt lat="22.655723" lon="114.322332">
				<speed>0.010822</speed>
				<ele>438.000000</ele>
				<time>2025-04-04T07:41:14Z</time>
			</trkpt>
			<trkpt lat="22.655662" lon="114.322259">
				<speed>0.087199</speed>
				<ele>418.000000</ele>
				<time>2025-04-04T07:44:42Z</time>
			</trkpt>
			<trkpt lat="22.655735" lon="114.322325">
				<speed>0.974327</speed>
				<ele>421.000000</ele>
				<time>2025-04-04T07:44:59Z</time>
			</trkpt>
			<trkpt lat="22.655774" lon="114.322424">
				<speed>1.233870</speed>
				<ele>423.000000</ele>
				<time>2025-04-04T07:45:13Z</time>
			</trkpt>
			<trkpt lat="22.655760" lon="114.322522">
				<speed>0.187754</speed>
				<ele>424.000000</ele>
				<time>2025-04-04T07:45:28Z</time>
			</trkpt>
			<trkpt lat="22.655734" lon="114.322623">
				<speed>1.451841</speed>
				<ele>420.000000</ele>
				<time>2025-04-04T07:45:38Z</time>
			</trkpt>
			<trkpt lat="22.655760" lon="114.322718">
				<speed>0.356571</speed>
				<ele>419.000000</ele>
				<time>2025-04-04T07:45:47Z</time>
			</trkpt>
			<trkpt lat="22.655765" lon="114.322818">
				<speed>0.773880</speed>
				<ele>419.000000</ele>
				<time>2025-04-04T07:45:56Z</time>
			</trkpt>
			<trkpt lat="22.655772" lon="114.322917">
				<speed>0.535066</speed>
				<ele>417.000000</ele>
				<time>2025-04-04T07:46:06Z</time>
			</trkpt>
			<trkpt lat="22.655822" lon="114.323005">
				<speed>0.951028</speed>
				<ele>416.000000</ele>
				<time>2025-04-04T07:46:16Z</time>
			</trkpt>
			<trkpt lat="22.655869" lon="114.323088">
				<speed>0.452831</speed>
				<ele>415.000000</ele>
				<time>2025-04-04T07:46:27Z</time>
			</trkpt>
			<trkpt lat="22.655881" lon="114.323195">
				<speed>0.985166</speed>
				<ele>411.000000</ele>
				<time>2025-04-04T07:46:37Z</time>
			</trkpt>
			<trkpt lat="22.655885" lon="114.323300">
				<speed>0.973426</speed>
				<ele>411.000000</ele>
				<time>2025-04-04T07:46:47Z</time>
			</trkpt>
			<trkpt lat="22.655906" lon="114.323404">
				<speed>1.000211</speed>
				<ele>410.000000</ele>
				<time>2025-04-04T07:46:55Z</time>
			</trkpt>
			<trkpt lat="22.655909" lon="114.323506">
				<speed>0.864566</speed>
				<ele>409.000000</ele>
				<time>2025-04-04T07:47:04Z</time>
			</trkpt>
			<trkpt lat="22.655948" lon="114.323598">
				<speed>0.732731</speed>
				<ele>410.000000</ele>
				<time>2025-04-04T07:47:14Z</time>
			</trkpt>
			<trkpt lat="22.656028" lon="114.323655">
				<speed>0.768832</speed>
				<ele>410.000000</ele>
				<time>2025-04-04T07:47:23Z</time>
			</trkpt>
			<trkpt lat="22.656100" lon="114.323714">
				<speed>0.832637</speed>
				<ele>413.000000</ele>
				<time>2025-04-04T07:47:32Z</time>
			</trkpt>
			<trkpt lat="22.656158" lon="114.323791">
				<speed>0.728357</speed>
				<ele>418.000000</ele>
				<time>2025-04-04T07:47:44Z</time>
			</trkpt>
			<trkpt lat="22.656226" lon="114.323859">
				<speed>0.688283</speed>
				<ele>417.000000</ele>
				<time>2025-04-04T07:47:53Z</time>
			</trkpt>
			<trkpt lat="22.656276" lon="114.323944">
				<speed>0.434321</speed>
				<ele>408.000000</ele>
				<time>2025-04-04T07:48:19Z</time>
			</trkpt>
			<trkpt lat="22.656271" lon="114.324043">
				<speed>0.697918</speed>
				<ele>406.000000</ele>
				<time>2025-04-04T07:48:37Z</time>
			</trkpt>
			<trkpt lat="22.656306" lon="114.324133">
				<speed>0.081922</speed>
				<ele>401.000000</ele>
				<time>2025-04-04T07:49:06Z</time>
			</trkpt>
			<trkpt lat="22.656308" lon="114.324231">
				<speed>0.417959</speed>
				<ele>395.000000</ele>
				<time>2025-04-04T07:49:42Z</time>
			</trkpt>
			<trkpt lat="22.656314" lon="114.324334">
				<speed>1.003550</speed>
				<ele>392.000000</ele>
				<time>2025-04-04T07:49:55Z</time>
			</trkpt>
			<trkpt lat="22.656330" lon="114.324432">
				<speed>1.023277</speed>
				<ele>392.000000</ele>
				<time>2025-04-04T07:50:04Z</time>
			</trkpt>
			<trkpt lat="22.656337" lon="114.324535">
				<speed>0.698995</speed>
				<ele>390.000000</ele>
				<time>2025-04-04T07:50:18Z</time>
			</trkpt>
			<trkpt lat="22.656391" lon="114.324614">
				<speed>0.273882</speed>
				<ele>383.000000</ele>
				<time>2025-04-04T07:51:09Z</time>
			</trkpt>
			<trkpt lat="22.656427" lon="114.324706">
				<speed>0.779931</speed>
				<ele>376.000000</ele>
				<time>2025-04-04T07:51:45Z</time>
			</trkpt>
			<trkpt lat="22.656477" lon="114.324789">
				<speed>0.013299</speed>
				<ele>371.000000</ele>
				<time>2025-04-04T07:52:27Z</time>
			</trkpt>
			<trkpt lat="22.656492" lon="114.324886">
				<speed>0.140893</speed>
				<ele>367.000000</ele>
				<time>2025-04-04T07:53:20Z</time>
			</trkpt>
			<trkpt lat="22.656503" lon="114.324985">
				<speed>0.753534</speed>
				<ele>363.000000</ele>
				<time>2025-04-04T07:53:41Z</time>
			</trkpt>
			<trkpt lat="22.656535" lon="114.325087">
				<speed>1.091021</speed>
				<ele>359.000000</ele>
				<time>2025-04-04T07:53:57Z</time>
			</trkpt>
			<trkpt lat="22.656543" lon="114.325193">
				<speed>0.704030</speed>
				<ele>351.000000</ele>
				<time>2025-04-04T07:54:20Z</time>
			</trkpt>
			<trkpt lat="22.656618" lon="114.325270">
				<speed>1.174074</speed>
				<ele>351.000000</ele>
				<time>2025-04-04T07:54:36Z</time>
			</trkpt>
			<trkpt lat="22.656690" lon="114.325347">
				<speed>1.557694</speed>
				<ele>348.000000</ele>
				<time>2025-04-04T07:54:46Z</time>
			</trkpt>
			<trkpt lat="22.656783" lon="114.325368">
				<speed>0.044166</speed>
				<ele>352.000000</ele>
				<time>2025-04-04T07:55:14Z</time>
			</trkpt>
			<trkpt lat="22.656843" lon="114.325441">
				<speed>0.264748</speed>
				<ele>348.000000</ele>
				<time>2025-04-04T07:56:34Z</time>
			</trkpt>
			<trkpt lat="22.656925" lon="114.325486">
				<speed>0.123211</speed>
				<ele>344.000000</ele>
				<time>2025-04-04T07:56:49Z</time>
			</trkpt>
			<trkpt lat="22.657008" lon="114.325530">
				<speed>0.800421</speed>
				<ele>342.000000</ele>
				<time>2025-04-04T07:57:03Z</time>
			</trkpt>
			<trkpt lat="22.657043" lon="114.325623">
				<speed>1.791482</speed>
				<ele>338.000000</ele>
				<time>2025-04-04T07:57:13Z</time>
			</trkpt>
			<trkpt lat="22.657067" lon="114.325718">
				<speed>0.898792</speed>
				<ele>336.000000</ele>
				<time>2025-04-04T07:57:25Z</time>
			</trkpt>
			<trkpt lat="22.657071" lon="114.325816">
				<speed>1.116542</speed>
				<ele>335.000000</ele>
				<time>2025-04-04T07:57:36Z</time>
			</trkpt>
			<trkpt lat="22.657046" lon="114.325913">
				<speed>0.960196</speed>
				<ele>332.000000</ele>
				<time>2025-04-04T07:57:47Z</time>
			</trkpt>
			<trkpt lat="22.657082" lon="114.326005">
				<speed>0.443749</speed>
				<ele>332.000000</ele>
				<time>2025-04-04T07:58:00Z</time>
			</trkpt>
			<trkpt lat="22.657117" lon="114.326103">
				<speed>0.925413</speed>
				<ele>327.000000</ele>
				<time>2025-04-04T07:58:16Z</time>
			</trkpt>
			<trkpt lat="22.657142" lon="114.326211">
				<speed>0.621154</speed>
				<ele>329.000000</ele>
				<time>2025-04-04T07:58:27Z</time>
			</trkpt>
			<trkpt lat="22.657185" lon="114.326311">
				<speed>0.767202</speed>
				<ele>327.000000</ele>
				<time>2025-04-04T07:58:41Z</time>
			</trkpt>
			<trkpt lat="22.657235" lon="114.326394">
				<speed>0.553165</speed>
				<ele>327.000000</ele>
				<time>2025-04-04T07:59:00Z</time>
			</trkpt>
			<trkpt lat="22.657314" lon="114.326451">
				<speed>0.739869</speed>
				<ele>327.000000</ele>
				<time>2025-04-04T07:59:18Z</time>
			</trkpt>
			<trkpt lat="22.657397" lon="114.326497">
				<speed>0.313947</speed>
				<ele>323.000000</ele>
				<time>2025-04-04T07:59:36Z</time>
			</trkpt>
			<trkpt lat="22.657439" lon="114.326586">
				<speed>0.708282</speed>
				<ele>322.000000</ele>
				<time>2025-04-04T07:59:47Z</time>
			</trkpt>
			<trkpt lat="22.657516" lon="114.326639">
				<speed>1.465745</speed>
				<ele>320.000000</ele>
				<time>2025-04-04T07:59:57Z</time>
			</trkpt>
			<trkpt lat="22.657589" lon="114.326713">
				<speed>0.779870</speed>
				<ele>317.000000</ele>
				<time>2025-04-04T08:00:08Z</time>
			</trkpt>
			<trkpt lat="22.657612" lon="114.326818">
				<speed>0.755178</speed>
				<ele>311.000000</ele>
				<time>2025-04-04T08:00:19Z</time>
			</trkpt>
			<trkpt lat="22.657593" lon="114.326913">
				<speed>0.914790</speed>
				<ele>305.000000</ele>
				<time>2025-04-04T08:00:33Z</time>
			</trkpt>
			<trkpt lat="22.657584" lon="114.327014">
				<speed>1.177196</speed>
				<ele>302.000000</ele>
				<time>2025-04-04T08:00:42Z</time>
			</trkpt>
			<trkpt lat="22.657595" lon="114.327112">
				<speed>1.088650</speed>
				<ele>302.000000</ele>
				<time>2025-04-04T08:00:52Z</time>
			</trkpt>
			<trkpt lat="22.657574" lon="114.327216">
				<speed>0.962501</speed>
				<ele>300.000000</ele>
				<time>2025-04-04T08:01:02Z</time>
			</trkpt>
			<trkpt lat="22.657606" lon="114.327313">
				<speed>0.713663</speed>
				<ele>301.000000</ele>
				<time>2025-04-04T08:01:16Z</time>
			</trkpt>
			<trkpt lat="22.657653" lon="114.327403">
				<speed>0.592314</speed>
				<ele>305.000000</ele>
				<time>2025-04-04T08:01:30Z</time>
			</trkpt>
			<trkpt lat="22.657708" lon="114.327486">
				<speed>0.423505</speed>
				<ele>300.000000</ele>
				<time>2025-04-04T08:01:50Z</time>
			</trkpt>
			<trkpt lat="22.657768" lon="114.327560">
				<speed>0.667172</speed>
				<ele>298.000000</ele>
				<time>2025-04-04T08:02:01Z</time>
			</trkpt>
			<trkpt lat="22.657807" lon="114.327653">
				<speed>0.958309</speed>
				<ele>298.000000</ele>
				<time>2025-04-04T08:02:14Z</time>
			</trkpt>
			<trkpt lat="22.657849" lon="114.327741">
				<speed>0.620556</speed>
				<ele>293.000000</ele>
				<time>2025-04-04T08:02:29Z</time>
			</trkpt>
			<trkpt lat="22.657873" lon="114.327835">
				<speed>0.292329</speed>
				<ele>288.000000</ele>
				<time>2025-04-04T08:02:51Z</time>
			</trkpt>
			<trkpt lat="22.657933" lon="114.327909">
				<speed>0.266435</speed>
				<ele>285.000000</ele>
				<time>2025-04-04T08:03:21Z</time>
			</trkpt>
			<trkpt lat="22.658015" lon="114.327957">
				<speed>0.562250</speed>
				<ele>285.000000</ele>
				<time>2025-04-04T08:03:34Z</time>
			</trkpt>
			<trkpt lat="22.657971" lon="114.328043">
				<speed>0.457330</speed>
				<ele>280.000000</ele>
				<time>2025-04-04T08:03:55Z</time>
			</trkpt>
			<trkpt lat="22.658001" lon="114.328137">
				<speed>0.444689</speed>
				<ele>270.000000</ele>
				<time>2025-04-04T08:04:27Z</time>
			</trkpt>
			<trkpt lat="22.658022" lon="114.328234">
				<speed>0.346923</speed>
				<ele>263.000000</ele>
				<time>2025-04-04T08:04:50Z</time>
			</trkpt>
			<trkpt lat="22.658056" lon="114.328327">
				<speed>0.322821</speed>
				<ele>264.000000</ele>
				<time>2025-04-04T08:05:22Z</time>
			</trkpt>
			<trkpt lat="22.658047" lon="114.328433">
				<speed>0.745784</speed>
				<ele>256.000000</ele>
				<time>2025-04-04T08:05:46Z</time>
			</trkpt>
			<trkpt lat="22.658050" lon="114.328536">
				<speed>1.424153</speed>
				<ele>250.000000</ele>
				<time>2025-04-04T08:06:08Z</time>
			</trkpt>
			<trkpt lat="22.658005" lon="114.328625">
				<speed>0.427442</speed>
				<ele>247.000000</ele>
				<time>2025-04-04T08:06:30Z</time>
			</trkpt>
			<trkpt lat="22.657967" lon="114.328714">
				<speed>0.741158</speed>
				<ele>241.000000</ele>
				<time>2025-04-04T08:06:54Z</time>
			</trkpt>
			<trkpt lat="22.657896" lon="114.328776">
				<speed>0.807065</speed>
				<ele>236.000000</ele>
				<time>2025-04-04T08:07:06Z</time>
			</trkpt>
			<trkpt lat="22.657996" lon="114.328790">
				<speed>1.253240</speed>
				<ele>235.000000</ele>
				<time>2025-04-04T08:07:20Z</time>
			</trkpt>
			<trkpt lat="22.658079" lon="114.328831">
				<speed>0.792326</speed>
				<ele>240.000000</ele>
				<time>2025-04-04T08:07:32Z</time>
			</trkpt>
			<trkpt lat="22.658163" lon="114.328873">
				<speed>0.615768</speed>
				<ele>239.000000</ele>
				<time>2025-04-04T08:07:55Z</time>
			</trkpt>
			<trkpt lat="22.658243" lon="114.328921">
				<speed>0.948808</speed>
				<ele>240.000000</ele>
				<time>2025-04-04T08:08:15Z</time>
			</trkpt>
			<trkpt lat="22.658335" lon="114.328945">
				<speed>0.735910</speed>
				<ele>235.000000</ele>
				<time>2025-04-04T08:08:41Z</time>
			</trkpt>
			<trkpt lat="22.658405" lon="114.329017">
				<speed>0.360927</speed>
				<ele>225.000000</ele>
				<time>2025-04-04T08:10:55Z</time>
			</trkpt>
			<trkpt lat="22.658471" lon="114.329088">
				<speed>1.236173</speed>
				<ele>223.000000</ele>
				<time>2025-04-04T08:11:18Z</time>
			</trkpt>
			<trkpt lat="22.658554" lon="114.329128">
				<speed>0.401859</speed>
				<ele>217.000000</ele>
				<time>2025-04-04T08:11:44Z</time>
			</trkpt>
			<trkpt lat="22.658648" lon="114.329162">
				<speed>1.438265</speed>
				<ele>213.000000</ele>
				<time>2025-04-04T08:11:57Z</time>
			</trkpt>
			<trkpt lat="22.658723" lon="114.329223">
				<speed>0.924218</speed>
				<ele>211.000000</ele>
				<time>2025-04-04T08:12:10Z</time>
			</trkpt>
			<trkpt lat="22.658798" lon="114.329296">
				<speed>0.909459</speed>
				<ele>205.000000</ele>
				<time>2025-04-04T08:12:21Z</time>
			</trkpt>
			<trkpt lat="22.658842" lon="114.329384">
				<speed>1.802195</speed>
				<ele>205.000000</ele>
				<time>2025-04-04T08:12:27Z</time>
			</trkpt>
			<trkpt lat="22.658802" lon="114.329489">
				<speed>1.358139</speed>
				<ele>203.000000</ele>
				<time>2025-04-04T08:12:42Z</time>
			</trkpt>
			<trkpt lat="22.658752" lon="114.329571">
				<speed>0.492164</speed>
				<ele>201.000000</ele>
				<time>2025-04-04T08:12:54Z</time>
			</trkpt>
			<trkpt lat="22.658747" lon="114.329672">
				<speed>1.156648</speed>
				<ele>199.000000</ele>
				<time>2025-04-04T08:13:03Z</time>
			</trkpt>
			<trkpt lat="22.658716" lon="114.329766">
				<speed>0.533100</speed>
				<ele>198.000000</ele>
				<time>2025-04-04T08:13:19Z</time>
			</trkpt>
			<trkpt lat="22.658665" lon="114.329849">
				<speed>0.614019</speed>
				<ele>189.000000</ele>
				<time>2025-04-04T08:13:35Z</time>
			</trkpt>
			<trkpt lat="22.658610" lon="114.329942">
				<speed>1.049983</speed>
				<ele>184.000000</ele>
				<time>2025-04-04T08:13:46Z</time>
			</trkpt>
			<trkpt lat="22.658582" lon="114.330051">
				<speed>0.952406</speed>
				<ele>179.000000</ele>
				<time>2025-04-04T08:14:05Z</time>
			</trkpt>
			<trkpt lat="22.658546" lon="114.330155">
				<speed>1.418294</speed>
				<ele>178.000000</ele>
				<time>2025-04-04T08:14:14Z</time>
			</trkpt>
			<trkpt lat="22.658459" lon="114.330204">
				<speed>0.993557</speed>
				<ele>175.000000</ele>
				<time>2025-04-04T08:14:28Z</time>
			</trkpt>
			<trkpt lat="22.658389" lon="114.330273">
				<speed>1.061501</speed>
				<ele>175.000000</ele>
				<time>2025-04-04T08:14:39Z</time>
			</trkpt>
			<trkpt lat="22.658301" lon="114.330338">
				<speed>0.453657</speed>
				<ele>166.000000</ele>
				<time>2025-04-04T08:14:58Z</time>
			</trkpt>
			<trkpt lat="22.658237" lon="114.330418">
				<speed>1.142705</speed>
				<ele>165.000000</ele>
				<time>2025-04-04T08:15:10Z</time>
			</trkpt>
			<trkpt lat="22.658149" lon="114.330455">
				<speed>1.695406</speed>
				<ele>169.000000</ele>
				<time>2025-04-04T08:15:18Z</time>
			</trkpt>
			<trkpt lat="22.658072" lon="114.330518">
				<speed>0.961723</speed>
				<ele>172.000000</ele>
				<time>2025-04-04T08:15:45Z</time>
			</trkpt>
			<trkpt lat="22.658044" lon="114.330622">
				<speed>0.802179</speed>
				<ele>171.000000</ele>
				<time>2025-04-04T08:15:58Z</time>
			</trkpt>
			<trkpt lat="22.658004" lon="114.330712">
				<speed>1.200792</speed>
				<ele>169.000000</ele>
				<time>2025-04-04T08:16:12Z</time>
			</trkpt>
			<trkpt lat="22.657939" lon="114.330803">
				<speed>0.801582</speed>
				<ele>167.000000</ele>
				<time>2025-04-04T08:16:25Z</time>
			</trkpt>
			<trkpt lat="22.657888" lon="114.330896">
				<speed>1.663939</speed>
				<ele>167.000000</ele>
				<time>2025-04-04T08:16:34Z</time>
			</trkpt>
			<trkpt lat="22.657868" lon="114.330994">
				<speed>1.647843</speed>
				<ele>165.000000</ele>
				<time>2025-04-04T08:16:42Z</time>
			</trkpt>
			<trkpt lat="22.657805" lon="114.331078">
				<speed>1.236599</speed>
				<ele>159.000000</ele>
				<time>2025-04-04T08:17:02Z</time>
			</trkpt>
			<trkpt lat="22.657749" lon="114.331164">
				<speed>0.832777</speed>
				<ele>158.000000</ele>
				<time>2025-04-04T08:17:15Z</time>
			</trkpt>
			<trkpt lat="22.657670" lon="114.331234">
				<speed>1.240080</speed>
				<ele>153.000000</ele>
				<time>2025-04-04T08:17:34Z</time>
			</trkpt>
			<trkpt lat="22.657599" lon="114.331301">
				<speed>1.613981</speed>
				<ele>147.000000</ele>
				<time>2025-04-04T08:17:49Z</time>
			</trkpt>
			<trkpt lat="22.657586" lon="114.331403">
				<speed>0.284608</speed>
				<ele>143.000000</ele>
				<time>2025-04-04T08:18:06Z</time>
			</trkpt>
			<trkpt lat="22.657559" lon="114.331499">
				<speed>1.519757</speed>
				<ele>145.000000</ele>
				<time>2025-04-04T08:18:21Z</time>
			</trkpt>
			<trkpt lat="22.657510" lon="114.331582">
				<speed>1.540939</speed>
				<ele>151.000000</ele>
				<time>2025-04-04T08:18:28Z</time>
			</trkpt>
			<trkpt lat="22.657459" lon="114.331668">
				<speed>0.137916</speed>
				<ele>145.000000</ele>
				<time>2025-04-04T08:19:07Z</time>
			</trkpt>
			<trkpt lat="22.657379" lon="114.331724">
				<speed>0.820982</speed>
				<ele>152.000000</ele>
				<time>2025-04-04T08:19:20Z</time>
			</trkpt>
			<trkpt lat="22.657332" lon="114.331814">
				<speed>1.007986</speed>
				<ele>157.000000</ele>
				<time>2025-04-04T08:19:32Z</time>
			</trkpt>
			<trkpt lat="22.657272" lon="114.331908">
				<speed>1.613957</speed>
				<ele>161.000000</ele>
				<time>2025-04-04T08:19:42Z</time>
			</trkpt>
			<trkpt lat="22.657227" lon="114.332005">
				<speed>0.747148</speed>
				<ele>162.000000</ele>
				<time>2025-04-04T08:19:49Z</time>
			</trkpt>
			<trkpt lat="22.657234" lon="114.332109">
				<speed>2.007028</speed>
				<ele>163.000000</ele>
				<time>2025-04-04T08:20:12Z</time>
			</trkpt>
			<trkpt lat="22.657248" lon="114.332205">
				<speed>1.627693</speed>
				<ele>165.000000</ele>
				<time>2025-04-04T08:20:23Z</time>
			</trkpt>
			<trkpt lat="22.657270" lon="114.332303">
				<speed>0.722324</speed>
				<ele>165.000000</ele>
				<time>2025-04-04T08:20:35Z</time>
			</trkpt>
			<trkpt lat="22.657278" lon="114.332401">
				<speed>0.717279</speed>
				<ele>163.000000</ele>
				<time>2025-04-04T08:21:10Z</time>
			</trkpt>
			<trkpt lat="22.657255" lon="114.332497">
				<speed>1.211397</speed>
				<ele>160.000000</ele>
				<time>2025-04-04T08:21:26Z</time>
			</trkpt>
			<trkpt lat="22.657196" lon="114.332575">
				<speed>1.073885</speed>
				<ele>153.000000</ele>
				<time>2025-04-04T08:21:37Z</time>
			</trkpt>
			<trkpt lat="22.657144" lon="114.332663">
				<speed>0.704232</speed>
				<ele>154.000000</ele>
				<time>2025-04-04T08:22:30Z</time>
			</trkpt>
			<trkpt lat="22.657091" lon="114.332744">
				<speed>1.232874</speed>
				<ele>147.000000</ele>
				<time>2025-04-04T08:22:54Z</time>
			</trkpt>
			<trkpt lat="22.657037" lon="114.332825">
				<speed>0.182625</speed>
				<ele>141.000000</ele>
				<time>2025-04-04T08:23:35Z</time>
			</trkpt>
			<trkpt lat="22.656993" lon="114.332911">
				<speed>0.247258</speed>
				<ele>137.000000</ele>
				<time>2025-04-04T08:24:00Z</time>
			</trkpt>
			<trkpt lat="22.656937" lon="114.332991">
				<speed>0.133817</speed>
				<ele>132.000000</ele>
				<time>2025-04-04T08:24:23Z</time>
			</trkpt>
			<trkpt lat="22.656870" lon="114.333058">
				<speed>0.313354</speed>
				<ele>125.000000</ele>
				<time>2025-04-04T08:24:52Z</time>
			</trkpt>
			<trkpt lat="22.656821" lon="114.333140">
				<speed>0.431233</speed>
				<ele>120.000000</ele>
				<time>2025-04-04T08:25:20Z</time>
			</trkpt>
			<trkpt lat="22.656777" lon="114.333229">
				<speed>0.235391</speed>
				<ele>114.000000</ele>
				<time>2025-04-04T08:25:50Z</time>
			</trkpt>
			<trkpt lat="22.656772" lon="114.333328">
				<speed>0.695867</speed>
				<ele>111.000000</ele>
				<time>2025-04-04T08:26:11Z</time>
			</trkpt>
			<trkpt lat="22.656776" lon="114.333428">
				<speed>0.866140</speed>
				<ele>108.000000</ele>
				<time>2025-04-04T08:26:43Z</time>
			</trkpt>
			<trkpt lat="22.656777" lon="114.333528">
				<speed>0.210346</speed>
				<ele>105.000000</ele>
				<time>2025-04-04T08:27:11Z</time>
			</trkpt>
			<trkpt lat="22.656796" lon="114.333625">
				<speed>0.152684</speed>
				<ele>96.000000</ele>
				<time>2025-04-04T08:27:45Z</time>
			</trkpt>
			<trkpt lat="22.656802" lon="114.333724">
				<speed>0.506191</speed>
				<ele>94.000000</ele>
				<time>2025-04-04T08:28:21Z</time>
			</trkpt>
			<trkpt lat="22.656804" lon="114.333823">
				<speed>0.432179</speed>
				<ele>86.000000</ele>
				<time>2025-04-04T08:28:43Z</time>
			</trkpt>
			<trkpt lat="22.656814" lon="114.333921">
				<speed>1.169221</speed>
				<ele>87.000000</ele>
				<time>2025-04-04T08:28:53Z</time>
			</trkpt>
			<trkpt lat="22.656826" lon="114.334018">
				<speed>0.749609</speed>
				<ele>82.000000</ele>
				<time>2025-04-04T08:29:09Z</time>
			</trkpt>
			<trkpt lat="22.656842" lon="114.334125">
				<speed>1.154134</speed>
				<ele>78.000000</ele>
				<time>2025-04-04T08:29:26Z</time>
			</trkpt>
			<trkpt lat="22.656840" lon="114.334224">
				<speed>0.882432</speed>
				<ele>77.000000</ele>
				<time>2025-04-04T08:29:38Z</time>
			</trkpt>
			<trkpt lat="22.656855" lon="114.334322">
				<speed>1.640394</speed>
				<ele>75.000000</ele>
				<time>2025-04-04T08:29:48Z</time>
			</trkpt>
			<trkpt lat="22.656783" lon="114.334391">
				<speed>0.710355</speed>
				<ele>71.000000</ele>
				<time>2025-04-04T08:30:14Z</time>
			</trkpt>
			<trkpt lat="22.656753" lon="114.334493">
				<speed>1.162326</speed>
				<ele>72.000000</ele>
				<time>2025-04-04T08:30:24Z</time>
			</trkpt>
			<trkpt lat="22.656759" lon="114.334596">
				<speed>1.158995</speed>
				<ele>71.000000</ele>
				<time>2025-04-04T08:30:35Z</time>
			</trkpt>
			<trkpt lat="22.656795" lon="114.334685">
				<speed>1.498722</speed>
				<ele>71.000000</ele>
				<time>2025-04-04T08:30:43Z</time>
			</trkpt>
			<trkpt lat="22.656879" lon="114.334722">
				<speed>1.378173</speed>
				<ele>74.000000</ele>
				<time>2025-04-04T08:30:52Z</time>
			</trkpt>
			<trkpt lat="22.656968" lon="114.334744">
				<speed>1.211972</speed>
				<ele>74.000000</ele>
				<time>2025-04-04T08:31:00Z</time>
			</trkpt>
			<trkpt lat="22.657069" lon="114.334775">
				<speed>1.465014</speed>
				<ele>73.000000</ele>
				<time>2025-04-04T08:31:08Z</time>
			</trkpt>
			<trkpt lat="22.657160" lon="114.334787">
				<speed>1.072510</speed>
				<ele>73.000000</ele>
				<time>2025-04-04T08:31:17Z</time>
			</trkpt>
			<trkpt lat="22.657259" lon="114.334786">
				<speed>1.120957</speed>
				<ele>74.000000</ele>
				<time>2025-04-04T08:31:35Z</time>
			</trkpt>
			<trkpt lat="22.657346" lon="114.334755">
				<speed>0.105116</speed>
				<ele>71.000000</ele>
				<time>2025-04-04T08:31:55Z</time>
			</trkpt>
			<trkpt lat="22.657440" lon="114.334724">
				<speed>0.049971</speed>
				<ele>72.000000</ele>
				<time>2025-04-04T08:32:05Z</time>
			</trkpt>
			<trkpt lat="22.657528" lon="114.334687">
				<speed>0.115772</speed>
				<ele>72.000000</ele>
				<time>2025-04-04T08:32:13Z</time>
			</trkpt>
			<trkpt lat="22.657621" lon="114.334675">
				<speed>0.084843</speed>
				<ele>71.000000</ele>
				<time>2025-04-04T08:32:22Z</time>
			</trkpt>
			<trkpt lat="22.657716" lon="114.334651">
				<speed>0.196125</speed>
				<ele>70.000000</ele>
				<time>2025-04-04T08:32:30Z</time>
			</trkpt>
			<trkpt lat="22.657809" lon="114.334643">
				<speed>0.222887</speed>
				<ele>69.000000</ele>
				<time>2025-04-04T08:32:40Z</time>
			</trkpt>
			<trkpt lat="22.657910" lon="114.334651">
				<speed>1.386971</speed>
				<ele>66.000000</ele>
				<time>2025-04-04T08:32:47Z</time>
			</trkpt>
			<trkpt lat="22.658005" lon="114.334633">
				<speed>1.180513</speed>
				<ele>65.000000</ele>
				<time>2025-04-04T08:32:55Z</time>
			</trkpt>
			<trkpt lat="22.658096" lon="114.334627">
				<speed>1.415327</speed>
				<ele>68.000000</ele>
				<time>2025-04-04T08:33:03Z</time>
			</trkpt>
			<trkpt lat="22.658196" lon="114.334623">
				<speed>1.839424</speed>
				<ele>68.000000</ele>
				<time>2025-04-04T08:33:11Z</time>
			</trkpt>
			<trkpt lat="22.658292" lon="114.334611">
				<speed>1.393545</speed>
				<ele>66.000000</ele>
				<time>2025-04-04T08:33:20Z</time>
			</trkpt>
			<trkpt lat="22.658381" lon="114.334626">
				<speed>1.455690</speed>
				<ele>65.000000</ele>
				<time>2025-04-04T08:33:27Z</time>
			</trkpt>
			<trkpt lat="22.658474" lon="114.334641">
				<speed>1.191858</speed>
				<ele>63.000000</ele>
				<time>2025-04-04T08:33:36Z</time>
			</trkpt>
			<trkpt lat="22.658569" lon="114.334645">
				<speed>1.677809</speed>
				<ele>64.000000</ele>
				<time>2025-04-04T08:33:44Z</time>
			</trkpt>
			<trkpt lat="22.658660" lon="114.334654">
				<speed>1.396850</speed>
				<ele>62.000000</ele>
				<time>2025-04-04T08:33:52Z</time>
			</trkpt>
			<trkpt lat="22.658756" lon="114.334659">
				<speed>1.237667</speed>
				<ele>63.000000</ele>
				<time>2025-04-04T08:34:01Z</time>
			</trkpt>
			<trkpt lat="22.658845" lon="114.334679">
				<speed>1.335392</speed>
				<ele>63.000000</ele>
				<time>2025-04-04T08:34:09Z</time>
			</trkpt>
			<trkpt lat="22.658943" lon="114.334709">
				<speed>1.339291</speed>
				<ele>62.000000</ele>
				<time>2025-04-04T08:34:17Z</time>
			</trkpt>
			<trkpt lat="22.659036" lon="114.334741">
				<speed>1.064743</speed>
				<ele>59.000000</ele>
				<time>2025-04-04T08:34:25Z</time>
			</trkpt>
			<trkpt lat="22.659129" lon="114.334767">
				<speed>1.315935</speed>
				<ele>57.000000</ele>
				<time>2025-04-04T08:34:33Z</time>
			</trkpt>
			<trkpt lat="22.659233" lon="114.334797">
				<speed>1.565582</speed>
				<ele>61.000000</ele>
				<time>2025-04-04T08:34:43Z</time>
			</trkpt>
			<trkpt lat="22.659316" lon="114.334848">
				<speed>1.762021</speed>
				<ele>61.000000</ele>
				<time>2025-04-04T08:34:51Z</time>
			</trkpt>
			<trkpt lat="22.659393" lon="114.334922">
				<speed>1.347796</speed>
				<ele>65.000000</ele>
				<time>2025-04-04T08:35:00Z</time>
			</trkpt>
			<trkpt lat="22.659455" lon="114.335011">
				<speed>1.494449</speed>
				<ele>64.000000</ele>
				<time>2025-04-04T08:35:07Z</time>
			</trkpt>
			<trkpt lat="22.659524" lon="114.335084">
				<speed>1.052297</speed>
				<ele>64.000000</ele>
				<time>2025-04-04T08:35:16Z</time>
			</trkpt>
			<trkpt lat="22.659566" lon="114.335177">
				<speed>1.195292</speed>
				<ele>64.000000</ele>
				<time>2025-04-04T08:35:25Z</time>
			</trkpt>
			<trkpt lat="22.659603" lon="114.335275">
				<speed>1.328609</speed>
				<ele>65.000000</ele>
				<time>2025-04-04T08:35:33Z</time>
			</trkpt>
			<trkpt lat="22.659633" lon="114.335375">
				<speed>1.336648</speed>
				<ele>65.000000</ele>
				<time>2025-04-04T08:35:41Z</time>
			</trkpt>
			<trkpt lat="22.659666" lon="114.335467">
				<speed>1.221610</speed>
				<ele>65.000000</ele>
				<time>2025-04-04T08:35:50Z</time>
			</trkpt>
			<trkpt lat="22.659695" lon="114.335568">
				<speed>1.463736</speed>
				<ele>64.000000</ele>
				<time>2025-04-04T08:35:58Z</time>
			</trkpt>
			<trkpt lat="22.659711" lon="114.335673">
				<speed>0.981433</speed>
				<ele>62.000000</ele>
				<time>2025-04-04T08:36:08Z</time>
			</trkpt>
			<trkpt lat="22.659726" lon="114.335776">
				<speed>1.403782</speed>
				<ele>60.000000</ele>
				<time>2025-04-04T08:36:16Z</time>
			</trkpt>
			<trkpt lat="22.659741" lon="114.335873">
				<speed>1.391710</speed>
				<ele>61.000000</ele>
				<time>2025-04-04T08:36:23Z</time>
			</trkpt>
			<trkpt lat="22.659732" lon="114.335972">
				<speed>1.229174</speed>
				<ele>61.000000</ele>
				<time>2025-04-04T08:36:31Z</time>
			</trkpt>
			<trkpt lat="22.659711" lon="114.336066">
				<speed>0.971409</speed>
				<ele>60.000000</ele>
				<time>2025-04-04T08:36:40Z</time>
			</trkpt>
			<trkpt lat="22.659707" lon="114.336168">
				<speed>1.204845</speed>
				<ele>59.000000</ele>
				<time>2025-04-04T08:36:49Z</time>
			</trkpt>
			<trkpt lat="22.659684" lon="114.336273">
				<speed>1.345917</speed>
				<ele>60.000000</ele>
				<time>2025-04-04T08:36:58Z</time>
			</trkpt>
			<trkpt lat="22.659667" lon="114.336369">
				<speed>1.224185</speed>
				<ele>61.000000</ele>
				<time>2025-04-04T08:37:04Z</time>
			</trkpt>
			<trkpt lat="22.659615" lon="114.336451">
				<speed>1.346562</speed>
				<ele>60.000000</ele>
				<time>2025-04-04T08:37:12Z</time>
			</trkpt>
			<trkpt lat="22.659573" lon="114.336550">
				<speed>1.374188</speed>
				<ele>62.000000</ele>
				<time>2025-04-04T08:37:20Z</time>
			</trkpt>
			<trkpt lat="22.659481" lon="114.336601">
				<speed>1.073890</speed>
				<ele>59.000000</ele>
				<time>2025-04-04T08:37:29Z</time>
			</trkpt>
			<trkpt lat="22.659397" lon="114.336663">
				<speed>1.366602</speed>
				<ele>58.000000</ele>
				<time>2025-04-04T08:37:38Z</time>
			</trkpt>
			<trkpt lat="22.659303" lon="114.336709">
				<speed>1.364984</speed>
				<ele>58.000000</ele>
				<time>2025-04-04T08:37:46Z</time>
			</trkpt>
			<trkpt lat="22.659209" lon="114.336753">
				<speed>1.396227</speed>
				<ele>59.000000</ele>
				<time>2025-04-04T08:37:55Z</time>
			</trkpt>
			<trkpt lat="22.659126" lon="114.336792">
				<speed>1.435119</speed>
				<ele>58.000000</ele>
				<time>2025-04-04T08:38:03Z</time>
			</trkpt>
			<trkpt lat="22.659042" lon="114.336842">
				<speed>1.410350</speed>
				<ele>56.000000</ele>
				<time>2025-04-04T08:38:11Z</time>
			</trkpt>
			<trkpt lat="22.658963" lon="114.336909">
				<speed>1.112733</speed>
				<ele>57.000000</ele>
				<time>2025-04-04T08:38:20Z</time>
			</trkpt>
			<trkpt lat="22.658892" lon="114.336976">
				<speed>0.700080</speed>
				<ele>58.000000</ele>
				<time>2025-04-04T08:38:28Z</time>
			</trkpt>
			<trkpt lat="22.658812" lon="114.337040">
				<speed>1.446347</speed>
				<ele>57.000000</ele>
				<time>2025-04-04T08:38:36Z</time>
			</trkpt>
			<trkpt lat="22.658715" lon="114.337077">
				<speed>1.081546</speed>
				<ele>58.000000</ele>
				<time>2025-04-04T08:38:46Z</time>
			</trkpt>
			<trkpt lat="22.658620" lon="114.337109">
				<speed>1.613436</speed>
				<ele>59.000000</ele>
				<time>2025-04-04T08:38:55Z</time>
			</trkpt>
			<trkpt lat="22.658535" lon="114.337150">
				<speed>0.963575</speed>
				<ele>58.000000</ele>
				<time>2025-04-04T08:39:03Z</time>
			</trkpt>
			<trkpt lat="22.658449" lon="114.337197">
				<speed>1.356033</speed>
				<ele>60.000000</ele>
				<time>2025-04-04T08:39:11Z</time>
			</trkpt>
			<trkpt lat="22.658371" lon="114.337247">
				<speed>1.236000</speed>
				<ele>58.000000</ele>
				<time>2025-04-04T08:39:19Z</time>
			</trkpt>
			<trkpt lat="22.658307" lon="114.337328">
				<speed>1.180587</speed>
				<ele>58.000000</ele>
				<time>2025-04-04T08:39:28Z</time>
			</trkpt>
			<trkpt lat="22.658294" lon="114.337426">
				<speed>1.660721</speed>
				<ele>59.000000</ele>
				<time>2025-04-04T08:39:36Z</time>
			</trkpt>
			<trkpt lat="22.658282" lon="114.337525">
				<speed>1.062875</speed>
				<ele>57.000000</ele>
				<time>2025-04-04T08:39:43Z</time>
			</trkpt>
			<trkpt lat="22.658263" lon="114.337636">
				<speed>1.434682</speed>
				<ele>56.000000</ele>
				<time>2025-04-04T08:39:52Z</time>
			</trkpt>
			<trkpt lat="22.658234" lon="114.337733">
				<speed>1.502442</speed>
				<ele>56.000000</ele>
				<time>2025-04-04T08:40:00Z</time>
			</trkpt>
			<trkpt lat="22.658201" lon="114.337824">
				<speed>1.053919</speed>
				<ele>56.000000</ele>
				<time>2025-04-04T08:40:08Z</time>
			</trkpt>
			<trkpt lat="22.658145" lon="114.337916">
				<speed>1.246973</speed>
				<ele>57.000000</ele>
				<time>2025-04-04T08:40:17Z</time>
			</trkpt>
			<trkpt lat="22.658071" lon="114.337990">
				<speed>1.368606</speed>
				<ele>58.000000</ele>
				<time>2025-04-04T08:40:25Z</time>
			</trkpt>
			<trkpt lat="22.658012" lon="114.338071">
				<speed>0.966050</speed>
				<ele>57.000000</ele>
				<time>2025-04-04T08:40:33Z</time>
			</trkpt>
			<trkpt lat="22.657961" lon="114.338163">
				<speed>1.400294</speed>
				<ele>58.000000</ele>
				<time>2025-04-04T08:40:41Z</time>
			</trkpt>
			<trkpt lat="22.657912" lon="114.338255">
				<speed>1.504019</speed>
				<ele>59.000000</ele>
				<time>2025-04-04T08:40:49Z</time>
			</trkpt>
			<trkpt lat="22.657917" lon="114.338356">
				<speed>1.322246</speed>
				<ele>60.000000</ele>
				<time>2025-04-04T08:40:57Z</time>
			</trkpt>
			<trkpt lat="22.657922" lon="114.338462">
				<speed>1.164540</speed>
				<ele>62.000000</ele>
				<time>2025-04-04T08:41:07Z</time>
			</trkpt>
			<trkpt lat="22.657937" lon="114.338577">
				<speed>1.538263</speed>
				<ele>63.000000</ele>
				<time>2025-04-04T08:41:16Z</time>
			</trkpt>
			<trkpt lat="22.657957" lon="114.338689">
				<speed>1.630533</speed>
				<ele>64.000000</ele>
				<time>2025-04-04T08:41:23Z</time>
			</trkpt>
			<trkpt lat="22.657988" lon="114.338789">
				<speed>1.252494</speed>
				<ele>66.000000</ele>
				<time>2025-04-04T08:41:31Z</time>
			</trkpt>
			<trkpt lat="22.658002" lon="114.338889">
				<speed>1.329842</speed>
				<ele>67.000000</ele>
				<time>2025-04-04T08:41:40Z</time>
			</trkpt>
			<trkpt lat="22.658011" lon="114.338991">
				<speed>1.345905</speed>
				<ele>66.000000</ele>
				<time>2025-04-04T08:41:48Z</time>
			</trkpt>
			<trkpt lat="22.658026" lon="114.339092">
				<speed>1.345649</speed>
				<ele>67.000000</ele>
				<time>2025-04-04T08:41:56Z</time>
			</trkpt>
			<trkpt lat="22.658034" lon="114.339196">
				<speed>1.505432</speed>
				<ele>68.000000</ele>
				<time>2025-04-04T08:42:05Z</time>
			</trkpt>
			<trkpt lat="22.658043" lon="114.339300">
				<speed>1.214407</speed>
				<ele>70.000000</ele>
				<time>2025-04-04T08:42:14Z</time>
			</trkpt>
			<trkpt lat="22.658062" lon="114.339398">
				<speed>0.994951</speed>
				<ele>70.000000</ele>
				<time>2025-04-04T08:42:22Z</time>
			</trkpt>
			<trkpt lat="22.658075" lon="114.339503">
				<speed>1.476524</speed>
				<ele>72.000000</ele>
				<time>2025-04-04T08:42:30Z</time>
			</trkpt>
			<trkpt lat="22.658087" lon="114.339608">
				<speed>1.278468</speed>
				<ele>72.000000</ele>
				<time>2025-04-04T08:42:39Z</time>
			</trkpt>
			<trkpt lat="22.658123" lon="114.339704">
				<speed>1.434336</speed>
				<ele>71.000000</ele>
				<time>2025-04-04T08:42:46Z</time>
			</trkpt>
			<trkpt lat="22.658145" lon="114.339802">
				<speed>0.891234</speed>
				<ele>69.000000</ele>
				<time>2025-04-04T08:42:53Z</time>
			</trkpt>
			<trkpt lat="22.658160" lon="114.339907">
				<speed>1.201695</speed>
				<ele>69.000000</ele>
				<time>2025-04-04T08:43:02Z</time>
			</trkpt>
			<trkpt lat="22.658152" lon="114.339808">
				<speed>0.085686</speed>
				<ele>73.000000</ele>
				<time>2025-04-04T08:43:21Z</time>
			</trkpt>
			<trkpt lat="22.658100" lon="114.339728">
				<speed>0.303928</speed>
				<ele>71.000000</ele>
				<time>2025-04-04T08:43:31Z</time>
			</trkpt>
			<trkpt lat="22.658028" lon="114.339788">
				<speed>0.684325</speed>
				<ele>72.000000</ele>
				<time>2025-04-04T08:43:42Z</time>
			</trkpt>
			<trkpt lat="22.657998" lon="114.339880">
				<speed>0.840034</speed>
				<ele>75.000000</ele>
				<time>2025-04-04T08:44:14Z</time>
			</trkpt>
			<trkpt lat="22.657979" lon="114.339980">
				<speed>0.418317</speed>
				<ele>78.000000</ele>
				<time>2025-04-04T08:44:29Z</time>
			</trkpt>
			<trkpt lat="22.657954" lon="114.340074">
				<speed>0.522079</speed>
				<ele>76.000000</ele>
				<time>2025-04-04T08:44:39Z</time>
			</trkpt>
			<trkpt lat="22.657946" lon="114.340175">
				<speed>0.540798</speed>
				<ele>73.000000</ele>
				<time>2025-04-04T08:44:55Z</time>
			</trkpt>
			<trkpt lat="22.657937" lon="114.340282">
				<speed>0.807020</speed>
				<ele>69.000000</ele>
				<time>2025-04-04T08:45:10Z</time>
			</trkpt>
			<trkpt lat="22.657946" lon="114.340387">
				<speed>1.291210</speed>
				<ele>68.000000</ele>
				<time>2025-04-04T08:45:16Z</time>
			</trkpt>
			<trkpt lat="22.657902" lon="114.340476">
				<speed>0.978833</speed>
				<ele>70.000000</ele>
				<time>2025-04-04T08:45:26Z</time>
			</trkpt>
			<trkpt lat="22.657901" lon="114.340588">
				<speed>1.236506</speed>
				<ele>70.000000</ele>
				<time>2025-04-04T08:45:35Z</time>
			</trkpt>
			<trkpt lat="22.657879" lon="114.340689">
				<speed>1.367844</speed>
				<ele>72.000000</ele>
				<time>2025-04-04T08:45:43Z</time>
			</trkpt>
			<trkpt lat="22.657870" lon="114.340790">
				<speed>1.002054</speed>
				<ele>73.000000</ele>
				<time>2025-04-04T08:45:51Z</time>
			</trkpt>
			<trkpt lat="22.657845" lon="114.340885">
				<speed>0.965822</speed>
				<ele>75.000000</ele>
				<time>2025-04-04T08:45:59Z</time>
			</trkpt>
			<trkpt lat="22.657865" lon="114.340984">
				<speed>1.301701</speed>
				<ele>77.000000</ele>
				<time>2025-04-04T08:46:08Z</time>
			</trkpt>
			<trkpt lat="22.657904" lon="114.341084">
				<speed>1.344807</speed>
				<ele>75.000000</ele>
				<time>2025-04-04T08:46:17Z</time>
			</trkpt>
			<trkpt lat="22.657953" lon="114.341188">
				<speed>1.557231</speed>
				<ele>78.000000</ele>
				<time>2025-04-04T08:46:29Z</time>
			</trkpt>
			<trkpt lat="22.657995" lon="114.341277">
				<speed>1.147079</speed>
				<ele>74.000000</ele>
				<time>2025-04-04T08:46:39Z</time>
			</trkpt>
			<trkpt lat="22.658034" lon="114.341374">
				<speed>1.180542</speed>
				<ele>72.000000</ele>
				<time>2025-04-04T08:46:49Z</time>
			</trkpt>
			<trkpt lat="22.657973" lon="114.341450">
				<speed>1.201227</speed>
				<ele>71.000000</ele>
				<time>2025-04-04T08:46:55Z</time>
			</trkpt>
			<trkpt lat="22.657953" lon="114.341547">
				<speed>0.726451</speed>
				<ele>66.000000</ele>
				<time>2025-04-04T08:47:06Z</time>
			</trkpt>
			<trkpt lat="22.657989" lon="114.341636">
				<speed>1.542755</speed>
				<ele>73.000000</ele>
				<time>2025-04-04T08:47:13Z</time>
			</trkpt>
			<trkpt lat="22.658035" lon="114.341726">
				<speed>1.136057</speed>
				<ele>76.000000</ele>
				<time>2025-04-04T08:47:20Z</time>
			</trkpt>
			<trkpt lat="22.658043" lon="114.341836">
				<speed>1.316690</speed>
				<ele>78.000000</ele>
				<time>2025-04-04T08:47:26Z</time>
			</trkpt>
			<trkpt lat="22.658069" lon="114.341940">
				<speed>1.489433</speed>
				<ele>81.000000</ele>
				<time>2025-04-04T08:47:34Z</time>
			</trkpt>
			<trkpt lat="22.658112" lon="114.342029">
				<speed>1.236954</speed>
				<ele>79.000000</ele>
				<time>2025-04-04T08:47:42Z</time>
			</trkpt>
			<trkpt lat="22.658160" lon="114.342117">
				<speed>1.241204</speed>
				<ele>77.000000</ele>
				<time>2025-04-04T08:47:50Z</time>
			</trkpt>
			<trkpt lat="22.658206" lon="114.342202">
				<speed>1.260893</speed>
				<ele>77.000000</ele>
				<time>2025-04-04T08:47:58Z</time>
			</trkpt>
			<trkpt lat="22.658255" lon="114.342288">
				<speed>1.264543</speed>
				<ele>74.000000</ele>
				<time>2025-04-04T08:48:07Z</time>
			</trkpt>
			<trkpt lat="22.658330" lon="114.342343">
				<speed>1.205869</speed>
				<ele>72.000000</ele>
				<time>2025-04-04T08:48:13Z</time>
			</trkpt>
			<trkpt lat="22.658422" lon="114.342375">
				<speed>1.170931</speed>
				<ele>69.000000</ele>
				<time>2025-04-04T08:48:21Z</time>
			</trkpt>
			<trkpt lat="22.658478" lon="114.342453">
				<speed>1.146071</speed>
				<ele>69.000000</ele>
				<time>2025-04-04T08:48:30Z</time>
			</trkpt>
			<trkpt lat="22.658531" lon="114.342534">
				<speed>1.244924</speed>
				<ele>70.000000</ele>
				<time>2025-04-04T08:48:38Z</time>
			</trkpt>
			<trkpt lat="22.658600" lon="114.342600">
				<speed>1.014746</speed>
				<ele>73.000000</ele>
				<time>2025-04-04T08:48:47Z</time>
			</trkpt>
			<trkpt lat="22.658695" lon="114.342631">
				<speed>1.439814</speed>
				<ele>71.000000</ele>
				<time>2025-04-04T08:48:56Z</time>
			</trkpt>
			<trkpt lat="22.658792" lon="114.342651">
				<speed>1.476326</speed>
				<ele>69.000000</ele>
				<time>2025-04-04T08:49:04Z</time>
			</trkpt>
			<trkpt lat="22.658886" lon="114.342691">
				<speed>1.011307</speed>
				<ele>67.000000</ele>
				<time>2025-04-04T08:49:14Z</time>
			</trkpt>
			<trkpt lat="22.658979" lon="114.342700">
				<speed>1.095264</speed>
				<ele>68.000000</ele>
				<time>2025-04-04T08:49:24Z</time>
			</trkpt>
			<trkpt lat="22.659062" lon="114.342754">
				<speed>1.696051</speed>
				<ele>67.000000</ele>
				<time>2025-04-04T08:49:30Z</time>
			</trkpt>
			<trkpt lat="22.659131" lon="114.342819">
				<speed>1.400535</speed>
				<ele>70.000000</ele>
				<time>2025-04-04T08:49:37Z</time>
			</trkpt>
			<trkpt lat="22.659215" lon="114.342867">
				<speed>1.578629</speed>
				<ele>69.000000</ele>
				<time>2025-04-04T08:49:44Z</time>
			</trkpt>
			<trkpt lat="22.659309" lon="114.342886">
				<speed>1.273698</speed>
				<ele>69.000000</ele>
				<time>2025-04-04T08:49:52Z</time>
			</trkpt>
			<trkpt lat="22.659399" lon="114.342852">
				<speed>0.971010</speed>
				<ele>69.000000</ele>
				<time>2025-04-04T08:50:01Z</time>
			</trkpt>
			<trkpt lat="22.659492" lon="114.342833">
				<speed>1.233094</speed>
				<ele>69.000000</ele>
				<time>2025-04-04T08:50:09Z</time>
			</trkpt>
			<trkpt lat="22.659585" lon="114.342849">
				<speed>1.036340</speed>
				<ele>69.000000</ele>
				<time>2025-04-04T08:50:18Z</time>
			</trkpt>
			<trkpt lat="22.659676" lon="114.342870">
				<speed>1.027016</speed>
				<ele>70.000000</ele>
				<time>2025-04-04T08:50:26Z</time>
			</trkpt>
			<trkpt lat="22.659764" lon="114.342894">
				<speed>1.232632</speed>
				<ele>70.000000</ele>
				<time>2025-04-04T08:50:34Z</time>
			</trkpt>
			<trkpt lat="22.659861" lon="114.342918">
				<speed>1.253093</speed>
				<ele>70.000000</ele>
				<time>2025-04-04T08:50:42Z</time>
			</trkpt>
			<trkpt lat="22.659953" lon="114.342949">
				<speed>1.191073</speed>
				<ele>70.000000</ele>
				<time>2025-04-04T08:50:50Z</time>
			</trkpt>
			<trkpt lat="22.660054" lon="114.342968">
				<speed>1.297662</speed>
				<ele>70.000000</ele>
				<time>2025-04-04T08:50:59Z</time>
			</trkpt>
			<trkpt lat="22.660150" lon="114.342987">
				<speed>1.058379</speed>
				<ele>69.000000</ele>
				<time>2025-04-04T08:51:08Z</time>
			</trkpt>
			<trkpt lat="22.660241" lon="114.343007">
				<speed>1.437102</speed>
				<ele>68.000000</ele>
				<time>2025-04-04T08:51:16Z</time>
			</trkpt>
			<trkpt lat="22.660331" lon="114.343008">
				<speed>0.851615</speed>
				<ele>68.000000</ele>
				<time>2025-04-04T08:51:25Z</time>
			</trkpt>
			<trkpt lat="22.660420" lon="114.343031">
				<speed>1.271285</speed>
				<ele>70.000000</ele>
				<time>2025-04-04T08:51:33Z</time>
			</trkpt>
			<trkpt lat="22.660504" lon="114.343083">
				<speed>0.966654</speed>
				<ele>69.000000</ele>
				<time>2025-04-04T08:51:42Z</time>
			</trkpt>
			<trkpt lat="22.660593" lon="114.343113">
				<speed>1.043766</speed>
				<ele>68.000000</ele>
				<time>2025-04-04T08:51:49Z</time>
			</trkpt>
			<trkpt lat="22.660680" lon="114.343155">
				<speed>1.230681</speed>
				<ele>67.000000</ele>
				<time>2025-04-04T08:51:57Z</time>
			</trkpt>
			<trkpt lat="22.660760" lon="114.343210">
				<speed>0.826488</speed>
				<ele>67.000000</ele>
				<time>2025-04-04T08:52:06Z</time>
			</trkpt>
			<trkpt lat="22.660832" lon="114.343284">
				<speed>1.530264</speed>
				<ele>67.000000</ele>
				<time>2025-04-04T08:52:14Z</time>
			</trkpt>
			<trkpt lat="22.660883" lon="114.343373">
				<speed>1.258198</speed>
				<ele>66.000000</ele>
				<time>2025-04-04T08:52:24Z</time>
			</trkpt>
			<trkpt lat="22.660942" lon="114.343457">
				<speed>0.949370</speed>
				<ele>65.000000</ele>
				<time>2025-04-04T08:52:33Z</time>
			</trkpt>
			<trkpt lat="22.660979" lon="114.343554">
				<speed>1.129313</speed>
				<ele>67.000000</ele>
				<time>2025-04-04T08:52:41Z</time>
			</trkpt>
			<trkpt lat="22.661025" lon="114.343647">
				<speed>1.269422</speed>
				<ele>67.000000</ele>
				<time>2025-04-04T08:52:48Z</time>
			</trkpt>
			<trkpt lat="22.661102" lon="114.343723">
				<speed>1.325416</speed>
				<ele>64.000000</ele>
				<time>2025-04-04T08:52:58Z</time>
			</trkpt>
			<trkpt lat="22.661185" lon="114.343783">
				<speed>0.866090</speed>
				<ele>64.000000</ele>
				<time>2025-04-04T08:53:06Z</time>
			</trkpt>
			<trkpt lat="22.661280" lon="114.343835">
				<speed>1.392921</speed>
				<ele>62.000000</ele>
				<time>2025-04-04T08:53:15Z</time>
			</trkpt>
			<trkpt lat="22.661371" lon="114.343870">
				<speed>1.318593</speed>
				<ele>60.000000</ele>
				<time>2025-04-04T08:53:24Z</time>
			</trkpt>
			<trkpt lat="22.661467" lon="114.343912">
				<speed>1.233464</speed>
				<ele>56.000000</ele>
				<time>2025-04-04T08:53:33Z</time>
			</trkpt>
			<trkpt lat="22.661559" lon="114.343915">
				<speed>1.371668</speed>
				<ele>53.000000</ele>
				<time>2025-04-04T08:53:42Z</time>
			</trkpt>
			<trkpt lat="22.661664" lon="114.343916">
				<speed>1.284425</speed>
				<ele>52.000000</ele>
				<time>2025-04-04T08:53:52Z</time>
			</trkpt>
			<trkpt lat="22.661763" lon="114.343936">
				<speed>1.072505</speed>
				<ele>51.000000</ele>
				<time>2025-04-04T08:54:00Z</time>
			</trkpt>
			<trkpt lat="22.661856" lon="114.343914">
				<speed>1.384595</speed>
				<ele>51.000000</ele>
				<time>2025-04-04T08:54:08Z</time>
			</trkpt>
			<trkpt lat="22.661938" lon="114.343873">
				<speed>1.574151</speed>
				<ele>52.000000</ele>
				<time>2025-04-04T08:54:16Z</time>
			</trkpt>
			<trkpt lat="22.662007" lon="114.343798">
				<speed>1.232924</speed>
				<ele>55.000000</ele>
				<time>2025-04-04T08:54:25Z</time>
			</trkpt>
			<trkpt lat="22.662054" lon="114.343714">
				<speed>1.215204</speed>
				<ele>56.000000</ele>
				<time>2025-04-04T08:54:32Z</time>
			</trkpt>
			<trkpt lat="22.662115" lon="114.343638">
				<speed>1.254009</speed>
				<ele>52.000000</ele>
				<time>2025-04-04T08:54:40Z</time>
			</trkpt>
			<trkpt lat="22.662158" lon="114.343540">
				<speed>1.269635</speed>
				<ele>52.000000</ele>
				<time>2025-04-04T08:54:49Z</time>
			</trkpt>
			<trkpt lat="22.662243" lon="114.343487">
				<speed>1.282571</speed>
				<ele>48.000000</ele>
				<time>2025-04-04T08:54:57Z</time>
			</trkpt>
			<trkpt lat="22.662320" lon="114.343430">
				<speed>1.298222</speed>
				<ele>50.000000</ele>
				<time>2025-04-04T08:55:05Z</time>
			</trkpt>
			<trkpt lat="22.662421" lon="114.343434">
				<speed>1.199062</speed>
				<ele>50.000000</ele>
				<time>2025-04-04T08:55:13Z</time>
			</trkpt>
			<trkpt lat="22.662515" lon="114.343450">
				<speed>0.946929</speed>
				<ele>50.000000</ele>
				<time>2025-04-04T08:55:22Z</time>
			</trkpt>
			<trkpt lat="22.662612" lon="114.343459">
				<speed>1.221606</speed>
				<ele>51.000000</ele>
				<time>2025-04-04T08:55:30Z</time>
			</trkpt>
			<trkpt lat="22.662705" lon="114.343470">
				<speed>1.378830</speed>
				<ele>51.000000</ele>
				<time>2025-04-04T08:55:38Z</time>
			</trkpt>
			<trkpt lat="22.662800" lon="114.343488">
				<speed>1.112207</speed>
				<ele>50.000000</ele>
				<time>2025-04-04T08:55:47Z</time>
			</trkpt>
			<trkpt lat="22.662891" lon="114.343506">
				<speed>1.416601</speed>
				<ele>50.000000</ele>
				<time>2025-04-04T08:55:55Z</time>
			</trkpt>
			<trkpt lat="22.662986" lon="114.343526">
				<speed>1.432426</speed>
				<ele>50.000000</ele>
				<time>2025-04-04T08:56:03Z</time>
			</trkpt>
			<trkpt lat="22.663079" lon="114.343535">
				<speed>1.003743</speed>
				<ele>49.000000</ele>
				<time>2025-04-04T08:56:12Z</time>
			</trkpt>
			<trkpt lat="22.663179" lon="114.343546">
				<speed>1.336880</speed>
				<ele>48.000000</ele>
				<time>2025-04-04T08:56:21Z</time>
			</trkpt>
			<trkpt lat="22.663274" lon="114.343539">
				<speed>1.030978</speed>
				<ele>48.000000</ele>
				<time>2025-04-04T08:56:29Z</time>
			</trkpt>
			<trkpt lat="22.663365" lon="114.343533">
				<speed>0.995981</speed>
				<ele>49.000000</ele>
				<time>2025-04-04T08:56:37Z</time>
			</trkpt>
			<trkpt lat="22.663465" lon="114.343535">
				<speed>1.374671</speed>
				<ele>49.000000</ele>
				<time>2025-04-04T08:56:46Z</time>
			</trkpt>
			<trkpt lat="22.663557" lon="114.343535">
				<speed>1.123348</speed>
				<ele>50.000000</ele>
				<time>2025-04-04T08:56:54Z</time>
			</trkpt>
			<trkpt lat="22.663650" lon="114.343535">
				<speed>1.214424</speed>
				<ele>51.000000</ele>
				<time>2025-04-04T08:57:02Z</time>
			</trkpt>
			<trkpt lat="22.663740" lon="114.343547">
				<speed>1.740439</speed>
				<ele>51.000000</ele>
				<time>2025-04-04T08:57:09Z</time>
			</trkpt>
			<trkpt lat="22.663831" lon="114.343556">
				<speed>1.251492</speed>
				<ele>54.000000</ele>
				<time>2025-04-04T08:57:17Z</time>
			</trkpt>
			<trkpt lat="22.663930" lon="114.343575">
				<speed>1.525626</speed>
				<ele>55.000000</ele>
				<time>2025-04-04T08:57:25Z</time>
			</trkpt>
			<trkpt lat="22.664024" lon="114.343584">
				<speed>1.165452</speed>
				<ele>56.000000</ele>
				<time>2025-04-04T08:57:33Z</time>
			</trkpt>
			<trkpt lat="22.664114" lon="114.343613">
				<speed>1.098763</speed>
				<ele>56.000000</ele>
				<time>2025-04-04T08:57:42Z</time>
			</trkpt>
			<trkpt lat="22.664203" lon="114.343640">
				<speed>1.102093</speed>
				<ele>58.000000</ele>
				<time>2025-04-04T08:57:50Z</time>
			</trkpt>
			<trkpt lat="22.664300" lon="114.343654">
				<speed>1.321289</speed>
				<ele>60.000000</ele>
				<time>2025-04-04T08:57:59Z</time>
			</trkpt>
			<trkpt lat="22.664387" lon="114.343695">
				<speed>1.257019</speed>
				<ele>61.000000</ele>
				<time>2025-04-04T08:58:06Z</time>
			</trkpt>
			<trkpt lat="22.664472" lon="114.343733">
				<speed>1.117892</speed>
				<ele>60.000000</ele>
				<time>2025-04-04T08:58:14Z</time>
			</trkpt>
			<trkpt lat="22.664553" lon="114.343777">
				<speed>1.268621</speed>
				<ele>62.000000</ele>
				<time>2025-04-04T08:58:22Z</time>
			</trkpt>
			<trkpt lat="22.664649" lon="114.343808">
				<speed>1.508559</speed>
				<ele>61.000000</ele>
				<time>2025-04-04T08:58:30Z</time>
			</trkpt>
			<trkpt lat="22.664736" lon="114.343841">
				<speed>1.052515</speed>
				<ele>60.000000</ele>
				<time>2025-04-04T08:58:38Z</time>
			</trkpt>
			<trkpt lat="22.664823" lon="114.343869">
				<speed>1.215475</speed>
				<ele>61.000000</ele>
				<time>2025-04-04T08:58:46Z</time>
			</trkpt>
			<trkpt lat="22.664914" lon="114.343892">
				<speed>1.310241</speed>
				<ele>59.000000</ele>
				<time>2025-04-04T08:58:54Z</time>
			</trkpt>
			<trkpt lat="22.665008" lon="114.343900">
				<speed>1.426856</speed>
				<ele>58.000000</ele>
				<time>2025-04-04T08:59:02Z</time>
			</trkpt>
			<trkpt lat="22.665048" lon="114.343807">
				<speed>1.153683</speed>
				<ele>59.000000</ele>
				<time>2025-04-04T08:59:13Z</time>
			</trkpt>
			<trkpt lat="22.665087" lon="114.343707">
				<speed>1.338963</speed>
				<ele>57.000000</ele>
				<time>2025-04-04T08:59:22Z</time>
			</trkpt>
			<trkpt lat="22.665175" lon="114.343667">
				<speed>1.984637</speed>
				<ele>56.000000</ele>
				<time>2025-04-04T09:01:05Z</time>
			</trkpt>
			<trkpt lat="22.665103" lon="114.343608">
				<speed>0.768518</speed>
				<ele>61.000000</ele>
				<time>2025-04-04T09:01:14Z</time>
			</trkpt>
			<trkpt lat="22.665117" lon="114.343497">
				<speed>1.268386</speed>
				<ele>61.000000</ele>
				<time>2025-04-04T09:01:21Z</time>
			</trkpt>
			<trkpt lat="22.665205" lon="114.343442">
				<speed>1.422686</speed>
				<ele>61.000000</ele>
				<time>2025-04-04T09:01:29Z</time>
			</trkpt>
			<trkpt lat="22.665293" lon="114.343465">
				<speed>1.041493</speed>
				<ele>57.000000</ele>
				<time>2025-04-04T09:01:37Z</time>
			</trkpt>
			<trkpt lat="22.665388" lon="114.343491">
				<speed>0.634844</speed>
				<ele>56.000000</ele>
				<time>2025-04-04T09:01:46Z</time>
			</trkpt>
			<trkpt lat="22.665484" lon="114.343489">
				<speed>1.151384</speed>
				<ele>56.000000</ele>
				<time>2025-04-04T09:01:53Z</time>
			</trkpt>
			<trkpt lat="22.665579" lon="114.343480">
				<speed>1.437864</speed>
				<ele>55.000000</ele>
				<time>2025-04-04T09:02:02Z</time>
			</trkpt>
			<trkpt lat="22.665673" lon="114.343481">
				<speed>1.428501</speed>
				<ele>54.000000</ele>
				<time>2025-04-04T09:02:10Z</time>
			</trkpt>
			<trkpt lat="22.665766" lon="114.343471">
				<speed>1.533327</speed>
				<ele>52.000000</ele>
				<time>2025-04-04T09:02:17Z</time>
			</trkpt>
			<trkpt lat="22.665866" lon="114.343487">
				<speed>1.407128</speed>
				<ele>49.000000</ele>
				<time>2025-04-04T09:02:25Z</time>
			</trkpt>
			<trkpt lat="22.665959" lon="114.343504">
				<speed>1.447582</speed>
				<ele>50.000000</ele>
				<time>2025-04-04T09:02:33Z</time>
			</trkpt>
			<trkpt lat="22.666057" lon="114.343499">
				<speed>1.416629</speed>
				<ele>52.000000</ele>
				<time>2025-04-04T09:02:43Z</time>
			</trkpt>
			<trkpt lat="22.666149" lon="114.343486">
				<speed>1.390149</speed>
				<ele>53.000000</ele>
				<time>2025-04-04T09:02:50Z</time>
			</trkpt>
			<trkpt lat="22.666238" lon="114.343466">
				<speed>1.378781</speed>
				<ele>53.000000</ele>
				<time>2025-04-04T09:02:57Z</time>
			</trkpt>
			<trkpt lat="22.666333" lon="114.343439">
				<speed>1.435176</speed>
				<ele>53.000000</ele>
				<time>2025-04-04T09:03:05Z</time>
			</trkpt>
			<trkpt lat="22.666429" lon="114.343422">
				<speed>1.425457</speed>
				<ele>53.000000</ele>
				<time>2025-04-04T09:03:13Z</time>
			</trkpt>
			<trkpt lat="22.666514" lon="114.343372">
				<speed>1.423560</speed>
				<ele>53.000000</ele>
				<time>2025-04-04T09:03:20Z</time>
			</trkpt>
			<trkpt lat="22.666609" lon="114.343339">
				<speed>1.063003</speed>
				<ele>54.000000</ele>
				<time>2025-04-04T09:03:31Z</time>
			</trkpt>
			<trkpt lat="22.666706" lon="114.343302">
				<speed>1.356435</speed>
				<ele>54.000000</ele>
				<time>2025-04-04T09:03:39Z</time>
			</trkpt>
			<trkpt lat="22.666798" lon="114.343287">
				<speed>1.238989</speed>
				<ele>54.000000</ele>
				<time>2025-04-04T09:03:47Z</time>
			</trkpt>
			<trkpt lat="22.666889" lon="114.343276">
				<speed>1.362585</speed>
				<ele>53.000000</ele>
				<time>2025-04-04T09:03:54Z</time>
			</trkpt>
			<trkpt lat="22.666980" lon="114.343249">
				<speed>1.138451</speed>
				<ele>54.000000</ele>
				<time>2025-04-04T09:04:02Z</time>
			</trkpt>
			<trkpt lat="22.667072" lon="114.343209">
				<speed>1.103242</speed>
				<ele>54.000000</ele>
				<time>2025-04-04T09:04:10Z</time>
			</trkpt>
			<trkpt lat="22.667147" lon="114.343154">
				<speed>1.303812</speed>
				<ele>55.000000</ele>
				<time>2025-04-04T09:04:18Z</time>
			</trkpt>
			<trkpt lat="22.667228" lon="114.343101">
				<speed>1.327857</speed>
				<ele>57.000000</ele>
				<time>2025-04-04T09:04:26Z</time>
			</trkpt>
			<trkpt lat="22.667319" lon="114.343059">
				<speed>1.432248</speed>
				<ele>56.000000</ele>
				<time>2025-04-04T09:04:34Z</time>
			</trkpt>
			<trkpt lat="22.667410" lon="114.343017">
				<speed>1.077341</speed>
				<ele>54.000000</ele>
				<time>2025-04-04T09:04:43Z</time>
			</trkpt>
			<trkpt lat="22.667496" lon="114.342954">
				<speed>1.228691</speed>
				<ele>53.000000</ele>
				<time>2025-04-04T09:04:52Z</time>
			</trkpt>
			<trkpt lat="22.667571" lon="114.342882">
				<speed>1.360520</speed>
				<ele>52.000000</ele>
				<time>2025-04-04T09:05:00Z</time>
			</trkpt>
			<trkpt lat="22.667632" lon="114.342804">
				<speed>1.515434</speed>
				<ele>52.000000</ele>
				<time>2025-04-04T09:05:07Z</time>
			</trkpt>
			<trkpt lat="22.667708" lon="114.342734">
				<speed>0.874024</speed>
				<ele>52.000000</ele>
				<time>2025-04-04T09:05:17Z</time>
			</trkpt>
			<trkpt lat="22.667772" lon="114.342654">
				<speed>1.061811</speed>
				<ele>52.000000</ele>
				<time>2025-04-04T09:05:25Z</time>
			</trkpt>
			<trkpt lat="22.667833" lon="114.342570">
				<speed>1.512170</speed>
				<ele>52.000000</ele>
				<time>2025-04-04T09:05:33Z</time>
			</trkpt>
			<trkpt lat="22.667911" lon="114.342497">
				<speed>1.408220</speed>
				<ele>53.000000</ele>
				<time>2025-04-04T09:05:42Z</time>
			</trkpt>
			<trkpt lat="22.667996" lon="114.342450">
				<speed>1.361567</speed>
				<ele>54.000000</ele>
				<time>2025-04-04T09:05:50Z</time>
			</trkpt>
			<trkpt lat="22.668088" lon="114.342415">
				<speed>0.929546</speed>
				<ele>56.000000</ele>
				<time>2025-04-04T09:06:00Z</time>
			</trkpt>
			<trkpt lat="22.668182" lon="114.342412">
				<speed>1.303562</speed>
				<ele>55.000000</ele>
				<time>2025-04-04T09:06:08Z</time>
			</trkpt>
			<trkpt lat="22.668272" lon="114.342447">
				<speed>1.484439</speed>
				<ele>55.000000</ele>
				<time>2025-04-04T09:06:15Z</time>
			</trkpt>
			<trkpt lat="22.668354" lon="114.342497">
				<speed>1.227851</speed>
				<ele>55.000000</ele>
				<time>2025-04-04T09:06:23Z</time>
			</trkpt>
			<trkpt lat="22.668422" lon="114.342573">
				<speed>1.361894</speed>
				<ele>55.000000</ele>
				<time>2025-04-04T09:06:30Z</time>
			</trkpt>
			<trkpt lat="22.668496" lon="114.342628">
				<speed>0.921057</speed>
				<ele>56.000000</ele>
				<time>2025-04-04T09:06:40Z</time>
			</trkpt>
			<trkpt lat="22.668588" lon="114.342666">
				<speed>1.053999</speed>
				<ele>59.000000</ele>
				<time>2025-04-04T09:06:50Z</time>
			</trkpt>
			<trkpt lat="22.668687" lon="114.342683">
				<speed>1.256499</speed>
				<ele>58.000000</ele>
				<time>2025-04-04T09:06:58Z</time>
			</trkpt>
			<trkpt lat="22.668765" lon="114.342742">
				<speed>1.307520</speed>
				<ele>55.000000</ele>
				<time>2025-04-04T09:07:06Z</time>
			</trkpt>
			<trkpt lat="22.668767" lon="114.342840">
				<speed>1.105926</speed>
				<ele>56.000000</ele>
				<time>2025-04-04T09:07:14Z</time>
			</trkpt>
			<trkpt lat="22.668725" lon="114.342936">
				<speed>1.172693</speed>
				<ele>56.000000</ele>
				<time>2025-04-04T09:07:23Z</time>
			</trkpt>
			<trkpt lat="22.668654" lon="114.343006">
				<speed>1.205716</speed>
				<ele>54.000000</ele>
				<time>2025-04-04T09:07:30Z</time>
			</trkpt>
			<trkpt lat="22.668575" lon="114.343080">
				<speed>1.459818</speed>
				<ele>54.000000</ele>
				<time>2025-04-04T09:07:38Z</time>
			</trkpt>
			<trkpt lat="22.668482" lon="114.343126">
				<speed>1.303975</speed>
				<ele>55.000000</ele>
				<time>2025-04-04T09:07:46Z</time>
			</trkpt>
			<trkpt lat="22.668417" lon="114.343195">
				<speed>1.194970</speed>
				<ele>56.000000</ele>
				<time>2025-04-04T09:07:54Z</time>
			</trkpt>
			<trkpt lat="22.668349" lon="114.343277">
				<speed>1.277898</speed>
				<ele>55.000000</ele>
				<time>2025-04-04T09:08:02Z</time>
			</trkpt>
			<trkpt lat="22.668283" lon="114.343354">
				<speed>1.541748</speed>
				<ele>55.000000</ele>
				<time>2025-04-04T09:08:10Z</time>
			</trkpt>
			<trkpt lat="22.668216" lon="114.343435">
				<speed>1.567660</speed>
				<ele>54.000000</ele>
				<time>2025-04-04T09:08:20Z</time>
			</trkpt>
			<trkpt lat="22.668150" lon="114.343506">
				<speed>1.126413</speed>
				<ele>55.000000</ele>
				<time>2025-04-04T09:08:29Z</time>
			</trkpt>
			<trkpt lat="22.668090" lon="114.343579">
				<speed>0.994601</speed>
				<ele>55.000000</ele>
				<time>2025-04-04T09:08:37Z</time>
			</trkpt>
			<trkpt lat="22.668041" lon="114.343672">
				<speed>1.325744</speed>
				<ele>57.000000</ele>
				<time>2025-04-04T09:08:45Z</time>
			</trkpt>
			<trkpt lat="22.668027" lon="114.343776">
				<speed>1.274765</speed>
				<ele>57.000000</ele>
				<time>2025-04-04T09:08:52Z</time>
			</trkpt>
			<trkpt lat="22.668022" lon="114.343884">
				<speed>1.290973</speed>
				<ele>56.000000</ele>
				<time>2025-04-04T09:09:01Z</time>
			</trkpt>
			<trkpt lat="22.668069" lon="114.343976">
				<speed>1.194474</speed>
				<ele>56.000000</ele>
				<time>2025-04-04T09:09:07Z</time>
			</trkpt>
			<trkpt lat="22.668126" lon="114.344065">
				<speed>1.460289</speed>
				<ele>57.000000</ele>
				<time>2025-04-04T09:09:14Z</time>
			</trkpt>
			<trkpt lat="22.668179" lon="114.344158">
				<speed>1.407873</speed>
				<ele>54.000000</ele>
				<time>2025-04-04T09:09:23Z</time>
			</trkpt>
			<trkpt lat="22.668230" lon="114.344247">
				<speed>1.353667</speed>
				<ele>52.000000</ele>
				<time>2025-04-04T09:09:31Z</time>
			</trkpt>
			<trkpt lat="22.668301" lon="114.344313">
				<speed>1.368512</speed>
				<ele>51.000000</ele>
				<time>2025-04-04T09:09:38Z</time>
			</trkpt>
			<trkpt lat="22.668361" lon="114.344390">
				<speed>1.383425</speed>
				<ele>51.000000</ele>
				<time>2025-04-04T09:09:45Z</time>
			</trkpt>
			<trkpt lat="22.668424" lon="114.344462">
				<speed>1.694536</speed>
				<ele>51.000000</ele>
				<time>2025-04-04T09:09:52Z</time>
			</trkpt>
			<trkpt lat="22.668499" lon="114.344528">
				<speed>1.419715</speed>
				<ele>51.000000</ele>
				<time>2025-04-04T09:10:00Z</time>
			</trkpt>
			<trkpt lat="22.668564" lon="114.344609">
				<speed>1.392617</speed>
				<ele>52.000000</ele>
				<time>2025-04-04T09:10:08Z</time>
			</trkpt>
			<trkpt lat="22.668621" lon="114.344693">
				<speed>1.392127</speed>
				<ele>51.000000</ele>
				<time>2025-04-04T09:10:16Z</time>
			</trkpt>
			<trkpt lat="22.668679" lon="114.344783">
				<speed>1.450705</speed>
				<ele>51.000000</ele>
				<time>2025-04-04T09:10:25Z</time>
			</trkpt>
			<trkpt lat="22.668720" lon="114.344881">
				<speed>1.447736</speed>
				<ele>50.000000</ele>
				<time>2025-04-04T09:10:33Z</time>
			</trkpt>
			<trkpt lat="22.668736" lon="114.344978">
				<speed>1.436352</speed>
				<ele>51.000000</ele>
				<time>2025-04-04T09:10:41Z</time>
			</trkpt>
			<trkpt lat="22.668709" lon="114.345075">
				<speed>1.461452</speed>
				<ele>52.000000</ele>
				<time>2025-04-04T09:10:48Z</time>
			</trkpt>
			<trkpt lat="22.668695" lon="114.345172">
				<speed>1.474806</speed>
				<ele>53.000000</ele>
				<time>2025-04-04T09:10:55Z</time>
			</trkpt>
			<trkpt lat="22.668677" lon="114.345272">
				<speed>1.038145</speed>
				<ele>53.000000</ele>
				<time>2025-04-04T09:11:03Z</time>
			</trkpt>
			<trkpt lat="22.668661" lon="114.345378">
				<speed>1.300275</speed>
				<ele>54.000000</ele>
				<time>2025-04-04T09:11:11Z</time>
			</trkpt>
			<trkpt lat="22.668743" lon="114.345432">
				<speed>0.825491</speed>
				<ele>53.000000</ele>
				<time>2025-04-04T09:11:20Z</time>
			</trkpt>
			<trkpt lat="22.668833" lon="114.345472">
				<speed>1.130550</speed>
				<ele>53.000000</ele>
				<time>2025-04-04T09:11:29Z</time>
			</trkpt>
			<trkpt lat="22.668929" lon="114.345504">
				<speed>1.425503</speed>
				<ele>52.000000</ele>
				<time>2025-04-04T09:11:37Z</time>
			</trkpt>
			<trkpt lat="22.669018" lon="114.345556">
				<speed>1.444097</speed>
				<ele>51.000000</ele>
				<time>2025-04-04T09:11:45Z</time>
			</trkpt>
			<trkpt lat="22.669091" lon="114.345621">
				<speed>0.995436</speed>
				<ele>53.000000</ele>
				<time>2025-04-04T09:11:55Z</time>
			</trkpt>
			<trkpt lat="22.669185" lon="114.345611">
				<speed>1.039584</speed>
				<ele>52.000000</ele>
				<time>2025-04-04T09:12:05Z</time>
			</trkpt>
			<trkpt lat="22.669270" lon="114.345656">
				<speed>0.720133</speed>
				<ele>50.000000</ele>
				<time>2025-04-04T09:12:16Z</time>
			</trkpt>
			<trkpt lat="22.669310" lon="114.345750">
				<speed>0.883261</speed>
				<ele>52.000000</ele>
				<time>2025-04-04T09:12:29Z</time>
			</trkpt>
			<trkpt lat="22.669339" lon="114.345852">
				<speed>1.056499</speed>
				<ele>52.000000</ele>
				<time>2025-04-04T09:12:38Z</time>
			</trkpt>
			<trkpt lat="22.669392" lon="114.345937">
				<speed>0.561538</speed>
				<ele>52.000000</ele>
				<time>2025-04-04T09:12:48Z</time>
			</trkpt>
			<trkpt lat="22.669459" lon="114.346014">
				<speed>0.962927</speed>
				<ele>52.000000</ele>
				<time>2025-04-04T09:12:56Z</time>
			</trkpt>
			<trkpt lat="22.669550" lon="114.346044">
				<speed>1.112560</speed>
				<ele>51.000000</ele>
				<time>2025-04-04T09:13:06Z</time>
			</trkpt>
			<trkpt lat="22.669630" lon="114.346091">
				<speed>1.499863</speed>
				<ele>51.000000</ele>
				<time>2025-04-04T09:13:13Z</time>
			</trkpt>
			<trkpt lat="22.669716" lon="114.346133">
				<speed>1.297071</speed>
				<ele>51.000000</ele>
				<time>2025-04-04T09:13:21Z</time>
			</trkpt>
			<trkpt lat="22.669808" lon="114.346155">
				<speed>1.466189</speed>
				<ele>49.000000</ele>
				<time>2025-04-04T09:13:29Z</time>
			</trkpt>
			<trkpt lat="22.669894" lon="114.346199">
				<speed>1.263852</speed>
				<ele>49.000000</ele>
				<time>2025-04-04T09:13:37Z</time>
			</trkpt>
			<trkpt lat="22.669983" lon="114.346219">
				<speed>1.142896</speed>
				<ele>49.000000</ele>
				<time>2025-04-04T09:13:46Z</time>
			</trkpt>
			<trkpt lat="22.670076" lon="114.346264">
				<speed>1.139027</speed>
				<ele>48.000000</ele>
				<time>2025-04-04T09:13:54Z</time>
			</trkpt>
			<trkpt lat="22.670176" lon="114.346298">
				<speed>1.666459</speed>
				<ele>49.000000</ele>
				<time>2025-04-04T09:14:03Z</time>
			</trkpt>
			<trkpt lat="22.670274" lon="114.346321">
				<speed>1.341425</speed>
				<ele>54.000000</ele>
				<time>2025-04-04T09:14:12Z</time>
			</trkpt>
			<trkpt lat="22.670366" lon="114.346355">
				<speed>1.231094</speed>
				<ele>54.000000</ele>
				<time>2025-04-04T09:14:20Z</time>
			</trkpt>
			<trkpt lat="22.670461" lon="114.346394">
				<speed>1.368231</speed>
				<ele>55.000000</ele>
				<time>2025-04-04T09:14:28Z</time>
			</trkpt>
			<trkpt lat="22.670554" lon="114.346415">
				<speed>0.968927</speed>
				<ele>55.000000</ele>
				<time>2025-04-04T09:14:37Z</time>
			</trkpt>
			<trkpt lat="22.670635" lon="114.346354">
				<speed>1.201869</speed>
				<ele>55.000000</ele>
				<time>2025-04-04T09:14:45Z</time>
			</trkpt>
			<trkpt lat="22.670686" lon="114.346271">
				<speed>0.759003</speed>
				<ele>55.000000</ele>
				<time>2025-04-04T09:14:52Z</time>
			</trkpt>
			<trkpt lat="22.670790" lon="114.346253">
				<speed>1.304598</speed>
				<ele>56.000000</ele>
				<time>2025-04-04T09:15:03Z</time>
			</trkpt>
			<trkpt lat="22.670827" lon="114.346159">
				<speed>1.171317</speed>
				<ele>58.000000</ele>
				<time>2025-04-04T09:15:09Z</time>
			</trkpt>
			<trkpt lat="22.670866" lon="114.346066">
				<speed>0.910758</speed>
				<ele>58.000000</ele>
				<time>2025-04-04T09:15:17Z</time>
			</trkpt>
			<trkpt lat="22.670918" lon="114.345980">
				<speed>1.078405</speed>
				<ele>58.000000</ele>
				<time>2025-04-04T09:15:25Z</time>
			</trkpt>
			<trkpt lat="22.670982" lon="114.345899">
				<speed>0.856364</speed>
				<ele>63.000000</ele>
				<time>2025-04-04T09:15:38Z</time>
			</trkpt>
			<trkpt lat="22.670911" lon="114.345986">
				<speed>2.217476</speed>
				<ele>60.000000</ele>
				<time>2025-04-04T09:17:41Z</time>
			</trkpt>
			<trkpt lat="22.670843" lon="114.346191">
				<speed>3.784904</speed>
				<ele>60.000000</ele>
				<time>2025-04-04T09:17:47Z</time>
			</trkpt>
			<trkpt lat="22.670781" lon="114.346265">
				<speed>0.479500</speed>
				<ele>59.000000</ele>
				<time>2025-04-04T09:18:00Z</time>
			</trkpt>
			<trkpt lat="22.670695" lon="114.346343">
				<speed>1.616178</speed>
				<ele>62.000000</ele>
				<time>2025-04-04T09:19:09Z</time>
			</trkpt>
			<trkpt lat="22.670651" lon="114.346430">
				<speed>1.281640</speed>
				<ele>58.000000</ele>
				<time>2025-04-04T09:19:17Z</time>
			</trkpt>
			<trkpt lat="22.670719" lon="114.346504">
				<speed>1.618635</speed>
				<ele>55.000000</ele>
				<time>2025-04-04T09:20:04Z</time>
			</trkpt>
			<trkpt lat="22.670845" lon="114.346523">
				<speed>5.523005</speed>
				<ele>55.000000</ele>
				<time>2025-04-04T09:20:06Z</time>
			</trkpt>
			<trkpt lat="22.670938" lon="114.346536">
				<speed>5.163552</speed>
				<ele>54.000000</ele>
				<time>2025-04-04T09:20:08Z</time>
			</trkpt>
			<trkpt lat="22.671048" lon="114.346577">
				<speed>3.690318</speed>
				<ele>54.000000</ele>
				<time>2025-04-04T09:20:11Z</time>
			</trkpt>
			<trkpt lat="22.671105" lon="114.346691">
				<speed>3.494160</speed>
				<ele>55.000000</ele>
				<time>2025-04-04T09:20:15Z</time>
			</trkpt>
			<trkpt lat="22.671098" lon="114.346796">
				<speed>3.362282</speed>
				<ele>55.000000</ele>
				<time>2025-04-04T09:20:18Z</time>
			</trkpt>
			<trkpt lat="22.671018" lon="114.346926">
				<speed>6.742040</speed>
				<ele>55.000000</ele>
				<time>2025-04-04T09:20:21Z</time>
			</trkpt>
			<trkpt lat="22.670911" lon="114.347044">
				<speed>8.534340</speed>
				<ele>55.000000</ele>
				<time>2025-04-04T09:20:23Z</time>
			</trkpt>
			<trkpt lat="22.670791" lon="114.347172">
				<speed>9.708618</speed>
				<ele>54.000000</ele>
				<time>2025-04-04T09:20:25Z</time>
			</trkpt>
			<trkpt lat="22.670722" lon="114.347246">
				<speed>10.728703</speed>
				<ele>54.000000</ele>
				<time>2025-04-04T09:20:26Z</time>
			</trkpt>
			<trkpt lat="22.670651" lon="114.347328">
				<speed>11.339378</speed>
				<ele>54.000000</ele>
				<time>2025-04-04T09:20:27Z</time>
			</trkpt>
			<trkpt lat="22.670573" lon="114.347417">
				<speed>12.193439</speed>
				<ele>54.000000</ele>
				<time>2025-04-04T09:20:28Z</time>
			</trkpt>
			<trkpt lat="22.670492" lon="114.347512">
				<speed>12.846536</speed>
				<ele>54.000000</ele>
				<time>2025-04-04T09:20:29Z</time>
			</trkpt>
			<trkpt lat="22.670412" lon="114.347608">
				<speed>13.158429</speed>
				<ele>54.000000</ele>
				<time>2025-04-04T09:20:30Z</time>
			</trkpt>
			<trkpt lat="22.670326" lon="114.347705">
				<speed>13.577918</speed>
				<ele>53.000000</ele>
				<time>2025-04-04T09:20:31Z</time>
			</trkpt>
			<trkpt lat="22.670240" lon="114.347806">
				<speed>13.936480</speed>
				<ele>53.000000</ele>
				<time>2025-04-04T09:20:32Z</time>
			</trkpt>
			<trkpt lat="22.670152" lon="114.347908">
				<speed>14.245964</speed>
				<ele>53.000000</ele>
				<time>2025-04-04T09:20:33Z</time>
			</trkpt>
			<trkpt lat="22.670065" lon="114.348011">
				<speed>14.293186</speed>
				<ele>52.000000</ele>
				<time>2025-04-04T09:20:34Z</time>
			</trkpt>
			<trkpt lat="22.669977" lon="114.348111">
				<speed>14.228498</speed>
				<ele>52.000000</ele>
				<time>2025-04-04T09:20:35Z</time>
			</trkpt>
			<trkpt lat="22.669887" lon="114.348209">
				<speed>14.194491</speed>
				<ele>52.000000</ele>
				<time>2025-04-04T09:20:36Z</time>
			</trkpt>
			<trkpt lat="22.669797" lon="114.348307">
				<speed>14.165063</speed>
				<ele>52.000000</ele>
				<time>2025-04-04T09:20:37Z</time>
			</trkpt>
			<trkpt lat="22.669706" lon="114.348404">
				<speed>14.212513</speed>
				<ele>52.000000</ele>
				<time>2025-04-04T09:20:38Z</time>
			</trkpt>
			<trkpt lat="22.669626" lon="114.348510">
				<speed>14.056494</speed>
				<ele>52.000000</ele>
				<time>2025-04-04T09:20:39Z</time>
			</trkpt>
			<trkpt lat="22.669550" lon="114.348618">
				<speed>13.947886</speed>
				<ele>52.000000</ele>
				<time>2025-04-04T09:20:40Z</time>
			</trkpt>
			<trkpt lat="22.669466" lon="114.348716">
				<speed>13.753488</speed>
				<ele>52.000000</ele>
				<time>2025-04-04T09:20:41Z</time>
			</trkpt>
			<trkpt lat="22.669371" lon="114.348793">
				<speed>13.124787</speed>
				<ele>52.000000</ele>
				<time>2025-04-04T09:20:42Z</time>
			</trkpt>
			<trkpt lat="22.669295" lon="114.348875">
				<speed>12.138399</speed>
				<ele>52.000000</ele>
				<time>2025-04-04T09:20:43Z</time>
			</trkpt>
		</trkseg>
	</trk>
	<extensions>
		<name>2025-04-04 13:05:01</name>
		<TrackTypeId>8</TrackTypeId>
		<SportType>18</SportType>
		<TrackTags><![CDATA[徒步]]></TrackTags>
		<BeginTime>1743743101000</BeginTime>
		<EndTime>1743758447063</EndTime>
		<PauseTime>2561</PauseTime>
		<StartDistrictId>0</StartDistrictId>
		<EndDistrictId>0</EndDistrictId>
		<CreaterId>56392261</CreaterId>
		<CreaterName><![CDATA[Andy 的游历]]></CreaterName>
		<OriginCreaterId>56392261</OriginCreaterId>
		<OriginCreaterName><![CDATA[Andy 的游历]]></OriginCreaterName>
		<Distance>14189.411141</Distance>
		<ElevationGain>472.520000</ElevationGain>
		<ElevationLoss>471.360000</ElevationLoss>
		<SportAvgSpeed>1.109894</SportAvgSpeed>
	</extensions>
</gpx>
