<?xml version="1.0" encoding="UTF-8"?>
<gpx xmlns="http://www.topografix.com/GPX/1/1" version="1.1" creator="GPSBabel - http://www.gpsbabel.org">
	<metadata>
		<author>
			<name><![CDATA[Andy 的游历]]></name>
		</author>
	</metadata>
	<trk>
		<trkseg>
			<trkpt lat="30.273302" lon="120.114869">
				<speed>1.312132</speed>
				<ele>22.000000</ele>
				<time>2025-11-29T00:06:25Z</time>
			</trkpt>
			<trkpt lat="30.273238" lon="120.114952">
				<speed>0.645838</speed>
				<ele>29.000000</ele>
				<time>2025-11-29T00:06:41Z</time>
			</trkpt>
			<trkpt lat="30.273157" lon="120.115008">
				<speed>1.313500</speed>
				<ele>32.000000</ele>
				<time>2025-11-29T00:06:48Z</time>
			</trkpt>
			<trkpt lat="30.273090" lon="120.114932">
				<speed>0.589143</speed>
				<ele>36.000000</ele>
				<time>2025-11-29T00:07:00Z</time>
			</trkpt>
			<trkpt lat="30.272983" lon="120.114895">
				<speed>0.590191</speed>
				<ele>40.000000</ele>
				<time>2025-11-29T00:07:25Z</time>
			</trkpt>
			<trkpt lat="30.272896" lon="120.114853">
				<speed>0.914863</speed>
				<ele>42.000000</ele>
				<time>2025-11-29T00:07:36Z</time>
			</trkpt>
			<trkpt lat="30.272835" lon="120.114776">
				<speed>1.016760</speed>
				<ele>45.000000</ele>
				<time>2025-11-29T00:07:48Z</time>
			</trkpt>
			<trkpt lat="30.272770" lon="120.114704">
				<speed>0.859172</speed>
				<ele>46.000000</ele>
				<time>2025-11-29T00:08:00Z</time>
			</trkpt>
			<trkpt lat="30.272710" lon="120.114618">
				<speed>1.060084</speed>
				<ele>46.000000</ele>
				<time>2025-11-29T00:08:09Z</time>
			</trkpt>
			<trkpt lat="30.272661" lon="120.114528">
				<speed>1.252941</speed>
				<ele>45.000000</ele>
				<time>2025-11-29T00:08:15Z</time>
			</trkpt>
			<trkpt lat="30.272598" lon="120.114449">
				<speed>0.700963</speed>
				<ele>42.000000</ele>
				<time>2025-11-29T00:08:24Z</time>
			</trkpt>
			<trkpt lat="30.272536" lon="120.114360">
				<speed>1.227176</speed>
				<ele>43.000000</ele>
				<time>2025-11-29T00:08:30Z</time>
			</trkpt>
			<trkpt lat="30.272446" lon="120.114299">
				<speed>1.429042</speed>
				<ele>44.000000</ele>
				<time>2025-11-29T00:08:39Z</time>
			</trkpt>
			<trkpt lat="30.272369" lon="120.114227">
				<speed>0.982910</speed>
				<ele>44.000000</ele>
				<time>2025-11-29T00:08:47Z</time>
			</trkpt>
			<trkpt lat="30.272319" lon="120.114131">
				<speed>0.890614</speed>
				<ele>47.000000</ele>
				<time>2025-11-29T00:08:57Z</time>
			</trkpt>
			<trkpt lat="30.272259" lon="120.114047">
				<speed>0.545157</speed>
				<ele>47.000000</ele>
				<time>2025-11-29T00:09:11Z</time>
			</trkpt>
			<trkpt lat="30.272168" lon="120.114065">
				<speed>0.653895</speed>
				<ele>54.000000</ele>
				<time>2025-11-29T00:09:27Z</time>
			</trkpt>
			<trkpt lat="30.272085" lon="120.114112">
				<speed>0.705321</speed>
				<ele>58.000000</ele>
				<time>2025-11-29T00:09:45Z</time>
			</trkpt>
			<trkpt lat="30.272028" lon="120.114204">
				<speed>1.162840</speed>
				<ele>61.000000</ele>
				<time>2025-11-29T00:09:57Z</time>
			</trkpt>
			<trkpt lat="30.271974" lon="120.114293">
				<speed>0.577025</speed>
				<ele>66.000000</ele>
				<time>2025-11-29T00:10:27Z</time>
			</trkpt>
			<trkpt lat="30.271929" lon="120.114400">
				<speed>0.778758</speed>
				<ele>71.000000</ele>
				<time>2025-11-29T00:10:43Z</time>
			</trkpt>
			<trkpt lat="30.271885" lon="120.114493">
				<speed>0.974853</speed>
				<ele>74.000000</ele>
				<time>2025-11-29T00:10:55Z</time>
			</trkpt>
			<trkpt lat="30.271814" lon="120.114421">
				<speed>0.644727</speed>
				<ele>78.000000</ele>
				<time>2025-11-29T00:11:22Z</time>
			</trkpt>
			<trkpt lat="30.271714" lon="120.114418">
				<speed>0.825296</speed>
				<ele>82.000000</ele>
				<time>2025-11-29T00:11:37Z</time>
			</trkpt>
			<trkpt lat="30.271729" lon="120.114531">
				<speed>0.738958</speed>
				<ele>86.000000</ele>
				<time>2025-11-29T00:12:02Z</time>
			</trkpt>
			<trkpt lat="30.271664" lon="120.114665">
				<speed>0.884539</speed>
				<ele>91.000000</ele>
				<time>2025-11-29T00:12:28Z</time>
			</trkpt>
			<trkpt lat="30.271669" lon="120.114777">
				<speed>0.232290</speed>
				<ele>96.000000</ele>
				<time>2025-11-29T00:13:02Z</time>
			</trkpt>
			<trkpt lat="30.271576" lon="120.114774">
				<speed>0.414607</speed>
				<ele>99.000000</ele>
				<time>2025-11-29T00:13:19Z</time>
			</trkpt>
			<trkpt lat="30.271555" lon="120.114878">
				<speed>0.516780</speed>
				<ele>105.000000</ele>
				<time>2025-11-29T00:13:42Z</time>
			</trkpt>
			<trkpt lat="30.271552" lon="120.114985">
				<speed>0.743940</speed>
				<ele>108.000000</ele>
				<time>2025-11-29T00:13:57Z</time>
			</trkpt>
			<trkpt lat="30.271574" lon="120.115092">
				<speed>0.415134</speed>
				<ele>109.000000</ele>
				<time>2025-11-29T00:14:17Z</time>
			</trkpt>
			<trkpt lat="30.271621" lon="120.115189">
				<speed>0.887075</speed>
				<ele>111.000000</ele>
				<time>2025-11-29T00:14:33Z</time>
			</trkpt>
			<trkpt lat="30.271610" lon="120.115295">
				<speed>0.244237</speed>
				<ele>112.000000</ele>
				<time>2025-11-29T00:14:49Z</time>
			</trkpt>
			<trkpt lat="30.271518" lon="120.115303">
				<speed>1.003512</speed>
				<ele>114.000000</ele>
				<time>2025-11-29T00:15:06Z</time>
			</trkpt>
			<trkpt lat="30.271450" lon="120.115230">
				<speed>0.861616</speed>
				<ele>117.000000</ele>
				<time>2025-11-29T00:15:16Z</time>
			</trkpt>
			<trkpt lat="30.271374" lon="120.115159">
				<speed>0.986525</speed>
				<ele>119.000000</ele>
				<time>2025-11-29T00:15:26Z</time>
			</trkpt>
			<trkpt lat="30.271291" lon="120.115110">
				<speed>1.249661</speed>
				<ele>120.000000</ele>
				<time>2025-11-29T00:15:33Z</time>
			</trkpt>
			<trkpt lat="30.271226" lon="120.115028">
				<speed>0.972368</speed>
				<ele>123.000000</ele>
				<time>2025-11-29T00:15:41Z</time>
			</trkpt>
			<trkpt lat="30.271163" lon="120.114952">
				<speed>0.840430</speed>
				<ele>127.000000</ele>
				<time>2025-11-29T00:15:49Z</time>
			</trkpt>
			<trkpt lat="30.271074" lon="120.114919">
				<speed>0.536667</speed>
				<ele>129.000000</ele>
				<time>2025-11-29T00:16:01Z</time>
			</trkpt>
			<trkpt lat="30.270983" lon="120.114887">
				<speed>0.902690</speed>
				<ele>130.000000</ele>
				<time>2025-11-29T00:16:11Z</time>
			</trkpt>
			<trkpt lat="30.270897" lon="120.114841">
				<speed>0.730811</speed>
				<ele>132.000000</ele>
				<time>2025-11-29T00:16:23Z</time>
			</trkpt>
			<trkpt lat="30.270809" lon="120.114812">
				<speed>0.538443</speed>
				<ele>135.000000</ele>
				<time>2025-11-29T00:16:33Z</time>
			</trkpt>
			<trkpt lat="30.270721" lon="120.114781">
				<speed>0.756125</speed>
				<ele>137.000000</ele>
				<time>2025-11-29T00:16:45Z</time>
			</trkpt>
			<trkpt lat="30.270674" lon="120.114871">
				<speed>0.772323</speed>
				<ele>140.000000</ele>
				<time>2025-11-29T00:17:02Z</time>
			</trkpt>
			<trkpt lat="30.270586" lon="120.114908">
				<speed>0.615269</speed>
				<ele>141.000000</ele>
				<time>2025-11-29T00:20:28Z</time>
			</trkpt>
			<trkpt lat="30.270494" lon="120.114872">
				<speed>0.558723</speed>
				<ele>142.000000</ele>
				<time>2025-11-29T00:20:41Z</time>
			</trkpt>
			<trkpt lat="30.270424" lon="120.114802">
				<speed>0.603631</speed>
				<ele>144.000000</ele>
				<time>2025-11-29T00:20:55Z</time>
			</trkpt>
			<trkpt lat="30.270347" lon="120.114742">
				<speed>0.161503</speed>
				<ele>146.000000</ele>
				<time>2025-11-29T00:21:09Z</time>
			</trkpt>
			<trkpt lat="30.270273" lon="120.114679">
				<speed>0.407486</speed>
				<ele>149.000000</ele>
				<time>2025-11-29T00:21:16Z</time>
			</trkpt>
			<trkpt lat="30.270209" lon="120.114597">
				<speed>0.473260</speed>
				<ele>154.000000</ele>
				<time>2025-11-29T00:21:29Z</time>
			</trkpt>
			<trkpt lat="30.270146" lon="120.114520">
				<speed>1.281215</speed>
				<ele>153.000000</ele>
				<time>2025-11-29T00:21:36Z</time>
			</trkpt>
			<trkpt lat="30.270084" lon="120.114423">
				<speed>1.114713</speed>
				<ele>153.000000</ele>
				<time>2025-11-29T00:21:43Z</time>
			</trkpt>
			<trkpt lat="30.270035" lon="120.114326">
				<speed>0.970728</speed>
				<ele>155.000000</ele>
				<time>2025-11-29T00:21:52Z</time>
			</trkpt>
			<trkpt lat="30.270006" lon="120.114225">
				<speed>0.670964</speed>
				<ele>157.000000</ele>
				<time>2025-11-29T00:22:02Z</time>
			</trkpt>
			<trkpt lat="30.269959" lon="120.114017">
				<speed>1.295570</speed>
				<ele>159.000000</ele>
				<time>2025-11-29T00:22:14Z</time>
			</trkpt>
			<trkpt lat="30.269938" lon="120.113908">
				<speed>1.033534</speed>
				<ele>158.000000</ele>
				<time>2025-11-29T00:22:22Z</time>
			</trkpt>
			<trkpt lat="30.269812" lon="120.113752">
				<speed>1.214594</speed>
				<ele>154.000000</ele>
				<time>2025-11-29T00:22:39Z</time>
			</trkpt>
			<trkpt lat="30.269737" lon="120.113669">
				<speed>1.174121</speed>
				<ele>152.000000</ele>
				<time>2025-11-29T00:22:48Z</time>
			</trkpt>
			<trkpt lat="30.269651" lon="120.113608">
				<speed>1.041276</speed>
				<ele>149.000000</ele>
				<time>2025-11-29T00:22:57Z</time>
			</trkpt>
			<trkpt lat="30.269560" lon="120.113552">
				<speed>1.358602</speed>
				<ele>148.000000</ele>
				<time>2025-11-29T00:23:04Z</time>
			</trkpt>
			<trkpt lat="30.269483" lon="120.113477">
				<speed>1.248773</speed>
				<ele>146.000000</ele>
				<time>2025-11-29T00:23:11Z</time>
			</trkpt>
			<trkpt lat="30.269400" lon="120.113415">
				<speed>1.036232</speed>
				<ele>143.000000</ele>
				<time>2025-11-29T00:23:18Z</time>
			</trkpt>
			<trkpt lat="30.269326" lon="120.113356">
				<speed>0.887022</speed>
				<ele>143.000000</ele>
				<time>2025-11-29T00:23:25Z</time>
			</trkpt>
			<trkpt lat="30.269246" lon="120.113294">
				<speed>1.138360</speed>
				<ele>144.000000</ele>
				<time>2025-11-29T00:23:32Z</time>
			</trkpt>
			<trkpt lat="30.269164" lon="120.113236">
				<speed>0.651885</speed>
				<ele>144.000000</ele>
				<time>2025-11-29T00:23:44Z</time>
			</trkpt>
			<trkpt lat="30.269122" lon="120.113143">
				<speed>0.441907</speed>
				<ele>143.000000</ele>
				<time>2025-11-29T00:23:58Z</time>
			</trkpt>
			<trkpt lat="30.269068" lon="120.113048">
				<speed>0.695467</speed>
				<ele>147.000000</ele>
				<time>2025-11-29T00:24:09Z</time>
			</trkpt>
			<trkpt lat="30.269016" lon="120.112957">
				<speed>0.881085</speed>
				<ele>149.000000</ele>
				<time>2025-11-29T00:24:21Z</time>
			</trkpt>
			<trkpt lat="30.268958" lon="120.112872">
				<speed>0.885977</speed>
				<ele>150.000000</ele>
				<time>2025-11-29T00:24:31Z</time>
			</trkpt>
			<trkpt lat="30.268876" lon="120.112801">
				<speed>1.033106</speed>
				<ele>154.000000</ele>
				<time>2025-11-29T00:24:37Z</time>
			</trkpt>
			<trkpt lat="30.268804" lon="120.112727">
				<speed>1.015753</speed>
				<ele>158.000000</ele>
				<time>2025-11-29T00:24:43Z</time>
			</trkpt>
			<trkpt lat="30.268741" lon="120.112650">
				<speed>1.180903</speed>
				<ele>159.000000</ele>
				<time>2025-11-29T00:24:49Z</time>
			</trkpt>
			<trkpt lat="30.268674" lon="120.112569">
				<speed>1.089506</speed>
				<ele>161.000000</ele>
				<time>2025-11-29T00:24:56Z</time>
			</trkpt>
			<trkpt lat="30.268607" lon="120.112496">
				<speed>1.255039</speed>
				<ele>165.000000</ele>
				<time>2025-11-29T00:25:03Z</time>
			</trkpt>
			<trkpt lat="30.268539" lon="120.112410">
				<speed>1.357613</speed>
				<ele>167.000000</ele>
				<time>2025-11-29T00:25:10Z</time>
			</trkpt>
			<trkpt lat="30.268483" lon="120.112327">
				<speed>0.604855</speed>
				<ele>164.000000</ele>
				<time>2025-11-29T00:25:19Z</time>
			</trkpt>
			<trkpt lat="30.268396" lon="120.112261">
				<speed>1.002713</speed>
				<ele>164.000000</ele>
				<time>2025-11-29T00:25:29Z</time>
			</trkpt>
			<trkpt lat="30.268322" lon="120.112201">
				<speed>1.457382</speed>
				<ele>163.000000</ele>
				<time>2025-11-29T00:25:36Z</time>
			</trkpt>
			<trkpt lat="30.268257" lon="120.112114">
				<speed>1.061457</speed>
				<ele>161.000000</ele>
				<time>2025-11-29T00:25:44Z</time>
			</trkpt>
			<trkpt lat="30.268186" lon="120.112045">
				<speed>1.302664</speed>
				<ele>159.000000</ele>
				<time>2025-11-29T00:25:51Z</time>
			</trkpt>
			<trkpt lat="30.268108" lon="120.111966">
				<speed>1.273467</speed>
				<ele>158.000000</ele>
				<time>2025-11-29T00:25:59Z</time>
			</trkpt>
			<trkpt lat="30.268035" lon="120.111890">
				<speed>0.915776</speed>
				<ele>157.000000</ele>
				<time>2025-11-29T00:26:09Z</time>
			</trkpt>
			<trkpt lat="30.267970" lon="120.111813">
				<speed>0.352111</speed>
				<ele>153.000000</ele>
				<time>2025-11-29T00:26:19Z</time>
			</trkpt>
			<trkpt lat="30.267907" lon="120.111733">
				<speed>0.557008</speed>
				<ele>150.000000</ele>
				<time>2025-11-29T00:26:28Z</time>
			</trkpt>
			<trkpt lat="30.267846" lon="120.111648">
				<speed>0.878299</speed>
				<ele>148.000000</ele>
				<time>2025-11-29T00:26:37Z</time>
			</trkpt>
			<trkpt lat="30.267780" lon="120.111559">
				<speed>0.982330</speed>
				<ele>149.000000</ele>
				<time>2025-11-29T00:26:44Z</time>
			</trkpt>
			<trkpt lat="30.267720" lon="120.111469">
				<speed>1.148528</speed>
				<ele>149.000000</ele>
				<time>2025-11-29T00:26:51Z</time>
			</trkpt>
			<trkpt lat="30.267658" lon="120.111377">
				<speed>1.280970</speed>
				<ele>148.000000</ele>
				<time>2025-11-29T00:26:58Z</time>
			</trkpt>
			<trkpt lat="30.267603" lon="120.111287">
				<speed>0.812928</speed>
				<ele>148.000000</ele>
				<time>2025-11-29T00:27:06Z</time>
			</trkpt>
			<trkpt lat="30.267550" lon="120.111184">
				<speed>1.002290</speed>
				<ele>149.000000</ele>
				<time>2025-11-29T00:27:14Z</time>
			</trkpt>
			<trkpt lat="30.267500" lon="120.111095">
				<speed>0.668760</speed>
				<ele>150.000000</ele>
				<time>2025-11-29T00:27:24Z</time>
			</trkpt>
			<trkpt lat="30.267445" lon="120.110998">
				<speed>0.975785</speed>
				<ele>150.000000</ele>
				<time>2025-11-29T00:27:31Z</time>
			</trkpt>
			<trkpt lat="30.267394" lon="120.110907">
				<speed>1.018706</speed>
				<ele>150.000000</ele>
				<time>2025-11-29T00:27:38Z</time>
			</trkpt>
			<trkpt lat="30.267343" lon="120.110808">
				<speed>0.792776</speed>
				<ele>150.000000</ele>
				<time>2025-11-29T00:27:48Z</time>
			</trkpt>
			<trkpt lat="30.267289" lon="120.110717">
				<speed>0.964994</speed>
				<ele>150.000000</ele>
				<time>2025-11-29T00:27:59Z</time>
			</trkpt>
			<trkpt lat="30.267226" lon="120.110638">
				<speed>0.761399</speed>
				<ele>149.000000</ele>
				<time>2025-11-29T00:28:24Z</time>
			</trkpt>
			<trkpt lat="30.267188" lon="120.110532">
				<speed>1.078748</speed>
				<ele>147.000000</ele>
				<time>2025-11-29T00:28:36Z</time>
			</trkpt>
			<trkpt lat="30.267151" lon="120.110427">
				<speed>1.014983</speed>
				<ele>148.000000</ele>
				<time>2025-11-29T00:28:46Z</time>
			</trkpt>
			<trkpt lat="30.267123" lon="120.110316">
				<speed>0.853649</speed>
				<ele>150.000000</ele>
				<time>2025-11-29T00:28:54Z</time>
			</trkpt>
			<trkpt lat="30.267125" lon="120.110210">
				<speed>0.582295</speed>
				<ele>153.000000</ele>
				<time>2025-11-29T00:29:02Z</time>
			</trkpt>
			<trkpt lat="30.267094" lon="120.110099">
				<speed>0.899875</speed>
				<ele>154.000000</ele>
				<time>2025-11-29T00:29:10Z</time>
			</trkpt>
			<trkpt lat="30.267051" lon="120.109993">
				<speed>0.945605</speed>
				<ele>157.000000</ele>
				<time>2025-11-29T00:29:16Z</time>
			</trkpt>
			<trkpt lat="30.267010" lon="120.109889">
				<speed>0.896986</speed>
				<ele>160.000000</ele>
				<time>2025-11-29T00:29:24Z</time>
			</trkpt>
			<trkpt lat="30.266967" lon="120.109792">
				<speed>0.767215</speed>
				<ele>162.000000</ele>
				<time>2025-11-29T00:29:31Z</time>
			</trkpt>
			<trkpt lat="30.266923" lon="120.109699">
				<speed>0.696297</speed>
				<ele>163.000000</ele>
				<time>2025-11-29T00:29:40Z</time>
			</trkpt>
			<trkpt lat="30.266908" lon="120.109592">
				<speed>1.121584</speed>
				<ele>165.000000</ele>
				<time>2025-11-29T00:29:47Z</time>
			</trkpt>
			<trkpt lat="30.266855" lon="120.109497">
				<speed>1.063734</speed>
				<ele>169.000000</ele>
				<time>2025-11-29T00:29:55Z</time>
			</trkpt>
			<trkpt lat="30.266807" lon="120.109408">
				<speed>0.874053</speed>
				<ele>169.000000</ele>
				<time>2025-11-29T00:30:03Z</time>
			</trkpt>
			<trkpt lat="30.266723" lon="120.109366">
				<speed>1.201732</speed>
				<ele>169.000000</ele>
				<time>2025-11-29T00:30:13Z</time>
			</trkpt>
			<trkpt lat="30.266542" lon="120.109292">
				<speed>0.594164</speed>
				<ele>168.000000</ele>
				<time>2025-11-29T00:30:32Z</time>
			</trkpt>
			<trkpt lat="30.266333" lon="120.109042">
				<speed>0.586098</speed>
				<ele>164.000000</ele>
				<time>2025-11-29T00:30:56Z</time>
			</trkpt>
			<trkpt lat="30.266238" lon="120.109027">
				<speed>1.384357</speed>
				<ele>163.000000</ele>
				<time>2025-11-29T00:31:06Z</time>
			</trkpt>
			<trkpt lat="30.266124" lon="120.109020">
				<speed>1.245663</speed>
				<ele>161.000000</ele>
				<time>2025-11-29T00:31:14Z</time>
			</trkpt>
			<trkpt lat="30.266032" lon="120.108967">
				<speed>1.226486</speed>
				<ele>158.000000</ele>
				<time>2025-11-29T00:31:20Z</time>
			</trkpt>
			<trkpt lat="30.265931" lon="120.108946">
				<speed>1.522735</speed>
				<ele>157.000000</ele>
				<time>2025-11-29T00:31:27Z</time>
			</trkpt>
			<trkpt lat="30.265840" lon="120.108917">
				<speed>0.776576</speed>
				<ele>155.000000</ele>
				<time>2025-11-29T00:31:33Z</time>
			</trkpt>
			<trkpt lat="30.265750" lon="120.108889">
				<speed>0.702589</speed>
				<ele>153.000000</ele>
				<time>2025-11-29T00:31:42Z</time>
			</trkpt>
			<trkpt lat="30.265665" lon="120.108835">
				<speed>0.823258</speed>
				<ele>153.000000</ele>
				<time>2025-11-29T00:31:49Z</time>
			</trkpt>
			<trkpt lat="30.265580" lon="120.108794">
				<speed>1.165299</speed>
				<ele>153.000000</ele>
				<time>2025-11-29T00:31:55Z</time>
			</trkpt>
			<trkpt lat="30.265487" lon="120.108750">
				<speed>1.337018</speed>
				<ele>155.000000</ele>
				<time>2025-11-29T00:32:02Z</time>
			</trkpt>
			<trkpt lat="30.265395" lon="120.108696">
				<speed>1.000974</speed>
				<ele>155.000000</ele>
				<time>2025-11-29T00:32:09Z</time>
			</trkpt>
			<trkpt lat="30.265316" lon="120.108631">
				<speed>1.051723</speed>
				<ele>156.000000</ele>
				<time>2025-11-29T00:32:16Z</time>
			</trkpt>
			<trkpt lat="30.265248" lon="120.108560">
				<speed>0.969216</speed>
				<ele>159.000000</ele>
				<time>2025-11-29T00:32:22Z</time>
			</trkpt>
			<trkpt lat="30.265182" lon="120.108477">
				<speed>1.250410</speed>
				<ele>158.000000</ele>
				<time>2025-11-29T00:32:29Z</time>
			</trkpt>
			<trkpt lat="30.265125" lon="120.108381">
				<speed>0.884659</speed>
				<ele>158.000000</ele>
				<time>2025-11-29T00:32:37Z</time>
			</trkpt>
			<trkpt lat="30.265073" lon="120.108290">
				<speed>0.649183</speed>
				<ele>157.000000</ele>
				<time>2025-11-29T00:32:45Z</time>
			</trkpt>
			<trkpt lat="30.265011" lon="120.108202">
				<speed>0.998114</speed>
				<ele>159.000000</ele>
				<time>2025-11-29T00:32:53Z</time>
			</trkpt>
			<trkpt lat="30.264940" lon="120.108119">
				<speed>1.077767</speed>
				<ele>161.000000</ele>
				<time>2025-11-29T00:33:02Z</time>
			</trkpt>
			<trkpt lat="30.264886" lon="120.108025">
				<speed>0.882204</speed>
				<ele>160.000000</ele>
				<time>2025-11-29T00:33:11Z</time>
			</trkpt>
			<trkpt lat="30.264815" lon="120.107955">
				<speed>1.075139</speed>
				<ele>159.000000</ele>
				<time>2025-11-29T00:33:19Z</time>
			</trkpt>
			<trkpt lat="30.264726" lon="120.107901">
				<speed>0.834270</speed>
				<ele>157.000000</ele>
				<time>2025-11-29T00:33:26Z</time>
			</trkpt>
			<trkpt lat="30.264643" lon="120.107835">
				<speed>1.037224</speed>
				<ele>158.000000</ele>
				<time>2025-11-29T00:33:33Z</time>
			</trkpt>
			<trkpt lat="30.264544" lon="120.107783">
				<speed>1.036955</speed>
				<ele>156.000000</ele>
				<time>2025-11-29T00:33:43Z</time>
			</trkpt>
			<trkpt lat="30.264459" lon="120.107715">
				<speed>1.005894</speed>
				<ele>154.000000</ele>
				<time>2025-11-29T00:33:51Z</time>
			</trkpt>
			<trkpt lat="30.264369" lon="120.107679">
				<speed>0.532587</speed>
				<ele>151.000000</ele>
				<time>2025-11-29T00:34:00Z</time>
			</trkpt>
			<trkpt lat="30.264298" lon="120.107612">
				<speed>1.044895</speed>
				<ele>150.000000</ele>
				<time>2025-11-29T00:34:06Z</time>
			</trkpt>
			<trkpt lat="30.264208" lon="120.107552">
				<speed>1.285660</speed>
				<ele>148.000000</ele>
				<time>2025-11-29T00:34:16Z</time>
			</trkpt>
			<trkpt lat="30.264118" lon="120.107497">
				<speed>1.638684</speed>
				<ele>149.000000</ele>
				<time>2025-11-29T00:34:22Z</time>
			</trkpt>
			<trkpt lat="30.264049" lon="120.107424">
				<speed>1.702849</speed>
				<ele>149.000000</ele>
				<time>2025-11-29T00:34:28Z</time>
			</trkpt>
			<trkpt lat="30.263986" lon="120.107348">
				<speed>1.754041</speed>
				<ele>151.000000</ele>
				<time>2025-11-29T00:34:34Z</time>
			</trkpt>
			<trkpt lat="30.263908" lon="120.107280">
				<speed>1.707530</speed>
				<ele>151.000000</ele>
				<time>2025-11-29T00:34:41Z</time>
			</trkpt>
			<trkpt lat="30.263844" lon="120.107200">
				<speed>0.991536</speed>
				<ele>154.000000</ele>
				<time>2025-11-29T00:34:51Z</time>
			</trkpt>
			<trkpt lat="30.263782" lon="120.107114">
				<speed>1.238129</speed>
				<ele>156.000000</ele>
				<time>2025-11-29T00:35:02Z</time>
			</trkpt>
			<trkpt lat="30.263734" lon="120.107013">
				<speed>1.456084</speed>
				<ele>156.000000</ele>
				<time>2025-11-29T00:35:08Z</time>
			</trkpt>
			<trkpt lat="30.263556" lon="120.106889">
				<speed>0.980342</speed>
				<ele>160.000000</ele>
				<time>2025-11-29T00:35:20Z</time>
			</trkpt>
			<trkpt lat="30.263376" lon="120.106788">
				<speed>1.407756</speed>
				<ele>159.000000</ele>
				<time>2025-11-29T00:35:35Z</time>
			</trkpt>
			<trkpt lat="30.263304" lon="120.106719">
				<speed>1.283186</speed>
				<ele>160.000000</ele>
				<time>2025-11-29T00:35:41Z</time>
			</trkpt>
			<trkpt lat="30.263215" lon="120.106671">
				<speed>1.102337</speed>
				<ele>159.000000</ele>
				<time>2025-11-29T00:35:49Z</time>
			</trkpt>
			<trkpt lat="30.263132" lon="120.106604">
				<speed>1.014039</speed>
				<ele>160.000000</ele>
				<time>2025-11-29T00:35:56Z</time>
			</trkpt>
			<trkpt lat="30.263048" lon="120.106533">
				<speed>1.200395</speed>
				<ele>160.000000</ele>
				<time>2025-11-29T00:36:03Z</time>
			</trkpt>
			<trkpt lat="30.262953" lon="120.106510">
				<speed>0.807469</speed>
				<ele>160.000000</ele>
				<time>2025-11-29T00:36:11Z</time>
			</trkpt>
			<trkpt lat="30.262854" lon="120.106522">
				<speed>0.877678</speed>
				<ele>158.000000</ele>
				<time>2025-11-29T00:36:19Z</time>
			</trkpt>
			<trkpt lat="30.262753" lon="120.106544">
				<speed>1.262328</speed>
				<ele>156.000000</ele>
				<time>2025-11-29T00:36:27Z</time>
			</trkpt>
			<trkpt lat="30.262659" lon="120.106538">
				<speed>1.227015</speed>
				<ele>155.000000</ele>
				<time>2025-11-29T00:36:34Z</time>
			</trkpt>
			<trkpt lat="30.262568" lon="120.106523">
				<speed>1.096731</speed>
				<ele>155.000000</ele>
				<time>2025-11-29T00:36:41Z</time>
			</trkpt>
			<trkpt lat="30.262468" lon="120.106510">
				<speed>1.172625</speed>
				<ele>153.000000</ele>
				<time>2025-11-29T00:36:48Z</time>
			</trkpt>
			<trkpt lat="30.262378" lon="120.106488">
				<speed>1.049635</speed>
				<ele>153.000000</ele>
				<time>2025-11-29T00:36:55Z</time>
			</trkpt>
			<trkpt lat="30.262283" lon="120.106447">
				<speed>1.238529</speed>
				<ele>154.000000</ele>
				<time>2025-11-29T00:37:02Z</time>
			</trkpt>
			<trkpt lat="30.262191" lon="120.106399">
				<speed>1.211430</speed>
				<ele>157.000000</ele>
				<time>2025-11-29T00:37:08Z</time>
			</trkpt>
			<trkpt lat="30.262102" lon="120.106362">
				<speed>1.109570</speed>
				<ele>159.000000</ele>
				<time>2025-11-29T00:37:15Z</time>
			</trkpt>
			<trkpt lat="30.262011" lon="120.106338">
				<speed>0.801447</speed>
				<ele>159.000000</ele>
				<time>2025-11-29T00:37:22Z</time>
			</trkpt>
			<trkpt lat="30.261922" lon="120.106285">
				<speed>1.328619</speed>
				<ele>160.000000</ele>
				<time>2025-11-29T00:37:29Z</time>
			</trkpt>
			<trkpt lat="30.261874" lon="120.106186">
				<speed>0.994746</speed>
				<ele>160.000000</ele>
				<time>2025-11-29T00:37:37Z</time>
			</trkpt>
			<trkpt lat="30.261849" lon="120.106079">
				<speed>1.157489</speed>
				<ele>160.000000</ele>
				<time>2025-11-29T00:37:44Z</time>
			</trkpt>
			<trkpt lat="30.261818" lon="120.105972">
				<speed>1.155542</speed>
				<ele>160.000000</ele>
				<time>2025-11-29T00:37:50Z</time>
			</trkpt>
			<trkpt lat="30.261799" lon="120.105869">
				<speed>0.887642</speed>
				<ele>160.000000</ele>
				<time>2025-11-29T00:37:57Z</time>
			</trkpt>
			<trkpt lat="30.261778" lon="120.105768">
				<speed>1.080118</speed>
				<ele>159.000000</ele>
				<time>2025-11-29T00:38:03Z</time>
			</trkpt>
			<trkpt lat="30.261749" lon="120.105652">
				<speed>1.114008</speed>
				<ele>160.000000</ele>
				<time>2025-11-29T00:38:10Z</time>
			</trkpt>
			<trkpt lat="30.261674" lon="120.105570">
				<speed>1.007947</speed>
				<ele>160.000000</ele>
				<time>2025-11-29T00:38:18Z</time>
			</trkpt>
			<trkpt lat="30.261587" lon="120.105507">
				<speed>1.124203</speed>
				<ele>159.000000</ele>
				<time>2025-11-29T00:38:25Z</time>
			</trkpt>
			<trkpt lat="30.261500" lon="120.105472">
				<speed>0.438714</speed>
				<ele>157.000000</ele>
				<time>2025-11-29T00:38:34Z</time>
			</trkpt>
			<trkpt lat="30.261416" lon="120.105424">
				<speed>0.687483</speed>
				<ele>154.000000</ele>
				<time>2025-11-29T00:38:42Z</time>
			</trkpt>
			<trkpt lat="30.261347" lon="120.105341">
				<speed>0.752026</speed>
				<ele>150.000000</ele>
				<time>2025-11-29T00:38:50Z</time>
			</trkpt>
			<trkpt lat="30.261258" lon="120.105296">
				<speed>1.544239</speed>
				<ele>147.000000</ele>
				<time>2025-11-29T00:38:55Z</time>
			</trkpt>
			<trkpt lat="30.261159" lon="120.105248">
				<speed>2.483610</speed>
				<ele>148.000000</ele>
				<time>2025-11-29T00:38:59Z</time>
			</trkpt>
			<trkpt lat="30.261065" lon="120.105214">
				<speed>2.429571</speed>
				<ele>145.000000</ele>
				<time>2025-11-29T00:39:03Z</time>
			</trkpt>
			<trkpt lat="30.260958" lon="120.105202">
				<speed>1.664612</speed>
				<ele>144.000000</ele>
				<time>2025-11-29T00:39:08Z</time>
			</trkpt>
			<trkpt lat="30.260874" lon="120.105159">
				<speed>1.016332</speed>
				<ele>143.000000</ele>
				<time>2025-11-29T00:39:14Z</time>
			</trkpt>
			<trkpt lat="30.260788" lon="120.105106">
				<speed>0.861692</speed>
				<ele>143.000000</ele>
				<time>2025-11-29T00:39:21Z</time>
			</trkpt>
			<trkpt lat="30.260703" lon="120.105051">
				<speed>1.510772</speed>
				<ele>142.000000</ele>
				<time>2025-11-29T00:39:27Z</time>
			</trkpt>
			<trkpt lat="30.260625" lon="120.104998">
				<speed>0.924835</speed>
				<ele>143.000000</ele>
				<time>2025-11-29T00:39:34Z</time>
			</trkpt>
			<trkpt lat="30.260542" lon="120.104946">
				<speed>0.856228</speed>
				<ele>141.000000</ele>
				<time>2025-11-29T00:39:40Z</time>
			</trkpt>
			<trkpt lat="30.260465" lon="120.104892">
				<speed>1.459170</speed>
				<ele>141.000000</ele>
				<time>2025-11-29T00:39:46Z</time>
			</trkpt>
			<trkpt lat="30.260372" lon="120.104866">
				<speed>1.019669</speed>
				<ele>142.000000</ele>
				<time>2025-11-29T00:39:53Z</time>
			</trkpt>
			<trkpt lat="30.260277" lon="120.104854">
				<speed>0.979874</speed>
				<ele>142.000000</ele>
				<time>2025-11-29T00:40:01Z</time>
			</trkpt>
			<trkpt lat="30.260174" lon="120.104865">
				<speed>1.174407</speed>
				<ele>143.000000</ele>
				<time>2025-11-29T00:40:08Z</time>
			</trkpt>
			<trkpt lat="30.260084" lon="120.104867">
				<speed>0.901586</speed>
				<ele>147.000000</ele>
				<time>2025-11-29T00:40:17Z</time>
			</trkpt>
			<trkpt lat="30.259989" lon="120.104868">
				<speed>0.797036</speed>
				<ele>150.000000</ele>
				<time>2025-11-29T00:40:28Z</time>
			</trkpt>
			<trkpt lat="30.259896" lon="120.104847">
				<speed>0.880785</speed>
				<ele>151.000000</ele>
				<time>2025-11-29T00:40:36Z</time>
			</trkpt>
			<trkpt lat="30.259807" lon="120.104814">
				<speed>1.181126</speed>
				<ele>151.000000</ele>
				<time>2025-11-29T00:40:44Z</time>
			</trkpt>
			<trkpt lat="30.259728" lon="120.104758">
				<speed>1.128324</speed>
				<ele>151.000000</ele>
				<time>2025-11-29T00:40:51Z</time>
			</trkpt>
			<trkpt lat="30.259639" lon="120.104709">
				<speed>0.523788</speed>
				<ele>150.000000</ele>
				<time>2025-11-29T00:40:59Z</time>
			</trkpt>
			<trkpt lat="30.259550" lon="120.104683">
				<speed>0.590493</speed>
				<ele>146.000000</ele>
				<time>2025-11-29T00:41:08Z</time>
			</trkpt>
			<trkpt lat="30.259461" lon="120.104709">
				<speed>0.865944</speed>
				<ele>145.000000</ele>
				<time>2025-11-29T00:41:16Z</time>
			</trkpt>
			<trkpt lat="30.259367" lon="120.104715">
				<speed>0.635710</speed>
				<ele>141.000000</ele>
				<time>2025-11-29T00:41:27Z</time>
			</trkpt>
			<trkpt lat="30.259282" lon="120.104668">
				<speed>0.295474</speed>
				<ele>138.000000</ele>
				<time>2025-11-29T00:41:38Z</time>
			</trkpt>
			<trkpt lat="30.259192" lon="120.104636">
				<speed>0.681153</speed>
				<ele>134.000000</ele>
				<time>2025-11-29T00:41:47Z</time>
			</trkpt>
			<trkpt lat="30.259095" lon="120.104652">
				<speed>0.406050</speed>
				<ele>133.000000</ele>
				<time>2025-11-29T00:41:54Z</time>
			</trkpt>
			<trkpt lat="30.258997" lon="120.104666">
				<speed>0.674986</speed>
				<ele>131.000000</ele>
				<time>2025-11-29T00:42:02Z</time>
			</trkpt>
			<trkpt lat="30.258902" lon="120.104668">
				<speed>0.552946</speed>
				<ele>128.000000</ele>
				<time>2025-11-29T00:42:12Z</time>
			</trkpt>
			<trkpt lat="30.258852" lon="120.104575">
				<speed>0.678728</speed>
				<ele>125.000000</ele>
				<time>2025-11-29T00:42:22Z</time>
			</trkpt>
			<trkpt lat="30.258761" lon="120.104521">
				<speed>0.821672</speed>
				<ele>125.000000</ele>
				<time>2025-11-29T00:42:30Z</time>
			</trkpt>
			<trkpt lat="30.258689" lon="120.104443">
				<speed>0.466058</speed>
				<ele>122.000000</ele>
				<time>2025-11-29T00:42:40Z</time>
			</trkpt>
			<trkpt lat="30.258599" lon="120.104407">
				<speed>0.745559</speed>
				<ele>121.000000</ele>
				<time>2025-11-29T00:42:48Z</time>
			</trkpt>
			<trkpt lat="30.258520" lon="120.104347">
				<speed>0.551514</speed>
				<ele>120.000000</ele>
				<time>2025-11-29T00:42:55Z</time>
			</trkpt>
			<trkpt lat="30.258441" lon="120.104279">
				<speed>0.787785</speed>
				<ele>121.000000</ele>
				<time>2025-11-29T00:43:03Z</time>
			</trkpt>
			<trkpt lat="30.258358" lon="120.104231">
				<speed>1.342552</speed>
				<ele>122.000000</ele>
				<time>2025-11-29T00:43:09Z</time>
			</trkpt>
			<trkpt lat="30.258286" lon="120.104148">
				<speed>0.929747</speed>
				<ele>120.000000</ele>
				<time>2025-11-29T00:43:17Z</time>
			</trkpt>
			<trkpt lat="30.258214" lon="120.104085">
				<speed>0.660011</speed>
				<ele>117.000000</ele>
				<time>2025-11-29T00:43:26Z</time>
			</trkpt>
			<trkpt lat="30.258122" lon="120.104042">
				<speed>1.014575</speed>
				<ele>116.000000</ele>
				<time>2025-11-29T00:43:33Z</time>
			</trkpt>
			<trkpt lat="30.258024" lon="120.104019">
				<speed>1.019309</speed>
				<ele>114.000000</ele>
				<time>2025-11-29T00:43:40Z</time>
			</trkpt>
			<trkpt lat="30.257919" lon="120.104037">
				<speed>1.178261</speed>
				<ele>115.000000</ele>
				<time>2025-11-29T00:43:48Z</time>
			</trkpt>
			<trkpt lat="30.257836" lon="120.104077">
				<speed>1.190545</speed>
				<ele>115.000000</ele>
				<time>2025-11-29T00:43:54Z</time>
			</trkpt>
			<trkpt lat="30.257739" lon="120.104119">
				<speed>0.922676</speed>
				<ele>116.000000</ele>
				<time>2025-11-29T00:44:01Z</time>
			</trkpt>
			<trkpt lat="30.257641" lon="120.104140">
				<speed>0.916189</speed>
				<ele>117.000000</ele>
				<time>2025-11-29T00:44:08Z</time>
			</trkpt>
			<trkpt lat="30.257558" lon="120.104192">
				<speed>0.660078</speed>
				<ele>117.000000</ele>
				<time>2025-11-29T00:44:16Z</time>
			</trkpt>
			<trkpt lat="30.257466" lon="120.104227">
				<speed>0.647825</speed>
				<ele>118.000000</ele>
				<time>2025-11-29T00:44:24Z</time>
			</trkpt>
			<trkpt lat="30.257380" lon="120.104271">
				<speed>0.587183</speed>
				<ele>119.000000</ele>
				<time>2025-11-29T00:44:34Z</time>
			</trkpt>
			<trkpt lat="30.257280" lon="120.104282">
				<speed>0.886066</speed>
				<ele>121.000000</ele>
				<time>2025-11-29T00:44:45Z</time>
			</trkpt>
			<trkpt lat="30.257178" lon="120.104287">
				<speed>1.183504</speed>
				<ele>123.000000</ele>
				<time>2025-11-29T00:44:53Z</time>
			</trkpt>
			<trkpt lat="30.257085" lon="120.104312">
				<speed>1.090284</speed>
				<ele>124.000000</ele>
				<time>2025-11-29T00:45:01Z</time>
			</trkpt>
			<trkpt lat="30.256990" lon="120.104336">
				<speed>0.994316</speed>
				<ele>124.000000</ele>
				<time>2025-11-29T00:45:08Z</time>
			</trkpt>
			<trkpt lat="30.256902" lon="120.104358">
				<speed>1.021660</speed>
				<ele>123.000000</ele>
				<time>2025-11-29T00:45:15Z</time>
			</trkpt>
			<trkpt lat="30.256822" lon="120.104413">
				<speed>0.716160</speed>
				<ele>122.000000</ele>
				<time>2025-11-29T00:45:23Z</time>
			</trkpt>
			<trkpt lat="30.256777" lon="120.104506">
				<speed>0.761041</speed>
				<ele>122.000000</ele>
				<time>2025-11-29T00:45:31Z</time>
			</trkpt>
			<trkpt lat="30.256682" lon="120.104542">
				<speed>1.376002</speed>
				<ele>121.000000</ele>
				<time>2025-11-29T00:45:38Z</time>
			</trkpt>
			<trkpt lat="30.256614" lon="120.104622">
				<speed>0.832184</speed>
				<ele>121.000000</ele>
				<time>2025-11-29T00:45:47Z</time>
			</trkpt>
			<trkpt lat="30.256533" lon="120.104670">
				<speed>1.228891</speed>
				<ele>121.000000</ele>
				<time>2025-11-29T00:45:55Z</time>
			</trkpt>
			<trkpt lat="30.256433" lon="120.104668">
				<speed>0.970380</speed>
				<ele>123.000000</ele>
				<time>2025-11-29T00:46:05Z</time>
			</trkpt>
			<trkpt lat="30.256354" lon="120.104722">
				<speed>0.835500</speed>
				<ele>125.000000</ele>
				<time>2025-11-29T00:46:14Z</time>
			</trkpt>
			<trkpt lat="30.256269" lon="120.104779">
				<speed>0.870006</speed>
				<ele>125.000000</ele>
				<time>2025-11-29T00:46:22Z</time>
			</trkpt>
			<trkpt lat="30.256174" lon="120.104793">
				<speed>1.048917</speed>
				<ele>126.000000</ele>
				<time>2025-11-29T00:46:29Z</time>
			</trkpt>
			<trkpt lat="30.256084" lon="120.104825">
				<speed>0.753950</speed>
				<ele>125.000000</ele>
				<time>2025-11-29T00:46:40Z</time>
			</trkpt>
			<trkpt lat="30.255993" lon="120.104841">
				<speed>0.586674</speed>
				<ele>123.000000</ele>
				<time>2025-11-29T00:46:50Z</time>
			</trkpt>
			<trkpt lat="30.255901" lon="120.104854">
				<speed>0.826009</speed>
				<ele>124.000000</ele>
				<time>2025-11-29T00:46:57Z</time>
			</trkpt>
			<trkpt lat="30.255798" lon="120.104850">
				<speed>0.820029</speed>
				<ele>126.000000</ele>
				<time>2025-11-29T00:47:04Z</time>
			</trkpt>
			<trkpt lat="30.255705" lon="120.104849">
				<speed>0.753315</speed>
				<ele>126.000000</ele>
				<time>2025-11-29T00:47:11Z</time>
			</trkpt>
			<trkpt lat="30.255607" lon="120.104839">
				<speed>0.856553</speed>
				<ele>126.000000</ele>
				<time>2025-11-29T00:47:21Z</time>
			</trkpt>
			<trkpt lat="30.255511" lon="120.104808">
				<speed>0.896552</speed>
				<ele>127.000000</ele>
				<time>2025-11-29T00:47:29Z</time>
			</trkpt>
			<trkpt lat="30.255419" lon="120.104757">
				<speed>1.108107</speed>
				<ele>127.000000</ele>
				<time>2025-11-29T00:47:37Z</time>
			</trkpt>
			<trkpt lat="30.255340" lon="120.104704">
				<speed>0.360297</speed>
				<ele>131.000000</ele>
				<time>2025-11-29T00:47:48Z</time>
			</trkpt>
			<trkpt lat="30.255256" lon="120.104645">
				<speed>0.462626</speed>
				<ele>132.000000</ele>
				<time>2025-11-29T00:47:56Z</time>
			</trkpt>
			<trkpt lat="30.255191" lon="120.104549">
				<speed>1.040106</speed>
				<ele>131.000000</ele>
				<time>2025-11-29T00:48:01Z</time>
			</trkpt>
			<trkpt lat="30.255119" lon="120.104483">
				<speed>1.210806</speed>
				<ele>131.000000</ele>
				<time>2025-11-29T00:48:08Z</time>
			</trkpt>
			<trkpt lat="30.255088" lon="120.104382">
				<speed>1.006674</speed>
				<ele>131.000000</ele>
				<time>2025-11-29T00:48:17Z</time>
			</trkpt>
			<trkpt lat="30.255093" lon="120.104274">
				<speed>1.027226</speed>
				<ele>130.000000</ele>
				<time>2025-11-29T00:48:24Z</time>
			</trkpt>
			<trkpt lat="30.255077" lon="120.104157">
				<speed>0.759750</speed>
				<ele>133.000000</ele>
				<time>2025-11-29T00:48:33Z</time>
			</trkpt>
			<trkpt lat="30.255028" lon="120.104063">
				<speed>1.024563</speed>
				<ele>133.000000</ele>
				<time>2025-11-29T00:48:41Z</time>
			</trkpt>
			<trkpt lat="30.254978" lon="120.103968">
				<speed>0.816291</speed>
				<ele>135.000000</ele>
				<time>2025-11-29T00:48:49Z</time>
			</trkpt>
			<trkpt lat="30.254922" lon="120.103885">
				<speed>1.193942</speed>
				<ele>135.000000</ele>
				<time>2025-11-29T00:48:56Z</time>
			</trkpt>
			<trkpt lat="30.254837" lon="120.103820">
				<speed>1.020134</speed>
				<ele>136.000000</ele>
				<time>2025-11-29T00:49:04Z</time>
			</trkpt>
			<trkpt lat="30.254769" lon="120.103746">
				<speed>0.909653</speed>
				<ele>137.000000</ele>
				<time>2025-11-29T00:49:12Z</time>
			</trkpt>
			<trkpt lat="30.254713" lon="120.103664">
				<speed>1.064299</speed>
				<ele>140.000000</ele>
				<time>2025-11-29T00:49:21Z</time>
			</trkpt>
			<trkpt lat="30.254669" lon="120.103566">
				<speed>0.669146</speed>
				<ele>142.000000</ele>
				<time>2025-11-29T00:49:33Z</time>
			</trkpt>
			<trkpt lat="30.254620" lon="120.103478">
				<speed>0.751547</speed>
				<ele>145.000000</ele>
				<time>2025-11-29T00:49:45Z</time>
			</trkpt>
			<trkpt lat="30.254536" lon="120.103417">
				<speed>0.901293</speed>
				<ele>145.000000</ele>
				<time>2025-11-29T00:49:57Z</time>
			</trkpt>
			<trkpt lat="30.254445" lon="120.103392">
				<speed>0.922225</speed>
				<ele>148.000000</ele>
				<time>2025-11-29T00:50:05Z</time>
			</trkpt>
			<trkpt lat="30.254353" lon="120.103371">
				<speed>0.815149</speed>
				<ele>150.000000</ele>
				<time>2025-11-29T00:50:13Z</time>
			</trkpt>
			<trkpt lat="30.254264" lon="120.103323">
				<speed>0.908627</speed>
				<ele>153.000000</ele>
				<time>2025-11-29T00:50:23Z</time>
			</trkpt>
			<trkpt lat="30.254219" lon="120.103224">
				<speed>0.627174</speed>
				<ele>155.000000</ele>
				<time>2025-11-29T00:50:40Z</time>
			</trkpt>
			<trkpt lat="30.254138" lon="120.103176">
				<speed>0.601631</speed>
				<ele>158.000000</ele>
				<time>2025-11-29T00:50:54Z</time>
			</trkpt>
			<trkpt lat="30.254047" lon="120.103167">
				<speed>0.614075</speed>
				<ele>159.000000</ele>
				<time>2025-11-29T00:51:08Z</time>
			</trkpt>
			<trkpt lat="30.253962" lon="120.103114">
				<speed>0.751362</speed>
				<ele>162.000000</ele>
				<time>2025-11-29T00:51:17Z</time>
			</trkpt>
			<trkpt lat="30.253884" lon="120.103040">
				<speed>0.903394</speed>
				<ele>163.000000</ele>
				<time>2025-11-29T00:51:27Z</time>
			</trkpt>
			<trkpt lat="30.253796" lon="120.102995">
				<speed>0.625242</speed>
				<ele>168.000000</ele>
				<time>2025-11-29T00:51:38Z</time>
			</trkpt>
			<trkpt lat="30.253696" lon="120.102988">
				<speed>0.763450</speed>
				<ele>171.000000</ele>
				<time>2025-11-29T00:51:47Z</time>
			</trkpt>
			<trkpt lat="30.253621" lon="120.102927">
				<speed>1.086962</speed>
				<ele>173.000000</ele>
				<time>2025-11-29T00:51:54Z</time>
			</trkpt>
			<trkpt lat="30.253533" lon="120.102869">
				<speed>1.298127</speed>
				<ele>174.000000</ele>
				<time>2025-11-29T00:52:02Z</time>
			</trkpt>
			<trkpt lat="30.253456" lon="120.102814">
				<speed>0.997572</speed>
				<ele>174.000000</ele>
				<time>2025-11-29T00:52:10Z</time>
			</trkpt>
			<trkpt lat="30.253366" lon="120.102765">
				<speed>1.197281</speed>
				<ele>174.000000</ele>
				<time>2025-11-29T00:52:17Z</time>
			</trkpt>
			<trkpt lat="30.253283" lon="120.102692">
				<speed>1.436153</speed>
				<ele>173.000000</ele>
				<time>2025-11-29T00:52:25Z</time>
			</trkpt>
			<trkpt lat="30.253196" lon="120.102656">
				<speed>0.786598</speed>
				<ele>172.000000</ele>
				<time>2025-11-29T00:52:32Z</time>
			</trkpt>
			<trkpt lat="30.253106" lon="120.102612">
				<speed>1.068992</speed>
				<ele>171.000000</ele>
				<time>2025-11-29T00:52:39Z</time>
			</trkpt>
			<trkpt lat="30.253069" lon="120.102501">
				<speed>1.363557</speed>
				<ele>170.000000</ele>
				<time>2025-11-29T00:52:47Z</time>
			</trkpt>
			<trkpt lat="30.253014" lon="120.102413">
				<speed>1.449380</speed>
				<ele>170.000000</ele>
				<time>2025-11-29T00:52:53Z</time>
			</trkpt>
			<trkpt lat="30.252971" lon="120.102307">
				<speed>0.981758</speed>
				<ele>171.000000</ele>
				<time>2025-11-29T00:53:02Z</time>
			</trkpt>
			<trkpt lat="30.252911" lon="120.102199">
				<speed>1.231083</speed>
				<ele>172.000000</ele>
				<time>2025-11-29T00:53:10Z</time>
			</trkpt>
			<trkpt lat="30.252839" lon="120.102124">
				<speed>0.924623</speed>
				<ele>172.000000</ele>
				<time>2025-11-29T00:53:19Z</time>
			</trkpt>
			<trkpt lat="30.252767" lon="120.102053">
				<speed>0.732152</speed>
				<ele>174.000000</ele>
				<time>2025-11-29T00:53:27Z</time>
			</trkpt>
			<trkpt lat="30.252681" lon="120.101992">
				<speed>0.332147</speed>
				<ele>174.000000</ele>
				<time>2025-11-29T00:53:37Z</time>
			</trkpt>
			<trkpt lat="30.252616" lon="120.101909">
				<speed>0.966848</speed>
				<ele>180.000000</ele>
				<time>2025-11-29T00:53:43Z</time>
			</trkpt>
			<trkpt lat="30.252552" lon="120.101827">
				<speed>1.041252</speed>
				<ele>181.000000</ele>
				<time>2025-11-29T00:53:50Z</time>
			</trkpt>
			<trkpt lat="30.252468" lon="120.101776">
				<speed>0.714529</speed>
				<ele>182.000000</ele>
				<time>2025-11-29T00:53:58Z</time>
			</trkpt>
			<trkpt lat="30.252376" lon="120.101735">
				<speed>1.021395</speed>
				<ele>183.000000</ele>
				<time>2025-11-29T00:54:06Z</time>
			</trkpt>
			<trkpt lat="30.252294" lon="120.101667">
				<speed>1.145160</speed>
				<ele>184.000000</ele>
				<time>2025-11-29T00:54:15Z</time>
			</trkpt>
			<trkpt lat="30.252241" lon="120.101582">
				<speed>0.726246</speed>
				<ele>190.000000</ele>
				<time>2025-11-29T00:54:26Z</time>
			</trkpt>
			<trkpt lat="30.252235" lon="120.101362">
				<speed>0.393157</speed>
				<ele>197.000000</ele>
				<time>2025-11-29T00:54:42Z</time>
			</trkpt>
			<trkpt lat="30.252298" lon="120.101281">
				<speed>0.942920</speed>
				<ele>195.000000</ele>
				<time>2025-11-29T00:54:50Z</time>
			</trkpt>
			<trkpt lat="30.252323" lon="120.101173">
				<speed>0.425906</speed>
				<ele>199.000000</ele>
				<time>2025-11-29T00:55:04Z</time>
			</trkpt>
			<trkpt lat="30.252344" lon="120.101069">
				<speed>0.029306</speed>
				<ele>203.000000</ele>
				<time>2025-11-29T00:55:19Z</time>
			</trkpt>
			<trkpt lat="30.252353" lon="120.100951">
				<speed>0.057017</speed>
				<ele>201.000000</ele>
				<time>2025-11-29T00:55:31Z</time>
			</trkpt>
			<trkpt lat="30.252324" lon="120.100851">
				<speed>0.234422</speed>
				<ele>202.000000</ele>
				<time>2025-11-29T00:55:43Z</time>
			</trkpt>
			<trkpt lat="30.252342" lon="120.100748">
				<speed>0.077112</speed>
				<ele>204.000000</ele>
				<time>2025-11-29T00:55:55Z</time>
			</trkpt>
			<trkpt lat="30.252344" lon="120.100644">
				<speed>0.734340</speed>
				<ele>208.000000</ele>
				<time>2025-11-29T00:56:17Z</time>
			</trkpt>
			<trkpt lat="30.252268" lon="120.100582">
				<speed>0.450947</speed>
				<ele>211.000000</ele>
				<time>2025-11-29T00:56:29Z</time>
			</trkpt>
			<trkpt lat="30.252181" lon="120.100531">
				<speed>0.580226</speed>
				<ele>212.000000</ele>
				<time>2025-11-29T00:56:37Z</time>
			</trkpt>
			<trkpt lat="30.252123" lon="120.100441">
				<speed>0.583478</speed>
				<ele>210.000000</ele>
				<time>2025-11-29T00:56:52Z</time>
			</trkpt>
			<trkpt lat="30.252101" lon="120.100226">
				<speed>0.314308</speed>
				<ele>217.000000</ele>
				<time>2025-11-29T00:57:13Z</time>
			</trkpt>
			<trkpt lat="30.252072" lon="120.100122">
				<speed>0.659001</speed>
				<ele>216.000000</ele>
				<time>2025-11-29T00:57:20Z</time>
			</trkpt>
			<trkpt lat="30.252036" lon="120.100012">
				<speed>1.047405</speed>
				<ele>220.000000</ele>
				<time>2025-11-29T00:57:31Z</time>
			</trkpt>
			<trkpt lat="30.251990" lon="120.099922">
				<speed>0.491776</speed>
				<ele>219.000000</ele>
				<time>2025-11-29T00:57:42Z</time>
			</trkpt>
			<trkpt lat="30.251903" lon="120.099734">
				<speed>0.830407</speed>
				<ele>221.000000</ele>
				<time>2025-11-29T00:57:52Z</time>
			</trkpt>
			<trkpt lat="30.251851" lon="120.099641">
				<speed>1.301947</speed>
				<ele>222.000000</ele>
				<time>2025-11-29T00:57:58Z</time>
			</trkpt>
			<trkpt lat="30.251694" lon="120.099524">
				<speed>1.023213</speed>
				<ele>222.000000</ele>
				<time>2025-11-29T00:58:13Z</time>
			</trkpt>
			<trkpt lat="30.251630" lon="120.099445">
				<speed>1.066707</speed>
				<ele>222.000000</ele>
				<time>2025-11-29T00:58:21Z</time>
			</trkpt>
			<trkpt lat="30.251545" lon="120.099403">
				<speed>0.564681</speed>
				<ele>225.000000</ele>
				<time>2025-11-29T00:58:31Z</time>
			</trkpt>
			<trkpt lat="30.251482" lon="120.099320">
				<speed>0.817127</speed>
				<ele>224.000000</ele>
				<time>2025-11-29T00:58:38Z</time>
			</trkpt>
			<trkpt lat="30.251413" lon="120.099242">
				<speed>1.176435</speed>
				<ele>225.000000</ele>
				<time>2025-11-29T00:58:44Z</time>
			</trkpt>
			<trkpt lat="30.251431" lon="120.098924">
				<speed>0.769733</speed>
				<ele>228.000000</ele>
				<time>2025-11-29T00:59:01Z</time>
			</trkpt>
			<trkpt lat="30.251408" lon="120.098809">
				<speed>0.899476</speed>
				<ele>226.000000</ele>
				<time>2025-11-29T00:59:08Z</time>
			</trkpt>
			<trkpt lat="30.251405" lon="120.098704">
				<speed>0.730522</speed>
				<ele>228.000000</ele>
				<time>2025-11-29T00:59:16Z</time>
			</trkpt>
			<trkpt lat="30.251399" lon="120.098595">
				<speed>1.049960</speed>
				<ele>231.000000</ele>
				<time>2025-11-29T00:59:24Z</time>
			</trkpt>
			<trkpt lat="30.251379" lon="120.098487">
				<speed>0.821020</speed>
				<ele>232.000000</ele>
				<time>2025-11-29T00:59:31Z</time>
			</trkpt>
			<trkpt lat="30.251352" lon="120.098372">
				<speed>1.048144</speed>
				<ele>231.000000</ele>
				<time>2025-11-29T00:59:40Z</time>
			</trkpt>
			<trkpt lat="30.251341" lon="120.098261">
				<speed>1.297848</speed>
				<ele>230.000000</ele>
				<time>2025-11-29T00:59:46Z</time>
			</trkpt>
			<trkpt lat="30.251326" lon="120.098149">
				<speed>1.052882</speed>
				<ele>229.000000</ele>
				<time>2025-11-29T00:59:53Z</time>
			</trkpt>
			<trkpt lat="30.251269" lon="120.098047">
				<speed>1.618232</speed>
				<ele>228.000000</ele>
				<time>2025-11-29T01:00:00Z</time>
			</trkpt>
			<trkpt lat="30.251222" lon="120.097954">
				<speed>1.762981</speed>
				<ele>228.000000</ele>
				<time>2025-11-29T01:00:05Z</time>
			</trkpt>
			<trkpt lat="30.251184" lon="120.097854">
				<speed>1.749588</speed>
				<ele>228.000000</ele>
				<time>2025-11-29T01:00:11Z</time>
			</trkpt>
			<trkpt lat="30.251150" lon="120.097757">
				<speed>1.737306</speed>
				<ele>229.000000</ele>
				<time>2025-11-29T01:00:17Z</time>
			</trkpt>
			<trkpt lat="30.251131" lon="120.097653">
				<speed>0.784905</speed>
				<ele>229.000000</ele>
				<time>2025-11-29T01:00:26Z</time>
			</trkpt>
			<trkpt lat="30.251103" lon="120.097532">
				<speed>1.332972</speed>
				<ele>230.000000</ele>
				<time>2025-11-29T01:00:34Z</time>
			</trkpt>
			<trkpt lat="30.251065" lon="120.097431">
				<speed>1.126068</speed>
				<ele>230.000000</ele>
				<time>2025-11-29T01:00:43Z</time>
			</trkpt>
			<trkpt lat="30.251002" lon="120.097346">
				<speed>1.082454</speed>
				<ele>230.000000</ele>
				<time>2025-11-29T01:00:50Z</time>
			</trkpt>
			<trkpt lat="30.250930" lon="120.097279">
				<speed>1.092021</speed>
				<ele>229.000000</ele>
				<time>2025-11-29T01:00:58Z</time>
			</trkpt>
			<trkpt lat="30.250867" lon="120.097195">
				<speed>0.823280</speed>
				<ele>230.000000</ele>
				<time>2025-11-29T01:01:05Z</time>
			</trkpt>
			<trkpt lat="30.250796" lon="120.097117">
				<speed>0.858292</speed>
				<ele>230.000000</ele>
				<time>2025-11-29T01:01:14Z</time>
			</trkpt>
			<trkpt lat="30.250732" lon="120.097032">
				<speed>1.021149</speed>
				<ele>230.000000</ele>
				<time>2025-11-29T01:01:21Z</time>
			</trkpt>
			<trkpt lat="30.250689" lon="120.096923">
				<speed>1.011960</speed>
				<ele>230.000000</ele>
				<time>2025-11-29T01:01:29Z</time>
			</trkpt>
			<trkpt lat="30.250650" lon="120.096826">
				<speed>0.952319</speed>
				<ele>229.000000</ele>
				<time>2025-11-29T01:01:36Z</time>
			</trkpt>
			<trkpt lat="30.250612" lon="120.096727">
				<speed>0.818034</speed>
				<ele>229.000000</ele>
				<time>2025-11-29T01:01:43Z</time>
			</trkpt>
			<trkpt lat="30.250569" lon="120.096621">
				<speed>0.966427</speed>
				<ele>229.000000</ele>
				<time>2025-11-29T01:01:51Z</time>
			</trkpt>
			<trkpt lat="30.250539" lon="120.096512">
				<speed>1.288980</speed>
				<ele>230.000000</ele>
				<time>2025-11-29T01:01:58Z</time>
			</trkpt>
			<trkpt lat="30.250512" lon="120.096406">
				<speed>0.531665</speed>
				<ele>230.000000</ele>
				<time>2025-11-29T01:02:09Z</time>
			</trkpt>
			<trkpt lat="30.250485" lon="120.096299">
				<speed>0.692529</speed>
				<ele>231.000000</ele>
				<time>2025-11-29T01:02:20Z</time>
			</trkpt>
			<trkpt lat="30.250437" lon="120.096211">
				<speed>0.441602</speed>
				<ele>230.000000</ele>
				<time>2025-11-29T01:02:30Z</time>
			</trkpt>
			<trkpt lat="30.250413" lon="120.096106">
				<speed>0.421835</speed>
				<ele>232.000000</ele>
				<time>2025-11-29T01:02:38Z</time>
			</trkpt>
			<trkpt lat="30.250365" lon="120.096013">
				<speed>1.029107</speed>
				<ele>235.000000</ele>
				<time>2025-11-29T01:02:45Z</time>
			</trkpt>
			<trkpt lat="30.250297" lon="120.095939">
				<speed>0.668881</speed>
				<ele>237.000000</ele>
				<time>2025-11-29T01:02:55Z</time>
			</trkpt>
			<trkpt lat="30.250235" lon="120.095850">
				<speed>0.651459</speed>
				<ele>239.000000</ele>
				<time>2025-11-29T01:03:04Z</time>
			</trkpt>
			<trkpt lat="30.250207" lon="120.095541">
				<speed>0.818125</speed>
				<ele>242.000000</ele>
				<time>2025-11-29T01:03:23Z</time>
			</trkpt>
			<trkpt lat="30.250246" lon="120.095439">
				<speed>1.040111</speed>
				<ele>241.000000</ele>
				<time>2025-11-29T01:03:31Z</time>
			</trkpt>
			<trkpt lat="30.250277" lon="120.095322">
				<speed>1.197026</speed>
				<ele>242.000000</ele>
				<time>2025-11-29T01:03:39Z</time>
			</trkpt>
			<trkpt lat="30.250297" lon="120.095214">
				<speed>1.413318</speed>
				<ele>241.000000</ele>
				<time>2025-11-29T01:03:45Z</time>
			</trkpt>
			<trkpt lat="30.250321" lon="120.095110">
				<speed>0.830025</speed>
				<ele>241.000000</ele>
				<time>2025-11-29T01:03:53Z</time>
			</trkpt>
			<trkpt lat="30.250347" lon="120.094999">
				<speed>1.002567</speed>
				<ele>241.000000</ele>
				<time>2025-11-29T01:04:01Z</time>
			</trkpt>
			<trkpt lat="30.250387" lon="120.094905">
				<speed>0.986664</speed>
				<ele>242.000000</ele>
				<time>2025-11-29T01:04:08Z</time>
			</trkpt>
			<trkpt lat="30.250402" lon="120.094792">
				<speed>1.129271</speed>
				<ele>242.000000</ele>
				<time>2025-11-29T01:04:15Z</time>
			</trkpt>
			<trkpt lat="30.250432" lon="120.094685">
				<speed>0.853543</speed>
				<ele>241.000000</ele>
				<time>2025-11-29T01:04:24Z</time>
			</trkpt>
			<trkpt lat="30.250456" lon="120.094573">
				<speed>0.932952</speed>
				<ele>243.000000</ele>
				<time>2025-11-29T01:04:32Z</time>
			</trkpt>
			<trkpt lat="30.250476" lon="120.094453">
				<speed>1.205199</speed>
				<ele>244.000000</ele>
				<time>2025-11-29T01:04:40Z</time>
			</trkpt>
			<trkpt lat="30.250469" lon="120.094347">
				<speed>0.968100</speed>
				<ele>244.000000</ele>
				<time>2025-11-29T01:04:47Z</time>
			</trkpt>
			<trkpt lat="30.250475" lon="120.094238">
				<speed>1.033485</speed>
				<ele>244.000000</ele>
				<time>2025-11-29T01:04:54Z</time>
			</trkpt>
			<trkpt lat="30.250497" lon="120.094137">
				<speed>1.011477</speed>
				<ele>247.000000</ele>
				<time>2025-11-29T01:05:00Z</time>
			</trkpt>
			<trkpt lat="30.250509" lon="120.094029">
				<speed>0.459954</speed>
				<ele>248.000000</ele>
				<time>2025-11-29T01:05:08Z</time>
			</trkpt>
			<trkpt lat="30.250533" lon="120.093920">
				<speed>0.547667</speed>
				<ele>251.000000</ele>
				<time>2025-11-29T01:05:19Z</time>
			</trkpt>
			<trkpt lat="30.250527" lon="120.093809">
				<speed>0.717667</speed>
				<ele>252.000000</ele>
				<time>2025-11-29T01:05:27Z</time>
			</trkpt>
			<trkpt lat="30.250532" lon="120.093698">
				<speed>0.681874</speed>
				<ele>255.000000</ele>
				<time>2025-11-29T01:05:35Z</time>
			</trkpt>
			<trkpt lat="30.250542" lon="120.093589">
				<speed>0.744960</speed>
				<ele>261.000000</ele>
				<time>2025-11-29T01:05:46Z</time>
			</trkpt>
			<trkpt lat="30.250556" lon="120.093486">
				<speed>0.681245</speed>
				<ele>260.000000</ele>
				<time>2025-11-29T01:05:55Z</time>
			</trkpt>
			<trkpt lat="30.250518" lon="120.093378">
				<speed>1.218909</speed>
				<ele>262.000000</ele>
				<time>2025-11-29T01:06:02Z</time>
			</trkpt>
			<trkpt lat="30.250494" lon="120.093277">
				<speed>1.166557</speed>
				<ele>262.000000</ele>
				<time>2025-11-29T01:06:09Z</time>
			</trkpt>
			<trkpt lat="30.250445" lon="120.093173">
				<speed>1.097852</speed>
				<ele>263.000000</ele>
				<time>2025-11-29T01:06:18Z</time>
			</trkpt>
			<trkpt lat="30.250385" lon="120.093088">
				<speed>0.805497</speed>
				<ele>264.000000</ele>
				<time>2025-11-29T01:06:28Z</time>
			</trkpt>
			<trkpt lat="30.250315" lon="120.093008">
				<speed>0.824402</speed>
				<ele>265.000000</ele>
				<time>2025-11-29T01:06:35Z</time>
			</trkpt>
			<trkpt lat="30.250241" lon="120.092942">
				<speed>1.175122</speed>
				<ele>265.000000</ele>
				<time>2025-11-29T01:06:41Z</time>
			</trkpt>
			<trkpt lat="30.250156" lon="120.092878">
				<speed>0.995365</speed>
				<ele>264.000000</ele>
				<time>2025-11-29T01:06:48Z</time>
			</trkpt>
			<trkpt lat="30.250071" lon="120.092827">
				<speed>1.153988</speed>
				<ele>266.000000</ele>
				<time>2025-11-29T01:06:56Z</time>
			</trkpt>
			<trkpt lat="30.249988" lon="120.092777">
				<speed>0.935431</speed>
				<ele>265.000000</ele>
				<time>2025-11-29T01:07:03Z</time>
			</trkpt>
			<trkpt lat="30.249898" lon="120.092740">
				<speed>0.923823</speed>
				<ele>265.000000</ele>
				<time>2025-11-29T01:07:10Z</time>
			</trkpt>
			<trkpt lat="30.249805" lon="120.092671">
				<speed>1.117045</speed>
				<ele>268.000000</ele>
				<time>2025-11-29T01:07:22Z</time>
			</trkpt>
			<trkpt lat="30.249708" lon="120.092645">
				<speed>0.974641</speed>
				<ele>275.000000</ele>
				<time>2025-11-29T01:07:35Z</time>
			</trkpt>
			<trkpt lat="30.249615" lon="120.092639">
				<speed>0.439552</speed>
				<ele>277.000000</ele>
				<time>2025-11-29T01:07:47Z</time>
			</trkpt>
			<trkpt lat="30.249525" lon="120.092624">
				<speed>0.433576</speed>
				<ele>278.000000</ele>
				<time>2025-11-29T01:07:57Z</time>
			</trkpt>
			<trkpt lat="30.249435" lon="120.092603">
				<speed>0.705890</speed>
				<ele>280.000000</ele>
				<time>2025-11-29T01:08:07Z</time>
			</trkpt>
			<trkpt lat="30.249341" lon="120.092615">
				<speed>1.053090</speed>
				<ele>281.000000</ele>
				<time>2025-11-29T01:08:18Z</time>
			</trkpt>
			<trkpt lat="30.249256" lon="120.092560">
				<speed>0.723060</speed>
				<ele>280.000000</ele>
				<time>2025-11-29T01:08:29Z</time>
			</trkpt>
			<trkpt lat="30.249183" lon="120.092479">
				<speed>1.024215</speed>
				<ele>283.000000</ele>
				<time>2025-11-29T01:08:37Z</time>
			</trkpt>
			<trkpt lat="30.249118" lon="120.092384">
				<speed>1.069599</speed>
				<ele>284.000000</ele>
				<time>2025-11-29T01:08:44Z</time>
			</trkpt>
			<trkpt lat="30.249071" lon="120.092293">
				<speed>0.969472</speed>
				<ele>285.000000</ele>
				<time>2025-11-29T01:08:51Z</time>
			</trkpt>
			<trkpt lat="30.249005" lon="120.092221">
				<speed>0.547075</speed>
				<ele>283.000000</ele>
				<time>2025-11-29T01:09:00Z</time>
			</trkpt>
			<trkpt lat="30.248922" lon="120.092162">
				<speed>0.528344</speed>
				<ele>280.000000</ele>
				<time>2025-11-29T01:09:09Z</time>
			</trkpt>
			<trkpt lat="30.248829" lon="120.092120">
				<speed>1.781646</speed>
				<ele>279.000000</ele>
				<time>2025-11-29T01:09:15Z</time>
			</trkpt>
			<trkpt lat="30.248655" lon="120.092040">
				<speed>2.059906</speed>
				<ele>284.000000</ele>
				<time>2025-11-29T01:09:24Z</time>
			</trkpt>
			<trkpt lat="30.248432" lon="120.091960">
				<speed>0.440360</speed>
				<ele>293.000000</ele>
				<time>2025-11-29T01:10:04Z</time>
			</trkpt>
			<trkpt lat="30.248343" lon="120.091944">
				<speed>0.372876</speed>
				<ele>292.000000</ele>
				<time>2025-11-29T01:10:23Z</time>
			</trkpt>
			<trkpt lat="30.248264" lon="120.091888">
				<speed>1.087195</speed>
				<ele>293.000000</ele>
				<time>2025-11-29T01:10:30Z</time>
			</trkpt>
			<trkpt lat="30.248172" lon="120.091853">
				<speed>1.076568</speed>
				<ele>293.000000</ele>
				<time>2025-11-29T01:10:40Z</time>
			</trkpt>
			<trkpt lat="30.248085" lon="120.091825">
				<speed>1.388740</speed>
				<ele>294.000000</ele>
				<time>2025-11-29T01:10:46Z</time>
			</trkpt>
			<trkpt lat="30.247995" lon="120.091796">
				<speed>1.244983</speed>
				<ele>295.000000</ele>
				<time>2025-11-29T01:10:52Z</time>
			</trkpt>
			<trkpt lat="30.247895" lon="120.091765">
				<speed>1.238175</speed>
				<ele>295.000000</ele>
				<time>2025-11-29T01:11:00Z</time>
			</trkpt>
			<trkpt lat="30.247839" lon="120.091678">
				<speed>1.303370</speed>
				<ele>296.000000</ele>
				<time>2025-11-29T01:11:05Z</time>
			</trkpt>
			<trkpt lat="30.247785" lon="120.091589">
				<speed>1.109378</speed>
				<ele>296.000000</ele>
				<time>2025-11-29T01:11:13Z</time>
			</trkpt>
			<trkpt lat="30.247729" lon="120.091487">
				<speed>1.171391</speed>
				<ele>296.000000</ele>
				<time>2025-11-29T01:11:21Z</time>
			</trkpt>
			<trkpt lat="30.247689" lon="120.091390">
				<speed>1.098220</speed>
				<ele>295.000000</ele>
				<time>2025-11-29T01:11:28Z</time>
			</trkpt>
			<trkpt lat="30.247628" lon="120.091302">
				<speed>1.141251</speed>
				<ele>296.000000</ele>
				<time>2025-11-29T01:11:36Z</time>
			</trkpt>
			<trkpt lat="30.247568" lon="120.091207">
				<speed>1.095829</speed>
				<ele>297.000000</ele>
				<time>2025-11-29T01:11:44Z</time>
			</trkpt>
			<trkpt lat="30.247497" lon="120.091139">
				<speed>0.842443</speed>
				<ele>299.000000</ele>
				<time>2025-11-29T01:11:51Z</time>
			</trkpt>
			<trkpt lat="30.247429" lon="120.091070">
				<speed>1.330183</speed>
				<ele>297.000000</ele>
				<time>2025-11-29T01:11:56Z</time>
			</trkpt>
			<trkpt lat="30.247350" lon="120.091017">
				<speed>1.439250</speed>
				<ele>297.000000</ele>
				<time>2025-11-29T01:12:00Z</time>
			</trkpt>
			<trkpt lat="30.247262" lon="120.090943">
				<speed>1.395126</speed>
				<ele>297.000000</ele>
				<time>2025-11-29T01:12:05Z</time>
			</trkpt>
			<trkpt lat="30.247192" lon="120.090867">
				<speed>1.161672</speed>
				<ele>296.000000</ele>
				<time>2025-11-29T01:12:12Z</time>
			</trkpt>
			<trkpt lat="30.247143" lon="120.090772">
				<speed>1.160566</speed>
				<ele>297.000000</ele>
				<time>2025-11-29T01:12:18Z</time>
			</trkpt>
			<trkpt lat="30.247120" lon="120.090667">
				<speed>0.812823</speed>
				<ele>297.000000</ele>
				<time>2025-11-29T01:12:25Z</time>
			</trkpt>
			<trkpt lat="30.247121" lon="120.090546">
				<speed>0.923081</speed>
				<ele>298.000000</ele>
				<time>2025-11-29T01:12:34Z</time>
			</trkpt>
			<trkpt lat="30.247116" lon="120.090432">
				<speed>1.108469</speed>
				<ele>297.000000</ele>
				<time>2025-11-29T01:12:42Z</time>
			</trkpt>
			<trkpt lat="30.247128" lon="120.090322">
				<speed>0.879307</speed>
				<ele>297.000000</ele>
				<time>2025-11-29T01:12:50Z</time>
			</trkpt>
			<trkpt lat="30.247141" lon="120.090210">
				<speed>1.231646</speed>
				<ele>298.000000</ele>
				<time>2025-11-29T01:12:57Z</time>
			</trkpt>
			<trkpt lat="30.247125" lon="120.090103">
				<speed>0.832884</speed>
				<ele>298.000000</ele>
				<time>2025-11-29T01:13:05Z</time>
			</trkpt>
			<trkpt lat="30.247133" lon="120.089996">
				<speed>1.153388</speed>
				<ele>297.000000</ele>
				<time>2025-11-29T01:13:11Z</time>
			</trkpt>
			<trkpt lat="30.247174" lon="120.089886">
				<speed>1.223527</speed>
				<ele>298.000000</ele>
				<time>2025-11-29T01:13:18Z</time>
			</trkpt>
			<trkpt lat="30.247228" lon="120.089794">
				<speed>0.939300</speed>
				<ele>299.000000</ele>
				<time>2025-11-29T01:13:26Z</time>
			</trkpt>
			<trkpt lat="30.247150" lon="120.089735">
				<speed>0.865337</speed>
				<ele>297.000000</ele>
				<time>2025-11-29T01:14:05Z</time>
			</trkpt>
			<trkpt lat="30.247066" lon="120.089687">
				<speed>0.891539</speed>
				<ele>297.000000</ele>
				<time>2025-11-29T01:14:16Z</time>
			</trkpt>
			<trkpt lat="30.246973" lon="120.089648">
				<speed>0.593660</speed>
				<ele>294.000000</ele>
				<time>2025-11-29T01:14:25Z</time>
			</trkpt>
			<trkpt lat="30.246890" lon="120.089586">
				<speed>1.015960</speed>
				<ele>290.000000</ele>
				<time>2025-11-29T01:14:35Z</time>
			</trkpt>
			<trkpt lat="30.246794" lon="120.089575">
				<speed>1.384779</speed>
				<ele>286.000000</ele>
				<time>2025-11-29T01:14:42Z</time>
			</trkpt>
			<trkpt lat="30.246701" lon="120.089581">
				<speed>0.606924</speed>
				<ele>284.000000</ele>
				<time>2025-11-29T01:14:50Z</time>
			</trkpt>
			<trkpt lat="30.246612" lon="120.089608">
				<speed>1.005860</speed>
				<ele>282.000000</ele>
				<time>2025-11-29T01:14:56Z</time>
			</trkpt>
			<trkpt lat="30.246518" lon="120.089613">
				<speed>0.527169</speed>
				<ele>279.000000</ele>
				<time>2025-11-29T01:15:04Z</time>
			</trkpt>
			<trkpt lat="30.246424" lon="120.089579">
				<speed>0.645974</speed>
				<ele>276.000000</ele>
				<time>2025-11-29T01:15:13Z</time>
			</trkpt>
			<trkpt lat="30.246335" lon="120.089555">
				<speed>0.805802</speed>
				<ele>275.000000</ele>
				<time>2025-11-29T01:15:20Z</time>
			</trkpt>
			<trkpt lat="30.246257" lon="120.089502">
				<speed>0.704776</speed>
				<ele>273.000000</ele>
				<time>2025-11-29T01:15:27Z</time>
			</trkpt>
			<trkpt lat="30.246167" lon="120.089446">
				<speed>0.617777</speed>
				<ele>272.000000</ele>
				<time>2025-11-29T01:15:33Z</time>
			</trkpt>
			<trkpt lat="30.246071" lon="120.089400">
				<speed>1.190850</speed>
				<ele>271.000000</ele>
				<time>2025-11-29T01:15:40Z</time>
			</trkpt>
			<trkpt lat="30.245970" lon="120.089378">
				<speed>1.047444</speed>
				<ele>269.000000</ele>
				<time>2025-11-29T01:15:47Z</time>
			</trkpt>
			<trkpt lat="30.245881" lon="120.089353">
				<speed>0.772633</speed>
				<ele>270.000000</ele>
				<time>2025-11-29T01:15:56Z</time>
			</trkpt>
			<trkpt lat="30.245791" lon="120.089334">
				<speed>1.194206</speed>
				<ele>271.000000</ele>
				<time>2025-11-29T01:16:05Z</time>
			</trkpt>
			<trkpt lat="30.245726" lon="120.089244">
				<speed>1.191427</speed>
				<ele>273.000000</ele>
				<time>2025-11-29T01:16:11Z</time>
			</trkpt>
			<trkpt lat="30.245632" lon="120.089206">
				<speed>0.437089</speed>
				<ele>278.000000</ele>
				<time>2025-11-29T01:16:29Z</time>
			</trkpt>
			<trkpt lat="30.245536" lon="120.089214">
				<speed>0.739560</speed>
				<ele>282.000000</ele>
				<time>2025-11-29T01:16:42Z</time>
			</trkpt>
			<trkpt lat="30.245444" lon="120.089203">
				<speed>0.890819</speed>
				<ele>285.000000</ele>
				<time>2025-11-29T01:16:57Z</time>
			</trkpt>
			<trkpt lat="30.245350" lon="120.089211">
				<speed>0.412528</speed>
				<ele>289.000000</ele>
				<time>2025-11-29T01:17:11Z</time>
			</trkpt>
			<trkpt lat="30.245258" lon="120.089197">
				<speed>0.763260</speed>
				<ele>291.000000</ele>
				<time>2025-11-29T01:17:22Z</time>
			</trkpt>
			<trkpt lat="30.245180" lon="120.089139">
				<speed>0.730728</speed>
				<ele>292.000000</ele>
				<time>2025-11-29T01:17:32Z</time>
			</trkpt>
			<trkpt lat="30.245114" lon="120.089058">
				<speed>0.690287</speed>
				<ele>296.000000</ele>
				<time>2025-11-29T01:17:47Z</time>
			</trkpt>
			<trkpt lat="30.245069" lon="120.088964">
				<speed>0.417889</speed>
				<ele>301.000000</ele>
				<time>2025-11-29T01:18:12Z</time>
			</trkpt>
			<trkpt lat="30.245022" lon="120.088870">
				<speed>0.569565</speed>
				<ele>304.000000</ele>
				<time>2025-11-29T01:18:30Z</time>
			</trkpt>
			<trkpt lat="30.244962" lon="120.088788">
				<speed>0.399220</speed>
				<ele>310.000000</ele>
				<time>2025-11-29T01:18:53Z</time>
			</trkpt>
			<trkpt lat="30.244915" lon="120.088696">
				<speed>0.440297</speed>
				<ele>314.000000</ele>
				<time>2025-11-29T01:19:20Z</time>
			</trkpt>
			<trkpt lat="30.244840" lon="120.088635">
				<speed>0.823274</speed>
				<ele>317.000000</ele>
				<time>2025-11-29T01:19:44Z</time>
			</trkpt>
			<trkpt lat="30.244760" lon="120.088570">
				<speed>0.801486</speed>
				<ele>319.000000</ele>
				<time>2025-11-29T01:19:58Z</time>
			</trkpt>
			<trkpt lat="30.244719" lon="120.088467">
				<speed>0.798068</speed>
				<ele>323.000000</ele>
				<time>2025-11-29T01:20:14Z</time>
			</trkpt>
			<trkpt lat="30.244692" lon="120.088360">
				<speed>0.667561</speed>
				<ele>325.000000</ele>
				<time>2025-11-29T01:20:26Z</time>
			</trkpt>
			<trkpt lat="30.244680" lon="120.088253">
				<speed>0.489134</speed>
				<ele>329.000000</ele>
				<time>2025-11-29T01:20:43Z</time>
			</trkpt>
			<trkpt lat="30.244628" lon="120.088157">
				<speed>0.563472</speed>
				<ele>338.000000</ele>
				<time>2025-11-29T01:20:57Z</time>
			</trkpt>
			<trkpt lat="30.244596" lon="120.088058">
				<speed>0.390398</speed>
				<ele>342.000000</ele>
				<time>2025-11-29T01:21:18Z</time>
			</trkpt>
			<trkpt lat="30.244538" lon="120.087965">
				<speed>0.716294</speed>
				<ele>346.000000</ele>
				<time>2025-11-29T01:21:35Z</time>
			</trkpt>
			<trkpt lat="30.244523" lon="120.087861">
				<speed>0.784946</speed>
				<ele>349.000000</ele>
				<time>2025-11-29T01:21:49Z</time>
			</trkpt>
			<trkpt lat="30.244470" lon="120.087759">
				<speed>1.140305</speed>
				<ele>352.000000</ele>
				<time>2025-11-29T01:22:01Z</time>
			</trkpt>
			<trkpt lat="30.244390" lon="120.087701">
				<speed>0.641014</speed>
				<ele>351.000000</ele>
				<time>2025-11-29T01:22:15Z</time>
			</trkpt>
			<trkpt lat="30.244302" lon="120.087665">
				<speed>0.358468</speed>
				<ele>348.000000</ele>
				<time>2025-11-29T01:22:32Z</time>
			</trkpt>
			<trkpt lat="30.244220" lon="120.087602">
				<speed>0.665211</speed>
				<ele>345.000000</ele>
				<time>2025-11-29T01:22:48Z</time>
			</trkpt>
			<trkpt lat="30.244136" lon="120.087563">
				<speed>0.536654</speed>
				<ele>342.000000</ele>
				<time>2025-11-29T01:23:05Z</time>
			</trkpt>
			<trkpt lat="30.244081" lon="120.087469">
				<speed>0.664455</speed>
				<ele>339.000000</ele>
				<time>2025-11-29T01:23:19Z</time>
			</trkpt>
			<trkpt lat="30.243994" lon="120.087419">
				<speed>1.185274</speed>
				<ele>338.000000</ele>
				<time>2025-11-29T01:23:29Z</time>
			</trkpt>
			<trkpt lat="30.243909" lon="120.087365">
				<speed>1.232442</speed>
				<ele>336.000000</ele>
				<time>2025-11-29T01:23:36Z</time>
			</trkpt>
			<trkpt lat="30.243845" lon="120.087290">
				<speed>0.986796</speed>
				<ele>333.000000</ele>
				<time>2025-11-29T01:23:44Z</time>
			</trkpt>
			<trkpt lat="30.243758" lon="120.087229">
				<speed>0.790642</speed>
				<ele>332.000000</ele>
				<time>2025-11-29T01:23:53Z</time>
			</trkpt>
			<trkpt lat="30.243663" lon="120.087208">
				<speed>1.098816</speed>
				<ele>332.000000</ele>
				<time>2025-11-29T01:24:01Z</time>
			</trkpt>
			<trkpt lat="30.243571" lon="120.087182">
				<speed>0.707557</speed>
				<ele>330.000000</ele>
				<time>2025-11-29T01:24:12Z</time>
			</trkpt>
			<trkpt lat="30.243474" lon="120.087154">
				<speed>0.926593</speed>
				<ele>328.000000</ele>
				<time>2025-11-29T01:24:23Z</time>
			</trkpt>
			<trkpt lat="30.243384" lon="120.087121">
				<speed>0.480134</speed>
				<ele>326.000000</ele>
				<time>2025-11-29T01:24:34Z</time>
			</trkpt>
			<trkpt lat="30.243289" lon="120.087136">
				<speed>0.810219</speed>
				<ele>324.000000</ele>
				<time>2025-11-29T01:24:42Z</time>
			</trkpt>
			<trkpt lat="30.243195" lon="120.087120">
				<speed>1.189791</speed>
				<ele>323.000000</ele>
				<time>2025-11-29T01:24:51Z</time>
			</trkpt>
			<trkpt lat="30.243105" lon="120.087137">
				<speed>1.062554</speed>
				<ele>322.000000</ele>
				<time>2025-11-29T01:24:59Z</time>
			</trkpt>
			<trkpt lat="30.243008" lon="120.087105">
				<speed>0.712127</speed>
				<ele>320.000000</ele>
				<time>2025-11-29T01:25:08Z</time>
			</trkpt>
			<trkpt lat="30.242921" lon="120.087057">
				<speed>0.832333</speed>
				<ele>319.000000</ele>
				<time>2025-11-29T01:25:16Z</time>
			</trkpt>
			<trkpt lat="30.242866" lon="120.086963">
				<speed>0.952178</speed>
				<ele>319.000000</ele>
				<time>2025-11-29T01:25:27Z</time>
			</trkpt>
			<trkpt lat="30.242802" lon="120.086882">
				<speed>0.513847</speed>
				<ele>319.000000</ele>
				<time>2025-11-29T01:25:37Z</time>
			</trkpt>
			<trkpt lat="30.242757" lon="120.086792">
				<speed>1.287399</speed>
				<ele>320.000000</ele>
				<time>2025-11-29T01:25:44Z</time>
			</trkpt>
			<trkpt lat="30.242712" lon="120.086687">
				<speed>1.007117</speed>
				<ele>319.000000</ele>
				<time>2025-11-29T01:25:53Z</time>
			</trkpt>
			<trkpt lat="30.242636" lon="120.086604">
				<speed>1.218345</speed>
				<ele>319.000000</ele>
				<time>2025-11-29T01:26:01Z</time>
			</trkpt>
			<trkpt lat="30.242583" lon="120.086516">
				<speed>0.891803</speed>
				<ele>319.000000</ele>
				<time>2025-11-29T01:26:09Z</time>
			</trkpt>
			<trkpt lat="30.242513" lon="120.086439">
				<speed>1.404847</speed>
				<ele>319.000000</ele>
				<time>2025-11-29T01:26:16Z</time>
			</trkpt>
			<trkpt lat="30.242435" lon="120.086372">
				<speed>0.898537</speed>
				<ele>318.000000</ele>
				<time>2025-11-29T01:26:25Z</time>
			</trkpt>
			<trkpt lat="30.242360" lon="120.086308">
				<speed>1.807791</speed>
				<ele>317.000000</ele>
				<time>2025-11-29T01:26:31Z</time>
			</trkpt>
			<trkpt lat="30.242290" lon="120.086233">
				<speed>1.691982</speed>
				<ele>317.000000</ele>
				<time>2025-11-29T01:26:38Z</time>
			</trkpt>
			<trkpt lat="30.242221" lon="120.086147">
				<speed>1.727435</speed>
				<ele>316.000000</ele>
				<time>2025-11-29T01:26:45Z</time>
			</trkpt>
			<trkpt lat="30.242155" lon="120.086074">
				<speed>0.970881</speed>
				<ele>314.000000</ele>
				<time>2025-11-29T01:26:56Z</time>
			</trkpt>
			<trkpt lat="30.242071" lon="120.086014">
				<speed>0.839896</speed>
				<ele>311.000000</ele>
				<time>2025-11-29T01:27:08Z</time>
			</trkpt>
			<trkpt lat="30.241994" lon="120.085954">
				<speed>0.413435</speed>
				<ele>307.000000</ele>
				<time>2025-11-29T01:27:22Z</time>
			</trkpt>
			<trkpt lat="30.241904" lon="120.085917">
				<speed>0.697324</speed>
				<ele>304.000000</ele>
				<time>2025-11-29T01:27:33Z</time>
			</trkpt>
			<trkpt lat="30.241813" lon="120.085866">
				<speed>1.066144</speed>
				<ele>303.000000</ele>
				<time>2025-11-29T01:27:42Z</time>
			</trkpt>
			<trkpt lat="30.241731" lon="120.085816">
				<speed>0.878957</speed>
				<ele>302.000000</ele>
				<time>2025-11-29T01:27:50Z</time>
			</trkpt>
			<trkpt lat="30.241637" lon="120.085774">
				<speed>1.332578</speed>
				<ele>302.000000</ele>
				<time>2025-11-29T01:27:58Z</time>
			</trkpt>
			<trkpt lat="30.241545" lon="120.085775">
				<speed>1.220312</speed>
				<ele>302.000000</ele>
				<time>2025-11-29T01:28:05Z</time>
			</trkpt>
			<trkpt lat="30.241454" lon="120.085754">
				<speed>0.916708</speed>
				<ele>305.000000</ele>
				<time>2025-11-29T01:28:16Z</time>
			</trkpt>
			<trkpt lat="30.241372" lon="120.085693">
				<speed>1.143249</speed>
				<ele>305.000000</ele>
				<time>2025-11-29T01:28:26Z</time>
			</trkpt>
			<trkpt lat="30.241324" lon="120.085602">
				<speed>1.048325</speed>
				<ele>305.000000</ele>
				<time>2025-11-29T01:28:34Z</time>
			</trkpt>
			<trkpt lat="30.241271" lon="120.085513">
				<speed>1.154044</speed>
				<ele>307.000000</ele>
				<time>2025-11-29T01:28:42Z</time>
			</trkpt>
			<trkpt lat="30.241210" lon="120.085426">
				<speed>1.336204</speed>
				<ele>305.000000</ele>
				<time>2025-11-29T01:28:49Z</time>
			</trkpt>
			<trkpt lat="30.241135" lon="120.085357">
				<speed>1.143471</speed>
				<ele>303.000000</ele>
				<time>2025-11-29T01:28:58Z</time>
			</trkpt>
			<trkpt lat="30.241057" lon="120.085300">
				<speed>1.124636</speed>
				<ele>301.000000</ele>
				<time>2025-11-29T01:29:10Z</time>
			</trkpt>
			<trkpt lat="30.240993" lon="120.085221">
				<speed>0.816239</speed>
				<ele>298.000000</ele>
				<time>2025-11-29T01:29:21Z</time>
			</trkpt>
			<trkpt lat="30.240913" lon="120.085146">
				<speed>1.268948</speed>
				<ele>296.000000</ele>
				<time>2025-11-29T01:29:32Z</time>
			</trkpt>
			<trkpt lat="30.240862" lon="120.085051">
				<speed>0.997349</speed>
				<ele>292.000000</ele>
				<time>2025-11-29T01:29:44Z</time>
			</trkpt>
			<trkpt lat="30.240815" lon="120.084953">
				<speed>1.604225</speed>
				<ele>293.000000</ele>
				<time>2025-11-29T01:29:51Z</time>
			</trkpt>
			<trkpt lat="30.240749" lon="120.084880">
				<speed>0.695805</speed>
				<ele>288.000000</ele>
				<time>2025-11-29T01:30:02Z</time>
			</trkpt>
			<trkpt lat="30.240666" lon="120.084827">
				<speed>1.306005</speed>
				<ele>288.000000</ele>
				<time>2025-11-29T01:30:10Z</time>
			</trkpt>
			<trkpt lat="30.240588" lon="120.084757">
				<speed>0.798212</speed>
				<ele>288.000000</ele>
				<time>2025-11-29T01:30:20Z</time>
			</trkpt>
			<trkpt lat="30.240512" lon="120.084680">
				<speed>0.635889</speed>
				<ele>289.000000</ele>
				<time>2025-11-29T01:30:33Z</time>
			</trkpt>
			<trkpt lat="30.240432" lon="120.084628">
				<speed>0.817465</speed>
				<ele>291.000000</ele>
				<time>2025-11-29T01:30:45Z</time>
			</trkpt>
			<trkpt lat="30.240392" lon="120.084521">
				<speed>1.315808</speed>
				<ele>290.000000</ele>
				<time>2025-11-29T01:30:54Z</time>
			</trkpt>
			<trkpt lat="30.240373" lon="120.084407">
				<speed>1.021201</speed>
				<ele>291.000000</ele>
				<time>2025-11-29T01:31:04Z</time>
			</trkpt>
			<trkpt lat="30.240353" lon="120.084294">
				<speed>0.889167</speed>
				<ele>291.000000</ele>
				<time>2025-11-29T01:31:14Z</time>
			</trkpt>
			<trkpt lat="30.240339" lon="120.084184">
				<speed>0.579001</speed>
				<ele>293.000000</ele>
				<time>2025-11-29T01:31:26Z</time>
			</trkpt>
			<trkpt lat="30.240281" lon="120.084099">
				<speed>0.701344</speed>
				<ele>295.000000</ele>
				<time>2025-11-29T01:31:43Z</time>
			</trkpt>
			<trkpt lat="30.240251" lon="120.083998">
				<speed>0.599278</speed>
				<ele>298.000000</ele>
				<time>2025-11-29T01:31:58Z</time>
			</trkpt>
			<trkpt lat="30.240182" lon="120.083931">
				<speed>0.840319</speed>
				<ele>298.000000</ele>
				<time>2025-11-29T01:32:10Z</time>
			</trkpt>
			<trkpt lat="30.240138" lon="120.083838">
				<speed>0.508245</speed>
				<ele>301.000000</ele>
				<time>2025-11-29T01:32:24Z</time>
			</trkpt>
			<trkpt lat="30.240054" lon="120.083783">
				<speed>0.838259</speed>
				<ele>301.000000</ele>
				<time>2025-11-29T01:32:35Z</time>
			</trkpt>
			<trkpt lat="30.240072" lon="120.083681">
				<speed>0.604430</speed>
				<ele>304.000000</ele>
				<time>2025-11-29T01:32:56Z</time>
			</trkpt>
			<trkpt lat="30.240029" lon="120.083582">
				<speed>0.748622</speed>
				<ele>309.000000</ele>
				<time>2025-11-29T01:33:07Z</time>
			</trkpt>
			<trkpt lat="30.239993" lon="120.083484">
				<speed>0.649717</speed>
				<ele>315.000000</ele>
				<time>2025-11-29T01:33:17Z</time>
			</trkpt>
			<trkpt lat="30.239938" lon="120.083395">
				<speed>0.378065</speed>
				<ele>314.000000</ele>
				<time>2025-11-29T01:33:30Z</time>
			</trkpt>
			<trkpt lat="30.239882" lon="120.083311">
				<speed>0.778823</speed>
				<ele>313.000000</ele>
				<time>2025-11-29T01:33:44Z</time>
			</trkpt>
			<trkpt lat="30.239811" lon="120.083237">
				<speed>0.678074</speed>
				<ele>309.000000</ele>
				<time>2025-11-29T01:33:59Z</time>
			</trkpt>
			<trkpt lat="30.239725" lon="120.083189">
				<speed>1.075661</speed>
				<ele>307.000000</ele>
				<time>2025-11-29T01:34:12Z</time>
			</trkpt>
			<trkpt lat="30.239651" lon="120.083121">
				<speed>0.956994</speed>
				<ele>304.000000</ele>
				<time>2025-11-29T01:34:23Z</time>
			</trkpt>
			<trkpt lat="30.239553" lon="120.083083">
				<speed>0.694715</speed>
				<ele>299.000000</ele>
				<time>2025-11-29T01:34:38Z</time>
			</trkpt>
			<trkpt lat="30.239476" lon="120.083025">
				<speed>0.844401</speed>
				<ele>298.000000</ele>
				<time>2025-11-29T01:34:47Z</time>
			</trkpt>
			<trkpt lat="30.239393" lon="120.082958">
				<speed>0.997048</speed>
				<ele>300.000000</ele>
				<time>2025-11-29T01:34:58Z</time>
			</trkpt>
			<trkpt lat="30.239301" lon="120.082953">
				<speed>0.692166</speed>
				<ele>301.000000</ele>
				<time>2025-11-29T01:35:09Z</time>
			</trkpt>
			<trkpt lat="30.239207" lon="120.082932">
				<speed>0.656300</speed>
				<ele>304.000000</ele>
				<time>2025-11-29T01:35:20Z</time>
			</trkpt>
			<trkpt lat="30.239135" lon="120.082864">
				<speed>1.086448</speed>
				<ele>306.000000</ele>
				<time>2025-11-29T01:35:28Z</time>
			</trkpt>
			<trkpt lat="30.239149" lon="120.082745">
				<speed>1.180037</speed>
				<ele>309.000000</ele>
				<time>2025-11-29T01:35:38Z</time>
			</trkpt>
			<trkpt lat="30.239119" lon="120.082639">
				<speed>0.791692</speed>
				<ele>308.000000</ele>
				<time>2025-11-29T01:35:51Z</time>
			</trkpt>
			<trkpt lat="30.239039" lon="120.082571">
				<speed>1.499738</speed>
				<ele>308.000000</ele>
				<time>2025-11-29T01:35:59Z</time>
			</trkpt>
			<trkpt lat="30.238971" lon="120.082501">
				<speed>0.760110</speed>
				<ele>309.000000</ele>
				<time>2025-11-29T01:36:11Z</time>
			</trkpt>
			<trkpt lat="30.238961" lon="120.082386">
				<speed>0.915835</speed>
				<ele>309.000000</ele>
				<time>2025-11-29T01:36:20Z</time>
			</trkpt>
			<trkpt lat="30.238942" lon="120.082283">
				<speed>0.355301</speed>
				<ele>313.000000</ele>
				<time>2025-11-29T01:36:35Z</time>
			</trkpt>
			<trkpt lat="30.238892" lon="120.082195">
				<speed>0.655437</speed>
				<ele>317.000000</ele>
				<time>2025-11-29T01:36:53Z</time>
			</trkpt>
			<trkpt lat="30.238829" lon="120.082103">
				<speed>0.546342</speed>
				<ele>320.000000</ele>
				<time>2025-11-29T01:37:14Z</time>
			</trkpt>
			<trkpt lat="30.238762" lon="120.082032">
				<speed>0.583372</speed>
				<ele>322.000000</ele>
				<time>2025-11-29T01:37:36Z</time>
			</trkpt>
			<trkpt lat="30.238709" lon="120.081946">
				<speed>0.928300</speed>
				<ele>323.000000</ele>
				<time>2025-11-29T01:37:52Z</time>
			</trkpt>
			<trkpt lat="30.238670" lon="120.081848">
				<speed>0.747478</speed>
				<ele>323.000000</ele>
				<time>2025-11-29T01:38:02Z</time>
			</trkpt>
			<trkpt lat="30.238599" lon="120.081769">
				<speed>0.819047</speed>
				<ele>325.000000</ele>
				<time>2025-11-29T01:38:17Z</time>
			</trkpt>
			<trkpt lat="30.238519" lon="120.081718">
				<speed>0.779791</speed>
				<ele>325.000000</ele>
				<time>2025-11-29T01:38:27Z</time>
			</trkpt>
			<trkpt lat="30.238427" lon="120.081730">
				<speed>1.492457</speed>
				<ele>324.000000</ele>
				<time>2025-11-29T01:38:34Z</time>
			</trkpt>
			<trkpt lat="30.238332" lon="120.081752">
				<speed>1.531677</speed>
				<ele>323.000000</ele>
				<time>2025-11-29T01:38:41Z</time>
			</trkpt>
			<trkpt lat="30.238248" lon="120.081791">
				<speed>0.253702</speed>
				<ele>323.000000</ele>
				<time>2025-11-29T01:38:55Z</time>
			</trkpt>
			<trkpt lat="30.238163" lon="120.081754">
				<speed>0.512150</speed>
				<ele>326.000000</ele>
				<time>2025-11-29T01:39:20Z</time>
			</trkpt>
			<trkpt lat="30.238073" lon="120.081794">
				<speed>0.816013</speed>
				<ele>327.000000</ele>
				<time>2025-11-29T01:39:36Z</time>
			</trkpt>
			<trkpt lat="30.237981" lon="120.081821">
				<speed>0.851450</speed>
				<ele>329.000000</ele>
				<time>2025-11-29T01:39:47Z</time>
			</trkpt>
			<trkpt lat="30.237886" lon="120.081819">
				<speed>0.743927</speed>
				<ele>331.000000</ele>
				<time>2025-11-29T01:39:58Z</time>
			</trkpt>
			<trkpt lat="30.237793" lon="120.081810">
				<speed>0.233916</speed>
				<ele>332.000000</ele>
				<time>2025-11-29T01:40:12Z</time>
			</trkpt>
			<trkpt lat="30.237704" lon="120.081793">
				<speed>0.791045</speed>
				<ele>336.000000</ele>
				<time>2025-11-29T01:40:35Z</time>
			</trkpt>
			<trkpt lat="30.237611" lon="120.081783">
				<speed>0.997862</speed>
				<ele>336.000000</ele>
				<time>2025-11-29T01:40:51Z</time>
			</trkpt>
			<trkpt lat="30.237521" lon="120.081831">
				<speed>0.860689</speed>
				<ele>336.000000</ele>
				<time>2025-11-29T01:41:02Z</time>
			</trkpt>
			<trkpt lat="30.237432" lon="120.081851">
				<speed>0.622801</speed>
				<ele>337.000000</ele>
				<time>2025-11-29T01:41:16Z</time>
			</trkpt>
			<trkpt lat="30.237402" lon="120.081748">
				<speed>0.542984</speed>
				<ele>336.000000</ele>
				<time>2025-11-29T01:41:41Z</time>
			</trkpt>
			<trkpt lat="30.237342" lon="120.081664">
				<speed>0.938275</speed>
				<ele>337.000000</ele>
				<time>2025-11-29T01:41:51Z</time>
			</trkpt>
			<trkpt lat="30.237264" lon="120.081609">
				<speed>0.991442</speed>
				<ele>338.000000</ele>
				<time>2025-11-29T01:42:00Z</time>
			</trkpt>
			<trkpt lat="30.237173" lon="120.081559">
				<speed>1.032273</speed>
				<ele>338.000000</ele>
				<time>2025-11-29T01:42:08Z</time>
			</trkpt>
			<trkpt lat="30.237111" lon="120.081481">
				<speed>1.724992</speed>
				<ele>338.000000</ele>
				<time>2025-11-29T01:42:14Z</time>
			</trkpt>
			<trkpt lat="30.237017" lon="120.081494">
				<speed>1.546239</speed>
				<ele>339.000000</ele>
				<time>2025-11-29T01:42:21Z</time>
			</trkpt>
			<trkpt lat="30.236928" lon="120.081474">
				<speed>0.946758</speed>
				<ele>336.000000</ele>
				<time>2025-11-29T01:42:34Z</time>
			</trkpt>
			<trkpt lat="30.236854" lon="120.081405">
				<speed>1.003478</speed>
				<ele>334.000000</ele>
				<time>2025-11-29T01:42:44Z</time>
			</trkpt>
			<trkpt lat="30.236774" lon="120.081351">
				<speed>0.905988</speed>
				<ele>331.000000</ele>
				<time>2025-11-29T01:42:54Z</time>
			</trkpt>
			<trkpt lat="30.236682" lon="120.081359">
				<speed>0.293142</speed>
				<ele>327.000000</ele>
				<time>2025-11-29T01:43:10Z</time>
			</trkpt>
			<trkpt lat="30.236587" lon="120.081383">
				<speed>0.592191</speed>
				<ele>325.000000</ele>
				<time>2025-11-29T01:43:25Z</time>
			</trkpt>
			<trkpt lat="30.236509" lon="120.081437">
				<speed>0.322469</speed>
				<ele>324.000000</ele>
				<time>2025-11-29T01:43:37Z</time>
			</trkpt>
			<trkpt lat="30.236446" lon="120.081358">
				<speed>0.208658</speed>
				<ele>313.000000</ele>
				<time>2025-11-29T01:44:02Z</time>
			</trkpt>
			<trkpt lat="30.236357" lon="120.081339">
				<speed>0.417433</speed>
				<ele>308.000000</ele>
				<time>2025-11-29T01:44:35Z</time>
			</trkpt>
			<trkpt lat="30.236263" lon="120.081356">
				<speed>0.399957</speed>
				<ele>302.000000</ele>
				<time>2025-11-29T01:44:55Z</time>
			</trkpt>
			<trkpt lat="30.236172" lon="120.081349">
				<speed>0.631076</speed>
				<ele>297.000000</ele>
				<time>2025-11-29T01:45:17Z</time>
			</trkpt>
			<trkpt lat="30.236080" lon="120.081349">
				<speed>0.206556</speed>
				<ele>294.000000</ele>
				<time>2025-11-29T01:45:42Z</time>
			</trkpt>
			<trkpt lat="30.236008" lon="120.081276">
				<speed>0.805032</speed>
				<ele>288.000000</ele>
				<time>2025-11-29T01:45:57Z</time>
			</trkpt>
			<trkpt lat="30.235919" lon="120.081301">
				<speed>0.668012</speed>
				<ele>283.000000</ele>
				<time>2025-11-29T01:46:14Z</time>
			</trkpt>
			<trkpt lat="30.235828" lon="120.081271">
				<speed>0.583316</speed>
				<ele>279.000000</ele>
				<time>2025-11-29T01:46:30Z</time>
			</trkpt>
			<trkpt lat="30.235740" lon="120.081319">
				<speed>0.297132</speed>
				<ele>270.000000</ele>
				<time>2025-11-29T01:46:48Z</time>
			</trkpt>
			<trkpt lat="30.235651" lon="120.081297">
				<speed>0.661629</speed>
				<ele>266.000000</ele>
				<time>2025-11-29T01:47:01Z</time>
			</trkpt>
			<trkpt lat="30.235539" lon="120.081284">
				<speed>1.605231</speed>
				<ele>262.000000</ele>
				<time>2025-11-29T01:47:11Z</time>
			</trkpt>
			<trkpt lat="30.235453" lon="120.081253">
				<speed>1.208390</speed>
				<ele>258.000000</ele>
				<time>2025-11-29T01:47:17Z</time>
			</trkpt>
			<trkpt lat="30.235363" lon="120.081183">
				<speed>1.709875</speed>
				<ele>257.000000</ele>
				<time>2025-11-29T01:47:22Z</time>
			</trkpt>
			<trkpt lat="30.235288" lon="120.081123">
				<speed>1.793394</speed>
				<ele>256.000000</ele>
				<time>2025-11-29T01:47:26Z</time>
			</trkpt>
			<trkpt lat="30.235189" lon="120.081045">
				<speed>2.590872</speed>
				<ele>255.000000</ele>
				<time>2025-11-29T01:47:30Z</time>
			</trkpt>
			<trkpt lat="30.235109" lon="120.080975">
				<speed>1.600106</speed>
				<ele>253.000000</ele>
				<time>2025-11-29T01:47:36Z</time>
			</trkpt>
			<trkpt lat="30.235036" lon="120.080911">
				<speed>0.346204</speed>
				<ele>247.000000</ele>
				<time>2025-11-29T01:47:51Z</time>
			</trkpt>
			<trkpt lat="30.234960" lon="120.080853">
				<speed>1.471885</speed>
				<ele>246.000000</ele>
				<time>2025-11-29T01:47:59Z</time>
			</trkpt>
			<trkpt lat="30.234875" lon="120.080800">
				<speed>0.946154</speed>
				<ele>243.000000</ele>
				<time>2025-11-29T01:48:10Z</time>
			</trkpt>
			<trkpt lat="30.234784" lon="120.080804">
				<speed>1.035872</speed>
				<ele>240.000000</ele>
				<time>2025-11-29T01:48:21Z</time>
			</trkpt>
			<trkpt lat="30.234708" lon="120.080735">
				<speed>1.381825</speed>
				<ele>238.000000</ele>
				<time>2025-11-29T01:48:29Z</time>
			</trkpt>
			<trkpt lat="30.234613" lon="120.080695">
				<speed>1.243528</speed>
				<ele>236.000000</ele>
				<time>2025-11-29T01:48:37Z</time>
			</trkpt>
			<trkpt lat="30.234524" lon="120.080642">
				<speed>1.765047</speed>
				<ele>239.000000</ele>
				<time>2025-11-29T01:48:43Z</time>
			</trkpt>
			<trkpt lat="30.234432" lon="120.080605">
				<speed>1.954206</speed>
				<ele>240.000000</ele>
				<time>2025-11-29T01:48:49Z</time>
			</trkpt>
			<trkpt lat="30.234333" lon="120.080598">
				<speed>1.045079</speed>
				<ele>240.000000</ele>
				<time>2025-11-29T01:49:00Z</time>
			</trkpt>
			<trkpt lat="30.234248" lon="120.080639">
				<speed>1.082303</speed>
				<ele>241.000000</ele>
				<time>2025-11-29T01:49:10Z</time>
			</trkpt>
			<trkpt lat="30.234148" lon="120.080645">
				<speed>0.728164</speed>
				<ele>237.000000</ele>
				<time>2025-11-29T01:49:21Z</time>
			</trkpt>
			<trkpt lat="30.234052" lon="120.080623">
				<speed>1.015023</speed>
				<ele>234.000000</ele>
				<time>2025-11-29T01:49:31Z</time>
			</trkpt>
			<trkpt lat="30.233955" lon="120.080631">
				<speed>1.086634</speed>
				<ele>233.000000</ele>
				<time>2025-11-29T01:49:39Z</time>
			</trkpt>
			<trkpt lat="30.233865" lon="120.080645">
				<speed>1.584342</speed>
				<ele>232.000000</ele>
				<time>2025-11-29T01:49:45Z</time>
			</trkpt>
			<trkpt lat="30.233765" lon="120.080660">
				<speed>1.620384</speed>
				<ele>231.000000</ele>
				<time>2025-11-29T01:49:52Z</time>
			</trkpt>
			<trkpt lat="30.233685" lon="120.080713">
				<speed>1.435929</speed>
				<ele>228.000000</ele>
				<time>2025-11-29T01:50:02Z</time>
			</trkpt>
			<trkpt lat="30.233601" lon="120.080754">
				<speed>1.098265</speed>
				<ele>226.000000</ele>
				<time>2025-11-29T01:50:12Z</time>
			</trkpt>
			<trkpt lat="30.233556" lon="120.080849">
				<speed>1.201350</speed>
				<ele>225.000000</ele>
				<time>2025-11-29T01:50:21Z</time>
			</trkpt>
			<trkpt lat="30.233525" lon="120.080948">
				<speed>0.634033</speed>
				<ele>222.000000</ele>
				<time>2025-11-29T01:50:31Z</time>
			</trkpt>
			<trkpt lat="30.233457" lon="120.081036">
				<speed>1.451126</speed>
				<ele>223.000000</ele>
				<time>2025-11-29T01:50:39Z</time>
			</trkpt>
			<trkpt lat="30.233389" lon="120.081105">
				<speed>1.612442</speed>
				<ele>223.000000</ele>
				<time>2025-11-29T01:50:45Z</time>
			</trkpt>
			<trkpt lat="30.233311" lon="120.081173">
				<speed>1.578545</speed>
				<ele>224.000000</ele>
				<time>2025-11-29T01:50:52Z</time>
			</trkpt>
			<trkpt lat="30.233276" lon="120.081269">
				<speed>0.607279</speed>
				<ele>225.000000</ele>
				<time>2025-11-29T01:51:12Z</time>
			</trkpt>
			<trkpt lat="30.233188" lon="120.081316">
				<speed>0.698265</speed>
				<ele>229.000000</ele>
				<time>2025-11-29T01:51:29Z</time>
			</trkpt>
			<trkpt lat="30.233107" lon="120.081368">
				<speed>0.598103</speed>
				<ele>233.000000</ele>
				<time>2025-11-29T01:51:41Z</time>
			</trkpt>
			<trkpt lat="30.233007" lon="120.081399">
				<speed>0.891807</speed>
				<ele>237.000000</ele>
				<time>2025-11-29T01:51:56Z</time>
			</trkpt>
			<trkpt lat="30.232924" lon="120.081454">
				<speed>0.776792</speed>
				<ele>240.000000</ele>
				<time>2025-11-29T01:52:11Z</time>
			</trkpt>
			<trkpt lat="30.232834" lon="120.081482">
				<speed>0.903893</speed>
				<ele>242.000000</ele>
				<time>2025-11-29T01:52:21Z</time>
			</trkpt>
			<trkpt lat="30.232742" lon="120.081462">
				<speed>1.122237</speed>
				<ele>243.000000</ele>
				<time>2025-11-29T01:52:31Z</time>
			</trkpt>
			<trkpt lat="30.232654" lon="120.081494">
				<speed>1.006078</speed>
				<ele>244.000000</ele>
				<time>2025-11-29T01:52:41Z</time>
			</trkpt>
			<trkpt lat="30.232605" lon="120.081583">
				<speed>0.765581</speed>
				<ele>246.000000</ele>
				<time>2025-11-29T01:52:51Z</time>
			</trkpt>
			<trkpt lat="30.232526" lon="120.081639">
				<speed>0.742052</speed>
				<ele>249.000000</ele>
				<time>2025-11-29T01:52:59Z</time>
			</trkpt>
			<trkpt lat="30.232441" lon="120.081679">
				<speed>0.705543</speed>
				<ele>250.000000</ele>
				<time>2025-11-29T01:53:08Z</time>
			</trkpt>
			<trkpt lat="30.232340" lon="120.081690">
				<speed>1.248816</speed>
				<ele>250.000000</ele>
				<time>2025-11-29T01:53:17Z</time>
			</trkpt>
			<trkpt lat="30.232237" lon="120.081701">
				<speed>1.001762</speed>
				<ele>252.000000</ele>
				<time>2025-11-29T01:53:28Z</time>
			</trkpt>
			<trkpt lat="30.232145" lon="120.081677">
				<speed>0.877048</speed>
				<ele>253.000000</ele>
				<time>2025-11-29T01:53:37Z</time>
			</trkpt>
			<trkpt lat="30.232055" lon="120.081672">
				<speed>0.919281</speed>
				<ele>256.000000</ele>
				<time>2025-11-29T01:53:47Z</time>
			</trkpt>
			<trkpt lat="30.231963" lon="120.081659">
				<speed>0.638140</speed>
				<ele>258.000000</ele>
				<time>2025-11-29T01:54:01Z</time>
			</trkpt>
			<trkpt lat="30.231870" lon="120.081654">
				<speed>0.644801</speed>
				<ele>262.000000</ele>
				<time>2025-11-29T01:54:13Z</time>
			</trkpt>
			<trkpt lat="30.231775" lon="120.081666">
				<speed>0.794358</speed>
				<ele>265.000000</ele>
				<time>2025-11-29T01:54:27Z</time>
			</trkpt>
			<trkpt lat="30.231697" lon="120.081602">
				<speed>0.600219</speed>
				<ele>265.000000</ele>
				<time>2025-11-29T01:54:39Z</time>
			</trkpt>
			<trkpt lat="30.231621" lon="120.081541">
				<speed>0.770217</speed>
				<ele>267.000000</ele>
				<time>2025-11-29T01:54:51Z</time>
			</trkpt>
			<trkpt lat="30.231533" lon="120.081507">
				<speed>0.550424</speed>
				<ele>270.000000</ele>
				<time>2025-11-29T01:55:02Z</time>
			</trkpt>
			<trkpt lat="30.231438" lon="120.081490">
				<speed>0.544518</speed>
				<ele>274.000000</ele>
				<time>2025-11-29T01:55:18Z</time>
			</trkpt>
			<trkpt lat="30.231343" lon="120.081478">
				<speed>0.246549</speed>
				<ele>278.000000</ele>
				<time>2025-11-29T01:55:34Z</time>
			</trkpt>
			<trkpt lat="30.231251" lon="120.081459">
				<speed>0.408169</speed>
				<ele>281.000000</ele>
				<time>2025-11-29T01:55:53Z</time>
			</trkpt>
			<trkpt lat="30.231160" lon="120.081447">
				<speed>0.394129</speed>
				<ele>287.000000</ele>
				<time>2025-11-29T01:56:13Z</time>
			</trkpt>
			<trkpt lat="30.231069" lon="120.081480">
				<speed>0.776830</speed>
				<ele>288.000000</ele>
				<time>2025-11-29T01:56:29Z</time>
			</trkpt>
			<trkpt lat="30.230983" lon="120.081438">
				<speed>1.049190</speed>
				<ele>286.000000</ele>
				<time>2025-11-29T01:56:38Z</time>
			</trkpt>
			<trkpt lat="30.230883" lon="120.081411">
				<speed>0.950982</speed>
				<ele>284.000000</ele>
				<time>2025-11-29T01:56:54Z</time>
			</trkpt>
			<trkpt lat="30.230793" lon="120.081384">
				<speed>0.383221</speed>
				<ele>280.000000</ele>
				<time>2025-11-29T01:57:10Z</time>
			</trkpt>
			<trkpt lat="30.230705" lon="120.081358">
				<speed>0.412895</speed>
				<ele>273.000000</ele>
				<time>2025-11-29T01:57:28Z</time>
			</trkpt>
			<trkpt lat="30.230638" lon="120.081279">
				<speed>0.859515</speed>
				<ele>270.000000</ele>
				<time>2025-11-29T01:57:43Z</time>
			</trkpt>
			<trkpt lat="30.230571" lon="120.081198">
				<speed>0.895196</speed>
				<ele>266.000000</ele>
				<time>2025-11-29T01:57:56Z</time>
			</trkpt>
			<trkpt lat="30.230506" lon="120.081125">
				<speed>0.590278</speed>
				<ele>263.000000</ele>
				<time>2025-11-29T01:58:09Z</time>
			</trkpt>
			<trkpt lat="30.230471" lon="120.081027">
				<speed>0.377395</speed>
				<ele>259.000000</ele>
				<time>2025-11-29T01:58:26Z</time>
			</trkpt>
			<trkpt lat="30.230396" lon="120.080962">
				<speed>0.619807</speed>
				<ele>254.000000</ele>
				<time>2025-11-29T01:58:40Z</time>
			</trkpt>
			<trkpt lat="30.230339" lon="120.080881">
				<speed>0.808748</speed>
				<ele>252.000000</ele>
				<time>2025-11-29T01:58:52Z</time>
			</trkpt>
			<trkpt lat="30.230283" lon="120.080797">
				<speed>0.587237</speed>
				<ele>251.000000</ele>
				<time>2025-11-29T01:59:02Z</time>
			</trkpt>
			<trkpt lat="30.230213" lon="120.080730">
				<speed>1.043619</speed>
				<ele>251.000000</ele>
				<time>2025-11-29T01:59:09Z</time>
			</trkpt>
			<trkpt lat="30.230159" lon="120.080647">
				<speed>0.918520</speed>
				<ele>249.000000</ele>
				<time>2025-11-29T01:59:17Z</time>
			</trkpt>
			<trkpt lat="30.230085" lon="120.080580">
				<speed>0.959382</speed>
				<ele>250.000000</ele>
				<time>2025-11-29T01:59:27Z</time>
			</trkpt>
			<trkpt lat="30.229998" lon="120.080538">
				<speed>0.689260</speed>
				<ele>248.000000</ele>
				<time>2025-11-29T01:59:38Z</time>
			</trkpt>
			<trkpt lat="30.229907" lon="120.080493">
				<speed>0.738940</speed>
				<ele>243.000000</ele>
				<time>2025-11-29T01:59:53Z</time>
			</trkpt>
			<trkpt lat="30.229820" lon="120.080449">
				<speed>0.764587</speed>
				<ele>241.000000</ele>
				<time>2025-11-29T02:00:03Z</time>
			</trkpt>
			<trkpt lat="30.229732" lon="120.080401">
				<speed>1.072353</speed>
				<ele>239.000000</ele>
				<time>2025-11-29T02:00:11Z</time>
			</trkpt>
			<trkpt lat="30.229647" lon="120.080353">
				<speed>1.317606</speed>
				<ele>238.000000</ele>
				<time>2025-11-29T02:00:19Z</time>
			</trkpt>
			<trkpt lat="30.229559" lon="120.080320">
				<speed>1.522084</speed>
				<ele>240.000000</ele>
				<time>2025-11-29T02:00:26Z</time>
			</trkpt>
			<trkpt lat="30.229477" lon="120.080256">
				<speed>0.953254</speed>
				<ele>241.000000</ele>
				<time>2025-11-29T02:00:34Z</time>
			</trkpt>
			<trkpt lat="30.229425" lon="120.080162">
				<speed>1.181104</speed>
				<ele>241.000000</ele>
				<time>2025-11-29T02:00:43Z</time>
			</trkpt>
			<trkpt lat="30.229348" lon="120.080084">
				<speed>0.932145</speed>
				<ele>242.000000</ele>
				<time>2025-11-29T02:00:52Z</time>
			</trkpt>
			<trkpt lat="30.229291" lon="120.079998">
				<speed>0.873739</speed>
				<ele>242.000000</ele>
				<time>2025-11-29T02:01:02Z</time>
			</trkpt>
			<trkpt lat="30.229239" lon="120.079905">
				<speed>0.510276</speed>
				<ele>245.000000</ele>
				<time>2025-11-29T02:01:13Z</time>
			</trkpt>
			<trkpt lat="30.229163" lon="120.079841">
				<speed>0.753660</speed>
				<ele>247.000000</ele>
				<time>2025-11-29T02:01:24Z</time>
			</trkpt>
			<trkpt lat="30.229099" lon="120.079751">
				<speed>1.089209</speed>
				<ele>250.000000</ele>
				<time>2025-11-29T02:01:37Z</time>
			</trkpt>
			<trkpt lat="30.229041" lon="120.079661">
				<speed>1.071669</speed>
				<ele>254.000000</ele>
				<time>2025-11-29T02:01:49Z</time>
			</trkpt>
			<trkpt lat="30.228948" lon="120.079624">
				<speed>1.312198</speed>
				<ele>255.000000</ele>
				<time>2025-11-29T02:02:00Z</time>
			</trkpt>
			<trkpt lat="30.228848" lon="120.079589">
				<speed>1.057694</speed>
				<ele>257.000000</ele>
				<time>2025-11-29T02:02:12Z</time>
			</trkpt>
			<trkpt lat="30.228768" lon="120.079538">
				<speed>0.853035</speed>
				<ele>259.000000</ele>
				<time>2025-11-29T02:02:24Z</time>
			</trkpt>
			<trkpt lat="30.228687" lon="120.079484">
				<speed>1.002077</speed>
				<ele>260.000000</ele>
				<time>2025-11-29T02:02:35Z</time>
			</trkpt>
			<trkpt lat="30.228606" lon="120.079422">
				<speed>1.029320</speed>
				<ele>263.000000</ele>
				<time>2025-11-29T02:02:45Z</time>
			</trkpt>
			<trkpt lat="30.228545" lon="120.079341">
				<speed>0.817027</speed>
				<ele>264.000000</ele>
				<time>2025-11-29T02:02:55Z</time>
			</trkpt>
			<trkpt lat="30.228480" lon="120.079260">
				<speed>0.743391</speed>
				<ele>265.000000</ele>
				<time>2025-11-29T02:03:06Z</time>
			</trkpt>
			<trkpt lat="30.228405" lon="120.079199">
				<speed>0.812126</speed>
				<ele>267.000000</ele>
				<time>2025-11-29T02:03:20Z</time>
			</trkpt>
			<trkpt lat="30.228319" lon="120.079165">
				<speed>0.738705</speed>
				<ele>270.000000</ele>
				<time>2025-11-29T02:03:32Z</time>
			</trkpt>
			<trkpt lat="30.228245" lon="120.079102">
				<speed>1.014270</speed>
				<ele>272.000000</ele>
				<time>2025-11-29T02:03:41Z</time>
			</trkpt>
			<trkpt lat="30.228154" lon="120.079054">
				<speed>0.792473</speed>
				<ele>274.000000</ele>
				<time>2025-11-29T02:03:55Z</time>
			</trkpt>
			<trkpt lat="30.228069" lon="120.079016">
				<speed>0.923921</speed>
				<ele>276.000000</ele>
				<time>2025-11-29T02:04:03Z</time>
			</trkpt>
			<trkpt lat="30.227997" lon="120.078933">
				<speed>0.984073</speed>
				<ele>277.000000</ele>
				<time>2025-11-29T02:04:11Z</time>
			</trkpt>
			<trkpt lat="30.227942" lon="120.078847">
				<speed>0.553697</speed>
				<ele>277.000000</ele>
				<time>2025-11-29T02:04:19Z</time>
			</trkpt>
			<trkpt lat="30.227914" lon="120.078951">
				<speed>0.492612</speed>
				<ele>276.000000</ele>
				<time>2025-11-29T02:04:31Z</time>
			</trkpt>
			<trkpt lat="30.227872" lon="120.079045">
				<speed>0.585059</speed>
				<ele>279.000000</ele>
				<time>2025-11-29T02:04:42Z</time>
			</trkpt>
			<trkpt lat="30.227838" lon="120.079143">
				<speed>0.065953</speed>
				<ele>280.000000</ele>
				<time>2025-11-29T02:05:07Z</time>
			</trkpt>
			<trkpt lat="30.227781" lon="120.079225">
				<speed>0.501062</speed>
				<ele>283.000000</ele>
				<time>2025-11-29T02:05:16Z</time>
			</trkpt>
			<trkpt lat="30.227727" lon="120.079314">
				<speed>0.638949</speed>
				<ele>283.000000</ele>
				<time>2025-11-29T02:05:28Z</time>
			</trkpt>
			<trkpt lat="30.227662" lon="120.079402">
				<speed>0.603770</speed>
				<ele>281.000000</ele>
				<time>2025-11-29T02:05:39Z</time>
			</trkpt>
			<trkpt lat="30.227616" lon="120.079499">
				<speed>0.268630</speed>
				<ele>279.000000</ele>
				<time>2025-11-29T02:05:56Z</time>
			</trkpt>
			<trkpt lat="30.227592" lon="120.079603">
				<speed>0.805891</speed>
				<ele>277.000000</ele>
				<time>2025-11-29T02:06:04Z</time>
			</trkpt>
			<trkpt lat="30.227573" lon="120.079705">
				<speed>0.954679</speed>
				<ele>277.000000</ele>
				<time>2025-11-29T02:06:13Z</time>
			</trkpt>
			<trkpt lat="30.227573" lon="120.079816">
				<speed>0.678821</speed>
				<ele>275.000000</ele>
				<time>2025-11-29T02:06:23Z</time>
			</trkpt>
			<trkpt lat="30.227610" lon="120.079918">
				<speed>0.762695</speed>
				<ele>275.000000</ele>
				<time>2025-11-29T02:06:31Z</time>
			</trkpt>
			<trkpt lat="30.227624" lon="120.080022">
				<speed>0.932674</speed>
				<ele>275.000000</ele>
				<time>2025-11-29T02:06:38Z</time>
			</trkpt>
			<trkpt lat="30.227662" lon="120.080129">
				<speed>0.918783</speed>
				<ele>277.000000</ele>
				<time>2025-11-29T02:06:49Z</time>
			</trkpt>
			<trkpt lat="30.227653" lon="120.080240">
				<speed>0.886748</speed>
				<ele>278.000000</ele>
				<time>2025-11-29T02:06:59Z</time>
			</trkpt>
			<trkpt lat="30.227622" lon="120.080338">
				<speed>0.208673</speed>
				<ele>275.000000</ele>
				<time>2025-11-29T02:07:19Z</time>
			</trkpt>
			<trkpt lat="30.227630" lon="120.080446">
				<speed>0.538420</speed>
				<ele>273.000000</ele>
				<time>2025-11-29T02:07:38Z</time>
			</trkpt>
			<trkpt lat="30.227627" lon="120.080558">
				<speed>1.085992</speed>
				<ele>274.000000</ele>
				<time>2025-11-29T02:07:44Z</time>
			</trkpt>
			<trkpt lat="30.227599" lon="120.080661">
				<speed>0.743309</speed>
				<ele>271.000000</ele>
				<time>2025-11-29T02:07:53Z</time>
			</trkpt>
			<trkpt lat="30.227604" lon="120.080770">
				<speed>0.737114</speed>
				<ele>269.000000</ele>
				<time>2025-11-29T02:08:03Z</time>
			</trkpt>
			<trkpt lat="30.227543" lon="120.080848">
				<speed>0.668559</speed>
				<ele>268.000000</ele>
				<time>2025-11-29T02:08:11Z</time>
			</trkpt>
			<trkpt lat="30.227497" lon="120.080947">
				<speed>1.271685</speed>
				<ele>267.000000</ele>
				<time>2025-11-29T02:08:18Z</time>
			</trkpt>
			<trkpt lat="30.227434" lon="120.081024">
				<speed>0.917238</speed>
				<ele>265.000000</ele>
				<time>2025-11-29T02:08:26Z</time>
			</trkpt>
			<trkpt lat="30.227404" lon="120.081123">
				<speed>0.627382</speed>
				<ele>267.000000</ele>
				<time>2025-11-29T02:08:35Z</time>
			</trkpt>
			<trkpt lat="30.227387" lon="120.081230">
				<speed>1.044938</speed>
				<ele>267.000000</ele>
				<time>2025-11-29T02:08:44Z</time>
			</trkpt>
			<trkpt lat="30.227375" lon="120.081336">
				<speed>0.443527</speed>
				<ele>269.000000</ele>
				<time>2025-11-29T02:08:56Z</time>
			</trkpt>
			<trkpt lat="30.227356" lon="120.081438">
				<speed>0.525215</speed>
				<ele>270.000000</ele>
				<time>2025-11-29T02:09:17Z</time>
			</trkpt>
			<trkpt lat="30.227350" lon="120.081542">
				<speed>0.341736</speed>
				<ele>267.000000</ele>
				<time>2025-11-29T02:09:31Z</time>
			</trkpt>
			<trkpt lat="30.227307" lon="120.081635">
				<speed>0.220582</speed>
				<ele>264.000000</ele>
				<time>2025-11-29T02:09:47Z</time>
			</trkpt>
			<trkpt lat="30.227304" lon="120.081755">
				<speed>0.991746</speed>
				<ele>262.000000</ele>
				<time>2025-11-29T02:10:02Z</time>
			</trkpt>
			<trkpt lat="30.227309" lon="120.081861">
				<speed>1.295917</speed>
				<ele>261.000000</ele>
				<time>2025-11-29T02:10:11Z</time>
			</trkpt>
			<trkpt lat="30.227322" lon="120.081976">
				<speed>1.086484</speed>
				<ele>262.000000</ele>
				<time>2025-11-29T02:10:18Z</time>
			</trkpt>
			<trkpt lat="30.227313" lon="120.082096">
				<speed>0.809779</speed>
				<ele>262.000000</ele>
				<time>2025-11-29T02:10:26Z</time>
			</trkpt>
			<trkpt lat="30.227321" lon="120.082204">
				<speed>0.797640</speed>
				<ele>261.000000</ele>
				<time>2025-11-29T02:10:32Z</time>
			</trkpt>
			<trkpt lat="30.227344" lon="120.082317">
				<speed>1.189592</speed>
				<ele>263.000000</ele>
				<time>2025-11-29T02:10:41Z</time>
			</trkpt>
			<trkpt lat="30.227367" lon="120.082428">
				<speed>0.885032</speed>
				<ele>263.000000</ele>
				<time>2025-11-29T02:10:50Z</time>
			</trkpt>
			<trkpt lat="30.227377" lon="120.082534">
				<speed>0.912401</speed>
				<ele>265.000000</ele>
				<time>2025-11-29T02:10:57Z</time>
			</trkpt>
			<trkpt lat="30.227367" lon="120.082638">
				<speed>1.049510</speed>
				<ele>263.000000</ele>
				<time>2025-11-29T02:11:05Z</time>
			</trkpt>
			<trkpt lat="30.227296" lon="120.082709">
				<speed>0.760974</speed>
				<ele>260.000000</ele>
				<time>2025-11-29T02:11:14Z</time>
			</trkpt>
			<trkpt lat="30.227228" lon="120.082793">
				<speed>0.685185</speed>
				<ele>261.000000</ele>
				<time>2025-11-29T02:11:23Z</time>
			</trkpt>
			<trkpt lat="30.227170" lon="120.082875">
				<speed>1.157383</speed>
				<ele>261.000000</ele>
				<time>2025-11-29T02:11:31Z</time>
			</trkpt>
			<trkpt lat="30.227092" lon="120.082939">
				<speed>0.559246</speed>
				<ele>264.000000</ele>
				<time>2025-11-29T02:11:46Z</time>
			</trkpt>
			<trkpt lat="30.227007" lon="120.082983">
				<speed>0.388969</speed>
				<ele>264.000000</ele>
				<time>2025-11-29T02:11:56Z</time>
			</trkpt>
			<trkpt lat="30.226921" lon="120.083022">
				<speed>0.165531</speed>
				<ele>269.000000</ele>
				<time>2025-11-29T02:12:11Z</time>
			</trkpt>
			<trkpt lat="30.226840" lon="120.083067">
				<speed>0.345083</speed>
				<ele>275.000000</ele>
				<time>2025-11-29T02:12:52Z</time>
			</trkpt>
			<trkpt lat="30.226774" lon="120.083143">
				<speed>0.584313</speed>
				<ele>277.000000</ele>
				<time>2025-11-29T02:13:16Z</time>
			</trkpt>
			<trkpt lat="30.226787" lon="120.083253">
				<speed>0.586329</speed>
				<ele>280.000000</ele>
				<time>2025-11-29T02:13:31Z</time>
			</trkpt>
			<trkpt lat="30.226717" lon="120.083329">
				<speed>0.473071</speed>
				<ele>284.000000</ele>
				<time>2025-11-29T02:13:49Z</time>
			</trkpt>
			<trkpt lat="30.226636" lon="120.083392">
				<speed>0.331124</speed>
				<ele>287.000000</ele>
				<time>2025-11-29T02:14:07Z</time>
			</trkpt>
			<trkpt lat="30.226545" lon="120.083411">
				<speed>0.176483</speed>
				<ele>288.000000</ele>
				<time>2025-11-29T02:14:30Z</time>
			</trkpt>
			<trkpt lat="30.226448" lon="120.083437">
				<speed>0.760159</speed>
				<ele>292.000000</ele>
				<time>2025-11-29T02:14:48Z</time>
			</trkpt>
			<trkpt lat="30.226402" lon="120.083532">
				<speed>0.873819</speed>
				<ele>295.000000</ele>
				<time>2025-11-29T02:14:56Z</time>
			</trkpt>
			<trkpt lat="30.226338" lon="120.083617">
				<speed>0.600477</speed>
				<ele>296.000000</ele>
				<time>2025-11-29T02:15:07Z</time>
			</trkpt>
			<trkpt lat="30.226273" lon="120.083691">
				<speed>0.927508</speed>
				<ele>297.000000</ele>
				<time>2025-11-29T02:15:16Z</time>
			</trkpt>
			<trkpt lat="30.226210" lon="120.083770">
				<speed>0.715233</speed>
				<ele>298.000000</ele>
				<time>2025-11-29T02:15:26Z</time>
			</trkpt>
			<trkpt lat="30.226161" lon="120.083872">
				<speed>0.846209</speed>
				<ele>300.000000</ele>
				<time>2025-11-29T02:15:35Z</time>
			</trkpt>
			<trkpt lat="30.226123" lon="120.083983">
				<speed>1.190374</speed>
				<ele>301.000000</ele>
				<time>2025-11-29T02:15:45Z</time>
			</trkpt>
			<trkpt lat="30.226110" lon="120.084091">
				<speed>0.764078</speed>
				<ele>303.000000</ele>
				<time>2025-11-29T02:15:55Z</time>
			</trkpt>
			<trkpt lat="30.226087" lon="120.084196">
				<speed>0.765805</speed>
				<ele>304.000000</ele>
				<time>2025-11-29T02:16:03Z</time>
			</trkpt>
			<trkpt lat="30.226088" lon="120.084301">
				<speed>0.521800</speed>
				<ele>305.000000</ele>
				<time>2025-11-29T02:16:11Z</time>
			</trkpt>
			<trkpt lat="30.226091" lon="120.084409">
				<speed>0.700973</speed>
				<ele>305.000000</ele>
				<time>2025-11-29T02:16:20Z</time>
			</trkpt>
			<trkpt lat="30.226099" lon="120.084520">
				<speed>0.941357</speed>
				<ele>306.000000</ele>
				<time>2025-11-29T02:16:28Z</time>
			</trkpt>
			<trkpt lat="30.226102" lon="120.084630">
				<speed>0.837418</speed>
				<ele>307.000000</ele>
				<time>2025-11-29T02:16:38Z</time>
			</trkpt>
			<trkpt lat="30.226053" lon="120.084726">
				<speed>0.712217</speed>
				<ele>310.000000</ele>
				<time>2025-11-29T02:16:50Z</time>
			</trkpt>
			<trkpt lat="30.226071" lon="120.084831">
				<speed>0.686984</speed>
				<ele>310.000000</ele>
				<time>2025-11-29T02:17:02Z</time>
			</trkpt>
			<trkpt lat="30.226088" lon="120.084937">
				<speed>0.503152</speed>
				<ele>309.000000</ele>
				<time>2025-11-29T02:17:17Z</time>
			</trkpt>
			<trkpt lat="30.226075" lon="120.085044">
				<speed>0.552184</speed>
				<ele>304.000000</ele>
				<time>2025-11-29T02:17:30Z</time>
			</trkpt>
			<trkpt lat="30.225979" lon="120.085065">
				<speed>0.563079</speed>
				<ele>305.000000</ele>
				<time>2025-11-29T02:17:45Z</time>
			</trkpt>
			<trkpt lat="30.225888" lon="120.085069">
				<speed>0.467080</speed>
				<ele>306.000000</ele>
				<time>2025-11-29T02:17:57Z</time>
			</trkpt>
			<trkpt lat="30.225788" lon="120.085078">
				<speed>1.010953</speed>
				<ele>309.000000</ele>
				<time>2025-11-29T02:18:07Z</time>
			</trkpt>
			<trkpt lat="30.225696" lon="120.085050">
				<speed>0.785205</speed>
				<ele>313.000000</ele>
				<time>2025-11-29T02:18:15Z</time>
			</trkpt>
			<trkpt lat="30.225604" lon="120.085052">
				<speed>0.264578</speed>
				<ele>317.000000</ele>
				<time>2025-11-29T02:18:35Z</time>
			</trkpt>
			<trkpt lat="30.225514" lon="120.085056">
				<speed>0.061073</speed>
				<ele>320.000000</ele>
				<time>2025-11-29T02:19:04Z</time>
			</trkpt>
			<trkpt lat="30.225423" lon="120.085074">
				<speed>0.262625</speed>
				<ele>324.000000</ele>
				<time>2025-11-29T02:19:27Z</time>
			</trkpt>
			<trkpt lat="30.225333" lon="120.085106">
				<speed>0.430635</speed>
				<ele>328.000000</ele>
				<time>2025-11-29T02:19:51Z</time>
			</trkpt>
			<trkpt lat="30.225266" lon="120.085177">
				<speed>0.155589</speed>
				<ele>332.000000</ele>
				<time>2025-11-29T02:20:19Z</time>
			</trkpt>
			<trkpt lat="30.225176" lon="120.085163">
				<speed>0.267846</speed>
				<ele>336.000000</ele>
				<time>2025-11-29T02:20:36Z</time>
			</trkpt>
			<trkpt lat="30.225091" lon="120.085218">
				<speed>0.644908</speed>
				<ele>340.000000</ele>
				<time>2025-11-29T02:20:58Z</time>
			</trkpt>
			<trkpt lat="30.225060" lon="120.085316">
				<speed>0.689381</speed>
				<ele>342.000000</ele>
				<time>2025-11-29T02:21:18Z</time>
			</trkpt>
			<trkpt lat="30.224967" lon="120.085345">
				<speed>0.377844</speed>
				<ele>345.000000</ele>
				<time>2025-11-29T02:21:41Z</time>
			</trkpt>
			<trkpt lat="30.224890" lon="120.085288">
				<speed>0.196099</speed>
				<ele>348.000000</ele>
				<time>2025-11-29T02:22:00Z</time>
			</trkpt>
			<trkpt lat="30.224799" lon="120.085283">
				<speed>0.363183</speed>
				<ele>353.000000</ele>
				<time>2025-11-29T02:22:27Z</time>
			</trkpt>
			<trkpt lat="30.224705" lon="120.085250">
				<speed>0.712530</speed>
				<ele>357.000000</ele>
				<time>2025-11-29T02:22:48Z</time>
			</trkpt>
			<trkpt lat="30.224605" lon="120.085220">
				<speed>0.762653</speed>
				<ele>359.000000</ele>
				<time>2025-11-29T02:23:13Z</time>
			</trkpt>
			<trkpt lat="30.224538" lon="120.085301">
				<speed>0.249511</speed>
				<ele>359.000000</ele>
				<time>2025-11-29T02:23:30Z</time>
			</trkpt>
			<trkpt lat="30.224516" lon="120.085404">
				<speed>0.399241</speed>
				<ele>357.000000</ele>
				<time>2025-11-29T02:23:44Z</time>
			</trkpt>
			<trkpt lat="30.224484" lon="120.085503">
				<speed>0.273626</speed>
				<ele>355.000000</ele>
				<time>2025-11-29T02:24:01Z</time>
			</trkpt>
			<trkpt lat="30.224438" lon="120.085601">
				<speed>0.319694</speed>
				<ele>351.000000</ele>
				<time>2025-11-29T02:24:23Z</time>
			</trkpt>
			<trkpt lat="30.224391" lon="120.085691">
				<speed>0.357731</speed>
				<ele>348.000000</ele>
				<time>2025-11-29T02:24:42Z</time>
			</trkpt>
			<trkpt lat="30.224332" lon="120.085774">
				<speed>0.368082</speed>
				<ele>344.000000</ele>
				<time>2025-11-29T02:24:59Z</time>
			</trkpt>
			<trkpt lat="30.224279" lon="120.085867">
				<speed>0.659819</speed>
				<ele>341.000000</ele>
				<time>2025-11-29T02:25:12Z</time>
			</trkpt>
			<trkpt lat="30.224237" lon="120.085960">
				<speed>1.190660</speed>
				<ele>339.000000</ele>
				<time>2025-11-29T02:25:18Z</time>
			</trkpt>
			<trkpt lat="30.224209" lon="120.086063">
				<speed>0.532990</speed>
				<ele>337.000000</ele>
				<time>2025-11-29T02:25:29Z</time>
			</trkpt>
			<trkpt lat="30.224148" lon="120.086148">
				<speed>0.635408</speed>
				<ele>336.000000</ele>
				<time>2025-11-29T02:25:39Z</time>
			</trkpt>
			<trkpt lat="30.224155" lon="120.086260">
				<speed>0.782816</speed>
				<ele>333.000000</ele>
				<time>2025-11-29T02:25:47Z</time>
			</trkpt>
			<trkpt lat="30.224136" lon="120.086374">
				<speed>0.828838</speed>
				<ele>332.000000</ele>
				<time>2025-11-29T02:25:57Z</time>
			</trkpt>
			<trkpt lat="30.224106" lon="120.086474">
				<speed>1.031257</speed>
				<ele>330.000000</ele>
				<time>2025-11-29T02:26:06Z</time>
			</trkpt>
			<trkpt lat="30.224139" lon="120.086577">
				<speed>0.445572</speed>
				<ele>327.000000</ele>
				<time>2025-11-29T02:26:16Z</time>
			</trkpt>
			<trkpt lat="30.224102" lon="120.086685">
				<speed>0.957451</speed>
				<ele>325.000000</ele>
				<time>2025-11-29T02:26:23Z</time>
			</trkpt>
			<trkpt lat="30.224076" lon="120.086789">
				<speed>0.638482</speed>
				<ele>325.000000</ele>
				<time>2025-11-29T02:26:31Z</time>
			</trkpt>
			<trkpt lat="30.224027" lon="120.086877">
				<speed>0.910426</speed>
				<ele>326.000000</ele>
				<time>2025-11-29T02:26:39Z</time>
			</trkpt>
			<trkpt lat="30.223975" lon="120.086972">
				<speed>0.812018</speed>
				<ele>326.000000</ele>
				<time>2025-11-29T02:26:46Z</time>
			</trkpt>
			<trkpt lat="30.223899" lon="120.087028">
				<speed>1.040733</speed>
				<ele>332.000000</ele>
				<time>2025-11-29T02:26:56Z</time>
			</trkpt>
			<trkpt lat="30.223830" lon="120.087104">
				<speed>0.411313</speed>
				<ele>334.000000</ele>
				<time>2025-11-29T02:27:08Z</time>
			</trkpt>
			<trkpt lat="30.223750" lon="120.087153">
				<speed>0.445656</speed>
				<ele>336.000000</ele>
				<time>2025-11-29T02:27:19Z</time>
			</trkpt>
			<trkpt lat="30.223695" lon="120.087242">
				<speed>0.660808</speed>
				<ele>339.000000</ele>
				<time>2025-11-29T02:27:31Z</time>
			</trkpt>
			<trkpt lat="30.223651" lon="120.087341">
				<speed>0.715741</speed>
				<ele>342.000000</ele>
				<time>2025-11-29T02:27:41Z</time>
			</trkpt>
			<trkpt lat="30.223605" lon="120.087431">
				<speed>0.661576</speed>
				<ele>343.000000</ele>
				<time>2025-11-29T02:27:50Z</time>
			</trkpt>
			<trkpt lat="30.223566" lon="120.087526">
				<speed>0.996045</speed>
				<ele>344.000000</ele>
				<time>2025-11-29T02:27:58Z</time>
			</trkpt>
			<trkpt lat="30.223519" lon="120.087628">
				<speed>0.934398</speed>
				<ele>340.000000</ele>
				<time>2025-11-29T02:28:07Z</time>
			</trkpt>
			<trkpt lat="30.223469" lon="120.087718">
				<speed>0.609308</speed>
				<ele>338.000000</ele>
				<time>2025-11-29T02:28:19Z</time>
			</trkpt>
			<trkpt lat="30.223398" lon="120.087804">
				<speed>0.979223</speed>
				<ele>337.000000</ele>
				<time>2025-11-29T02:28:29Z</time>
			</trkpt>
			<trkpt lat="30.223318" lon="120.087862">
				<speed>0.814769</speed>
				<ele>337.000000</ele>
				<time>2025-11-29T02:28:39Z</time>
			</trkpt>
			<trkpt lat="30.223235" lon="120.087920">
				<speed>1.113358</speed>
				<ele>338.000000</ele>
				<time>2025-11-29T02:28:46Z</time>
			</trkpt>
			<trkpt lat="30.223174" lon="120.087999">
				<speed>0.658535</speed>
				<ele>339.000000</ele>
				<time>2025-11-29T02:28:55Z</time>
			</trkpt>
			<trkpt lat="30.223083" lon="120.088030">
				<speed>0.448169</speed>
				<ele>340.000000</ele>
				<time>2025-11-29T02:29:10Z</time>
			</trkpt>
			<trkpt lat="30.223010" lon="120.087964">
				<speed>0.986672</speed>
				<ele>341.000000</ele>
				<time>2025-11-29T02:29:21Z</time>
			</trkpt>
			<trkpt lat="30.222930" lon="120.087912">
				<speed>0.455854</speed>
				<ele>346.000000</ele>
				<time>2025-11-29T02:29:32Z</time>
			</trkpt>
			<trkpt lat="30.222866" lon="120.087839">
				<speed>0.732821</speed>
				<ele>349.000000</ele>
				<time>2025-11-29T02:29:42Z</time>
			</trkpt>
			<trkpt lat="30.222768" lon="120.087816">
				<speed>0.933970</speed>
				<ele>353.000000</ele>
				<time>2025-11-29T02:29:54Z</time>
			</trkpt>
			<trkpt lat="30.222701" lon="120.087740">
				<speed>0.551268</speed>
				<ele>356.000000</ele>
				<time>2025-11-29T02:30:04Z</time>
			</trkpt>
			<trkpt lat="30.222603" lon="120.087694">
				<speed>0.827415</speed>
				<ele>357.000000</ele>
				<time>2025-11-29T02:30:20Z</time>
			</trkpt>
			<trkpt lat="30.222508" lon="120.087672">
				<speed>0.959164</speed>
				<ele>359.000000</ele>
				<time>2025-11-29T02:30:31Z</time>
			</trkpt>
			<trkpt lat="30.222419" lon="120.087694">
				<speed>0.620567</speed>
				<ele>363.000000</ele>
				<time>2025-11-29T02:30:42Z</time>
			</trkpt>
			<trkpt lat="30.222331" lon="120.087718">
				<speed>0.582049</speed>
				<ele>370.000000</ele>
				<time>2025-11-29T02:30:53Z</time>
			</trkpt>
			<trkpt lat="30.222242" lon="120.087737">
				<speed>0.472500</speed>
				<ele>374.000000</ele>
				<time>2025-11-29T02:31:11Z</time>
			</trkpt>
			<trkpt lat="30.222150" lon="120.087770">
				<speed>0.569263</speed>
				<ele>380.000000</ele>
				<time>2025-11-29T02:31:35Z</time>
			</trkpt>
			<trkpt lat="30.222058" lon="120.087771">
				<speed>0.093958</speed>
				<ele>382.000000</ele>
				<time>2025-11-29T02:31:55Z</time>
			</trkpt>
			<trkpt lat="30.221963" lon="120.087754">
				<speed>0.353683</speed>
				<ele>390.000000</ele>
				<time>2025-11-29T02:32:23Z</time>
			</trkpt>
			<trkpt lat="30.221873" lon="120.087724">
				<speed>0.222307</speed>
				<ele>391.000000</ele>
				<time>2025-11-29T02:32:45Z</time>
			</trkpt>
			<trkpt lat="30.221784" lon="120.087700">
				<speed>0.544951</speed>
				<ele>395.000000</ele>
				<time>2025-11-29T02:33:07Z</time>
			</trkpt>
			<trkpt lat="30.221694" lon="120.087708">
				<speed>0.533286</speed>
				<ele>399.000000</ele>
				<time>2025-11-29T02:33:24Z</time>
			</trkpt>
			<trkpt lat="30.221617" lon="120.087652">
				<speed>0.084763</speed>
				<ele>402.000000</ele>
				<time>2025-11-29T02:33:44Z</time>
			</trkpt>
			<trkpt lat="30.221525" lon="120.087671">
				<speed>0.661488</speed>
				<ele>405.000000</ele>
				<time>2025-11-29T02:34:00Z</time>
			</trkpt>
			<trkpt lat="30.221425" lon="120.087664">
				<speed>0.649025</speed>
				<ele>408.000000</ele>
				<time>2025-11-29T02:34:12Z</time>
			</trkpt>
			<trkpt lat="30.221333" lon="120.087657">
				<speed>0.025203</speed>
				<ele>407.000000</ele>
				<time>2025-11-29T02:38:37Z</time>
			</trkpt>
			<trkpt lat="30.221336" lon="120.087770">
				<speed>0.590855</speed>
				<ele>406.000000</ele>
				<time>2025-11-29T02:39:00Z</time>
			</trkpt>
			<trkpt lat="30.221346" lon="120.087877">
				<speed>0.551272</speed>
				<ele>404.000000</ele>
				<time>2025-11-29T02:39:10Z</time>
			</trkpt>
			<trkpt lat="30.221295" lon="120.087967">
				<speed>0.792763</speed>
				<ele>404.000000</ele>
				<time>2025-11-29T02:39:21Z</time>
			</trkpt>
			<trkpt lat="30.221270" lon="120.088074">
				<speed>0.716504</speed>
				<ele>402.000000</ele>
				<time>2025-11-29T02:39:30Z</time>
			</trkpt>
			<trkpt lat="30.221225" lon="120.088177">
				<speed>0.805337</speed>
				<ele>400.000000</ele>
				<time>2025-11-29T02:39:40Z</time>
			</trkpt>
			<trkpt lat="30.221178" lon="120.088269">
				<speed>0.940876</speed>
				<ele>402.000000</ele>
				<time>2025-11-29T02:39:48Z</time>
			</trkpt>
			<trkpt lat="30.221122" lon="120.088354">
				<speed>1.190771</speed>
				<ele>403.000000</ele>
				<time>2025-11-29T02:39:56Z</time>
			</trkpt>
			<trkpt lat="30.221063" lon="120.088434">
				<speed>0.806091</speed>
				<ele>403.000000</ele>
				<time>2025-11-29T02:40:05Z</time>
			</trkpt>
			<trkpt lat="30.221031" lon="120.088543">
				<speed>0.946910</speed>
				<ele>403.000000</ele>
				<time>2025-11-29T02:40:14Z</time>
			</trkpt>
			<trkpt lat="30.220992" lon="120.088640">
				<speed>0.925385</speed>
				<ele>404.000000</ele>
				<time>2025-11-29T02:40:21Z</time>
			</trkpt>
			<trkpt lat="30.220979" lon="120.088744">
				<speed>1.288513</speed>
				<ele>403.000000</ele>
				<time>2025-11-29T02:40:28Z</time>
			</trkpt>
			<trkpt lat="30.220963" lon="120.088847">
				<speed>0.988471</speed>
				<ele>401.000000</ele>
				<time>2025-11-29T02:40:35Z</time>
			</trkpt>
			<trkpt lat="30.220945" lon="120.088953">
				<speed>0.868949</speed>
				<ele>401.000000</ele>
				<time>2025-11-29T02:40:43Z</time>
			</trkpt>
			<trkpt lat="30.220935" lon="120.089057">
				<speed>0.573701</speed>
				<ele>397.000000</ele>
				<time>2025-11-29T02:40:53Z</time>
			</trkpt>
			<trkpt lat="30.220902" lon="120.089159">
				<speed>0.494910</speed>
				<ele>394.000000</ele>
				<time>2025-11-29T02:41:09Z</time>
			</trkpt>
			<trkpt lat="30.220850" lon="120.089259">
				<speed>0.567435</speed>
				<ele>391.000000</ele>
				<time>2025-11-29T02:41:21Z</time>
			</trkpt>
			<trkpt lat="30.220815" lon="120.089358">
				<speed>0.599307</speed>
				<ele>391.000000</ele>
				<time>2025-11-29T02:41:33Z</time>
			</trkpt>
			<trkpt lat="30.220766" lon="120.089451">
				<speed>0.845941</speed>
				<ele>382.000000</ele>
				<time>2025-11-29T02:41:44Z</time>
			</trkpt>
			<trkpt lat="30.220675" lon="120.089498">
				<speed>0.680531</speed>
				<ele>379.000000</ele>
				<time>2025-11-29T02:41:54Z</time>
			</trkpt>
			<trkpt lat="30.220614" lon="120.089583">
				<speed>0.604913</speed>
				<ele>378.000000</ele>
				<time>2025-11-29T02:42:04Z</time>
			</trkpt>
			<trkpt lat="30.220539" lon="120.089644">
				<speed>0.387802</speed>
				<ele>377.000000</ele>
				<time>2025-11-29T02:42:13Z</time>
			</trkpt>
			<trkpt lat="30.220473" lon="120.089715">
				<speed>0.734970</speed>
				<ele>376.000000</ele>
				<time>2025-11-29T02:42:23Z</time>
			</trkpt>
			<trkpt lat="30.220411" lon="120.089791">
				<speed>0.713053</speed>
				<ele>374.000000</ele>
				<time>2025-11-29T02:42:34Z</time>
			</trkpt>
			<trkpt lat="30.220382" lon="120.089899">
				<speed>0.326370</speed>
				<ele>372.000000</ele>
				<time>2025-11-29T02:42:49Z</time>
			</trkpt>
			<trkpt lat="30.220374" lon="120.090006">
				<speed>0.585458</speed>
				<ele>371.000000</ele>
				<time>2025-11-29T02:42:57Z</time>
			</trkpt>
			<trkpt lat="30.220359" lon="120.090108">
				<speed>0.410806</speed>
				<ele>368.000000</ele>
				<time>2025-11-29T02:43:09Z</time>
			</trkpt>
			<trkpt lat="30.220321" lon="120.090209">
				<speed>0.678254</speed>
				<ele>367.000000</ele>
				<time>2025-11-29T02:43:16Z</time>
			</trkpt>
			<trkpt lat="30.220283" lon="120.090316">
				<speed>0.864074</speed>
				<ele>365.000000</ele>
				<time>2025-11-29T02:43:28Z</time>
			</trkpt>
			<trkpt lat="30.220262" lon="120.090417">
				<speed>0.589741</speed>
				<ele>364.000000</ele>
				<time>2025-11-29T02:43:36Z</time>
			</trkpt>
			<trkpt lat="30.220233" lon="120.090521">
				<speed>0.687526</speed>
				<ele>359.000000</ele>
				<time>2025-11-29T02:43:45Z</time>
			</trkpt>
			<trkpt lat="30.220165" lon="120.090595">
				<speed>1.066895</speed>
				<ele>351.000000</ele>
				<time>2025-11-29T02:44:05Z</time>
			</trkpt>
			<trkpt lat="30.220089" lon="120.090653">
				<speed>0.307805</speed>
				<ele>350.000000</ele>
				<time>2025-11-29T02:44:23Z</time>
			</trkpt>
			<trkpt lat="30.220023" lon="120.090726">
				<speed>0.233751</speed>
				<ele>346.000000</ele>
				<time>2025-11-29T02:44:41Z</time>
			</trkpt>
			<trkpt lat="30.220003" lon="120.090829">
				<speed>0.595759</speed>
				<ele>339.000000</ele>
				<time>2025-11-29T02:44:56Z</time>
			</trkpt>
			<trkpt lat="30.219931" lon="120.090894">
				<speed>0.352925</speed>
				<ele>331.000000</ele>
				<time>2025-11-29T02:45:17Z</time>
			</trkpt>
			<trkpt lat="30.219848" lon="120.090936">
				<speed>0.107839</speed>
				<ele>326.000000</ele>
				<time>2025-11-29T02:45:56Z</time>
			</trkpt>
			<trkpt lat="30.219808" lon="120.091034">
				<speed>0.661641</speed>
				<ele>321.000000</ele>
				<time>2025-11-29T02:46:14Z</time>
			</trkpt>
			<trkpt lat="30.219755" lon="120.091122">
				<speed>0.576691</speed>
				<ele>318.000000</ele>
				<time>2025-11-29T02:46:26Z</time>
			</trkpt>
			<trkpt lat="30.219675" lon="120.091172">
				<speed>0.261402</speed>
				<ele>313.000000</ele>
				<time>2025-11-29T02:46:47Z</time>
			</trkpt>
			<trkpt lat="30.219688" lon="120.091279">
				<speed>0.519244</speed>
				<ele>310.000000</ele>
				<time>2025-11-29T02:47:00Z</time>
			</trkpt>
			<trkpt lat="30.219713" lon="120.091381">
				<speed>0.896620</speed>
				<ele>305.000000</ele>
				<time>2025-11-29T02:47:18Z</time>
			</trkpt>
			<trkpt lat="30.219701" lon="120.091485">
				<speed>0.376933</speed>
				<ele>301.000000</ele>
				<time>2025-11-29T02:47:31Z</time>
			</trkpt>
			<trkpt lat="30.219666" lon="120.091584">
				<speed>0.494367</speed>
				<ele>299.000000</ele>
				<time>2025-11-29T02:47:45Z</time>
			</trkpt>
			<trkpt lat="30.219674" lon="120.091705">
				<speed>0.950900</speed>
				<ele>295.000000</ele>
				<time>2025-11-29T02:47:57Z</time>
			</trkpt>
			<trkpt lat="30.219601" lon="120.091782">
				<speed>0.573965</speed>
				<ele>293.000000</ele>
				<time>2025-11-29T02:48:08Z</time>
			</trkpt>
			<trkpt lat="30.219516" lon="120.091820">
				<speed>1.102478</speed>
				<ele>291.000000</ele>
				<time>2025-11-29T02:48:17Z</time>
			</trkpt>
			<trkpt lat="30.219440" lon="120.091898">
				<speed>0.984408</speed>
				<ele>289.000000</ele>
				<time>2025-11-29T02:48:27Z</time>
			</trkpt>
			<trkpt lat="30.219356" lon="120.091967">
				<speed>0.877947</speed>
				<ele>286.000000</ele>
				<time>2025-11-29T02:48:37Z</time>
			</trkpt>
			<trkpt lat="30.219265" lon="120.091964">
				<speed>1.254275</speed>
				<ele>285.000000</ele>
				<time>2025-11-29T02:48:46Z</time>
			</trkpt>
			<trkpt lat="30.219175" lon="120.092009">
				<speed>1.637805</speed>
				<ele>286.000000</ele>
				<time>2025-11-29T02:48:53Z</time>
			</trkpt>
			<trkpt lat="30.219081" lon="120.092048">
				<speed>0.967375</speed>
				<ele>285.000000</ele>
				<time>2025-11-29T02:49:01Z</time>
			</trkpt>
			<trkpt lat="30.218993" lon="120.092078">
				<speed>1.016618</speed>
				<ele>287.000000</ele>
				<time>2025-11-29T02:49:10Z</time>
			</trkpt>
			<trkpt lat="30.218907" lon="120.092121">
				<speed>0.650642</speed>
				<ele>290.000000</ele>
				<time>2025-11-29T02:49:21Z</time>
			</trkpt>
			<trkpt lat="30.218846" lon="120.092210">
				<speed>0.984733</speed>
				<ele>291.000000</ele>
				<time>2025-11-29T02:49:32Z</time>
			</trkpt>
			<trkpt lat="30.218753" lon="120.092246">
				<speed>1.010118</speed>
				<ele>292.000000</ele>
				<time>2025-11-29T02:49:43Z</time>
			</trkpt>
			<trkpt lat="30.218654" lon="120.092270">
				<speed>1.279989</speed>
				<ele>293.000000</ele>
				<time>2025-11-29T02:49:51Z</time>
			</trkpt>
			<trkpt lat="30.218559" lon="120.092294">
				<speed>1.111867</speed>
				<ele>292.000000</ele>
				<time>2025-11-29T02:49:59Z</time>
			</trkpt>
			<trkpt lat="30.218472" lon="120.092340">
				<speed>1.545480</speed>
				<ele>291.000000</ele>
				<time>2025-11-29T02:50:06Z</time>
			</trkpt>
			<trkpt lat="30.218381" lon="120.092398">
				<speed>1.349843</speed>
				<ele>290.000000</ele>
				<time>2025-11-29T02:50:15Z</time>
			</trkpt>
			<trkpt lat="30.218317" lon="120.092476">
				<speed>1.110104</speed>
				<ele>289.000000</ele>
				<time>2025-11-29T02:50:22Z</time>
			</trkpt>
			<trkpt lat="30.218248" lon="120.092558">
				<speed>1.306264</speed>
				<ele>288.000000</ele>
				<time>2025-11-29T02:50:30Z</time>
			</trkpt>
			<trkpt lat="30.218174" lon="120.092635">
				<speed>1.205421</speed>
				<ele>289.000000</ele>
				<time>2025-11-29T02:51:02Z</time>
			</trkpt>
			<trkpt lat="30.218087" lon="120.092685">
				<speed>1.037813</speed>
				<ele>291.000000</ele>
				<time>2025-11-29T02:51:11Z</time>
			</trkpt>
			<trkpt lat="30.217997" lon="120.092708">
				<speed>0.826656</speed>
				<ele>291.000000</ele>
				<time>2025-11-29T02:51:20Z</time>
			</trkpt>
			<trkpt lat="30.217902" lon="120.092728">
				<speed>0.911579</speed>
				<ele>295.000000</ele>
				<time>2025-11-29T02:51:28Z</time>
			</trkpt>
			<trkpt lat="30.217799" lon="120.092742">
				<speed>0.986463</speed>
				<ele>298.000000</ele>
				<time>2025-11-29T02:51:37Z</time>
			</trkpt>
			<trkpt lat="30.217724" lon="120.092803">
				<speed>0.879514</speed>
				<ele>298.000000</ele>
				<time>2025-11-29T02:51:47Z</time>
			</trkpt>
			<trkpt lat="30.217640" lon="120.092851">
				<speed>1.079549</speed>
				<ele>298.000000</ele>
				<time>2025-11-29T02:51:55Z</time>
			</trkpt>
			<trkpt lat="30.217541" lon="120.092881">
				<speed>1.025411</speed>
				<ele>296.000000</ele>
				<time>2025-11-29T02:52:03Z</time>
			</trkpt>
			<trkpt lat="30.217443" lon="120.092895">
				<speed>1.128613</speed>
				<ele>296.000000</ele>
				<time>2025-11-29T02:52:12Z</time>
			</trkpt>
			<trkpt lat="30.217338" lon="120.092900">
				<speed>1.471441</speed>
				<ele>297.000000</ele>
				<time>2025-11-29T02:52:21Z</time>
			</trkpt>
			<trkpt lat="30.217238" lon="120.092907">
				<speed>1.241092</speed>
				<ele>301.000000</ele>
				<time>2025-11-29T02:52:30Z</time>
			</trkpt>
			<trkpt lat="30.217146" lon="120.092915">
				<speed>0.677245</speed>
				<ele>305.000000</ele>
				<time>2025-11-29T02:52:41Z</time>
			</trkpt>
			<trkpt lat="30.217048" lon="120.092913">
				<speed>0.628370</speed>
				<ele>310.000000</ele>
				<time>2025-11-29T02:52:56Z</time>
			</trkpt>
			<trkpt lat="30.216958" lon="120.092924">
				<speed>0.575125</speed>
				<ele>312.000000</ele>
				<time>2025-11-29T02:53:07Z</time>
			</trkpt>
			<trkpt lat="30.216866" lon="120.092937">
				<speed>0.450484</speed>
				<ele>315.000000</ele>
				<time>2025-11-29T02:53:21Z</time>
			</trkpt>
			<trkpt lat="30.216822" lon="120.093041">
				<speed>0.652402</speed>
				<ele>317.000000</ele>
				<time>2025-11-29T02:53:38Z</time>
			</trkpt>
			<trkpt lat="30.216746" lon="120.093113">
				<speed>0.437196</speed>
				<ele>319.000000</ele>
				<time>2025-11-29T02:53:54Z</time>
			</trkpt>
			<trkpt lat="30.216665" lon="120.093167">
				<speed>1.114998</speed>
				<ele>320.000000</ele>
				<time>2025-11-29T02:54:21Z</time>
			</trkpt>
			<trkpt lat="30.216573" lon="120.093185">
				<speed>0.823896</speed>
				<ele>322.000000</ele>
				<time>2025-11-29T02:54:36Z</time>
			</trkpt>
			<trkpt lat="30.216491" lon="120.093230">
				<speed>0.684030</speed>
				<ele>326.000000</ele>
				<time>2025-11-29T02:54:52Z</time>
			</trkpt>
			<trkpt lat="30.216418" lon="120.093293">
				<speed>1.135884</speed>
				<ele>327.000000</ele>
				<time>2025-11-29T02:55:04Z</time>
			</trkpt>
			<trkpt lat="30.216333" lon="120.093333">
				<speed>1.515441</speed>
				<ele>328.000000</ele>
				<time>2025-11-29T02:55:11Z</time>
			</trkpt>
			<trkpt lat="30.216268" lon="120.093417">
				<speed>0.980510</speed>
				<ele>330.000000</ele>
				<time>2025-11-29T02:55:21Z</time>
			</trkpt>
			<trkpt lat="30.216244" lon="120.093519">
				<speed>1.197348</speed>
				<ele>329.000000</ele>
				<time>2025-11-29T02:55:29Z</time>
			</trkpt>
			<trkpt lat="30.216261" lon="120.093625">
				<speed>1.034485</speed>
				<ele>328.000000</ele>
				<time>2025-11-29T02:55:38Z</time>
			</trkpt>
			<trkpt lat="30.216275" lon="120.093734">
				<speed>1.147160</speed>
				<ele>326.000000</ele>
				<time>2025-11-29T02:55:47Z</time>
			</trkpt>
			<trkpt lat="30.216216" lon="120.093821">
				<speed>1.240570</speed>
				<ele>326.000000</ele>
				<time>2025-11-29T02:56:05Z</time>
			</trkpt>
			<trkpt lat="30.216126" lon="120.093848">
				<speed>1.099514</speed>
				<ele>327.000000</ele>
				<time>2025-11-29T02:56:14Z</time>
			</trkpt>
			<trkpt lat="30.216035" lon="120.093901">
				<speed>1.187158</speed>
				<ele>328.000000</ele>
				<time>2025-11-29T02:56:25Z</time>
			</trkpt>
			<trkpt lat="30.215951" lon="120.093947">
				<speed>1.003895</speed>
				<ele>329.000000</ele>
				<time>2025-11-29T02:56:34Z</time>
			</trkpt>
			<trkpt lat="30.215860" lon="120.093912">
				<speed>0.930183</speed>
				<ele>329.000000</ele>
				<time>2025-11-29T02:56:45Z</time>
			</trkpt>
			<trkpt lat="30.215776" lon="120.093859">
				<speed>0.614822</speed>
				<ele>328.000000</ele>
				<time>2025-11-29T02:56:59Z</time>
			</trkpt>
			<trkpt lat="30.215704" lon="120.093794">
				<speed>1.054537</speed>
				<ele>324.000000</ele>
				<time>2025-11-29T02:57:10Z</time>
			</trkpt>
			<trkpt lat="30.215663" lon="120.093696">
				<speed>1.371605</speed>
				<ele>322.000000</ele>
				<time>2025-11-29T02:57:17Z</time>
			</trkpt>
			<trkpt lat="30.215595" lon="120.093606">
				<speed>1.957061</speed>
				<ele>319.000000</ele>
				<time>2025-11-29T02:57:25Z</time>
			</trkpt>
			<trkpt lat="30.215521" lon="120.093526">
				<speed>1.679284</speed>
				<ele>316.000000</ele>
				<time>2025-11-29T02:57:32Z</time>
			</trkpt>
			<trkpt lat="30.215440" lon="120.093455">
				<speed>1.705315</speed>
				<ele>312.000000</ele>
				<time>2025-11-29T02:57:40Z</time>
			</trkpt>
			<trkpt lat="30.215349" lon="120.093402">
				<speed>1.697833</speed>
				<ele>312.000000</ele>
				<time>2025-11-29T02:57:48Z</time>
			</trkpt>
			<trkpt lat="30.215310" lon="120.093302">
				<speed>1.612129</speed>
				<ele>307.000000</ele>
				<time>2025-11-29T02:57:55Z</time>
			</trkpt>
			<trkpt lat="30.215227" lon="120.093232">
				<speed>1.894076</speed>
				<ele>308.000000</ele>
				<time>2025-11-29T02:58:02Z</time>
			</trkpt>
			<trkpt lat="30.215161" lon="120.093158">
				<speed>1.601165</speed>
				<ele>310.000000</ele>
				<time>2025-11-29T02:58:08Z</time>
			</trkpt>
			<trkpt lat="30.215145" lon="120.093051">
				<speed>0.960297</speed>
				<ele>308.000000</ele>
				<time>2025-11-29T02:58:17Z</time>
			</trkpt>
			<trkpt lat="30.215078" lon="120.092963">
				<speed>1.319765</speed>
				<ele>308.000000</ele>
				<time>2025-11-29T02:58:25Z</time>
			</trkpt>
			<trkpt lat="30.214996" lon="120.092917">
				<speed>1.082844</speed>
				<ele>306.000000</ele>
				<time>2025-11-29T02:58:32Z</time>
			</trkpt>
			<trkpt lat="30.214899" lon="120.092898">
				<speed>0.855111</speed>
				<ele>302.000000</ele>
				<time>2025-11-29T02:58:42Z</time>
			</trkpt>
			<trkpt lat="30.214827" lon="120.092836">
				<speed>1.379879</speed>
				<ele>300.000000</ele>
				<time>2025-11-29T02:58:50Z</time>
			</trkpt>
			<trkpt lat="30.214744" lon="120.092787">
				<speed>1.641511</speed>
				<ele>298.000000</ele>
				<time>2025-11-29T02:58:57Z</time>
			</trkpt>
			<trkpt lat="30.214649" lon="120.092800">
				<speed>1.664309</speed>
				<ele>298.000000</ele>
				<time>2025-11-29T02:59:04Z</time>
			</trkpt>
			<trkpt lat="30.214558" lon="120.092788">
				<speed>1.623675</speed>
				<ele>297.000000</ele>
				<time>2025-11-29T02:59:11Z</time>
			</trkpt>
			<trkpt lat="30.214499" lon="120.092704">
				<speed>1.599341</speed>
				<ele>295.000000</ele>
				<time>2025-11-29T02:59:22Z</time>
			</trkpt>
			<trkpt lat="30.214405" lon="120.092667">
				<speed>0.397441</speed>
				<ele>292.000000</ele>
				<time>2025-11-29T02:59:56Z</time>
			</trkpt>
			<trkpt lat="30.214310" lon="120.092661">
				<speed>0.204531</speed>
				<ele>291.000000</ele>
				<time>2025-11-29T03:00:04Z</time>
			</trkpt>
			<trkpt lat="30.214211" lon="120.092655">
				<speed>0.157800</speed>
				<ele>289.000000</ele>
				<time>2025-11-29T03:00:13Z</time>
			</trkpt>
			<trkpt lat="30.214115" lon="120.092665">
				<speed>0.256248</speed>
				<ele>287.000000</ele>
				<time>2025-11-29T03:00:22Z</time>
			</trkpt>
			<trkpt lat="30.214023" lon="120.092672">
				<speed>0.974930</speed>
				<ele>286.000000</ele>
				<time>2025-11-29T03:00:31Z</time>
			</trkpt>
			<trkpt lat="30.213917" lon="120.092665">
				<speed>2.038940</speed>
				<ele>285.000000</ele>
				<time>2025-11-29T03:00:39Z</time>
			</trkpt>
			<trkpt lat="30.213823" lon="120.092683">
				<speed>0.895773</speed>
				<ele>281.000000</ele>
				<time>2025-11-29T03:00:51Z</time>
			</trkpt>
			<trkpt lat="30.213728" lon="120.092694">
				<speed>1.093992</speed>
				<ele>278.000000</ele>
				<time>2025-11-29T03:01:01Z</time>
			</trkpt>
			<trkpt lat="30.213636" lon="120.092701">
				<speed>1.008720</speed>
				<ele>274.000000</ele>
				<time>2025-11-29T03:01:10Z</time>
			</trkpt>
			<trkpt lat="30.213541" lon="120.092681">
				<speed>0.358927</speed>
				<ele>271.000000</ele>
				<time>2025-11-29T03:01:22Z</time>
			</trkpt>
			<trkpt lat="30.213443" lon="120.092669">
				<speed>0.717656</speed>
				<ele>268.000000</ele>
				<time>2025-11-29T03:01:32Z</time>
			</trkpt>
			<trkpt lat="30.213351" lon="120.092665">
				<speed>0.533682</speed>
				<ele>264.000000</ele>
				<time>2025-11-29T03:01:43Z</time>
			</trkpt>
			<trkpt lat="30.213258" lon="120.092676">
				<speed>1.054759</speed>
				<ele>262.000000</ele>
				<time>2025-11-29T03:01:53Z</time>
			</trkpt>
			<trkpt lat="30.213158" lon="120.092667">
				<speed>1.623150</speed>
				<ele>258.000000</ele>
				<time>2025-11-29T03:02:03Z</time>
			</trkpt>
			<trkpt lat="30.213066" lon="120.092641">
				<speed>1.714435</speed>
				<ele>256.000000</ele>
				<time>2025-11-29T03:02:10Z</time>
			</trkpt>
			<trkpt lat="30.212974" lon="120.092647">
				<speed>1.701340</speed>
				<ele>253.000000</ele>
				<time>2025-11-29T03:02:18Z</time>
			</trkpt>
			<trkpt lat="30.212878" lon="120.092679">
				<speed>1.614363</speed>
				<ele>251.000000</ele>
				<time>2025-11-29T03:02:27Z</time>
			</trkpt>
			<trkpt lat="30.212790" lon="120.092730">
				<speed>1.756510</speed>
				<ele>250.000000</ele>
				<time>2025-11-29T03:02:34Z</time>
			</trkpt>
			<trkpt lat="30.212695" lon="120.092767">
				<speed>1.689469</speed>
				<ele>250.000000</ele>
				<time>2025-11-29T03:02:42Z</time>
			</trkpt>
			<trkpt lat="30.212604" lon="120.092819">
				<speed>1.726836</speed>
				<ele>249.000000</ele>
				<time>2025-11-29T03:02:50Z</time>
			</trkpt>
			<trkpt lat="30.212518" lon="120.092877">
				<speed>1.672259</speed>
				<ele>247.000000</ele>
				<time>2025-11-29T03:02:58Z</time>
			</trkpt>
			<trkpt lat="30.212438" lon="120.092935">
				<speed>1.682459</speed>
				<ele>247.000000</ele>
				<time>2025-11-29T03:03:05Z</time>
			</trkpt>
			<trkpt lat="30.212342" lon="120.092969">
				<speed>1.633108</speed>
				<ele>248.000000</ele>
				<time>2025-11-29T03:03:13Z</time>
			</trkpt>
			<trkpt lat="30.212249" lon="120.092975">
				<speed>1.387134</speed>
				<ele>248.000000</ele>
				<time>2025-11-29T03:03:21Z</time>
			</trkpt>
			<trkpt lat="30.212156" lon="120.092983">
				<speed>1.264167</speed>
				<ele>248.000000</ele>
				<time>2025-11-29T03:03:29Z</time>
			</trkpt>
			<trkpt lat="30.212058" lon="120.092992">
				<speed>0.883376</speed>
				<ele>247.000000</ele>
				<time>2025-11-29T03:03:38Z</time>
			</trkpt>
			<trkpt lat="30.211967" lon="120.092988">
				<speed>1.285800</speed>
				<ele>247.000000</ele>
				<time>2025-11-29T03:03:46Z</time>
			</trkpt>
			<trkpt lat="30.211877" lon="120.093011">
				<speed>1.324882</speed>
				<ele>244.000000</ele>
				<time>2025-11-29T03:03:55Z</time>
			</trkpt>
			<trkpt lat="30.211788" lon="120.093033">
				<speed>1.722053</speed>
				<ele>248.000000</ele>
				<time>2025-11-29T03:04:01Z</time>
			</trkpt>
			<trkpt lat="30.211704" lon="120.093075">
				<speed>1.704342</speed>
				<ele>250.000000</ele>
				<time>2025-11-29T03:04:08Z</time>
			</trkpt>
			<trkpt lat="30.211638" lon="120.093160">
				<speed>0.882195</speed>
				<ele>252.000000</ele>
				<time>2025-11-29T03:04:20Z</time>
			</trkpt>
			<trkpt lat="30.211559" lon="120.093212">
				<speed>0.850402</speed>
				<ele>254.000000</ele>
				<time>2025-11-29T03:04:29Z</time>
			</trkpt>
			<trkpt lat="30.211478" lon="120.093272">
				<speed>0.838115</speed>
				<ele>255.000000</ele>
				<time>2025-11-29T03:04:41Z</time>
			</trkpt>
			<trkpt lat="30.211453" lon="120.093374">
				<speed>1.122219</speed>
				<ele>257.000000</ele>
				<time>2025-11-29T03:04:48Z</time>
			</trkpt>
			<trkpt lat="30.211421" lon="120.093479">
				<speed>1.341483</speed>
				<ele>259.000000</ele>
				<time>2025-11-29T03:04:55Z</time>
			</trkpt>
			<trkpt lat="30.211391" lon="120.093578">
				<speed>1.152874</speed>
				<ele>259.000000</ele>
				<time>2025-11-29T03:05:03Z</time>
			</trkpt>
			<trkpt lat="30.211345" lon="120.093678">
				<speed>1.110263</speed>
				<ele>261.000000</ele>
				<time>2025-11-29T03:05:12Z</time>
			</trkpt>
			<trkpt lat="30.211284" lon="120.093755">
				<speed>1.029882</speed>
				<ele>259.000000</ele>
				<time>2025-11-29T03:05:19Z</time>
			</trkpt>
			<trkpt lat="30.211225" lon="120.093839">
				<speed>0.724889</speed>
				<ele>259.000000</ele>
				<time>2025-11-29T03:05:28Z</time>
			</trkpt>
			<trkpt lat="30.211162" lon="120.093926">
				<speed>1.561344</speed>
				<ele>262.000000</ele>
				<time>2025-11-29T03:05:35Z</time>
			</trkpt>
			<trkpt lat="30.211094" lon="120.094003">
				<speed>1.032084</speed>
				<ele>263.000000</ele>
				<time>2025-11-29T03:05:43Z</time>
			</trkpt>
			<trkpt lat="30.211019" lon="120.094076">
				<speed>1.095599</speed>
				<ele>263.000000</ele>
				<time>2025-11-29T03:05:51Z</time>
			</trkpt>
			<trkpt lat="30.210942" lon="120.094148">
				<speed>0.925292</speed>
				<ele>262.000000</ele>
				<time>2025-11-29T03:06:01Z</time>
			</trkpt>
			<trkpt lat="30.210891" lon="120.094242">
				<speed>1.590031</speed>
				<ele>261.000000</ele>
				<time>2025-11-29T03:06:08Z</time>
			</trkpt>
			<trkpt lat="30.210805" lon="120.094292">
				<speed>1.478775</speed>
				<ele>259.000000</ele>
				<time>2025-11-29T03:06:15Z</time>
			</trkpt>
			<trkpt lat="30.210716" lon="120.094341">
				<speed>1.491012</speed>
				<ele>261.000000</ele>
				<time>2025-11-29T03:06:23Z</time>
			</trkpt>
			<trkpt lat="30.210642" lon="120.094400">
				<speed>1.537292</speed>
				<ele>259.000000</ele>
				<time>2025-11-29T03:06:30Z</time>
			</trkpt>
			<trkpt lat="30.210576" lon="120.094488">
				<speed>1.226693</speed>
				<ele>262.000000</ele>
				<time>2025-11-29T03:06:40Z</time>
			</trkpt>
			<trkpt lat="30.210511" lon="120.094583">
				<speed>1.357183</speed>
				<ele>263.000000</ele>
				<time>2025-11-29T03:06:48Z</time>
			</trkpt>
			<trkpt lat="30.210443" lon="120.094656">
				<speed>1.547407</speed>
				<ele>264.000000</ele>
				<time>2025-11-29T03:06:54Z</time>
			</trkpt>
			<trkpt lat="30.210343" lon="120.094676">
				<speed>1.480145</speed>
				<ele>263.000000</ele>
				<time>2025-11-29T03:07:01Z</time>
			</trkpt>
			<trkpt lat="30.210251" lon="120.094696">
				<speed>0.914910</speed>
				<ele>263.000000</ele>
				<time>2025-11-29T03:07:09Z</time>
			</trkpt>
			<trkpt lat="30.210166" lon="120.094731">
				<speed>1.072454</speed>
				<ele>264.000000</ele>
				<time>2025-11-29T03:07:16Z</time>
			</trkpt>
			<trkpt lat="30.210093" lon="120.094802">
				<speed>0.938699</speed>
				<ele>264.000000</ele>
				<time>2025-11-29T03:07:25Z</time>
			</trkpt>
			<trkpt lat="30.210021" lon="120.094891">
				<speed>1.247409</speed>
				<ele>266.000000</ele>
				<time>2025-11-29T03:07:33Z</time>
			</trkpt>
			<trkpt lat="30.209952" lon="120.094970">
				<speed>1.165661</speed>
				<ele>266.000000</ele>
				<time>2025-11-29T03:07:41Z</time>
			</trkpt>
			<trkpt lat="30.209862" lon="120.095032">
				<speed>1.279029</speed>
				<ele>269.000000</ele>
				<time>2025-11-29T03:07:48Z</time>
			</trkpt>
			<trkpt lat="30.209795" lon="120.095103">
				<speed>1.041095</speed>
				<ele>268.000000</ele>
				<time>2025-11-29T03:07:56Z</time>
			</trkpt>
			<trkpt lat="30.209726" lon="120.095174">
				<speed>1.158868</speed>
				<ele>268.000000</ele>
				<time>2025-11-29T03:08:04Z</time>
			</trkpt>
			<trkpt lat="30.209634" lon="120.095213">
				<speed>0.906024</speed>
				<ele>268.000000</ele>
				<time>2025-11-29T03:08:12Z</time>
			</trkpt>
			<trkpt lat="30.209593" lon="120.095306">
				<speed>0.902435</speed>
				<ele>270.000000</ele>
				<time>2025-11-29T03:08:20Z</time>
			</trkpt>
			<trkpt lat="30.209537" lon="120.095394">
				<speed>0.998600</speed>
				<ele>271.000000</ele>
				<time>2025-11-29T03:08:30Z</time>
			</trkpt>
			<trkpt lat="30.209446" lon="120.095413">
				<speed>0.859959</speed>
				<ele>271.000000</ele>
				<time>2025-11-29T03:08:39Z</time>
			</trkpt>
			<trkpt lat="30.209367" lon="120.095463">
				<speed>0.890634</speed>
				<ele>273.000000</ele>
				<time>2025-11-29T03:08:47Z</time>
			</trkpt>
			<trkpt lat="30.209270" lon="120.095483">
				<speed>0.944994</speed>
				<ele>273.000000</ele>
				<time>2025-11-29T03:08:57Z</time>
			</trkpt>
			<trkpt lat="30.209181" lon="120.095454">
				<speed>0.936460</speed>
				<ele>272.000000</ele>
				<time>2025-11-29T03:09:05Z</time>
			</trkpt>
			<trkpt lat="30.209082" lon="120.095427">
				<speed>1.392471</speed>
				<ele>273.000000</ele>
				<time>2025-11-29T03:09:14Z</time>
			</trkpt>
			<trkpt lat="30.208993" lon="120.095397">
				<speed>0.763502</speed>
				<ele>273.000000</ele>
				<time>2025-11-29T03:09:23Z</time>
			</trkpt>
			<trkpt lat="30.208912" lon="120.095331">
				<speed>1.320281</speed>
				<ele>274.000000</ele>
				<time>2025-11-29T03:09:30Z</time>
			</trkpt>
			<trkpt lat="30.208854" lon="120.095236">
				<speed>0.967802</speed>
				<ele>273.000000</ele>
				<time>2025-11-29T03:09:38Z</time>
			</trkpt>
			<trkpt lat="30.208793" lon="120.095151">
				<speed>0.863166</speed>
				<ele>275.000000</ele>
				<time>2025-11-29T03:09:46Z</time>
			</trkpt>
			<trkpt lat="30.208702" lon="120.095102">
				<speed>0.824150</speed>
				<ele>274.000000</ele>
				<time>2025-11-29T03:09:55Z</time>
			</trkpt>
			<trkpt lat="30.208602" lon="120.095088">
				<speed>1.043521</speed>
				<ele>274.000000</ele>
				<time>2025-11-29T03:10:03Z</time>
			</trkpt>
			<trkpt lat="30.208512" lon="120.095061">
				<speed>0.713412</speed>
				<ele>278.000000</ele>
				<time>2025-11-29T03:10:12Z</time>
			</trkpt>
			<trkpt lat="30.208417" lon="120.095056">
				<speed>0.676888</speed>
				<ele>281.000000</ele>
				<time>2025-11-29T03:10:20Z</time>
			</trkpt>
			<trkpt lat="30.208322" lon="120.095036">
				<speed>0.806540</speed>
				<ele>284.000000</ele>
				<time>2025-11-29T03:10:28Z</time>
			</trkpt>
			<trkpt lat="30.208248" lon="120.094969">
				<speed>0.425499</speed>
				<ele>288.000000</ele>
				<time>2025-11-29T03:10:40Z</time>
			</trkpt>
			<trkpt lat="30.208175" lon="120.094907">
				<speed>0.388689</speed>
				<ele>288.000000</ele>
				<time>2025-11-29T03:10:50Z</time>
			</trkpt>
			<trkpt lat="30.208154" lon="120.094803">
				<speed>0.481225</speed>
				<ele>286.000000</ele>
				<time>2025-11-29T03:11:02Z</time>
			</trkpt>
			<trkpt lat="30.208081" lon="120.094734">
				<speed>0.811234</speed>
				<ele>284.000000</ele>
				<time>2025-11-29T03:11:11Z</time>
			</trkpt>
			<trkpt lat="30.208101" lon="120.094621">
				<speed>1.033803</speed>
				<ele>284.000000</ele>
				<time>2025-11-29T03:11:20Z</time>
			</trkpt>
			<trkpt lat="30.208115" lon="120.094517">
				<speed>0.795929</speed>
				<ele>282.000000</ele>
				<time>2025-11-29T03:11:28Z</time>
			</trkpt>
			<trkpt lat="30.208038" lon="120.094446">
				<speed>0.747401</speed>
				<ele>279.000000</ele>
				<time>2025-11-29T03:11:37Z</time>
			</trkpt>
			<trkpt lat="30.208019" lon="120.094343">
				<speed>0.419162</speed>
				<ele>284.000000</ele>
				<time>2025-11-29T03:11:46Z</time>
			</trkpt>
			<trkpt lat="30.208023" lon="120.094230">
				<speed>0.622068</speed>
				<ele>285.000000</ele>
				<time>2025-11-29T03:11:55Z</time>
			</trkpt>
			<trkpt lat="30.208014" lon="120.094118">
				<speed>0.559175</speed>
				<ele>285.000000</ele>
				<time>2025-11-29T03:12:07Z</time>
			</trkpt>
			<trkpt lat="30.207947" lon="120.094045">
				<speed>0.678789</speed>
				<ele>283.000000</ele>
				<time>2025-11-29T03:12:15Z</time>
			</trkpt>
			<trkpt lat="30.207870" lon="120.093989">
				<speed>0.620081</speed>
				<ele>286.000000</ele>
				<time>2025-11-29T03:12:23Z</time>
			</trkpt>
			<trkpt lat="30.207777" lon="120.093970">
				<speed>0.647100</speed>
				<ele>288.000000</ele>
				<time>2025-11-29T03:12:32Z</time>
			</trkpt>
			<trkpt lat="30.207695" lon="120.094031">
				<speed>0.634426</speed>
				<ele>288.000000</ele>
				<time>2025-11-29T03:12:40Z</time>
			</trkpt>
			<trkpt lat="30.207608" lon="120.094071">
				<speed>0.977533</speed>
				<ele>290.000000</ele>
				<time>2025-11-29T03:12:46Z</time>
			</trkpt>
			<trkpt lat="30.207514" lon="120.094087">
				<speed>0.917631</speed>
				<ele>292.000000</ele>
				<time>2025-11-29T03:12:54Z</time>
			</trkpt>
			<trkpt lat="30.207437" lon="120.094150">
				<speed>0.849115</speed>
				<ele>294.000000</ele>
				<time>2025-11-29T03:13:03Z</time>
			</trkpt>
			<trkpt lat="30.207343" lon="120.094184">
				<speed>0.639100</speed>
				<ele>300.000000</ele>
				<time>2025-11-29T03:13:13Z</time>
			</trkpt>
			<trkpt lat="30.207243" lon="120.094189">
				<speed>0.992920</speed>
				<ele>303.000000</ele>
				<time>2025-11-29T03:13:22Z</time>
			</trkpt>
			<trkpt lat="30.207163" lon="120.094136">
				<speed>0.737063</speed>
				<ele>302.000000</ele>
				<time>2025-11-29T03:13:30Z</time>
			</trkpt>
			<trkpt lat="30.207072" lon="120.094139">
				<speed>0.630137</speed>
				<ele>302.000000</ele>
				<time>2025-11-29T03:13:40Z</time>
			</trkpt>
			<trkpt lat="30.206982" lon="120.094099">
				<speed>1.065806</speed>
				<ele>308.000000</ele>
				<time>2025-11-29T03:13:52Z</time>
			</trkpt>
			<trkpt lat="30.206910" lon="120.094035">
				<speed>0.718279</speed>
				<ele>305.000000</ele>
				<time>2025-11-29T03:14:01Z</time>
			</trkpt>
			<trkpt lat="30.206834" lon="120.093963">
				<speed>1.192723</speed>
				<ele>305.000000</ele>
				<time>2025-11-29T03:14:08Z</time>
			</trkpt>
			<trkpt lat="30.206757" lon="120.093893">
				<speed>0.798024</speed>
				<ele>308.000000</ele>
				<time>2025-11-29T03:14:19Z</time>
			</trkpt>
			<trkpt lat="30.206684" lon="120.093815">
				<speed>1.010059</speed>
				<ele>306.000000</ele>
				<time>2025-11-29T03:14:27Z</time>
			</trkpt>
			<trkpt lat="30.206597" lon="120.093784">
				<speed>1.048661</speed>
				<ele>308.000000</ele>
				<time>2025-11-29T03:14:36Z</time>
			</trkpt>
			<trkpt lat="30.206522" lon="120.093718">
				<speed>0.797405</speed>
				<ele>313.000000</ele>
				<time>2025-11-29T03:14:45Z</time>
			</trkpt>
			<trkpt lat="30.206459" lon="120.093621">
				<speed>1.039996</speed>
				<ele>314.000000</ele>
				<time>2025-11-29T03:14:55Z</time>
			</trkpt>
			<trkpt lat="30.206421" lon="120.093524">
				<speed>0.813087</speed>
				<ele>312.000000</ele>
				<time>2025-11-29T03:15:06Z</time>
			</trkpt>
			<trkpt lat="30.206385" lon="120.093423">
				<speed>1.140199</speed>
				<ele>310.000000</ele>
				<time>2025-11-29T03:15:12Z</time>
			</trkpt>
			<trkpt lat="30.206318" lon="120.093347">
				<speed>1.115465</speed>
				<ele>308.000000</ele>
				<time>2025-11-29T03:15:21Z</time>
			</trkpt>
			<trkpt lat="30.206240" lon="120.093272">
				<speed>0.802271</speed>
				<ele>308.000000</ele>
				<time>2025-11-29T03:15:31Z</time>
			</trkpt>
			<trkpt lat="30.206166" lon="120.093206">
				<speed>0.882877</speed>
				<ele>308.000000</ele>
				<time>2025-11-29T03:15:39Z</time>
			</trkpt>
			<trkpt lat="30.206078" lon="120.093160">
				<speed>0.969509</speed>
				<ele>308.000000</ele>
				<time>2025-11-29T03:15:47Z</time>
			</trkpt>
			<trkpt lat="30.205986" lon="120.093189">
				<speed>1.148403</speed>
				<ele>307.000000</ele>
				<time>2025-11-29T03:15:55Z</time>
			</trkpt>
			<trkpt lat="30.205920" lon="120.093279">
				<speed>1.067177</speed>
				<ele>309.000000</ele>
				<time>2025-11-29T03:16:03Z</time>
			</trkpt>
			<trkpt lat="30.205847" lon="120.093357">
				<speed>0.868394</speed>
				<ele>313.000000</ele>
				<time>2025-11-29T03:16:12Z</time>
			</trkpt>
			<trkpt lat="30.205784" lon="120.093434">
				<speed>0.584779</speed>
				<ele>316.000000</ele>
				<time>2025-11-29T03:16:21Z</time>
			</trkpt>
			<trkpt lat="30.205693" lon="120.093458">
				<speed>0.813402</speed>
				<ele>320.000000</ele>
				<time>2025-11-29T03:16:32Z</time>
			</trkpt>
			<trkpt lat="30.205591" lon="120.093448">
				<speed>1.050895</speed>
				<ele>320.000000</ele>
				<time>2025-11-29T03:16:41Z</time>
			</trkpt>
			<trkpt lat="30.205497" lon="120.093433">
				<speed>0.939596</speed>
				<ele>320.000000</ele>
				<time>2025-11-29T03:16:49Z</time>
			</trkpt>
			<trkpt lat="30.205396" lon="120.093446">
				<speed>1.011773</speed>
				<ele>321.000000</ele>
				<time>2025-11-29T03:16:56Z</time>
			</trkpt>
			<trkpt lat="30.205305" lon="120.093438">
				<speed>0.860700</speed>
				<ele>323.000000</ele>
				<time>2025-11-29T03:17:04Z</time>
			</trkpt>
			<trkpt lat="30.205211" lon="120.093437">
				<speed>0.985498</speed>
				<ele>324.000000</ele>
				<time>2025-11-29T03:17:13Z</time>
			</trkpt>
			<trkpt lat="30.205131" lon="120.093388">
				<speed>0.882950</speed>
				<ele>326.000000</ele>
				<time>2025-11-29T03:17:21Z</time>
			</trkpt>
			<trkpt lat="30.205030" lon="120.093371">
				<speed>0.673395</speed>
				<ele>328.000000</ele>
				<time>2025-11-29T03:17:31Z</time>
			</trkpt>
			<trkpt lat="30.204978" lon="120.093272">
				<speed>0.966893</speed>
				<ele>329.000000</ele>
				<time>2025-11-29T03:17:41Z</time>
			</trkpt>
			<trkpt lat="30.204901" lon="120.093213">
				<speed>0.780664</speed>
				<ele>327.000000</ele>
				<time>2025-11-29T03:17:49Z</time>
			</trkpt>
			<trkpt lat="30.204816" lon="120.093158">
				<speed>0.916253</speed>
				<ele>330.000000</ele>
				<time>2025-11-29T03:17:59Z</time>
			</trkpt>
			<trkpt lat="30.204749" lon="120.093076">
				<speed>1.291481</speed>
				<ele>333.000000</ele>
				<time>2025-11-29T03:18:07Z</time>
			</trkpt>
			<trkpt lat="30.204774" lon="120.092970">
				<speed>0.943819</speed>
				<ele>331.000000</ele>
				<time>2025-11-29T03:18:16Z</time>
			</trkpt>
			<trkpt lat="30.204746" lon="120.092864">
				<speed>0.570735</speed>
				<ele>327.000000</ele>
				<time>2025-11-29T03:18:25Z</time>
			</trkpt>
			<trkpt lat="30.204707" lon="120.092768">
				<speed>0.646221</speed>
				<ele>323.000000</ele>
				<time>2025-11-29T03:18:35Z</time>
			</trkpt>
			<trkpt lat="30.204635" lon="120.092683">
				<speed>1.339083</speed>
				<ele>323.000000</ele>
				<time>2025-11-29T03:18:42Z</time>
			</trkpt>
			<trkpt lat="30.204548" lon="120.092622">
				<speed>0.927201</speed>
				<ele>322.000000</ele>
				<time>2025-11-29T03:18:50Z</time>
			</trkpt>
			<trkpt lat="30.204458" lon="120.092603">
				<speed>1.083622</speed>
				<ele>324.000000</ele>
				<time>2025-11-29T03:18:56Z</time>
			</trkpt>
			<trkpt lat="30.204382" lon="120.092527">
				<speed>0.955162</speed>
				<ele>326.000000</ele>
				<time>2025-11-29T03:19:04Z</time>
			</trkpt>
			<trkpt lat="30.204289" lon="120.092489">
				<speed>0.915814</speed>
				<ele>327.000000</ele>
				<time>2025-11-29T03:19:12Z</time>
			</trkpt>
			<trkpt lat="30.204273" lon="120.092371">
				<speed>1.193092</speed>
				<ele>327.000000</ele>
				<time>2025-11-29T03:19:22Z</time>
			</trkpt>
			<trkpt lat="30.204187" lon="120.092335">
				<speed>0.866132</speed>
				<ele>323.000000</ele>
				<time>2025-11-29T03:19:30Z</time>
			</trkpt>
			<trkpt lat="30.204089" lon="120.092381">
				<speed>1.634894</speed>
				<ele>326.000000</ele>
				<time>2025-11-29T03:19:38Z</time>
			</trkpt>
			<trkpt lat="30.203997" lon="120.092360">
				<speed>0.829371</speed>
				<ele>329.000000</ele>
				<time>2025-11-29T03:19:46Z</time>
			</trkpt>
			<trkpt lat="30.203915" lon="120.092314">
				<speed>1.009735</speed>
				<ele>330.000000</ele>
				<time>2025-11-29T03:19:54Z</time>
			</trkpt>
			<trkpt lat="30.203830" lon="120.092276">
				<speed>1.027726</speed>
				<ele>329.000000</ele>
				<time>2025-11-29T03:20:03Z</time>
			</trkpt>
			<trkpt lat="30.203741" lon="120.092252">
				<speed>0.896904</speed>
				<ele>328.000000</ele>
				<time>2025-11-29T03:20:12Z</time>
			</trkpt>
			<trkpt lat="30.203646" lon="120.092215">
				<speed>0.900917</speed>
				<ele>327.000000</ele>
				<time>2025-11-29T03:20:20Z</time>
			</trkpt>
			<trkpt lat="30.203552" lon="120.092210">
				<speed>0.589552</speed>
				<ele>326.000000</ele>
				<time>2025-11-29T03:20:29Z</time>
			</trkpt>
			<trkpt lat="30.203471" lon="120.092263">
				<speed>0.840210</speed>
				<ele>327.000000</ele>
				<time>2025-11-29T03:20:37Z</time>
			</trkpt>
			<trkpt lat="30.203390" lon="120.092328">
				<speed>1.003635</speed>
				<ele>323.000000</ele>
				<time>2025-11-29T03:20:46Z</time>
			</trkpt>
			<trkpt lat="30.203328" lon="120.092419">
				<speed>1.538983</speed>
				<ele>324.000000</ele>
				<time>2025-11-29T03:20:54Z</time>
			</trkpt>
			<trkpt lat="30.203265" lon="120.092497">
				<speed>1.625019</speed>
				<ele>323.000000</ele>
				<time>2025-11-29T03:20:59Z</time>
			</trkpt>
			<trkpt lat="30.203193" lon="120.092567">
				<speed>1.192720</speed>
				<ele>322.000000</ele>
				<time>2025-11-29T03:21:07Z</time>
			</trkpt>
			<trkpt lat="30.203106" lon="120.092609">
				<speed>1.051278</speed>
				<ele>319.000000</ele>
				<time>2025-11-29T03:21:15Z</time>
			</trkpt>
			<trkpt lat="30.203009" lon="120.092595">
				<speed>1.036220</speed>
				<ele>319.000000</ele>
				<time>2025-11-29T03:21:22Z</time>
			</trkpt>
			<trkpt lat="30.202914" lon="120.092570">
				<speed>1.013345</speed>
				<ele>317.000000</ele>
				<time>2025-11-29T03:21:29Z</time>
			</trkpt>
			<trkpt lat="30.202829" lon="120.092607">
				<speed>1.028092</speed>
				<ele>317.000000</ele>
				<time>2025-11-29T03:21:36Z</time>
			</trkpt>
			<trkpt lat="30.202736" lon="120.092627">
				<speed>0.927521</speed>
				<ele>317.000000</ele>
				<time>2025-11-29T03:21:45Z</time>
			</trkpt>
			<trkpt lat="30.202645" lon="120.092610">
				<speed>0.965690</speed>
				<ele>318.000000</ele>
				<time>2025-11-29T03:21:53Z</time>
			</trkpt>
			<trkpt lat="30.202555" lon="120.092571">
				<speed>0.657344</speed>
				<ele>317.000000</ele>
				<time>2025-11-29T03:22:04Z</time>
			</trkpt>
			<trkpt lat="30.202478" lon="120.092514">
				<speed>0.769776</speed>
				<ele>318.000000</ele>
				<time>2025-11-29T03:22:14Z</time>
			</trkpt>
			<trkpt lat="30.202394" lon="120.092553">
				<speed>0.762697</speed>
				<ele>317.000000</ele>
				<time>2025-11-29T03:22:25Z</time>
			</trkpt>
			<trkpt lat="30.202316" lon="120.092607">
				<speed>0.393719</speed>
				<ele>315.000000</ele>
				<time>2025-11-29T03:22:34Z</time>
			</trkpt>
			<trkpt lat="30.202247" lon="120.092675">
				<speed>0.738619</speed>
				<ele>314.000000</ele>
				<time>2025-11-29T03:22:43Z</time>
			</trkpt>
			<trkpt lat="30.202168" lon="120.092754">
				<speed>1.415150</speed>
				<ele>315.000000</ele>
				<time>2025-11-29T03:22:50Z</time>
			</trkpt>
			<trkpt lat="30.202105" lon="120.092836">
				<speed>1.670212</speed>
				<ele>313.000000</ele>
				<time>2025-11-29T03:22:56Z</time>
			</trkpt>
			<trkpt lat="30.202034" lon="120.092911">
				<speed>1.639933</speed>
				<ele>314.000000</ele>
				<time>2025-11-29T03:23:03Z</time>
			</trkpt>
			<trkpt lat="30.201965" lon="120.092983">
				<speed>1.223312</speed>
				<ele>315.000000</ele>
				<time>2025-11-29T03:23:12Z</time>
			</trkpt>
			<trkpt lat="30.201896" lon="120.093072">
				<speed>0.898488</speed>
				<ele>316.000000</ele>
				<time>2025-11-29T03:23:22Z</time>
			</trkpt>
			<trkpt lat="30.201819" lon="120.093140">
				<speed>1.075805</speed>
				<ele>318.000000</ele>
				<time>2025-11-29T03:23:30Z</time>
			</trkpt>
			<trkpt lat="30.201756" lon="120.093231">
				<speed>0.979548</speed>
				<ele>319.000000</ele>
				<time>2025-11-29T03:23:38Z</time>
			</trkpt>
			<trkpt lat="30.201702" lon="120.093332">
				<speed>1.265694</speed>
				<ele>321.000000</ele>
				<time>2025-11-29T03:23:46Z</time>
			</trkpt>
			<trkpt lat="30.201620" lon="120.093389">
				<speed>0.734435</speed>
				<ele>322.000000</ele>
				<time>2025-11-29T03:23:54Z</time>
			</trkpt>
			<trkpt lat="30.201536" lon="120.093447">
				<speed>0.564624</speed>
				<ele>325.000000</ele>
				<time>2025-11-29T03:24:03Z</time>
			</trkpt>
			<trkpt lat="30.201489" lon="120.093548">
				<speed>0.766169</speed>
				<ele>326.000000</ele>
				<time>2025-11-29T03:24:11Z</time>
			</trkpt>
			<trkpt lat="30.201441" lon="120.093653">
				<speed>1.224180</speed>
				<ele>326.000000</ele>
				<time>2025-11-29T03:24:19Z</time>
			</trkpt>
			<trkpt lat="30.201384" lon="120.093734">
				<speed>1.228274</speed>
				<ele>325.000000</ele>
				<time>2025-11-29T03:24:26Z</time>
			</trkpt>
			<trkpt lat="30.201289" lon="120.093734">
				<speed>0.798167</speed>
				<ele>324.000000</ele>
				<time>2025-11-29T03:24:35Z</time>
			</trkpt>
			<trkpt lat="30.201218" lon="120.093671">
				<speed>0.562164</speed>
				<ele>324.000000</ele>
				<time>2025-11-29T03:24:44Z</time>
			</trkpt>
			<trkpt lat="30.201118" lon="120.093621">
				<speed>0.825215</speed>
				<ele>325.000000</ele>
				<time>2025-11-29T03:24:52Z</time>
			</trkpt>
			<trkpt lat="30.201026" lon="120.093589">
				<speed>0.856887</speed>
				<ele>324.000000</ele>
				<time>2025-11-29T03:25:02Z</time>
			</trkpt>
			<trkpt lat="30.200932" lon="120.093623">
				<speed>0.832719</speed>
				<ele>322.000000</ele>
				<time>2025-11-29T03:25:11Z</time>
			</trkpt>
			<trkpt lat="30.200841" lon="120.093654">
				<speed>0.842452</speed>
				<ele>321.000000</ele>
				<time>2025-11-29T03:25:20Z</time>
			</trkpt>
			<trkpt lat="30.200753" lon="120.093682">
				<speed>0.779980</speed>
				<ele>318.000000</ele>
				<time>2025-11-29T03:25:29Z</time>
			</trkpt>
			<trkpt lat="30.200666" lon="120.093718">
				<speed>0.944889</speed>
				<ele>317.000000</ele>
				<time>2025-11-29T03:25:38Z</time>
			</trkpt>
			<trkpt lat="30.200583" lon="120.093759">
				<speed>1.010003</speed>
				<ele>315.000000</ele>
				<time>2025-11-29T03:25:45Z</time>
			</trkpt>
			<trkpt lat="30.200483" lon="120.093787">
				<speed>1.187568</speed>
				<ele>313.000000</ele>
				<time>2025-11-29T03:25:53Z</time>
			</trkpt>
			<trkpt lat="30.200388" lon="120.093799">
				<speed>0.693944</speed>
				<ele>313.000000</ele>
				<time>2025-11-29T03:26:01Z</time>
			</trkpt>
			<trkpt lat="30.200292" lon="120.093853">
				<speed>1.638466</speed>
				<ele>312.000000</ele>
				<time>2025-11-29T03:26:08Z</time>
			</trkpt>
			<trkpt lat="30.200212" lon="120.093911">
				<speed>0.953736</speed>
				<ele>312.000000</ele>
				<time>2025-11-29T03:26:15Z</time>
			</trkpt>
			<trkpt lat="30.200118" lon="120.093945">
				<speed>1.569515</speed>
				<ele>312.000000</ele>
				<time>2025-11-29T03:26:22Z</time>
			</trkpt>
			<trkpt lat="30.200032" lon="120.093980">
				<speed>1.435830</speed>
				<ele>314.000000</ele>
				<time>2025-11-29T03:26:29Z</time>
			</trkpt>
			<trkpt lat="30.199957" lon="120.094046">
				<speed>1.562383</speed>
				<ele>315.000000</ele>
				<time>2025-11-29T03:26:36Z</time>
			</trkpt>
			<trkpt lat="30.199872" lon="120.094087">
				<speed>0.640926</speed>
				<ele>316.000000</ele>
				<time>2025-11-29T03:26:50Z</time>
			</trkpt>
			<trkpt lat="30.199782" lon="120.094122">
				<speed>0.555394</speed>
				<ele>319.000000</ele>
				<time>2025-11-29T03:27:05Z</time>
			</trkpt>
			<trkpt lat="30.199699" lon="120.094179">
				<speed>0.737760</speed>
				<ele>324.000000</ele>
				<time>2025-11-29T03:27:17Z</time>
			</trkpt>
			<trkpt lat="30.199610" lon="120.094225">
				<speed>0.618753</speed>
				<ele>325.000000</ele>
				<time>2025-11-29T03:27:32Z</time>
			</trkpt>
			<trkpt lat="30.199515" lon="120.094267">
				<speed>0.730239</speed>
				<ele>328.000000</ele>
				<time>2025-11-29T03:27:47Z</time>
			</trkpt>
			<trkpt lat="30.199444" lon="120.094336">
				<speed>0.973017</speed>
				<ele>329.000000</ele>
				<time>2025-11-29T03:27:57Z</time>
			</trkpt>
			<trkpt lat="30.199355" lon="120.094371">
				<speed>1.045704</speed>
				<ele>331.000000</ele>
				<time>2025-11-29T03:28:06Z</time>
			</trkpt>
			<trkpt lat="30.199262" lon="120.094375">
				<speed>0.880590</speed>
				<ele>333.000000</ele>
				<time>2025-11-29T03:28:14Z</time>
			</trkpt>
			<trkpt lat="30.199194" lon="120.094458">
				<speed>1.083321</speed>
				<ele>334.000000</ele>
				<time>2025-11-29T03:28:23Z</time>
			</trkpt>
			<trkpt lat="30.199148" lon="120.094555">
				<speed>0.693193</speed>
				<ele>336.000000</ele>
				<time>2025-11-29T03:28:33Z</time>
			</trkpt>
			<trkpt lat="30.199104" lon="120.094650">
				<speed>1.343836</speed>
				<ele>337.000000</ele>
				<time>2025-11-29T03:28:41Z</time>
			</trkpt>
			<trkpt lat="30.199035" lon="120.094717">
				<speed>0.748959</speed>
				<ele>337.000000</ele>
				<time>2025-11-29T03:28:51Z</time>
			</trkpt>
			<trkpt lat="30.198954" lon="120.094780">
				<speed>1.098697</speed>
				<ele>338.000000</ele>
				<time>2025-11-29T03:29:00Z</time>
			</trkpt>
			<trkpt lat="30.198869" lon="120.094841">
				<speed>1.145557</speed>
				<ele>339.000000</ele>
				<time>2025-11-29T03:29:08Z</time>
			</trkpt>
			<trkpt lat="30.198782" lon="120.094887">
				<speed>0.737241</speed>
				<ele>341.000000</ele>
				<time>2025-11-29T03:29:16Z</time>
			</trkpt>
			<trkpt lat="30.198692" lon="120.094917">
				<speed>1.026084</speed>
				<ele>341.000000</ele>
				<time>2025-11-29T03:29:24Z</time>
			</trkpt>
			<trkpt lat="30.198598" lon="120.094898">
				<speed>1.139556</speed>
				<ele>342.000000</ele>
				<time>2025-11-29T03:29:32Z</time>
			</trkpt>
			<trkpt lat="30.198508" lon="120.094865">
				<speed>0.874784</speed>
				<ele>342.000000</ele>
				<time>2025-11-29T03:29:40Z</time>
			</trkpt>
			<trkpt lat="30.198404" lon="120.094876">
				<speed>1.020078</speed>
				<ele>342.000000</ele>
				<time>2025-11-29T03:29:49Z</time>
			</trkpt>
			<trkpt lat="30.198308" lon="120.094873">
				<speed>0.625012</speed>
				<ele>342.000000</ele>
				<time>2025-11-29T03:29:58Z</time>
			</trkpt>
			<trkpt lat="30.198322" lon="120.094986">
				<speed>1.020672</speed>
				<ele>344.000000</ele>
				<time>2025-11-29T03:30:17Z</time>
			</trkpt>
			<trkpt lat="30.198390" lon="120.095067">
				<speed>0.028822</speed>
				<ele>348.000000</ele>
				<time>2025-11-29T03:35:39Z</time>
			</trkpt>
			<trkpt lat="30.198354" lon="120.094969">
				<speed>0.652648</speed>
				<ele>346.000000</ele>
				<time>2025-11-29T03:40:50Z</time>
			</trkpt>
			<trkpt lat="30.198290" lon="120.095109">
				<speed>1.111920</speed>
				<ele>347.000000</ele>
				<time>2025-11-29T03:41:25Z</time>
			</trkpt>
			<trkpt lat="30.198317" lon="120.094799">
				<speed>2.026885</speed>
				<ele>347.000000</ele>
				<time>2025-11-29T03:48:51Z</time>
			</trkpt>
			<trkpt lat="30.198424" lon="120.095074">
				<speed>0.030520</speed>
				<ele>347.000000</ele>
				<time>2025-11-29T03:54:10Z</time>
			</trkpt>
			<trkpt lat="30.198337" lon="120.095040">
				<speed>0.180097</speed>
				<ele>346.000000</ele>
				<time>2025-11-29T04:05:23Z</time>
			</trkpt>
			<trkpt lat="30.198281" lon="120.094948">
				<speed>0.330036</speed>
				<ele>344.000000</ele>
				<time>2025-11-29T04:05:34Z</time>
			</trkpt>
			<trkpt lat="30.198184" lon="120.094955">
				<speed>0.792780</speed>
				<ele>343.000000</ele>
				<time>2025-11-29T04:05:45Z</time>
			</trkpt>
			<trkpt lat="30.198084" lon="120.094939">
				<speed>0.867593</speed>
				<ele>343.000000</ele>
				<time>2025-11-29T04:05:54Z</time>
			</trkpt>
			<trkpt lat="30.197989" lon="120.094932">
				<speed>0.738043</speed>
				<ele>342.000000</ele>
				<time>2025-11-29T04:06:03Z</time>
			</trkpt>
			<trkpt lat="30.197897" lon="120.094928">
				<speed>1.001014</speed>
				<ele>342.000000</ele>
				<time>2025-11-29T04:06:12Z</time>
			</trkpt>
			<trkpt lat="30.197799" lon="120.094928">
				<speed>0.737185</speed>
				<ele>341.000000</ele>
				<time>2025-11-29T04:06:20Z</time>
			</trkpt>
			<trkpt lat="30.197742" lon="120.095010">
				<speed>0.877269</speed>
				<ele>342.000000</ele>
				<time>2025-11-29T04:06:29Z</time>
			</trkpt>
			<trkpt lat="30.197677" lon="120.095085">
				<speed>0.595500</speed>
				<ele>340.000000</ele>
				<time>2025-11-29T04:06:39Z</time>
			</trkpt>
			<trkpt lat="30.197633" lon="120.095182">
				<speed>0.720663</speed>
				<ele>343.000000</ele>
				<time>2025-11-29T04:06:48Z</time>
			</trkpt>
			<trkpt lat="30.197551" lon="120.095227">
				<speed>0.861676</speed>
				<ele>342.000000</ele>
				<time>2025-11-29T04:06:58Z</time>
			</trkpt>
			<trkpt lat="30.197525" lon="120.095334">
				<speed>0.585114</speed>
				<ele>341.000000</ele>
				<time>2025-11-29T04:07:07Z</time>
			</trkpt>
			<trkpt lat="30.197514" lon="120.095444">
				<speed>0.452471</speed>
				<ele>339.000000</ele>
				<time>2025-11-29T04:07:23Z</time>
			</trkpt>
			<trkpt lat="30.197515" lon="120.095549">
				<speed>0.326789</speed>
				<ele>339.000000</ele>
				<time>2025-11-29T04:07:40Z</time>
			</trkpt>
			<trkpt lat="30.197486" lon="120.095654">
				<speed>0.403275</speed>
				<ele>337.000000</ele>
				<time>2025-11-29T04:07:56Z</time>
			</trkpt>
			<trkpt lat="30.197461" lon="120.095756">
				<speed>0.554789</speed>
				<ele>332.000000</ele>
				<time>2025-11-29T04:08:16Z</time>
			</trkpt>
			<trkpt lat="30.197424" lon="120.095860">
				<speed>0.875480</speed>
				<ele>328.000000</ele>
				<time>2025-11-29T04:08:34Z</time>
			</trkpt>
			<trkpt lat="30.197424" lon="120.095975">
				<speed>1.297995</speed>
				<ele>326.000000</ele>
				<time>2025-11-29T04:08:43Z</time>
			</trkpt>
			<trkpt lat="30.197413" lon="120.096078">
				<speed>0.881747</speed>
				<ele>321.000000</ele>
				<time>2025-11-29T04:08:53Z</time>
			</trkpt>
			<trkpt lat="30.197404" lon="120.096188">
				<speed>0.960200</speed>
				<ele>320.000000</ele>
				<time>2025-11-29T04:09:03Z</time>
			</trkpt>
			<trkpt lat="30.197396" lon="120.096298">
				<speed>1.068919</speed>
				<ele>318.000000</ele>
				<time>2025-11-29T04:09:12Z</time>
			</trkpt>
			<trkpt lat="30.197413" lon="120.096405">
				<speed>0.843231</speed>
				<ele>313.000000</ele>
				<time>2025-11-29T04:09:22Z</time>
			</trkpt>
			<trkpt lat="30.197419" lon="120.096518">
				<speed>1.067722</speed>
				<ele>310.000000</ele>
				<time>2025-11-29T04:09:32Z</time>
			</trkpt>
			<trkpt lat="30.197415" lon="120.096627">
				<speed>0.820799</speed>
				<ele>307.000000</ele>
				<time>2025-11-29T04:09:41Z</time>
			</trkpt>
			<trkpt lat="30.197425" lon="120.096733">
				<speed>0.756683</speed>
				<ele>305.000000</ele>
				<time>2025-11-29T04:09:49Z</time>
			</trkpt>
			<trkpt lat="30.197424" lon="120.096840">
				<speed>0.918813</speed>
				<ele>303.000000</ele>
				<time>2025-11-29T04:09:57Z</time>
			</trkpt>
			<trkpt lat="30.197410" lon="120.096956">
				<speed>0.943232</speed>
				<ele>300.000000</ele>
				<time>2025-11-29T04:10:05Z</time>
			</trkpt>
			<trkpt lat="30.197395" lon="120.097068">
				<speed>0.720980</speed>
				<ele>298.000000</ele>
				<time>2025-11-29T04:10:14Z</time>
			</trkpt>
			<trkpt lat="30.197374" lon="120.097173">
				<speed>0.928504</speed>
				<ele>296.000000</ele>
				<time>2025-11-29T04:10:22Z</time>
			</trkpt>
			<trkpt lat="30.197358" lon="120.097279">
				<speed>1.378236</speed>
				<ele>294.000000</ele>
				<time>2025-11-29T04:10:30Z</time>
			</trkpt>
			<trkpt lat="30.197317" lon="120.097372">
				<speed>0.930406</speed>
				<ele>292.000000</ele>
				<time>2025-11-29T04:10:39Z</time>
			</trkpt>
			<trkpt lat="30.197320" lon="120.097485">
				<speed>1.449486</speed>
				<ele>290.000000</ele>
				<time>2025-11-29T04:10:46Z</time>
			</trkpt>
			<trkpt lat="30.197316" lon="120.097590">
				<speed>0.394793</speed>
				<ele>287.000000</ele>
				<time>2025-11-29T04:10:57Z</time>
			</trkpt>
			<trkpt lat="30.197258" lon="120.097671">
				<speed>0.314831</speed>
				<ele>284.000000</ele>
				<time>2025-11-29T04:11:15Z</time>
			</trkpt>
			<trkpt lat="30.197233" lon="120.097774">
				<speed>0.338641</speed>
				<ele>280.000000</ele>
				<time>2025-11-29T04:11:31Z</time>
			</trkpt>
			<trkpt lat="30.197223" lon="120.097880">
				<speed>0.526287</speed>
				<ele>277.000000</ele>
				<time>2025-11-29T04:11:46Z</time>
			</trkpt>
			<trkpt lat="30.197177" lon="120.097971">
				<speed>0.452444</speed>
				<ele>273.000000</ele>
				<time>2025-11-29T04:12:01Z</time>
			</trkpt>
			<trkpt lat="30.197133" lon="120.098077">
				<speed>0.914299</speed>
				<ele>269.000000</ele>
				<time>2025-11-29T04:12:09Z</time>
			</trkpt>
			<trkpt lat="30.197079" lon="120.098165">
				<speed>0.688022</speed>
				<ele>266.000000</ele>
				<time>2025-11-29T04:12:17Z</time>
			</trkpt>
			<trkpt lat="30.197035" lon="120.098263">
				<speed>0.670363</speed>
				<ele>263.000000</ele>
				<time>2025-11-29T04:12:25Z</time>
			</trkpt>
			<trkpt lat="30.197000" lon="120.098363">
				<speed>1.228112</speed>
				<ele>262.000000</ele>
				<time>2025-11-29T04:12:33Z</time>
			</trkpt>
			<trkpt lat="30.196968" lon="120.098475">
				<speed>1.191350</speed>
				<ele>261.000000</ele>
				<time>2025-11-29T04:12:42Z</time>
			</trkpt>
			<trkpt lat="30.196928" lon="120.098573">
				<speed>1.208866</speed>
				<ele>259.000000</ele>
				<time>2025-11-29T04:12:49Z</time>
			</trkpt>
			<trkpt lat="30.196860" lon="120.098648">
				<speed>1.035614</speed>
				<ele>256.000000</ele>
				<time>2025-11-29T04:13:00Z</time>
			</trkpt>
			<trkpt lat="30.196764" lon="120.098695">
				<speed>1.069789</speed>
				<ele>255.000000</ele>
				<time>2025-11-29T04:13:09Z</time>
			</trkpt>
			<trkpt lat="30.196703" lon="120.098777">
				<speed>1.248912</speed>
				<ele>255.000000</ele>
				<time>2025-11-29T04:13:15Z</time>
			</trkpt>
			<trkpt lat="30.196645" lon="120.098867">
				<speed>1.046997</speed>
				<ele>257.000000</ele>
				<time>2025-11-29T04:13:23Z</time>
			</trkpt>
			<trkpt lat="30.196620" lon="120.098982">
				<speed>1.228289</speed>
				<ele>255.000000</ele>
				<time>2025-11-29T04:13:33Z</time>
			</trkpt>
			<trkpt lat="30.196616" lon="120.099103">
				<speed>1.128869</speed>
				<ele>254.000000</ele>
				<time>2025-11-29T04:13:42Z</time>
			</trkpt>
			<trkpt lat="30.196607" lon="120.099223">
				<speed>1.026060</speed>
				<ele>250.000000</ele>
				<time>2025-11-29T04:13:51Z</time>
			</trkpt>
			<trkpt lat="30.196574" lon="120.099330">
				<speed>0.917206</speed>
				<ele>251.000000</ele>
				<time>2025-11-29T04:14:00Z</time>
			</trkpt>
			<trkpt lat="30.196534" lon="120.099440">
				<speed>0.999133</speed>
				<ele>249.000000</ele>
				<time>2025-11-29T04:14:09Z</time>
			</trkpt>
			<trkpt lat="30.196495" lon="120.099540">
				<speed>0.939302</speed>
				<ele>248.000000</ele>
				<time>2025-11-29T04:14:17Z</time>
			</trkpt>
			<trkpt lat="30.196469" lon="120.099640">
				<speed>0.640217</speed>
				<ele>246.000000</ele>
				<time>2025-11-29T04:14:26Z</time>
			</trkpt>
			<trkpt lat="30.196440" lon="120.099751">
				<speed>0.808371</speed>
				<ele>244.000000</ele>
				<time>2025-11-29T04:14:40Z</time>
			</trkpt>
			<trkpt lat="30.196357" lon="120.099800">
				<speed>0.556829</speed>
				<ele>240.000000</ele>
				<time>2025-11-29T04:14:54Z</time>
			</trkpt>
			<trkpt lat="30.196330" lon="120.099902">
				<speed>0.426523</speed>
				<ele>236.000000</ele>
				<time>2025-11-29T04:15:15Z</time>
			</trkpt>
			<trkpt lat="30.196270" lon="120.099983">
				<speed>0.267376</speed>
				<ele>231.000000</ele>
				<time>2025-11-29T04:15:36Z</time>
			</trkpt>
			<trkpt lat="30.196189" lon="120.100037">
				<speed>1.075824</speed>
				<ele>227.000000</ele>
				<time>2025-11-29T04:15:57Z</time>
			</trkpt>
			<trkpt lat="30.196245" lon="120.100125">
				<speed>0.783887</speed>
				<ele>222.000000</ele>
				<time>2025-11-29T04:16:10Z</time>
			</trkpt>
			<trkpt lat="30.196152" lon="120.100143">
				<speed>0.976728</speed>
				<ele>221.000000</ele>
				<time>2025-11-29T04:16:26Z</time>
			</trkpt>
			<trkpt lat="30.196059" lon="120.100137">
				<speed>0.515757</speed>
				<ele>216.000000</ele>
				<time>2025-11-29T04:16:37Z</time>
			</trkpt>
			<trkpt lat="30.196064" lon="120.100244">
				<speed>1.019140</speed>
				<ele>212.000000</ele>
				<time>2025-11-29T04:16:56Z</time>
			</trkpt>
			<trkpt lat="30.195975" lon="120.100289">
				<speed>0.633563</speed>
				<ele>209.000000</ele>
				<time>2025-11-29T04:17:11Z</time>
			</trkpt>
			<trkpt lat="30.195882" lon="120.100279">
				<speed>0.601953</speed>
				<ele>205.000000</ele>
				<time>2025-11-29T04:17:22Z</time>
			</trkpt>
			<trkpt lat="30.195842" lon="120.100381">
				<speed>0.675741</speed>
				<ele>200.000000</ele>
				<time>2025-11-29T04:17:38Z</time>
			</trkpt>
			<trkpt lat="30.195796" lon="120.100479">
				<speed>0.459777</speed>
				<ele>196.000000</ele>
				<time>2025-11-29T04:17:55Z</time>
			</trkpt>
			<trkpt lat="30.195734" lon="120.100566">
				<speed>0.689139</speed>
				<ele>192.000000</ele>
				<time>2025-11-29T04:18:12Z</time>
			</trkpt>
			<trkpt lat="30.195679" lon="120.100656">
				<speed>0.482616</speed>
				<ele>188.000000</ele>
				<time>2025-11-29T04:18:24Z</time>
			</trkpt>
			<trkpt lat="30.195759" lon="120.100706">
				<speed>1.021570</speed>
				<ele>185.000000</ele>
				<time>2025-11-29T04:18:53Z</time>
			</trkpt>
			<trkpt lat="30.195849" lon="120.100689">
				<speed>0.565851</speed>
				<ele>188.000000</ele>
				<time>2025-11-29T04:19:04Z</time>
			</trkpt>
			<trkpt lat="30.195942" lon="120.100673">
				<speed>0.733568</speed>
				<ele>190.000000</ele>
				<time>2025-11-29T04:19:22Z</time>
			</trkpt>
			<trkpt lat="30.196008" lon="120.100748">
				<speed>0.123163</speed>
				<ele>191.000000</ele>
				<time>2025-11-29T04:19:51Z</time>
			</trkpt>
			<trkpt lat="30.196096" lon="120.100718">
				<speed>1.051364</speed>
				<ele>196.000000</ele>
				<time>2025-11-29T04:20:01Z</time>
			</trkpt>
			<trkpt lat="30.196187" lon="120.100725">
				<speed>0.451992</speed>
				<ele>196.000000</ele>
				<time>2025-11-29T04:20:19Z</time>
			</trkpt>
			<trkpt lat="30.196275" lon="120.100761">
				<speed>0.233001</speed>
				<ele>197.000000</ele>
				<time>2025-11-29T04:20:49Z</time>
			</trkpt>
			<trkpt lat="30.196362" lon="120.100786">
				<speed>0.300128</speed>
				<ele>197.000000</ele>
				<time>2025-11-29T04:21:03Z</time>
			</trkpt>
			<trkpt lat="30.196453" lon="120.100832">
				<speed>0.421380</speed>
				<ele>201.000000</ele>
				<time>2025-11-29T04:21:38Z</time>
			</trkpt>
			<trkpt lat="30.196527" lon="120.100903">
				<speed>0.520008</speed>
				<ele>203.000000</ele>
				<time>2025-11-29T04:21:57Z</time>
			</trkpt>
			<trkpt lat="30.196600" lon="120.100970">
				<speed>0.341381</speed>
				<ele>202.000000</ele>
				<time>2025-11-29T04:22:16Z</time>
			</trkpt>
			<trkpt lat="30.196664" lon="120.101071">
				<speed>1.529376</speed>
				<ele>206.000000</ele>
				<time>2025-11-29T04:22:35Z</time>
			</trkpt>
			<trkpt lat="30.196660" lon="120.101179">
				<speed>0.639068</speed>
				<ele>204.000000</ele>
				<time>2025-11-29T04:22:49Z</time>
			</trkpt>
			<trkpt lat="30.196668" lon="120.101283">
				<speed>0.833677</speed>
				<ele>202.000000</ele>
				<time>2025-11-29T04:22:57Z</time>
			</trkpt>
			<trkpt lat="30.196660" lon="120.101388">
				<speed>1.004551</speed>
				<ele>201.000000</ele>
				<time>2025-11-29T04:23:05Z</time>
			</trkpt>
			<trkpt lat="30.196661" lon="120.101500">
				<speed>0.735928</speed>
				<ele>201.000000</ele>
				<time>2025-11-29T04:23:13Z</time>
			</trkpt>
			<trkpt lat="30.196637" lon="120.101614">
				<speed>0.801841</speed>
				<ele>199.000000</ele>
				<time>2025-11-29T04:23:22Z</time>
			</trkpt>
			<trkpt lat="30.196607" lon="120.101726">
				<speed>0.844167</speed>
				<ele>199.000000</ele>
				<time>2025-11-29T04:23:32Z</time>
			</trkpt>
			<trkpt lat="30.196570" lon="120.101823">
				<speed>0.747723</speed>
				<ele>196.000000</ele>
				<time>2025-11-29T04:23:44Z</time>
			</trkpt>
			<trkpt lat="30.196522" lon="120.101926">
				<speed>0.774054</speed>
				<ele>193.000000</ele>
				<time>2025-11-29T04:23:56Z</time>
			</trkpt>
			<trkpt lat="30.196473" lon="120.102029">
				<speed>1.157141</speed>
				<ele>189.000000</ele>
				<time>2025-11-29T04:24:02Z</time>
			</trkpt>
			<trkpt lat="30.196436" lon="120.102131">
				<speed>1.049617</speed>
				<ele>189.000000</ele>
				<time>2025-11-29T04:24:10Z</time>
			</trkpt>
			<trkpt lat="30.196395" lon="120.102230">
				<speed>0.679822</speed>
				<ele>188.000000</ele>
				<time>2025-11-29T04:24:19Z</time>
			</trkpt>
			<trkpt lat="30.196372" lon="120.102350">
				<speed>1.132015</speed>
				<ele>186.000000</ele>
				<time>2025-11-29T04:24:27Z</time>
			</trkpt>
			<trkpt lat="30.196332" lon="120.102453">
				<speed>1.025418</speed>
				<ele>182.000000</ele>
				<time>2025-11-29T04:24:38Z</time>
			</trkpt>
			<trkpt lat="30.196325" lon="120.102563">
				<speed>0.799757</speed>
				<ele>180.000000</ele>
				<time>2025-11-29T04:24:46Z</time>
			</trkpt>
			<trkpt lat="30.196305" lon="120.102665">
				<speed>0.392519</speed>
				<ele>178.000000</ele>
				<time>2025-11-29T04:24:56Z</time>
			</trkpt>
			<trkpt lat="30.196242" lon="120.102752">
				<speed>0.716906</speed>
				<ele>174.000000</ele>
				<time>2025-11-29T04:25:11Z</time>
			</trkpt>
			<trkpt lat="30.196142" lon="120.102750">
				<speed>0.355498</speed>
				<ele>170.000000</ele>
				<time>2025-11-29T04:25:34Z</time>
			</trkpt>
			<trkpt lat="30.196084" lon="120.102837">
				<speed>0.325851</speed>
				<ele>166.000000</ele>
				<time>2025-11-29T04:25:52Z</time>
			</trkpt>
			<trkpt lat="30.196009" lon="120.102900">
				<speed>0.299876</speed>
				<ele>161.000000</ele>
				<time>2025-11-29T04:26:16Z</time>
			</trkpt>
			<trkpt lat="30.195953" lon="120.102983">
				<speed>0.246302</speed>
				<ele>154.000000</ele>
				<time>2025-11-29T04:26:50Z</time>
			</trkpt>
			<trkpt lat="30.195892" lon="120.103060">
				<speed>0.750207</speed>
				<ele>150.000000</ele>
				<time>2025-11-29T04:27:11Z</time>
			</trkpt>
			<trkpt lat="30.195823" lon="120.103130">
				<speed>0.422211</speed>
				<ele>145.000000</ele>
				<time>2025-11-29T04:27:28Z</time>
			</trkpt>
			<trkpt lat="30.195798" lon="120.103230">
				<speed>0.457869</speed>
				<ele>137.000000</ele>
				<time>2025-11-29T04:27:47Z</time>
			</trkpt>
			<trkpt lat="30.195725" lon="120.103305">
				<speed>0.495551</speed>
				<ele>131.000000</ele>
				<time>2025-11-29T04:28:14Z</time>
			</trkpt>
			<trkpt lat="30.195645" lon="120.103361">
				<speed>0.248702</speed>
				<ele>127.000000</ele>
				<time>2025-11-29T04:28:32Z</time>
			</trkpt>
			<trkpt lat="30.195582" lon="120.103440">
				<speed>0.851663</speed>
				<ele>124.000000</ele>
				<time>2025-11-29T04:28:42Z</time>
			</trkpt>
			<trkpt lat="30.195514" lon="120.103515">
				<speed>0.574348</speed>
				<ele>120.000000</ele>
				<time>2025-11-29T04:28:53Z</time>
			</trkpt>
			<trkpt lat="30.195442" lon="120.103592">
				<speed>0.657188</speed>
				<ele>118.000000</ele>
				<time>2025-11-29T04:29:04Z</time>
			</trkpt>
			<trkpt lat="30.195361" lon="120.103644">
				<speed>0.934033</speed>
				<ele>117.000000</ele>
				<time>2025-11-29T04:29:13Z</time>
			</trkpt>
			<trkpt lat="30.195316" lon="120.103737">
				<speed>0.983430</speed>
				<ele>117.000000</ele>
				<time>2025-11-29T04:29:20Z</time>
			</trkpt>
			<trkpt lat="30.195291" lon="120.103854">
				<speed>0.834384</speed>
				<ele>117.000000</ele>
				<time>2025-11-29T04:29:28Z</time>
			</trkpt>
			<trkpt lat="30.195243" lon="120.103945">
				<speed>0.964548</speed>
				<ele>117.000000</ele>
				<time>2025-11-29T04:29:34Z</time>
			</trkpt>
			<trkpt lat="30.195217" lon="120.104051">
				<speed>0.903812</speed>
				<ele>114.000000</ele>
				<time>2025-11-29T04:29:41Z</time>
			</trkpt>
			<trkpt lat="30.195186" lon="120.104159">
				<speed>1.342142</speed>
				<ele>113.000000</ele>
				<time>2025-11-29T04:29:48Z</time>
			</trkpt>
			<trkpt lat="30.195184" lon="120.104264">
				<speed>0.465689</speed>
				<ele>109.000000</ele>
				<time>2025-11-29T04:29:57Z</time>
			</trkpt>
			<trkpt lat="30.195181" lon="120.104384">
				<speed>0.685127</speed>
				<ele>105.000000</ele>
				<time>2025-11-29T04:30:10Z</time>
			</trkpt>
			<trkpt lat="30.195225" lon="120.104480">
				<speed>0.802749</speed>
				<ele>102.000000</ele>
				<time>2025-11-29T04:30:21Z</time>
			</trkpt>
			<trkpt lat="30.195278" lon="120.104574">
				<speed>0.935417</speed>
				<ele>99.000000</ele>
				<time>2025-11-29T04:30:30Z</time>
			</trkpt>
			<trkpt lat="30.195306" lon="120.104676">
				<speed>0.656544</speed>
				<ele>96.000000</ele>
				<time>2025-11-29T04:30:39Z</time>
			</trkpt>
			<trkpt lat="30.195319" lon="120.104784">
				<speed>0.821360</speed>
				<ele>93.000000</ele>
				<time>2025-11-29T04:30:48Z</time>
			</trkpt>
			<trkpt lat="30.195361" lon="120.104888">
				<speed>1.371038</speed>
				<ele>92.000000</ele>
				<time>2025-11-29T04:30:57Z</time>
			</trkpt>
			<trkpt lat="30.195428" lon="120.104961">
				<speed>0.934358</speed>
				<ele>89.000000</ele>
				<time>2025-11-29T04:31:05Z</time>
			</trkpt>
			<trkpt lat="30.195528" lon="120.104919">
				<speed>0.998880</speed>
				<ele>89.000000</ele>
				<time>2025-11-29T04:31:14Z</time>
			</trkpt>
			<trkpt lat="30.195610" lon="120.104858">
				<speed>0.879621</speed>
				<ele>90.000000</ele>
				<time>2025-11-29T04:31:23Z</time>
			</trkpt>
			<trkpt lat="30.195670" lon="120.104779">
				<speed>0.607576</speed>
				<ele>89.000000</ele>
				<time>2025-11-29T04:31:37Z</time>
			</trkpt>
			<trkpt lat="30.195735" lon="120.104694">
				<speed>0.684911</speed>
				<ele>88.000000</ele>
				<time>2025-11-29T04:31:45Z</time>
			</trkpt>
			<trkpt lat="30.195761" lon="120.104587">
				<speed>0.507985</speed>
				<ele>87.000000</ele>
				<time>2025-11-29T04:32:02Z</time>
			</trkpt>
			<trkpt lat="30.195781" lon="120.104481">
				<speed>0.746782</speed>
				<ele>89.000000</ele>
				<time>2025-11-29T04:32:24Z</time>
			</trkpt>
			<trkpt lat="30.195848" lon="120.104411">
				<speed>0.054830</speed>
				<ele>89.000000</ele>
				<time>2025-11-29T04:32:37Z</time>
			</trkpt>
			<trkpt lat="30.195884" lon="120.104516">
				<speed>0.837365</speed>
				<ele>85.000000</ele>
				<time>2025-11-29T04:32:51Z</time>
			</trkpt>
			<trkpt lat="30.195904" lon="120.104621">
				<speed>0.678404</speed>
				<ele>82.000000</ele>
				<time>2025-11-29T04:33:05Z</time>
			</trkpt>
			<trkpt lat="30.195978" lon="120.104682">
				<speed>0.863684</speed>
				<ele>79.000000</ele>
				<time>2025-11-29T04:33:15Z</time>
			</trkpt>
			<trkpt lat="30.196047" lon="120.104762">
				<speed>0.975402</speed>
				<ele>75.000000</ele>
				<time>2025-11-29T04:33:27Z</time>
			</trkpt>
			<trkpt lat="30.196106" lon="120.104863">
				<speed>1.108448</speed>
				<ele>73.000000</ele>
				<time>2025-11-29T04:33:40Z</time>
			</trkpt>
			<trkpt lat="30.196185" lon="120.104944">
				<speed>1.340053</speed>
				<ele>71.000000</ele>
				<time>2025-11-29T04:33:49Z</time>
			</trkpt>
			<trkpt lat="30.196276" lon="120.104966">
				<speed>0.853889</speed>
				<ele>68.000000</ele>
				<time>2025-11-29T04:33:56Z</time>
			</trkpt>
			<trkpt lat="30.196351" lon="120.105040">
				<speed>0.855842</speed>
				<ele>61.000000</ele>
				<time>2025-11-29T04:34:13Z</time>
			</trkpt>
			<trkpt lat="30.196453" lon="120.105075">
				<speed>1.003381</speed>
				<ele>60.000000</ele>
				<time>2025-11-29T04:34:25Z</time>
			</trkpt>
			<trkpt lat="30.196548" lon="120.105118">
				<speed>0.606158</speed>
				<ele>58.000000</ele>
				<time>2025-11-29T04:34:35Z</time>
			</trkpt>
			<trkpt lat="30.196635" lon="120.105160">
				<speed>0.876103</speed>
				<ele>55.000000</ele>
				<time>2025-11-29T04:34:44Z</time>
			</trkpt>
			<trkpt lat="30.196702" lon="120.105240">
				<speed>0.680594</speed>
				<ele>50.000000</ele>
				<time>2025-11-29T04:34:54Z</time>
			</trkpt>
			<trkpt lat="30.196771" lon="120.105313">
				<speed>0.813430</speed>
				<ele>46.000000</ele>
				<time>2025-11-29T04:35:04Z</time>
			</trkpt>
			<trkpt lat="30.196855" lon="120.105380">
				<speed>1.146322</speed>
				<ele>43.000000</ele>
				<time>2025-11-29T04:35:14Z</time>
			</trkpt>
			<trkpt lat="30.196925" lon="120.105456">
				<speed>0.905104</speed>
				<ele>36.000000</ele>
				<time>2025-11-29T04:35:26Z</time>
			</trkpt>
			<trkpt lat="30.196959" lon="120.105554">
				<speed>0.840913</speed>
				<ele>31.000000</ele>
				<time>2025-11-29T04:35:37Z</time>
			</trkpt>
			<trkpt lat="30.196947" lon="120.105662">
				<speed>0.995565</speed>
				<ele>31.000000</ele>
				<time>2025-11-29T04:35:45Z</time>
			</trkpt>
			<trkpt lat="30.196928" lon="120.105772">
				<speed>1.334537</speed>
				<ele>31.000000</ele>
				<time>2025-11-29T04:35:55Z</time>
			</trkpt>
			<trkpt lat="30.196968" lon="120.105875">
				<speed>1.205131</speed>
				<ele>30.000000</ele>
				<time>2025-11-29T04:36:04Z</time>
			</trkpt>
			<trkpt lat="30.196959" lon="120.105985">
				<speed>1.308831</speed>
				<ele>30.000000</ele>
				<time>2025-11-29T04:36:16Z</time>
			</trkpt>
			<trkpt lat="30.197030" lon="120.106052">
				<speed>0.942990</speed>
				<ele>29.000000</ele>
				<time>2025-11-29T04:36:25Z</time>
			</trkpt>
			<trkpt lat="30.197113" lon="120.106100">
				<speed>1.453800</speed>
				<ele>30.000000</ele>
				<time>2025-11-29T04:36:34Z</time>
			</trkpt>
			<trkpt lat="30.197099" lon="120.106207">
				<speed>1.146088</speed>
				<ele>29.000000</ele>
				<time>2025-11-29T04:36:44Z</time>
			</trkpt>
			<trkpt lat="30.197126" lon="120.106320">
				<speed>1.334204</speed>
				<ele>28.000000</ele>
				<time>2025-11-29T04:36:53Z</time>
			</trkpt>
			<trkpt lat="30.197134" lon="120.106425">
				<speed>1.325409</speed>
				<ele>27.000000</ele>
				<time>2025-11-29T04:37:00Z</time>
			</trkpt>
			<trkpt lat="30.197140" lon="120.106531">
				<speed>1.164771</speed>
				<ele>27.000000</ele>
				<time>2025-11-29T04:37:08Z</time>
			</trkpt>
			<trkpt lat="30.197150" lon="120.106643">
				<speed>1.025169</speed>
				<ele>26.000000</ele>
				<time>2025-11-29T04:37:17Z</time>
			</trkpt>
			<trkpt lat="30.197176" lon="120.106748">
				<speed>1.205970</speed>
				<ele>26.000000</ele>
				<time>2025-11-29T04:37:25Z</time>
			</trkpt>
			<trkpt lat="30.197203" lon="120.106858">
				<speed>1.307076</speed>
				<ele>26.000000</ele>
				<time>2025-11-29T04:37:34Z</time>
			</trkpt>
			<trkpt lat="30.197226" lon="120.106973">
				<speed>1.233234</speed>
				<ele>27.000000</ele>
				<time>2025-11-29T04:37:41Z</time>
			</trkpt>
			<trkpt lat="30.197267" lon="120.107082">
				<speed>1.475401</speed>
				<ele>27.000000</ele>
				<time>2025-11-29T04:37:49Z</time>
			</trkpt>
			<trkpt lat="30.197345" lon="120.107145">
				<speed>1.507046</speed>
				<ele>30.000000</ele>
				<time>2025-11-29T04:37:55Z</time>
			</trkpt>
			<trkpt lat="30.197435" lon="120.107176">
				<speed>1.224604</speed>
				<ele>28.000000</ele>
				<time>2025-11-29T04:38:03Z</time>
			</trkpt>
			<trkpt lat="30.197503" lon="120.107254">
				<speed>1.284831</speed>
				<ele>24.000000</ele>
				<time>2025-11-29T04:38:12Z</time>
			</trkpt>
			<trkpt lat="30.197516" lon="120.107358">
				<speed>1.048658</speed>
				<ele>22.000000</ele>
				<time>2025-11-29T04:38:20Z</time>
			</trkpt>
			<trkpt lat="30.197553" lon="120.107458">
				<speed>1.621103</speed>
				<ele>22.000000</ele>
				<time>2025-11-29T04:38:28Z</time>
			</trkpt>
			<trkpt lat="30.197614" lon="120.107540">
				<speed>1.354222</speed>
				<ele>23.000000</ele>
				<time>2025-11-29T04:38:36Z</time>
			</trkpt>
			<trkpt lat="30.197676" lon="120.107619">
				<speed>1.187140</speed>
				<ele>21.000000</ele>
				<time>2025-11-29T04:38:44Z</time>
			</trkpt>
			<trkpt lat="30.197762" lon="120.107686">
				<speed>1.246007</speed>
				<ele>21.000000</ele>
				<time>2025-11-29T04:38:54Z</time>
			</trkpt>
			<trkpt lat="30.197841" lon="120.107745">
				<speed>1.136732</speed>
				<ele>20.000000</ele>
				<time>2025-11-29T04:39:02Z</time>
			</trkpt>
			<trkpt lat="30.197929" lon="120.107815">
				<speed>1.627919</speed>
				<ele>20.000000</ele>
				<time>2025-11-29T04:39:10Z</time>
			</trkpt>
			<trkpt lat="30.198016" lon="120.107884">
				<speed>1.544893</speed>
				<ele>23.000000</ele>
				<time>2025-11-29T04:39:19Z</time>
			</trkpt>
			<trkpt lat="30.198095" lon="120.107947">
				<speed>1.392086</speed>
				<ele>21.000000</ele>
				<time>2025-11-29T04:39:26Z</time>
			</trkpt>
			<trkpt lat="30.198118" lon="120.108055">
				<speed>1.128637</speed>
				<ele>21.000000</ele>
				<time>2025-11-29T04:39:33Z</time>
			</trkpt>
			<trkpt lat="30.198087" lon="120.108163">
				<speed>1.260067</speed>
				<ele>22.000000</ele>
				<time>2025-11-29T04:39:39Z</time>
			</trkpt>
			<trkpt lat="30.198131" lon="120.108260">
				<speed>1.114516</speed>
				<ele>21.000000</ele>
				<time>2025-11-29T04:39:46Z</time>
			</trkpt>
			<trkpt lat="30.198164" lon="120.108357">
				<speed>1.149684</speed>
				<ele>21.000000</ele>
				<time>2025-11-29T04:39:53Z</time>
			</trkpt>
			<trkpt lat="30.198161" lon="120.108472">
				<speed>1.201692</speed>
				<ele>23.000000</ele>
				<time>2025-11-29T04:40:01Z</time>
			</trkpt>
			<trkpt lat="30.198174" lon="120.108580">
				<speed>1.125005</speed>
				<ele>21.000000</ele>
				<time>2025-11-29T04:40:08Z</time>
			</trkpt>
			<trkpt lat="30.198172" lon="120.108687">
				<speed>1.156590</speed>
				<ele>21.000000</ele>
				<time>2025-11-29T04:40:16Z</time>
			</trkpt>
			<trkpt lat="30.198146" lon="120.108796">
				<speed>1.014068</speed>
				<ele>20.000000</ele>
				<time>2025-11-29T04:40:26Z</time>
			</trkpt>
			<trkpt lat="30.198122" lon="120.108908">
				<speed>0.806410</speed>
				<ele>20.000000</ele>
				<time>2025-11-29T04:40:35Z</time>
			</trkpt>
			<trkpt lat="30.198185" lon="120.108984">
				<speed>1.009959</speed>
				<ele>20.000000</ele>
				<time>2025-11-29T04:40:48Z</time>
			</trkpt>
			<trkpt lat="30.198277" lon="120.109005">
				<speed>0.979144</speed>
				<ele>19.000000</ele>
				<time>2025-11-29T04:45:40Z</time>
			</trkpt>
			<trkpt lat="30.198372" lon="120.109011">
				<speed>1.229656</speed>
				<ele>20.000000</ele>
				<time>2025-11-29T04:45:48Z</time>
			</trkpt>
			<trkpt lat="30.198466" lon="120.109013">
				<speed>1.316540</speed>
				<ele>20.000000</ele>
				<time>2025-11-29T04:45:56Z</time>
			</trkpt>
			<trkpt lat="30.198558" lon="120.109018">
				<speed>1.374140</speed>
				<ele>20.000000</ele>
				<time>2025-11-29T04:46:04Z</time>
			</trkpt>
			<trkpt lat="30.198655" lon="120.108993">
				<speed>1.254905</speed>
				<ele>20.000000</ele>
				<time>2025-11-29T04:46:13Z</time>
			</trkpt>
			<trkpt lat="30.198753" lon="120.108970">
				<speed>1.304806</speed>
				<ele>21.000000</ele>
				<time>2025-11-29T04:46:22Z</time>
			</trkpt>
			<trkpt lat="30.198834" lon="120.109034">
				<speed>0.879802</speed>
				<ele>22.000000</ele>
				<time>2025-11-29T04:46:31Z</time>
			</trkpt>
			<trkpt lat="30.198892" lon="120.109127">
				<speed>1.339809</speed>
				<ele>24.000000</ele>
				<time>2025-11-29T04:46:38Z</time>
			</trkpt>
			<trkpt lat="30.198964" lon="120.109208">
				<speed>1.195890</speed>
				<ele>26.000000</ele>
				<time>2025-11-29T04:46:47Z</time>
			</trkpt>
			<trkpt lat="30.199026" lon="120.109290">
				<speed>1.076827</speed>
				<ele>24.000000</ele>
				<time>2025-11-29T04:46:56Z</time>
			</trkpt>
			<trkpt lat="30.199070" lon="120.109387">
				<speed>0.952033</speed>
				<ele>25.000000</ele>
				<time>2025-11-29T04:47:04Z</time>
			</trkpt>
			<trkpt lat="30.199117" lon="120.109485">
				<speed>0.996159</speed>
				<ele>26.000000</ele>
				<time>2025-11-29T04:47:13Z</time>
			</trkpt>
			<trkpt lat="30.199205" lon="120.109527">
				<speed>1.215812</speed>
				<ele>27.000000</ele>
				<time>2025-11-29T04:47:20Z</time>
			</trkpt>
			<trkpt lat="30.199286" lon="120.109587">
				<speed>1.356447</speed>
				<ele>31.000000</ele>
				<time>2025-11-29T04:47:28Z</time>
			</trkpt>
			<trkpt lat="30.199347" lon="120.109666">
				<speed>1.224011</speed>
				<ele>32.000000</ele>
				<time>2025-11-29T04:47:35Z</time>
			</trkpt>
			<trkpt lat="30.199413" lon="120.109737">
				<speed>0.950384</speed>
				<ele>35.000000</ele>
				<time>2025-11-29T04:47:42Z</time>
			</trkpt>
			<trkpt lat="30.199511" lon="120.109768">
				<speed>1.203434</speed>
				<ele>33.000000</ele>
				<time>2025-11-29T04:47:49Z</time>
			</trkpt>
			<trkpt lat="30.199583" lon="120.109835">
				<speed>1.033081</speed>
				<ele>35.000000</ele>
				<time>2025-11-29T04:47:55Z</time>
			</trkpt>
			<trkpt lat="30.199611" lon="120.109940">
				<speed>1.175356</speed>
				<ele>37.000000</ele>
				<time>2025-11-29T04:48:01Z</time>
			</trkpt>
			<trkpt lat="30.199690" lon="120.110013">
				<speed>1.195725</speed>
				<ele>38.000000</ele>
				<time>2025-11-29T04:48:09Z</time>
			</trkpt>
			<trkpt lat="30.199790" lon="120.110012">
				<speed>1.295461</speed>
				<ele>34.000000</ele>
				<time>2025-11-29T04:48:18Z</time>
			</trkpt>
			<trkpt lat="30.199885" lon="120.109997">
				<speed>1.318199</speed>
				<ele>31.000000</ele>
				<time>2025-11-29T04:48:25Z</time>
			</trkpt>
			<trkpt lat="30.199964" lon="120.110055">
				<speed>1.245063</speed>
				<ele>40.000000</ele>
				<time>2025-11-29T04:48:32Z</time>
			</trkpt>
			<trkpt lat="30.200044" lon="120.110136">
				<speed>1.800070</speed>
				<ele>49.000000</ele>
				<time>2025-11-29T04:48:38Z</time>
			</trkpt>
			<trkpt lat="30.200128" lon="120.110179">
				<speed>1.380123</speed>
				<ele>54.000000</ele>
				<time>2025-11-29T04:48:45Z</time>
			</trkpt>
			<trkpt lat="30.200195" lon="120.110260">
				<speed>1.156474</speed>
				<ele>57.000000</ele>
				<time>2025-11-29T04:48:52Z</time>
			</trkpt>
			<trkpt lat="30.200289" lon="120.110284">
				<speed>1.374621</speed>
				<ele>58.000000</ele>
				<time>2025-11-29T04:49:02Z</time>
			</trkpt>
			<trkpt lat="30.200378" lon="120.110268">
				<speed>1.083724</speed>
				<ele>61.000000</ele>
				<time>2025-11-29T04:49:09Z</time>
			</trkpt>
			<trkpt lat="30.200476" lon="120.110249">
				<speed>1.155604</speed>
				<ele>63.000000</ele>
				<time>2025-11-29T04:49:15Z</time>
			</trkpt>
			<trkpt lat="30.200577" lon="120.110260">
				<speed>1.272720</speed>
				<ele>66.000000</ele>
				<time>2025-11-29T04:49:23Z</time>
			</trkpt>
			<trkpt lat="30.200669" lon="120.110268">
				<speed>0.807631</speed>
				<ele>66.000000</ele>
				<time>2025-11-29T04:49:32Z</time>
			</trkpt>
			<trkpt lat="30.200759" lon="120.110283">
				<speed>1.379202</speed>
				<ele>70.000000</ele>
				<time>2025-11-29T04:49:39Z</time>
			</trkpt>
			<trkpt lat="30.200836" lon="120.110342">
				<speed>1.322142</speed>
				<ele>71.000000</ele>
				<time>2025-11-29T04:49:49Z</time>
			</trkpt>
			<trkpt lat="30.200927" lon="120.110329">
				<speed>1.123877</speed>
				<ele>71.000000</ele>
				<time>2025-11-29T04:50:03Z</time>
			</trkpt>
			<trkpt lat="30.201028" lon="120.110325">
				<speed>1.387047</speed>
				<ele>72.000000</ele>
				<time>2025-11-29T04:50:10Z</time>
			</trkpt>
			<trkpt lat="30.201118" lon="120.110354">
				<speed>1.121232</speed>
				<ele>78.000000</ele>
				<time>2025-11-29T04:50:17Z</time>
			</trkpt>
			<trkpt lat="30.201210" lon="120.110379">
				<speed>1.199867</speed>
				<ele>77.000000</ele>
				<time>2025-11-29T04:50:23Z</time>
			</trkpt>
			<trkpt lat="30.201310" lon="120.110420">
				<speed>1.298505</speed>
				<ele>80.000000</ele>
				<time>2025-11-29T04:50:33Z</time>
			</trkpt>
			<trkpt lat="30.201384" lon="120.110504">
				<speed>1.233468</speed>
				<ele>80.000000</ele>
				<time>2025-11-29T04:50:41Z</time>
			</trkpt>
			<trkpt lat="30.201477" lon="120.110515">
				<speed>0.807782</speed>
				<ele>80.000000</ele>
				<time>2025-11-29T04:50:48Z</time>
			</trkpt>
			<trkpt lat="30.201566" lon="120.110569">
				<speed>1.230535</speed>
				<ele>79.000000</ele>
				<time>2025-11-29T04:50:57Z</time>
			</trkpt>
			<trkpt lat="30.201641" lon="120.110635">
				<speed>1.152020</speed>
				<ele>80.000000</ele>
				<time>2025-11-29T04:51:07Z</time>
			</trkpt>
			<trkpt lat="30.201724" lon="120.110692">
				<speed>1.095643</speed>
				<ele>82.000000</ele>
				<time>2025-11-29T04:51:16Z</time>
			</trkpt>
			<trkpt lat="30.201822" lon="120.110712">
				<speed>0.881052</speed>
				<ele>83.000000</ele>
				<time>2025-11-29T04:51:29Z</time>
			</trkpt>
			<trkpt lat="30.201902" lon="120.110760">
				<speed>0.580469</speed>
				<ele>84.000000</ele>
				<time>2025-11-29T04:51:44Z</time>
			</trkpt>
			<trkpt lat="30.201985" lon="120.110810">
				<speed>0.850553</speed>
				<ele>83.000000</ele>
				<time>2025-11-29T04:51:56Z</time>
			</trkpt>
			<trkpt lat="30.202062" lon="120.110868">
				<speed>0.797535</speed>
				<ele>85.000000</ele>
				<time>2025-11-29T04:52:11Z</time>
			</trkpt>
			<trkpt lat="30.202149" lon="120.110905">
				<speed>1.113117</speed>
				<ele>88.000000</ele>
				<time>2025-11-29T04:52:23Z</time>
			</trkpt>
			<trkpt lat="30.202240" lon="120.110915">
				<speed>0.911981</speed>
				<ele>91.000000</ele>
				<time>2025-11-29T04:52:34Z</time>
			</trkpt>
			<trkpt lat="30.202331" lon="120.110917">
				<speed>1.095038</speed>
				<ele>94.000000</ele>
				<time>2025-11-29T04:52:40Z</time>
			</trkpt>
			<trkpt lat="30.202424" lon="120.110934">
				<speed>0.951372</speed>
				<ele>97.000000</ele>
				<time>2025-11-29T04:52:46Z</time>
			</trkpt>
			<trkpt lat="30.202506" lon="120.110987">
				<speed>1.079857</speed>
				<ele>100.000000</ele>
				<time>2025-11-29T04:52:54Z</time>
			</trkpt>
			<trkpt lat="30.202555" lon="120.111081">
				<speed>1.059456</speed>
				<ele>103.000000</ele>
				<time>2025-11-29T04:53:02Z</time>
			</trkpt>
			<trkpt lat="30.202627" lon="120.111146">
				<speed>1.078712</speed>
				<ele>105.000000</ele>
				<time>2025-11-29T04:53:10Z</time>
			</trkpt>
			<trkpt lat="30.202700" lon="120.111216">
				<speed>0.509085</speed>
				<ele>106.000000</ele>
				<time>2025-11-29T04:53:22Z</time>
			</trkpt>
			<trkpt lat="30.202764" lon="120.111291">
				<speed>0.717135</speed>
				<ele>108.000000</ele>
				<time>2025-11-29T04:53:31Z</time>
			</trkpt>
			<trkpt lat="30.202826" lon="120.111374">
				<speed>0.547440</speed>
				<ele>109.000000</ele>
				<time>2025-11-29T04:53:44Z</time>
			</trkpt>
			<trkpt lat="30.202887" lon="120.111455">
				<speed>1.000608</speed>
				<ele>108.000000</ele>
				<time>2025-11-29T04:53:58Z</time>
			</trkpt>
			<trkpt lat="30.202932" lon="120.111554">
				<speed>1.188156</speed>
				<ele>110.000000</ele>
				<time>2025-11-29T04:54:05Z</time>
			</trkpt>
			<trkpt lat="30.202994" lon="120.111645">
				<speed>1.021591</speed>
				<ele>111.000000</ele>
				<time>2025-11-29T04:54:13Z</time>
			</trkpt>
			<trkpt lat="30.203047" lon="120.111738">
				<speed>1.002780</speed>
				<ele>112.000000</ele>
				<time>2025-11-29T04:54:23Z</time>
			</trkpt>
			<trkpt lat="30.203117" lon="120.111815">
				<speed>1.239080</speed>
				<ele>115.000000</ele>
				<time>2025-11-29T04:54:33Z</time>
			</trkpt>
			<trkpt lat="30.203194" lon="120.111881">
				<speed>0.663012</speed>
				<ele>116.000000</ele>
				<time>2025-11-29T04:54:42Z</time>
			</trkpt>
			<trkpt lat="30.203286" lon="120.111894">
				<speed>0.725684</speed>
				<ele>115.000000</ele>
				<time>2025-11-29T04:54:53Z</time>
			</trkpt>
			<trkpt lat="30.203351" lon="120.111966">
				<speed>0.942239</speed>
				<ele>115.000000</ele>
				<time>2025-11-29T04:55:03Z</time>
			</trkpt>
			<trkpt lat="30.203405" lon="120.112064">
				<speed>1.029490</speed>
				<ele>112.000000</ele>
				<time>2025-11-29T04:55:19Z</time>
			</trkpt>
			<trkpt lat="30.203414" lon="120.112174">
				<speed>1.018700</speed>
				<ele>111.000000</ele>
				<time>2025-11-29T04:55:36Z</time>
			</trkpt>
			<trkpt lat="30.203469" lon="120.112262">
				<speed>0.856795</speed>
				<ele>106.000000</ele>
				<time>2025-11-29T04:55:51Z</time>
			</trkpt>
			<trkpt lat="30.203502" lon="120.112366">
				<speed>0.845105</speed>
				<ele>104.000000</ele>
				<time>2025-11-29T04:56:06Z</time>
			</trkpt>
			<trkpt lat="30.203558" lon="120.112460">
				<speed>0.955127</speed>
				<ele>105.000000</ele>
				<time>2025-11-29T04:56:20Z</time>
			</trkpt>
			<trkpt lat="30.203597" lon="120.112570">
				<speed>1.317653</speed>
				<ele>104.000000</ele>
				<time>2025-11-29T04:56:29Z</time>
			</trkpt>
			<trkpt lat="30.203658" lon="120.112657">
				<speed>1.292820</speed>
				<ele>106.000000</ele>
				<time>2025-11-29T04:56:37Z</time>
			</trkpt>
			<trkpt lat="30.203717" lon="120.112741">
				<speed>0.969175</speed>
				<ele>107.000000</ele>
				<time>2025-11-29T04:56:46Z</time>
			</trkpt>
			<trkpt lat="30.203727" lon="120.112845">
				<speed>0.810434</speed>
				<ele>108.000000</ele>
				<time>2025-11-29T04:57:03Z</time>
			</trkpt>
			<trkpt lat="30.203759" lon="120.112950">
				<speed>0.631089</speed>
				<ele>111.000000</ele>
				<time>2025-11-29T04:57:18Z</time>
			</trkpt>
			<trkpt lat="30.203817" lon="120.113043">
				<speed>0.982326</speed>
				<ele>111.000000</ele>
				<time>2025-11-29T04:57:27Z</time>
			</trkpt>
			<trkpt lat="30.203767" lon="120.113130">
				<speed>0.979268</speed>
				<ele>113.000000</ele>
				<time>2025-11-29T04:57:37Z</time>
			</trkpt>
			<trkpt lat="30.203724" lon="120.113227">
				<speed>0.677189</speed>
				<ele>119.000000</ele>
				<time>2025-11-29T04:57:54Z</time>
			</trkpt>
			<trkpt lat="30.203677" lon="120.113323">
				<speed>0.950348</speed>
				<ele>122.000000</ele>
				<time>2025-11-29T04:58:05Z</time>
			</trkpt>
			<trkpt lat="30.203744" lon="120.113397">
				<speed>0.971832</speed>
				<ele>127.000000</ele>
				<time>2025-11-29T04:58:19Z</time>
			</trkpt>
			<trkpt lat="30.203846" lon="120.113386">
				<speed>1.251232</speed>
				<ele>123.000000</ele>
				<time>2025-11-29T04:58:27Z</time>
			</trkpt>
			<trkpt lat="30.203933" lon="120.113450">
				<speed>1.376388</speed>
				<ele>121.000000</ele>
				<time>2025-11-29T04:58:36Z</time>
			</trkpt>
			<trkpt lat="30.204001" lon="120.113536">
				<speed>1.590057</speed>
				<ele>122.000000</ele>
				<time>2025-11-29T04:58:43Z</time>
			</trkpt>
			<trkpt lat="30.204048" lon="120.113634">
				<speed>0.885524</speed>
				<ele>122.000000</ele>
				<time>2025-11-29T04:58:55Z</time>
			</trkpt>
			<trkpt lat="30.204107" lon="120.113713">
				<speed>0.936689</speed>
				<ele>121.000000</ele>
				<time>2025-11-29T04:59:04Z</time>
			</trkpt>
			<trkpt lat="30.204133" lon="120.113823">
				<speed>1.139130</speed>
				<ele>121.000000</ele>
				<time>2025-11-29T04:59:12Z</time>
			</trkpt>
			<trkpt lat="30.204101" lon="120.113921">
				<speed>0.802800</speed>
				<ele>121.000000</ele>
				<time>2025-11-29T04:59:21Z</time>
			</trkpt>
			<trkpt lat="30.204023" lon="120.113979">
				<speed>0.753879</speed>
				<ele>121.000000</ele>
				<time>2025-11-29T04:59:31Z</time>
			</trkpt>
			<trkpt lat="30.203961" lon="120.114066">
				<speed>0.895744</speed>
				<ele>129.000000</ele>
				<time>2025-11-29T04:59:43Z</time>
			</trkpt>
			<trkpt lat="30.203891" lon="120.114138">
				<speed>0.809743</speed>
				<ele>138.000000</ele>
				<time>2025-11-29T04:59:53Z</time>
			</trkpt>
			<trkpt lat="30.203824" lon="120.114209">
				<speed>1.054794</speed>
				<ele>140.000000</ele>
				<time>2025-11-29T05:00:03Z</time>
			</trkpt>
			<trkpt lat="30.203904" lon="120.114270">
				<speed>1.169942</speed>
				<ele>145.000000</ele>
				<time>2025-11-29T05:00:12Z</time>
			</trkpt>
			<trkpt lat="30.204008" lon="120.114255">
				<speed>1.100222</speed>
				<ele>140.000000</ele>
				<time>2025-11-29T05:00:21Z</time>
			</trkpt>
			<trkpt lat="30.204099" lon="120.114277">
				<speed>0.844076</speed>
				<ele>139.000000</ele>
				<time>2025-11-29T05:00:29Z</time>
			</trkpt>
			<trkpt lat="30.204151" lon="120.114376">
				<speed>0.777116</speed>
				<ele>136.000000</ele>
				<time>2025-11-29T05:00:40Z</time>
			</trkpt>
			<trkpt lat="30.204161" lon="120.114484">
				<speed>0.911834</speed>
				<ele>141.000000</ele>
				<time>2025-11-29T05:00:50Z</time>
			</trkpt>
			<trkpt lat="30.204189" lon="120.114592">
				<speed>0.782906</speed>
				<ele>142.000000</ele>
				<time>2025-11-29T05:00:59Z</time>
			</trkpt>
			<trkpt lat="30.204218" lon="120.114694">
				<speed>0.679527</speed>
				<ele>141.000000</ele>
				<time>2025-11-29T05:01:08Z</time>
			</trkpt>
			<trkpt lat="30.204194" lon="120.114798">
				<speed>0.888937</speed>
				<ele>142.000000</ele>
				<time>2025-11-29T05:01:19Z</time>
			</trkpt>
			<trkpt lat="30.204148" lon="120.114890">
				<speed>0.473185</speed>
				<ele>150.000000</ele>
				<time>2025-11-29T05:01:32Z</time>
			</trkpt>
			<trkpt lat="30.204152" lon="120.114998">
				<speed>0.791115</speed>
				<ele>154.000000</ele>
				<time>2025-11-29T05:01:42Z</time>
			</trkpt>
			<trkpt lat="30.204243" lon="120.115035">
				<speed>0.620097</speed>
				<ele>155.000000</ele>
				<time>2025-11-29T05:01:54Z</time>
			</trkpt>
			<trkpt lat="30.204294" lon="120.115123">
				<speed>1.117071</speed>
				<ele>157.000000</ele>
				<time>2025-11-29T05:02:11Z</time>
			</trkpt>
			<trkpt lat="30.204287" lon="120.115228">
				<speed>0.927065</speed>
				<ele>153.000000</ele>
				<time>2025-11-29T05:02:20Z</time>
			</trkpt>
			<trkpt lat="30.204331" lon="120.115331">
				<speed>0.847441</speed>
				<ele>162.000000</ele>
				<time>2025-11-29T05:02:31Z</time>
			</trkpt>
			<trkpt lat="30.204393" lon="120.115408">
				<speed>0.916032</speed>
				<ele>161.000000</ele>
				<time>2025-11-29T05:02:42Z</time>
			</trkpt>
			<trkpt lat="30.204485" lon="120.115455">
				<speed>1.042449</speed>
				<ele>168.000000</ele>
				<time>2025-11-29T05:02:54Z</time>
			</trkpt>
			<trkpt lat="30.204518" lon="120.115552">
				<speed>1.206208</speed>
				<ele>171.000000</ele>
				<time>2025-11-29T05:03:04Z</time>
			</trkpt>
			<trkpt lat="30.204571" lon="120.115642">
				<speed>1.011037</speed>
				<ele>169.000000</ele>
				<time>2025-11-29T05:03:15Z</time>
			</trkpt>
			<trkpt lat="30.204671" lon="120.115613">
				<speed>0.951237</speed>
				<ele>178.000000</ele>
				<time>2025-11-29T05:03:32Z</time>
			</trkpt>
			<trkpt lat="30.204751" lon="120.115554">
				<speed>0.666039</speed>
				<ele>174.000000</ele>
				<time>2025-11-29T05:03:44Z</time>
			</trkpt>
			<trkpt lat="30.204841" lon="120.115566">
				<speed>0.711045</speed>
				<ele>178.000000</ele>
				<time>2025-11-29T05:03:54Z</time>
			</trkpt>
			<trkpt lat="30.204908" lon="120.115646">
				<speed>0.681626</speed>
				<ele>181.000000</ele>
				<time>2025-11-29T05:04:06Z</time>
			</trkpt>
			<trkpt lat="30.204964" lon="120.115730">
				<speed>0.703132</speed>
				<ele>186.000000</ele>
				<time>2025-11-29T05:04:15Z</time>
			</trkpt>
			<trkpt lat="30.205040" lon="120.115666">
				<speed>1.348650</speed>
				<ele>188.000000</ele>
				<time>2025-11-29T05:04:22Z</time>
			</trkpt>
			<trkpt lat="30.205113" lon="120.115602">
				<speed>1.100438</speed>
				<ele>188.000000</ele>
				<time>2025-11-29T05:04:33Z</time>
			</trkpt>
			<trkpt lat="30.205207" lon="120.115611">
				<speed>0.909814</speed>
				<ele>185.000000</ele>
				<time>2025-11-29T05:04:46Z</time>
			</trkpt>
			<trkpt lat="30.205299" lon="120.115640">
				<speed>0.473296</speed>
				<ele>189.000000</ele>
				<time>2025-11-29T05:04:59Z</time>
			</trkpt>
			<trkpt lat="30.205397" lon="120.115618">
				<speed>0.672332</speed>
				<ele>196.000000</ele>
				<time>2025-11-29T05:05:16Z</time>
			</trkpt>
			<trkpt lat="30.205415" lon="120.115508">
				<speed>0.847887</speed>
				<ele>196.000000</ele>
				<time>2025-11-29T05:05:27Z</time>
			</trkpt>
			<trkpt lat="30.205432" lon="120.115615">
				<speed>0.750750</speed>
				<ele>194.000000</ele>
				<time>2025-11-29T05:05:41Z</time>
			</trkpt>
			<trkpt lat="30.205384" lon="120.115715">
				<speed>0.881379</speed>
				<ele>197.000000</ele>
				<time>2025-11-29T05:05:54Z</time>
			</trkpt>
			<trkpt lat="30.205296" lon="120.115767">
				<speed>0.764991</speed>
				<ele>196.000000</ele>
				<time>2025-11-29T05:06:09Z</time>
			</trkpt>
			<trkpt lat="30.205233" lon="120.115850">
				<speed>0.801629</speed>
				<ele>198.000000</ele>
				<time>2025-11-29T05:06:24Z</time>
			</trkpt>
			<trkpt lat="30.205246" lon="120.115956">
				<speed>0.458950</speed>
				<ele>199.000000</ele>
				<time>2025-11-29T05:06:46Z</time>
			</trkpt>
			<trkpt lat="30.205344" lon="120.115950">
				<speed>0.169728</speed>
				<ele>201.000000</ele>
				<time>2025-11-29T05:09:12Z</time>
			</trkpt>
			<trkpt lat="30.205437" lon="120.115939">
				<speed>0.645261</speed>
				<ele>203.000000</ele>
				<time>2025-11-29T05:09:26Z</time>
			</trkpt>
			<trkpt lat="30.205531" lon="120.115960">
				<speed>0.362605</speed>
				<ele>205.000000</ele>
				<time>2025-11-29T05:09:41Z</time>
			</trkpt>
			<trkpt lat="30.205617" lon="120.115998">
				<speed>0.733030</speed>
				<ele>208.000000</ele>
				<time>2025-11-29T05:09:55Z</time>
			</trkpt>
			<trkpt lat="30.205711" lon="120.116017">
				<speed>0.636681</speed>
				<ele>211.000000</ele>
				<time>2025-11-29T05:10:13Z</time>
			</trkpt>
			<trkpt lat="30.205806" lon="120.115996">
				<speed>0.527260</speed>
				<ele>215.000000</ele>
				<time>2025-11-29T05:10:30Z</time>
			</trkpt>
			<trkpt lat="30.205898" lon="120.115982">
				<speed>0.684214</speed>
				<ele>216.000000</ele>
				<time>2025-11-29T05:10:43Z</time>
			</trkpt>
			<trkpt lat="30.205989" lon="120.116002">
				<speed>0.707561</speed>
				<ele>218.000000</ele>
				<time>2025-11-29T05:10:54Z</time>
			</trkpt>
			<trkpt lat="30.206079" lon="120.116045">
				<speed>1.024767</speed>
				<ele>220.000000</ele>
				<time>2025-11-29T05:11:03Z</time>
			</trkpt>
			<trkpt lat="30.206171" lon="120.116088">
				<speed>0.903805</speed>
				<ele>220.000000</ele>
				<time>2025-11-29T05:11:14Z</time>
			</trkpt>
			<trkpt lat="30.206262" lon="120.116118">
				<speed>0.536560</speed>
				<ele>219.000000</ele>
				<time>2025-11-29T05:11:27Z</time>
			</trkpt>
			<trkpt lat="30.206344" lon="120.116067">
				<speed>0.555320</speed>
				<ele>216.000000</ele>
				<time>2025-11-29T05:11:40Z</time>
			</trkpt>
			<trkpt lat="30.206435" lon="120.116053">
				<speed>0.954523</speed>
				<ele>213.000000</ele>
				<time>2025-11-29T05:11:52Z</time>
			</trkpt>
			<trkpt lat="30.206524" lon="120.115996">
				<speed>1.131330</speed>
				<ele>210.000000</ele>
				<time>2025-11-29T05:12:03Z</time>
			</trkpt>
			<trkpt lat="30.206623" lon="120.116011">
				<speed>1.324410</speed>
				<ele>207.000000</ele>
				<time>2025-11-29T05:12:15Z</time>
			</trkpt>
			<trkpt lat="30.206717" lon="120.115988">
				<speed>1.602113</speed>
				<ele>203.000000</ele>
				<time>2025-11-29T05:12:26Z</time>
			</trkpt>
			<trkpt lat="30.206799" lon="120.115933">
				<speed>1.718598</speed>
				<ele>200.000000</ele>
				<time>2025-11-29T05:12:34Z</time>
			</trkpt>
			<trkpt lat="30.206890" lon="120.115948">
				<speed>1.466895</speed>
				<ele>195.000000</ele>
				<time>2025-11-29T05:12:45Z</time>
			</trkpt>
			<trkpt lat="30.206991" lon="120.115928">
				<speed>1.164037</speed>
				<ele>192.000000</ele>
				<time>2025-11-29T05:13:02Z</time>
			</trkpt>
			<trkpt lat="30.207083" lon="120.115904">
				<speed>0.903123</speed>
				<ele>191.000000</ele>
				<time>2025-11-29T05:13:13Z</time>
			</trkpt>
			<trkpt lat="30.207177" lon="120.115880">
				<speed>1.297084</speed>
				<ele>190.000000</ele>
				<time>2025-11-29T05:13:21Z</time>
			</trkpt>
			<trkpt lat="30.207267" lon="120.115874">
				<speed>0.953449</speed>
				<ele>189.000000</ele>
				<time>2025-11-29T05:13:29Z</time>
			</trkpt>
			<trkpt lat="30.207361" lon="120.115902">
				<speed>0.967090</speed>
				<ele>190.000000</ele>
				<time>2025-11-29T05:13:37Z</time>
			</trkpt>
			<trkpt lat="30.207452" lon="120.115917">
				<speed>0.865513</speed>
				<ele>189.000000</ele>
				<time>2025-11-29T05:13:46Z</time>
			</trkpt>
			<trkpt lat="30.207539" lon="120.115872">
				<speed>0.453889</speed>
				<ele>187.000000</ele>
				<time>2025-11-29T05:13:56Z</time>
			</trkpt>
			<trkpt lat="30.207624" lon="120.115836">
				<speed>0.862819</speed>
				<ele>186.000000</ele>
				<time>2025-11-29T05:14:04Z</time>
			</trkpt>
			<trkpt lat="30.207727" lon="120.115820">
				<speed>1.321604</speed>
				<ele>186.000000</ele>
				<time>2025-11-29T05:14:13Z</time>
			</trkpt>
			<trkpt lat="30.207828" lon="120.115829">
				<speed>1.005791</speed>
				<ele>185.000000</ele>
				<time>2025-11-29T05:14:22Z</time>
			</trkpt>
			<trkpt lat="30.207885" lon="120.115747">
				<speed>0.802974</speed>
				<ele>182.000000</ele>
				<time>2025-11-29T05:14:31Z</time>
			</trkpt>
			<trkpt lat="30.207952" lon="120.115669">
				<speed>0.944765</speed>
				<ele>179.000000</ele>
				<time>2025-11-29T05:14:40Z</time>
			</trkpt>
			<trkpt lat="30.208043" lon="120.115623">
				<speed>0.970182</speed>
				<ele>178.000000</ele>
				<time>2025-11-29T05:14:53Z</time>
			</trkpt>
			<trkpt lat="30.208144" lon="120.115622">
				<speed>0.859831</speed>
				<ele>176.000000</ele>
				<time>2025-11-29T05:15:04Z</time>
			</trkpt>
			<trkpt lat="30.208237" lon="120.115604">
				<speed>1.065033</speed>
				<ele>175.000000</ele>
				<time>2025-11-29T05:15:12Z</time>
			</trkpt>
			<trkpt lat="30.208326" lon="120.115628">
				<speed>1.183227</speed>
				<ele>173.000000</ele>
				<time>2025-11-29T05:15:20Z</time>
			</trkpt>
			<trkpt lat="30.208425" lon="120.115636">
				<speed>0.927898</speed>
				<ele>173.000000</ele>
				<time>2025-11-29T05:15:28Z</time>
			</trkpt>
			<trkpt lat="30.208515" lon="120.115685">
				<speed>0.974059</speed>
				<ele>173.000000</ele>
				<time>2025-11-29T05:15:36Z</time>
			</trkpt>
			<trkpt lat="30.208612" lon="120.115696">
				<speed>0.999071</speed>
				<ele>174.000000</ele>
				<time>2025-11-29T05:15:43Z</time>
			</trkpt>
			<trkpt lat="30.208705" lon="120.115710">
				<speed>0.744441</speed>
				<ele>175.000000</ele>
				<time>2025-11-29T05:15:51Z</time>
			</trkpt>
			<trkpt lat="30.208800" lon="120.115701">
				<speed>1.010394</speed>
				<ele>174.000000</ele>
				<time>2025-11-29T05:16:01Z</time>
			</trkpt>
			<trkpt lat="30.208894" lon="120.115725">
				<speed>1.018155</speed>
				<ele>174.000000</ele>
				<time>2025-11-29T05:16:11Z</time>
			</trkpt>
			<trkpt lat="30.208976" lon="120.115786">
				<speed>0.793413</speed>
				<ele>172.000000</ele>
				<time>2025-11-29T05:16:21Z</time>
			</trkpt>
			<trkpt lat="30.209048" lon="120.115853">
				<speed>0.917506</speed>
				<ele>171.000000</ele>
				<time>2025-11-29T05:16:30Z</time>
			</trkpt>
			<trkpt lat="30.209081" lon="120.115954">
				<speed>1.038775</speed>
				<ele>171.000000</ele>
				<time>2025-11-29T05:16:38Z</time>
			</trkpt>
			<trkpt lat="30.209136" lon="120.116058">
				<speed>1.776064</speed>
				<ele>171.000000</ele>
				<time>2025-11-29T05:16:46Z</time>
			</trkpt>
			<trkpt lat="30.209186" lon="120.116153">
				<speed>1.836941</speed>
				<ele>172.000000</ele>
				<time>2025-11-29T05:16:52Z</time>
			</trkpt>
			<trkpt lat="30.209243" lon="120.116245">
				<speed>1.647787</speed>
				<ele>171.000000</ele>
				<time>2025-11-29T05:16:59Z</time>
			</trkpt>
			<trkpt lat="30.209320" lon="120.116306">
				<speed>1.551710</speed>
				<ele>167.000000</ele>
				<time>2025-11-29T05:17:08Z</time>
			</trkpt>
			<trkpt lat="30.209406" lon="120.116344">
				<speed>0.943029</speed>
				<ele>166.000000</ele>
				<time>2025-11-29T05:17:16Z</time>
			</trkpt>
			<trkpt lat="30.209493" lon="120.116399">
				<speed>1.135163</speed>
				<ele>163.000000</ele>
				<time>2025-11-29T05:17:26Z</time>
			</trkpt>
			<trkpt lat="30.209592" lon="120.116401">
				<speed>1.007108</speed>
				<ele>162.000000</ele>
				<time>2025-11-29T05:17:37Z</time>
			</trkpt>
			<trkpt lat="30.209677" lon="120.116444">
				<speed>0.872502</speed>
				<ele>160.000000</ele>
				<time>2025-11-29T05:17:46Z</time>
			</trkpt>
			<trkpt lat="30.209770" lon="120.116473">
				<speed>1.034799</speed>
				<ele>157.000000</ele>
				<time>2025-11-29T05:17:54Z</time>
			</trkpt>
			<trkpt lat="30.209852" lon="120.116522">
				<speed>1.190377</speed>
				<ele>156.000000</ele>
				<time>2025-11-29T05:18:02Z</time>
			</trkpt>
			<trkpt lat="30.209948" lon="120.116554">
				<speed>1.672322</speed>
				<ele>156.000000</ele>
				<time>2025-11-29T05:18:09Z</time>
			</trkpt>
			<trkpt lat="30.210040" lon="120.116583">
				<speed>1.687030</speed>
				<ele>155.000000</ele>
				<time>2025-11-29T05:18:16Z</time>
			</trkpt>
			<trkpt lat="30.210124" lon="120.116624">
				<speed>0.971318</speed>
				<ele>154.000000</ele>
				<time>2025-11-29T05:18:25Z</time>
			</trkpt>
			<trkpt lat="30.210205" lon="120.116678">
				<speed>1.170566</speed>
				<ele>152.000000</ele>
				<time>2025-11-29T05:18:36Z</time>
			</trkpt>
			<trkpt lat="30.210276" lon="120.116756">
				<speed>1.167458</speed>
				<ele>148.000000</ele>
				<time>2025-11-29T05:18:46Z</time>
			</trkpt>
			<trkpt lat="30.210332" lon="120.116851">
				<speed>1.036762</speed>
				<ele>145.000000</ele>
				<time>2025-11-29T05:18:56Z</time>
			</trkpt>
			<trkpt lat="30.210412" lon="120.116901">
				<speed>1.224795</speed>
				<ele>144.000000</ele>
				<time>2025-11-29T05:19:04Z</time>
			</trkpt>
			<trkpt lat="30.210469" lon="120.116984">
				<speed>0.785649</speed>
				<ele>143.000000</ele>
				<time>2025-11-29T05:19:16Z</time>
			</trkpt>
			<trkpt lat="30.210545" lon="120.117048">
				<speed>1.179270</speed>
				<ele>141.000000</ele>
				<time>2025-11-29T05:19:45Z</time>
			</trkpt>
			<trkpt lat="30.210631" lon="120.117107">
				<speed>1.458111</speed>
				<ele>142.000000</ele>
				<time>2025-11-29T05:19:54Z</time>
			</trkpt>
			<trkpt lat="30.210705" lon="120.117188">
				<speed>1.172799</speed>
				<ele>143.000000</ele>
				<time>2025-11-29T05:20:04Z</time>
			</trkpt>
			<trkpt lat="30.210759" lon="120.117282">
				<speed>0.855721</speed>
				<ele>145.000000</ele>
				<time>2025-11-29T05:20:14Z</time>
			</trkpt>
			<trkpt lat="30.210802" lon="120.117376">
				<speed>0.825574</speed>
				<ele>147.000000</ele>
				<time>2025-11-29T05:20:25Z</time>
			</trkpt>
			<trkpt lat="30.210829" lon="120.117479">
				<speed>0.865429</speed>
				<ele>149.000000</ele>
				<time>2025-11-29T05:20:37Z</time>
			</trkpt>
			<trkpt lat="30.210904" lon="120.117544">
				<speed>0.579768</speed>
				<ele>152.000000</ele>
				<time>2025-11-29T05:20:50Z</time>
			</trkpt>
			<trkpt lat="30.210987" lon="120.117598">
				<speed>0.500823</speed>
				<ele>153.000000</ele>
				<time>2025-11-29T05:21:01Z</time>
			</trkpt>
			<trkpt lat="30.211063" lon="120.117665">
				<speed>0.911630</speed>
				<ele>154.000000</ele>
				<time>2025-11-29T05:21:10Z</time>
			</trkpt>
			<trkpt lat="30.211146" lon="120.117722">
				<speed>0.958751</speed>
				<ele>157.000000</ele>
				<time>2025-11-29T05:21:24Z</time>
			</trkpt>
			<trkpt lat="30.211225" lon="120.117783">
				<speed>0.730694</speed>
				<ele>157.000000</ele>
				<time>2025-11-29T05:21:35Z</time>
			</trkpt>
			<trkpt lat="30.211289" lon="120.117871">
				<speed>1.003448</speed>
				<ele>160.000000</ele>
				<time>2025-11-29T05:21:45Z</time>
			</trkpt>
			<trkpt lat="30.211356" lon="120.117951">
				<speed>0.912713</speed>
				<ele>161.000000</ele>
				<time>2025-11-29T05:21:56Z</time>
			</trkpt>
			<trkpt lat="30.211414" lon="120.118033">
				<speed>0.624967</speed>
				<ele>163.000000</ele>
				<time>2025-11-29T05:22:07Z</time>
			</trkpt>
			<trkpt lat="30.211470" lon="120.118123">
				<speed>0.632358</speed>
				<ele>165.000000</ele>
				<time>2025-11-29T05:22:20Z</time>
			</trkpt>
			<trkpt lat="30.211483" lon="120.118229">
				<speed>0.833341</speed>
				<ele>167.000000</ele>
				<time>2025-11-29T05:22:29Z</time>
			</trkpt>
			<trkpt lat="30.211505" lon="120.118332">
				<speed>0.549091</speed>
				<ele>168.000000</ele>
				<time>2025-11-29T05:22:41Z</time>
			</trkpt>
			<trkpt lat="30.211518" lon="120.118439">
				<speed>0.672579</speed>
				<ele>170.000000</ele>
				<time>2025-11-29T05:22:57Z</time>
			</trkpt>
			<trkpt lat="30.211536" lon="120.118549">
				<speed>0.799563</speed>
				<ele>172.000000</ele>
				<time>2025-11-29T05:23:10Z</time>
			</trkpt>
			<trkpt lat="30.211535" lon="120.118658">
				<speed>0.872875</speed>
				<ele>173.000000</ele>
				<time>2025-11-29T05:23:21Z</time>
			</trkpt>
			<trkpt lat="30.211581" lon="120.118752">
				<speed>1.337379</speed>
				<ele>173.000000</ele>
				<time>2025-11-29T05:23:28Z</time>
			</trkpt>
			<trkpt lat="30.211670" lon="120.118804">
				<speed>1.272333</speed>
				<ele>174.000000</ele>
				<time>2025-11-29T05:23:37Z</time>
			</trkpt>
			<trkpt lat="30.211759" lon="120.118836">
				<speed>1.092711</speed>
				<ele>174.000000</ele>
				<time>2025-11-29T05:23:44Z</time>
			</trkpt>
			<trkpt lat="30.211837" lon="120.118899">
				<speed>0.944882</speed>
				<ele>174.000000</ele>
				<time>2025-11-29T05:23:53Z</time>
			</trkpt>
			<trkpt lat="30.211912" lon="120.118971">
				<speed>1.535808</speed>
				<ele>174.000000</ele>
				<time>2025-11-29T05:24:02Z</time>
			</trkpt>
			<trkpt lat="30.211979" lon="120.119049">
				<speed>1.124645</speed>
				<ele>175.000000</ele>
				<time>2025-11-29T05:24:10Z</time>
			</trkpt>
			<trkpt lat="30.212047" lon="120.119120">
				<speed>1.258329</speed>
				<ele>175.000000</ele>
				<time>2025-11-29T05:24:17Z</time>
			</trkpt>
			<trkpt lat="30.212132" lon="120.119161">
				<speed>0.711271</speed>
				<ele>176.000000</ele>
				<time>2025-11-29T05:24:27Z</time>
			</trkpt>
			<trkpt lat="30.212215" lon="120.119206">
				<speed>0.883856</speed>
				<ele>180.000000</ele>
				<time>2025-11-29T05:24:37Z</time>
			</trkpt>
			<trkpt lat="30.212288" lon="120.119274">
				<speed>0.660127</speed>
				<ele>182.000000</ele>
				<time>2025-11-29T05:24:48Z</time>
			</trkpt>
			<trkpt lat="30.212356" lon="120.119353">
				<speed>0.694569</speed>
				<ele>183.000000</ele>
				<time>2025-11-29T05:24:58Z</time>
			</trkpt>
			<trkpt lat="30.212418" lon="120.119432">
				<speed>0.953150</speed>
				<ele>184.000000</ele>
				<time>2025-11-29T05:25:07Z</time>
			</trkpt>
			<trkpt lat="30.212481" lon="120.119511">
				<speed>0.420283</speed>
				<ele>189.000000</ele>
				<time>2025-11-29T05:25:18Z</time>
			</trkpt>
			<trkpt lat="30.212557" lon="120.119577">
				<speed>0.665084</speed>
				<ele>191.000000</ele>
				<time>2025-11-29T05:25:31Z</time>
			</trkpt>
			<trkpt lat="30.212641" lon="120.119634">
				<speed>0.744119</speed>
				<ele>193.000000</ele>
				<time>2025-11-29T05:25:42Z</time>
			</trkpt>
			<trkpt lat="30.212683" lon="120.119735">
				<speed>0.740545</speed>
				<ele>195.000000</ele>
				<time>2025-11-29T05:25:56Z</time>
			</trkpt>
			<trkpt lat="30.212720" lon="120.119834">
				<speed>0.804124</speed>
				<ele>196.000000</ele>
				<time>2025-11-29T05:26:05Z</time>
			</trkpt>
			<trkpt lat="30.212751" lon="120.119934">
				<speed>0.593729</speed>
				<ele>200.000000</ele>
				<time>2025-11-29T05:26:19Z</time>
			</trkpt>
			<trkpt lat="30.212771" lon="120.120039">
				<speed>0.536176</speed>
				<ele>204.000000</ele>
				<time>2025-11-29T05:26:38Z</time>
			</trkpt>
			<trkpt lat="30.212779" lon="120.120145">
				<speed>0.439447</speed>
				<ele>209.000000</ele>
				<time>2025-11-29T05:26:57Z</time>
			</trkpt>
			<trkpt lat="30.212802" lon="120.120246">
				<speed>0.463183</speed>
				<ele>212.000000</ele>
				<time>2025-11-29T05:27:16Z</time>
			</trkpt>
			<trkpt lat="30.212823" lon="120.120348">
				<speed>0.150640</speed>
				<ele>214.000000</ele>
				<time>2025-11-29T05:27:36Z</time>
			</trkpt>
			<trkpt lat="30.212898" lon="120.120423">
				<speed>0.836942</speed>
				<ele>218.000000</ele>
				<time>2025-11-29T05:27:50Z</time>
			</trkpt>
			<trkpt lat="30.212982" lon="120.120469">
				<speed>0.686926</speed>
				<ele>220.000000</ele>
				<time>2025-11-29T05:28:03Z</time>
			</trkpt>
			<trkpt lat="30.213056" lon="120.120536">
				<speed>0.698394</speed>
				<ele>225.000000</ele>
				<time>2025-11-29T05:28:18Z</time>
			</trkpt>
			<trkpt lat="30.213121" lon="120.120609">
				<speed>0.366866</speed>
				<ele>227.000000</ele>
				<time>2025-11-29T05:28:32Z</time>
			</trkpt>
			<trkpt lat="30.213166" lon="120.120699">
				<speed>0.644614</speed>
				<ele>228.000000</ele>
				<time>2025-11-29T05:28:47Z</time>
			</trkpt>
			<trkpt lat="30.213229" lon="120.120774">
				<speed>0.268750</speed>
				<ele>232.000000</ele>
				<time>2025-11-29T05:29:04Z</time>
			</trkpt>
			<trkpt lat="30.213278" lon="120.120870">
				<speed>0.848833</speed>
				<ele>236.000000</ele>
				<time>2025-11-29T05:29:20Z</time>
			</trkpt>
			<trkpt lat="30.213299" lon="120.120972">
				<speed>0.873672</speed>
				<ele>237.000000</ele>
				<time>2025-11-29T05:29:33Z</time>
			</trkpt>
			<trkpt lat="30.213371" lon="120.121036">
				<speed>0.642209</speed>
				<ele>237.000000</ele>
				<time>2025-11-29T05:29:51Z</time>
			</trkpt>
			<trkpt lat="30.213447" lon="120.120972">
				<speed>0.553072</speed>
				<ele>236.000000</ele>
				<time>2025-11-29T05:30:57Z</time>
			</trkpt>
			<trkpt lat="30.213518" lon="120.121038">
				<speed>0.113515</speed>
				<ele>239.000000</ele>
				<time>2025-11-29T05:36:00Z</time>
			</trkpt>
			<trkpt lat="30.213611" lon="120.121063">
				<speed>0.147998</speed>
				<ele>239.000000</ele>
				<time>2025-11-29T05:36:11Z</time>
			</trkpt>
			<trkpt lat="30.213690" lon="120.121114">
				<speed>0.114262</speed>
				<ele>239.000000</ele>
				<time>2025-11-29T05:36:22Z</time>
			</trkpt>
			<trkpt lat="30.213772" lon="120.121170">
				<speed>0.072267</speed>
				<ele>237.000000</ele>
				<time>2025-11-29T05:36:36Z</time>
			</trkpt>
			<trkpt lat="30.213847" lon="120.121244">
				<speed>0.964848</speed>
				<ele>232.000000</ele>
				<time>2025-11-29T05:36:45Z</time>
			</trkpt>
			<trkpt lat="30.213883" lon="120.121339">
				<speed>0.537816</speed>
				<ele>231.000000</ele>
				<time>2025-11-29T05:36:55Z</time>
			</trkpt>
			<trkpt lat="30.213935" lon="120.121436">
				<speed>0.808768</speed>
				<ele>231.000000</ele>
				<time>2025-11-29T05:37:07Z</time>
			</trkpt>
			<trkpt lat="30.213997" lon="120.121519">
				<speed>0.879123</speed>
				<ele>224.000000</ele>
				<time>2025-11-29T05:37:19Z</time>
			</trkpt>
			<trkpt lat="30.214071" lon="120.121587">
				<speed>0.773153</speed>
				<ele>219.000000</ele>
				<time>2025-11-29T05:37:32Z</time>
			</trkpt>
			<trkpt lat="30.214138" lon="120.121667">
				<speed>0.858822</speed>
				<ele>215.000000</ele>
				<time>2025-11-29T05:37:44Z</time>
			</trkpt>
			<trkpt lat="30.214204" lon="120.121747">
				<speed>0.885413</speed>
				<ele>213.000000</ele>
				<time>2025-11-29T05:37:54Z</time>
			</trkpt>
			<trkpt lat="30.214281" lon="120.121810">
				<speed>0.954361</speed>
				<ele>208.000000</ele>
				<time>2025-11-29T05:38:04Z</time>
			</trkpt>
			<trkpt lat="30.214329" lon="120.121898">
				<speed>0.379024</speed>
				<ele>203.000000</ele>
				<time>2025-11-29T05:38:20Z</time>
			</trkpt>
			<trkpt lat="30.214378" lon="120.121988">
				<speed>0.227429</speed>
				<ele>199.000000</ele>
				<time>2025-11-29T05:38:35Z</time>
			</trkpt>
			<trkpt lat="30.214428" lon="120.122085">
				<speed>0.607204</speed>
				<ele>195.000000</ele>
				<time>2025-11-29T05:38:48Z</time>
			</trkpt>
			<trkpt lat="30.214464" lon="120.122182">
				<speed>0.592383</speed>
				<ele>191.000000</ele>
				<time>2025-11-29T05:39:00Z</time>
			</trkpt>
			<trkpt lat="30.214506" lon="120.122277">
				<speed>0.733410</speed>
				<ele>188.000000</ele>
				<time>2025-11-29T05:39:11Z</time>
			</trkpt>
			<trkpt lat="30.214550" lon="120.122369">
				<speed>0.596219</speed>
				<ele>185.000000</ele>
				<time>2025-11-29T05:39:23Z</time>
			</trkpt>
			<trkpt lat="30.214609" lon="120.122466">
				<speed>1.550879</speed>
				<ele>183.000000</ele>
				<time>2025-11-29T05:39:30Z</time>
			</trkpt>
			<trkpt lat="30.214665" lon="120.122561">
				<speed>0.889719</speed>
				<ele>179.000000</ele>
				<time>2025-11-29T05:39:40Z</time>
			</trkpt>
			<trkpt lat="30.214684" lon="120.122670">
				<speed>0.874720</speed>
				<ele>177.000000</ele>
				<time>2025-11-29T05:39:49Z</time>
			</trkpt>
			<trkpt lat="30.214747" lon="120.122759">
				<speed>1.098259</speed>
				<ele>175.000000</ele>
				<time>2025-11-29T05:40:00Z</time>
			</trkpt>
			<trkpt lat="30.214837" lon="120.122799">
				<speed>1.117602</speed>
				<ele>172.000000</ele>
				<time>2025-11-29T05:40:10Z</time>
			</trkpt>
			<trkpt lat="30.214934" lon="120.122822">
				<speed>1.165738</speed>
				<ele>168.000000</ele>
				<time>2025-11-29T05:40:21Z</time>
			</trkpt>
			<trkpt lat="30.215024" lon="120.122875">
				<speed>0.927967</speed>
				<ele>167.000000</ele>
				<time>2025-11-29T05:40:29Z</time>
			</trkpt>
			<trkpt lat="30.215094" lon="120.122946">
				<speed>1.041115</speed>
				<ele>165.000000</ele>
				<time>2025-11-29T05:40:37Z</time>
			</trkpt>
			<trkpt lat="30.215157" lon="120.123040">
				<speed>1.499769</speed>
				<ele>164.000000</ele>
				<time>2025-11-29T05:40:44Z</time>
			</trkpt>
			<trkpt lat="30.215211" lon="120.123132">
				<speed>1.615493</speed>
				<ele>162.000000</ele>
				<time>2025-11-29T05:40:51Z</time>
			</trkpt>
			<trkpt lat="30.215241" lon="120.123240">
				<speed>1.467593</speed>
				<ele>159.000000</ele>
				<time>2025-11-29T05:41:00Z</time>
			</trkpt>
			<trkpt lat="30.215234" lon="120.123347">
				<speed>1.011181</speed>
				<ele>160.000000</ele>
				<time>2025-11-29T05:41:09Z</time>
			</trkpt>
			<trkpt lat="30.215237" lon="120.123468">
				<speed>1.640511</speed>
				<ele>159.000000</ele>
				<time>2025-11-29T05:41:17Z</time>
			</trkpt>
			<trkpt lat="30.215257" lon="120.123570">
				<speed>1.605794</speed>
				<ele>159.000000</ele>
				<time>2025-11-29T05:41:22Z</time>
			</trkpt>
			<trkpt lat="30.215269" lon="120.123674">
				<speed>0.703336</speed>
				<ele>161.000000</ele>
				<time>2025-11-29T05:41:32Z</time>
			</trkpt>
			<trkpt lat="30.215302" lon="120.123772">
				<speed>1.020576</speed>
				<ele>162.000000</ele>
				<time>2025-11-29T05:41:41Z</time>
			</trkpt>
			<trkpt lat="30.215355" lon="120.123869">
				<speed>1.080776</speed>
				<ele>164.000000</ele>
				<time>2025-11-29T05:41:51Z</time>
			</trkpt>
			<trkpt lat="30.215411" lon="120.123960">
				<speed>1.012501</speed>
				<ele>164.000000</ele>
				<time>2025-11-29T05:42:01Z</time>
			</trkpt>
			<trkpt lat="30.215472" lon="120.124049">
				<speed>0.559396</speed>
				<ele>162.000000</ele>
				<time>2025-11-29T05:42:11Z</time>
			</trkpt>
			<trkpt lat="30.215481" lon="120.124165">
				<speed>0.988333</speed>
				<ele>162.000000</ele>
				<time>2025-11-29T05:42:21Z</time>
			</trkpt>
			<trkpt lat="30.215462" lon="120.124268">
				<speed>1.075791</speed>
				<ele>159.000000</ele>
				<time>2025-11-29T05:42:32Z</time>
			</trkpt>
			<trkpt lat="30.215463" lon="120.124378">
				<speed>0.697803</speed>
				<ele>156.000000</ele>
				<time>2025-11-29T05:42:44Z</time>
			</trkpt>
			<trkpt lat="30.215439" lon="120.124481">
				<speed>0.582020</speed>
				<ele>153.000000</ele>
				<time>2025-11-29T05:42:55Z</time>
			</trkpt>
			<trkpt lat="30.215410" lon="120.124581">
				<speed>0.509112</speed>
				<ele>149.000000</ele>
				<time>2025-11-29T05:43:08Z</time>
			</trkpt>
			<trkpt lat="30.215419" lon="120.124690">
				<speed>0.432659</speed>
				<ele>144.000000</ele>
				<time>2025-11-29T05:43:26Z</time>
			</trkpt>
			<trkpt lat="30.215434" lon="120.124793">
				<speed>0.485684</speed>
				<ele>139.000000</ele>
				<time>2025-11-29T05:43:43Z</time>
			</trkpt>
			<trkpt lat="30.215447" lon="120.124896">
				<speed>0.875623</speed>
				<ele>136.000000</ele>
				<time>2025-11-29T05:43:56Z</time>
			</trkpt>
			<trkpt lat="30.215477" lon="120.125000">
				<speed>0.762829</speed>
				<ele>132.000000</ele>
				<time>2025-11-29T05:44:17Z</time>
			</trkpt>
			<trkpt lat="30.215497" lon="120.125105">
				<speed>0.818741</speed>
				<ele>129.000000</ele>
				<time>2025-11-29T05:44:31Z</time>
			</trkpt>
			<trkpt lat="30.215547" lon="120.125193">
				<speed>1.064556</speed>
				<ele>125.000000</ele>
				<time>2025-11-29T05:44:43Z</time>
			</trkpt>
			<trkpt lat="30.215598" lon="120.125286">
				<speed>1.296090</speed>
				<ele>121.000000</ele>
				<time>2025-11-29T05:44:54Z</time>
			</trkpt>
			<trkpt lat="30.215659" lon="120.125371">
				<speed>1.364215</speed>
				<ele>117.000000</ele>
				<time>2025-11-29T05:45:05Z</time>
			</trkpt>
			<trkpt lat="30.215704" lon="120.125481">
				<speed>1.108722</speed>
				<ele>113.000000</ele>
				<time>2025-11-29T05:45:16Z</time>
			</trkpt>
			<trkpt lat="30.215751" lon="120.125576">
				<speed>0.926187</speed>
				<ele>111.000000</ele>
				<time>2025-11-29T05:45:29Z</time>
			</trkpt>
			<trkpt lat="30.215799" lon="120.125669">
				<speed>0.584348</speed>
				<ele>107.000000</ele>
				<time>2025-11-29T05:45:43Z</time>
			</trkpt>
			<trkpt lat="30.215864" lon="120.125751">
				<speed>1.043051</speed>
				<ele>104.000000</ele>
				<time>2025-11-29T05:45:55Z</time>
			</trkpt>
			<trkpt lat="30.215907" lon="120.125851">
				<speed>0.588535</speed>
				<ele>100.000000</ele>
				<time>2025-11-29T05:46:13Z</time>
			</trkpt>
			<trkpt lat="30.215968" lon="120.125938">
				<speed>0.333724</speed>
				<ele>95.000000</ele>
				<time>2025-11-29T05:46:39Z</time>
			</trkpt>
			<trkpt lat="30.215949" lon="120.126046">
				<speed>0.980865</speed>
				<ele>92.000000</ele>
				<time>2025-11-29T05:46:55Z</time>
			</trkpt>
			<trkpt lat="30.215961" lon="120.126162">
				<speed>1.579692</speed>
				<ele>89.000000</ele>
				<time>2025-11-29T05:47:05Z</time>
			</trkpt>
			<trkpt lat="30.215938" lon="120.126270">
				<speed>0.504325</speed>
				<ele>83.000000</ele>
				<time>2025-11-29T05:47:28Z</time>
			</trkpt>
			<trkpt lat="30.215975" lon="120.126368">
				<speed>0.738280</speed>
				<ele>80.000000</ele>
				<time>2025-11-29T05:47:38Z</time>
			</trkpt>
			<trkpt lat="30.216071" lon="120.126338">
				<speed>1.149155</speed>
				<ele>77.000000</ele>
				<time>2025-11-29T05:47:52Z</time>
			</trkpt>
			<trkpt lat="30.216154" lon="120.126391">
				<speed>1.289283</speed>
				<ele>75.000000</ele>
				<time>2025-11-29T05:48:08Z</time>
			</trkpt>
			<trkpt lat="30.216237" lon="120.126452">
				<speed>1.179180</speed>
				<ele>70.000000</ele>
				<time>2025-11-29T05:48:23Z</time>
			</trkpt>
			<trkpt lat="30.216319" lon="120.126497">
				<speed>0.733956</speed>
				<ele>66.000000</ele>
				<time>2025-11-29T05:48:35Z</time>
			</trkpt>
			<trkpt lat="30.216408" lon="120.126543">
				<speed>0.772956</speed>
				<ele>59.000000</ele>
				<time>2025-11-29T05:49:00Z</time>
			</trkpt>
			<trkpt lat="30.216492" lon="120.126587">
				<speed>0.864516</speed>
				<ele>58.000000</ele>
				<time>2025-11-29T05:49:13Z</time>
			</trkpt>
			<trkpt lat="30.216585" lon="120.126564">
				<speed>0.696716</speed>
				<ele>56.000000</ele>
				<time>2025-11-29T05:49:35Z</time>
			</trkpt>
			<trkpt lat="30.216678" lon="120.126583">
				<speed>1.124721</speed>
				<ele>58.000000</ele>
				<time>2025-11-29T05:49:45Z</time>
			</trkpt>
			<trkpt lat="30.216698" lon="120.126689">
				<speed>0.803541</speed>
				<ele>57.000000</ele>
				<time>2025-11-29T05:49:56Z</time>
			</trkpt>
			<trkpt lat="30.216730" lon="120.126794">
				<speed>0.933434</speed>
				<ele>58.000000</ele>
				<time>2025-11-29T05:50:06Z</time>
			</trkpt>
			<trkpt lat="30.216786" lon="120.126880">
				<speed>0.833842</speed>
				<ele>57.000000</ele>
				<time>2025-11-29T05:50:19Z</time>
			</trkpt>
			<trkpt lat="30.216839" lon="120.126967">
				<speed>0.803760</speed>
				<ele>56.000000</ele>
				<time>2025-11-29T05:50:33Z</time>
			</trkpt>
			<trkpt lat="30.216928" lon="120.126985">
				<speed>0.501806</speed>
				<ele>58.000000</ele>
				<time>2025-11-29T05:50:43Z</time>
			</trkpt>
			<trkpt lat="30.217004" lon="120.127061">
				<speed>0.795131</speed>
				<ele>59.000000</ele>
				<time>2025-11-29T05:50:54Z</time>
			</trkpt>
			<trkpt lat="30.217055" lon="120.127146">
				<speed>0.647335</speed>
				<ele>56.000000</ele>
				<time>2025-11-29T05:51:07Z</time>
			</trkpt>
			<trkpt lat="30.217121" lon="120.127225">
				<speed>0.885154</speed>
				<ele>56.000000</ele>
				<time>2025-11-29T05:51:16Z</time>
			</trkpt>
			<trkpt lat="30.217211" lon="120.127256">
				<speed>1.227221</speed>
				<ele>56.000000</ele>
				<time>2025-11-29T05:51:24Z</time>
			</trkpt>
			<trkpt lat="30.217302" lon="120.127267">
				<speed>1.248410</speed>
				<ele>57.000000</ele>
				<time>2025-11-29T05:51:33Z</time>
			</trkpt>
			<trkpt lat="30.217380" lon="120.127321">
				<speed>0.846303</speed>
				<ele>57.000000</ele>
				<time>2025-11-29T05:51:42Z</time>
			</trkpt>
			<trkpt lat="30.217459" lon="120.127374">
				<speed>1.065314</speed>
				<ele>55.000000</ele>
				<time>2025-11-29T05:51:53Z</time>
			</trkpt>
			<trkpt lat="30.217548" lon="120.127411">
				<speed>0.894387</speed>
				<ele>54.000000</ele>
				<time>2025-11-29T05:52:04Z</time>
			</trkpt>
			<trkpt lat="30.217579" lon="120.127516">
				<speed>0.692882</speed>
				<ele>54.000000</ele>
				<time>2025-11-29T05:52:12Z</time>
			</trkpt>
			<trkpt lat="30.217592" lon="120.127623">
				<speed>0.731215</speed>
				<ele>53.000000</ele>
				<time>2025-11-29T05:52:20Z</time>
			</trkpt>
			<trkpt lat="30.217638" lon="120.127714">
				<speed>1.304353</speed>
				<ele>53.000000</ele>
				<time>2025-11-29T05:52:27Z</time>
			</trkpt>
			<trkpt lat="30.217650" lon="120.127822">
				<speed>1.373969</speed>
				<ele>52.000000</ele>
				<time>2025-11-29T05:52:36Z</time>
			</trkpt>
			<trkpt lat="30.217607" lon="120.127916">
				<speed>1.477926</speed>
				<ele>52.000000</ele>
				<time>2025-11-29T05:52:45Z</time>
			</trkpt>
			<trkpt lat="30.217576" lon="120.128020">
				<speed>1.389666</speed>
				<ele>51.000000</ele>
				<time>2025-11-29T05:52:53Z</time>
			</trkpt>
			<trkpt lat="30.217617" lon="120.128113">
				<speed>0.888519</speed>
				<ele>51.000000</ele>
				<time>2025-11-29T05:53:00Z</time>
			</trkpt>
			<trkpt lat="30.217657" lon="120.128207">
				<speed>1.127331</speed>
				<ele>49.000000</ele>
				<time>2025-11-29T05:53:06Z</time>
			</trkpt>
			<trkpt lat="30.217718" lon="120.128284">
				<speed>1.234408</speed>
				<ele>49.000000</ele>
				<time>2025-11-29T05:53:14Z</time>
			</trkpt>
			<trkpt lat="30.217788" lon="120.128366">
				<speed>1.448916</speed>
				<ele>49.000000</ele>
				<time>2025-11-29T05:53:22Z</time>
			</trkpt>
			<trkpt lat="30.217843" lon="120.128456">
				<speed>1.106774</speed>
				<ele>48.000000</ele>
				<time>2025-11-29T05:53:32Z</time>
			</trkpt>
			<trkpt lat="30.217903" lon="120.128547">
				<speed>0.828639</speed>
				<ele>47.000000</ele>
				<time>2025-11-29T05:53:43Z</time>
			</trkpt>
			<trkpt lat="30.217968" lon="120.128629">
				<speed>1.132737</speed>
				<ele>47.000000</ele>
				<time>2025-11-29T05:53:51Z</time>
			</trkpt>
			<trkpt lat="30.218000" lon="120.128732">
				<speed>1.244475</speed>
				<ele>44.000000</ele>
				<time>2025-11-29T05:54:00Z</time>
			</trkpt>
			<trkpt lat="30.218045" lon="120.128831">
				<speed>1.601090</speed>
				<ele>43.000000</ele>
				<time>2025-11-29T05:54:08Z</time>
			</trkpt>
			<trkpt lat="30.218109" lon="120.128907">
				<speed>1.571848</speed>
				<ele>40.000000</ele>
				<time>2025-11-29T05:54:16Z</time>
			</trkpt>
			<trkpt lat="30.218133" lon="120.129007">
				<speed>0.902396</speed>
				<ele>39.000000</ele>
				<time>2025-11-29T05:54:27Z</time>
			</trkpt>
			<trkpt lat="30.218144" lon="120.129118">
				<speed>0.793033</speed>
				<ele>36.000000</ele>
				<time>2025-11-29T05:54:40Z</time>
			</trkpt>
			<trkpt lat="30.218154" lon="120.129234">
				<speed>1.073721</speed>
				<ele>35.000000</ele>
				<time>2025-11-29T05:54:51Z</time>
			</trkpt>
			<trkpt lat="30.218154" lon="120.129351">
				<speed>1.508294</speed>
				<ele>33.000000</ele>
				<time>2025-11-29T05:55:00Z</time>
			</trkpt>
			<trkpt lat="30.218185" lon="120.129461">
				<speed>1.101947</speed>
				<ele>31.000000</ele>
				<time>2025-11-29T05:55:10Z</time>
			</trkpt>
			<trkpt lat="30.218217" lon="120.129566">
				<speed>0.814760</speed>
				<ele>31.000000</ele>
				<time>2025-11-29T05:55:20Z</time>
			</trkpt>
			<trkpt lat="30.218267" lon="120.129666">
				<speed>1.283048</speed>
				<ele>31.000000</ele>
				<time>2025-11-29T05:55:34Z</time>
			</trkpt>
			<trkpt lat="30.218280" lon="120.129777">
				<speed>1.199246</speed>
				<ele>30.000000</ele>
				<time>2025-11-29T05:55:43Z</time>
			</trkpt>
			<trkpt lat="30.218281" lon="120.129882">
				<speed>0.774646</speed>
				<ele>29.000000</ele>
				<time>2025-11-29T05:55:54Z</time>
			</trkpt>
			<trkpt lat="30.218284" lon="120.129986">
				<speed>0.814520</speed>
				<ele>29.000000</ele>
				<time>2025-11-29T05:56:04Z</time>
			</trkpt>
			<trkpt lat="30.218226" lon="120.130076">
				<speed>1.221661</speed>
				<ele>28.000000</ele>
				<time>2025-11-29T05:56:16Z</time>
			</trkpt>
			<trkpt lat="30.218265" lon="120.130170">
				<speed>0.750279</speed>
				<ele>29.000000</ele>
				<time>2025-11-29T05:56:24Z</time>
			</trkpt>
			<trkpt lat="30.218330" lon="120.130246">
				<speed>0.841322</speed>
				<ele>29.000000</ele>
				<time>2025-11-29T05:56:35Z</time>
			</trkpt>
			<trkpt lat="30.218414" lon="120.130307">
				<speed>1.244360</speed>
				<ele>30.000000</ele>
				<time>2025-11-29T05:56:46Z</time>
			</trkpt>
			<trkpt lat="30.218502" lon="120.130347">
				<speed>1.321581</speed>
				<ele>29.000000</ele>
				<time>2025-11-29T05:56:54Z</time>
			</trkpt>
			<trkpt lat="30.218598" lon="120.130342">
				<speed>1.289057</speed>
				<ele>30.000000</ele>
				<time>2025-11-29T05:57:02Z</time>
			</trkpt>
			<trkpt lat="30.218675" lon="120.130412">
				<speed>0.902502</speed>
				<ele>32.000000</ele>
				<time>2025-11-29T05:57:19Z</time>
			</trkpt>
			<trkpt lat="30.218680" lon="120.130520">
				<speed>1.159125</speed>
				<ele>31.000000</ele>
				<time>2025-11-29T05:57:27Z</time>
			</trkpt>
			<trkpt lat="30.218690" lon="120.130635">
				<speed>1.144027</speed>
				<ele>30.000000</ele>
				<time>2025-11-29T05:57:36Z</time>
			</trkpt>
			<trkpt lat="30.218667" lon="120.130738">
				<speed>0.523006</speed>
				<ele>31.000000</ele>
				<time>2025-11-29T05:57:47Z</time>
			</trkpt>
			<trkpt lat="30.218669" lon="120.130856">
				<speed>1.291261</speed>
				<ele>32.000000</ele>
				<time>2025-11-29T06:01:11Z</time>
			</trkpt>
			<trkpt lat="30.218656" lon="120.130966">
				<speed>1.065712</speed>
				<ele>32.000000</ele>
				<time>2025-11-29T06:01:18Z</time>
			</trkpt>
			<trkpt lat="30.218569" lon="120.131006">
				<speed>0.580262</speed>
				<ele>30.000000</ele>
				<time>2025-11-29T06:01:31Z</time>
			</trkpt>
			<trkpt lat="30.218475" lon="120.131019">
				<speed>1.124785</speed>
				<ele>29.000000</ele>
				<time>2025-11-29T06:01:42Z</time>
			</trkpt>
			<trkpt lat="30.218452" lon="120.131133">
				<speed>1.692572</speed>
				<ele>30.000000</ele>
				<time>2025-11-29T06:01:50Z</time>
			</trkpt>
			<trkpt lat="30.218433" lon="120.131237">
				<speed>1.132720</speed>
				<ele>32.000000</ele>
				<time>2025-11-29T06:01:57Z</time>
			</trkpt>
			<trkpt lat="30.218390" lon="120.131337">
				<speed>0.988241</speed>
				<ele>31.000000</ele>
				<time>2025-11-29T06:02:04Z</time>
			</trkpt>
			<trkpt lat="30.218341" lon="120.131433">
				<speed>0.880966</speed>
				<ele>33.000000</ele>
				<time>2025-11-29T06:02:12Z</time>
			</trkpt>
			<trkpt lat="30.218312" lon="120.131534">
				<speed>1.170135</speed>
				<ele>32.000000</ele>
				<time>2025-11-29T06:02:18Z</time>
			</trkpt>
			<trkpt lat="30.218249" lon="120.131614">
				<speed>0.938040</speed>
				<ele>32.000000</ele>
				<time>2025-11-29T06:02:25Z</time>
			</trkpt>
			<trkpt lat="30.218188" lon="120.131709">
				<speed>1.311934</speed>
				<ele>33.000000</ele>
				<time>2025-11-29T06:02:33Z</time>
			</trkpt>
			<trkpt lat="30.218181" lon="120.131821">
				<speed>0.926816</speed>
				<ele>33.000000</ele>
				<time>2025-11-29T06:02:41Z</time>
			</trkpt>
			<trkpt lat="30.218181" lon="120.131935">
				<speed>1.015114</speed>
				<ele>34.000000</ele>
				<time>2025-11-29T06:02:49Z</time>
			</trkpt>
			<trkpt lat="30.218208" lon="120.132048">
				<speed>1.656490</speed>
				<ele>35.000000</ele>
				<time>2025-11-29T06:02:56Z</time>
			</trkpt>
			<trkpt lat="30.218218" lon="120.132154">
				<speed>1.244725</speed>
				<ele>36.000000</ele>
				<time>2025-11-29T06:03:03Z</time>
			</trkpt>
			<trkpt lat="30.218247" lon="120.132253">
				<speed>0.893336</speed>
				<ele>37.000000</ele>
				<time>2025-11-29T06:03:12Z</time>
			</trkpt>
			<trkpt lat="30.218273" lon="120.132362">
				<speed>0.917044</speed>
				<ele>39.000000</ele>
				<time>2025-11-29T06:03:20Z</time>
			</trkpt>
			<trkpt lat="30.218280" lon="120.132475">
				<speed>0.746965</speed>
				<ele>39.000000</ele>
				<time>2025-11-29T06:03:29Z</time>
			</trkpt>
			<trkpt lat="30.218284" lon="120.132581">
				<speed>0.736430</speed>
				<ele>37.000000</ele>
				<time>2025-11-29T06:03:37Z</time>
			</trkpt>
			<trkpt lat="30.218328" lon="120.132684">
				<speed>1.066305</speed>
				<ele>40.000000</ele>
				<time>2025-11-29T06:03:45Z</time>
			</trkpt>
			<trkpt lat="30.218349" lon="120.132786">
				<speed>1.152240</speed>
				<ele>41.000000</ele>
				<time>2025-11-29T06:03:53Z</time>
			</trkpt>
			<trkpt lat="30.218412" lon="120.132878">
				<speed>1.285854</speed>
				<ele>41.000000</ele>
				<time>2025-11-29T06:04:01Z</time>
			</trkpt>
			<trkpt lat="30.218490" lon="120.132940">
				<speed>0.859031</speed>
				<ele>45.000000</ele>
				<time>2025-11-29T06:04:10Z</time>
			</trkpt>
			<trkpt lat="30.218564" lon="120.133016">
				<speed>0.887804</speed>
				<ele>46.000000</ele>
				<time>2025-11-29T06:04:20Z</time>
			</trkpt>
			<trkpt lat="30.218636" lon="120.133083">
				<speed>0.929202</speed>
				<ele>49.000000</ele>
				<time>2025-11-29T06:04:29Z</time>
			</trkpt>
			<trkpt lat="30.218712" lon="120.133150">
				<speed>0.952811</speed>
				<ele>52.000000</ele>
				<time>2025-11-29T06:04:39Z</time>
			</trkpt>
			<trkpt lat="30.218797" lon="120.133197">
				<speed>0.770409</speed>
				<ele>55.000000</ele>
				<time>2025-11-29T06:05:02Z</time>
			</trkpt>
			<trkpt lat="30.218870" lon="120.133259">
				<speed>0.880476</speed>
				<ele>57.000000</ele>
				<time>2025-11-29T06:05:18Z</time>
			</trkpt>
			<trkpt lat="30.218940" lon="120.133326">
				<speed>0.832232</speed>
				<ele>59.000000</ele>
				<time>2025-11-29T06:05:27Z</time>
			</trkpt>
			<trkpt lat="30.219018" lon="120.133381">
				<speed>0.547168</speed>
				<ele>64.000000</ele>
				<time>2025-11-29T06:05:44Z</time>
			</trkpt>
			<trkpt lat="30.219083" lon="120.133471">
				<speed>1.601022</speed>
				<ele>67.000000</ele>
				<time>2025-11-29T06:05:55Z</time>
			</trkpt>
			<trkpt lat="30.219103" lon="120.133575">
				<speed>1.589994</speed>
				<ele>68.000000</ele>
				<time>2025-11-29T06:06:00Z</time>
			</trkpt>
			<trkpt lat="30.219035" lon="120.133656">
				<speed>1.128697</speed>
				<ele>68.000000</ele>
				<time>2025-11-29T06:06:09Z</time>
			</trkpt>
			<trkpt lat="30.219000" lon="120.133767">
				<speed>1.219404</speed>
				<ele>69.000000</ele>
				<time>2025-11-29T06:06:18Z</time>
			</trkpt>
			<trkpt lat="30.218991" lon="120.133881">
				<speed>1.751939</speed>
				<ele>69.000000</ele>
				<time>2025-11-29T06:06:25Z</time>
			</trkpt>
			<trkpt lat="30.219019" lon="120.133984">
				<speed>1.704690</speed>
				<ele>70.000000</ele>
				<time>2025-11-29T06:06:32Z</time>
			</trkpt>
			<trkpt lat="30.219068" lon="120.134077">
				<speed>1.365234</speed>
				<ele>67.000000</ele>
				<time>2025-11-29T06:06:41Z</time>
			</trkpt>
			<trkpt lat="30.219117" lon="120.134166">
				<speed>1.373691</speed>
				<ele>69.000000</ele>
				<time>2025-11-29T06:06:48Z</time>
			</trkpt>
			<trkpt lat="30.219192" lon="120.134245">
				<speed>1.521361</speed>
				<ele>71.000000</ele>
				<time>2025-11-29T06:06:57Z</time>
			</trkpt>
			<trkpt lat="30.219292" lon="120.134263">
				<speed>1.423003</speed>
				<ele>72.000000</ele>
				<time>2025-11-29T06:07:05Z</time>
			</trkpt>
			<trkpt lat="30.219338" lon="120.134363">
				<speed>1.147897</speed>
				<ele>75.000000</ele>
				<time>2025-11-29T06:07:14Z</time>
			</trkpt>
			<trkpt lat="30.219381" lon="120.134455">
				<speed>0.892587</speed>
				<ele>76.000000</ele>
				<time>2025-11-29T06:07:24Z</time>
			</trkpt>
			<trkpt lat="30.219360" lon="120.134565">
				<speed>1.052526</speed>
				<ele>77.000000</ele>
				<time>2025-11-29T06:07:33Z</time>
			</trkpt>
			<trkpt lat="30.219350" lon="120.134669">
				<speed>0.952254</speed>
				<ele>78.000000</ele>
				<time>2025-11-29T06:07:44Z</time>
			</trkpt>
			<trkpt lat="30.219317" lon="120.134774">
				<speed>0.984573</speed>
				<ele>78.000000</ele>
				<time>2025-11-29T06:07:54Z</time>
			</trkpt>
			<trkpt lat="30.219340" lon="120.134882">
				<speed>0.595900</speed>
				<ele>79.000000</ele>
				<time>2025-11-29T06:08:04Z</time>
			</trkpt>
			<trkpt lat="30.219404" lon="120.134957">
				<speed>0.584478</speed>
				<ele>79.000000</ele>
				<time>2025-11-29T06:08:15Z</time>
			</trkpt>
			<trkpt lat="30.219467" lon="120.135033">
				<speed>0.777282</speed>
				<ele>83.000000</ele>
				<time>2025-11-29T06:08:26Z</time>
			</trkpt>
			<trkpt lat="30.219552" lon="120.135087">
				<speed>0.964946</speed>
				<ele>88.000000</ele>
				<time>2025-11-29T06:08:36Z</time>
			</trkpt>
			<trkpt lat="30.219605" lon="120.135179">
				<speed>0.892923</speed>
				<ele>90.000000</ele>
				<time>2025-11-29T06:08:49Z</time>
			</trkpt>
			<trkpt lat="30.219611" lon="120.135291">
				<speed>1.031259</speed>
				<ele>91.000000</ele>
				<time>2025-11-29T06:08:58Z</time>
			</trkpt>
			<trkpt lat="30.219599" lon="120.135407">
				<speed>1.326771</speed>
				<ele>89.000000</ele>
				<time>2025-11-29T06:09:11Z</time>
			</trkpt>
			<trkpt lat="30.219623" lon="120.135517">
				<speed>1.117753</speed>
				<ele>91.000000</ele>
				<time>2025-11-29T06:09:20Z</time>
			</trkpt>
			<trkpt lat="30.219660" lon="120.135619">
				<speed>0.618692</speed>
				<ele>93.000000</ele>
				<time>2025-11-29T06:09:30Z</time>
			</trkpt>
			<trkpt lat="30.219691" lon="120.135728">
				<speed>0.847078</speed>
				<ele>96.000000</ele>
				<time>2025-11-29T06:09:45Z</time>
			</trkpt>
			<trkpt lat="30.219647" lon="120.135825">
				<speed>0.823264</speed>
				<ele>96.000000</ele>
				<time>2025-11-29T06:09:58Z</time>
			</trkpt>
			<trkpt lat="30.219627" lon="120.135928">
				<speed>0.536980</speed>
				<ele>97.000000</ele>
				<time>2025-11-29T06:10:08Z</time>
			</trkpt>
			<trkpt lat="30.219640" lon="120.136036">
				<speed>0.514162</speed>
				<ele>98.000000</ele>
				<time>2025-11-29T06:10:21Z</time>
			</trkpt>
			<trkpt lat="30.219655" lon="120.136142">
				<speed>0.652572</speed>
				<ele>101.000000</ele>
				<time>2025-11-29T06:10:37Z</time>
			</trkpt>
			<trkpt lat="30.219648" lon="120.136259">
				<speed>0.946166</speed>
				<ele>104.000000</ele>
				<time>2025-11-29T06:10:53Z</time>
			</trkpt>
			<trkpt lat="30.219583" lon="120.136333">
				<speed>1.155941</speed>
				<ele>104.000000</ele>
				<time>2025-11-29T06:11:03Z</time>
			</trkpt>
			<trkpt lat="30.219501" lon="120.136380">
				<speed>0.815462</speed>
				<ele>104.000000</ele>
				<time>2025-11-29T06:11:12Z</time>
			</trkpt>
			<trkpt lat="30.219403" lon="120.136378">
				<speed>0.985609</speed>
				<ele>103.000000</ele>
				<time>2025-11-29T06:11:27Z</time>
			</trkpt>
			<trkpt lat="30.219318" lon="120.136437">
				<speed>1.148985</speed>
				<ele>103.000000</ele>
				<time>2025-11-29T06:11:36Z</time>
			</trkpt>
			<trkpt lat="30.219240" lon="120.136503">
				<speed>0.816446</speed>
				<ele>105.000000</ele>
				<time>2025-11-29T06:11:45Z</time>
			</trkpt>
			<trkpt lat="30.219201" lon="120.136600">
				<speed>1.051197</speed>
				<ele>106.000000</ele>
				<time>2025-11-29T06:11:53Z</time>
			</trkpt>
			<trkpt lat="30.219143" lon="120.136689">
				<speed>0.925453</speed>
				<ele>106.000000</ele>
				<time>2025-11-29T06:12:00Z</time>
			</trkpt>
			<trkpt lat="30.219090" lon="120.136780">
				<speed>1.487366</speed>
				<ele>106.000000</ele>
				<time>2025-11-29T06:12:07Z</time>
			</trkpt>
			<trkpt lat="30.219019" lon="120.136845">
				<speed>0.857287</speed>
				<ele>106.000000</ele>
				<time>2025-11-29T06:12:18Z</time>
			</trkpt>
			<trkpt lat="30.218921" lon="120.136846">
				<speed>1.156494</speed>
				<ele>107.000000</ele>
				<time>2025-11-29T06:12:30Z</time>
			</trkpt>
			<trkpt lat="30.218822" lon="120.136832">
				<speed>1.188136</speed>
				<ele>106.000000</ele>
				<time>2025-11-29T06:12:38Z</time>
			</trkpt>
			<trkpt lat="30.218721" lon="120.136837">
				<speed>1.057509</speed>
				<ele>108.000000</ele>
				<time>2025-11-29T06:12:46Z</time>
			</trkpt>
			<trkpt lat="30.218622" lon="120.136839">
				<speed>1.158937</speed>
				<ele>106.000000</ele>
				<time>2025-11-29T06:12:54Z</time>
			</trkpt>
			<trkpt lat="30.218527" lon="120.136818">
				<speed>1.055933</speed>
				<ele>107.000000</ele>
				<time>2025-11-29T06:13:02Z</time>
			</trkpt>
			<trkpt lat="30.218435" lon="120.136828">
				<speed>0.793353</speed>
				<ele>106.000000</ele>
				<time>2025-11-29T06:13:10Z</time>
			</trkpt>
			<trkpt lat="30.218342" lon="120.136836">
				<speed>0.974039</speed>
				<ele>107.000000</ele>
				<time>2025-11-29T06:13:18Z</time>
			</trkpt>
			<trkpt lat="30.218249" lon="120.136860">
				<speed>0.987047</speed>
				<ele>105.000000</ele>
				<time>2025-11-29T06:13:26Z</time>
			</trkpt>
			<trkpt lat="30.218161" lon="120.136910">
				<speed>1.090606</speed>
				<ele>101.000000</ele>
				<time>2025-11-29T06:13:36Z</time>
			</trkpt>
			<trkpt lat="30.218089" lon="120.136988">
				<speed>1.124197</speed>
				<ele>101.000000</ele>
				<time>2025-11-29T06:13:44Z</time>
			</trkpt>
			<trkpt lat="30.218024" lon="120.137080">
				<speed>1.396615</speed>
				<ele>99.000000</ele>
				<time>2025-11-29T06:13:52Z</time>
			</trkpt>
			<trkpt lat="30.217968" lon="120.137173">
				<speed>1.184632</speed>
				<ele>99.000000</ele>
				<time>2025-11-29T06:14:00Z</time>
			</trkpt>
			<trkpt lat="30.217946" lon="120.137274">
				<speed>0.994431</speed>
				<ele>100.000000</ele>
				<time>2025-11-29T06:14:07Z</time>
			</trkpt>
			<trkpt lat="30.217906" lon="120.137368">
				<speed>1.208881</speed>
				<ele>101.000000</ele>
				<time>2025-11-29T06:14:15Z</time>
			</trkpt>
			<trkpt lat="30.217828" lon="120.137442">
				<speed>0.961333</speed>
				<ele>103.000000</ele>
				<time>2025-11-29T06:14:25Z</time>
			</trkpt>
			<trkpt lat="30.217765" lon="120.137516">
				<speed>0.888221</speed>
				<ele>106.000000</ele>
				<time>2025-11-29T06:14:34Z</time>
			</trkpt>
			<trkpt lat="30.217762" lon="120.137626">
				<speed>0.988078</speed>
				<ele>107.000000</ele>
				<time>2025-11-29T06:14:45Z</time>
			</trkpt>
			<trkpt lat="30.217799" lon="120.137724">
				<speed>0.710471</speed>
				<ele>115.000000</ele>
				<time>2025-11-29T06:14:59Z</time>
			</trkpt>
			<trkpt lat="30.217814" lon="120.137833">
				<speed>0.534883</speed>
				<ele>118.000000</ele>
				<time>2025-11-29T06:15:15Z</time>
			</trkpt>
			<trkpt lat="30.217822" lon="120.137943">
				<speed>0.573141</speed>
				<ele>121.000000</ele>
				<time>2025-11-29T06:15:34Z</time>
			</trkpt>
			<trkpt lat="30.217860" lon="120.138040">
				<speed>0.408717</speed>
				<ele>124.000000</ele>
				<time>2025-11-29T06:15:46Z</time>
			</trkpt>
			<trkpt lat="30.217926" lon="120.138117">
				<speed>0.301605</speed>
				<ele>126.000000</ele>
				<time>2025-11-29T06:16:02Z</time>
			</trkpt>
			<trkpt lat="30.218006" lon="120.138166">
				<speed>0.290029</speed>
				<ele>126.000000</ele>
				<time>2025-11-29T06:16:29Z</time>
			</trkpt>
			<trkpt lat="30.218089" lon="120.138210">
				<speed>1.144277</speed>
				<ele>124.000000</ele>
				<time>2025-11-29T06:18:43Z</time>
			</trkpt>
			<trkpt lat="30.218164" lon="120.138270">
				<speed>1.422555</speed>
				<ele>124.000000</ele>
				<time>2025-11-29T06:18:52Z</time>
			</trkpt>
			<trkpt lat="30.218245" lon="120.138333">
				<speed>1.321640</speed>
				<ele>124.000000</ele>
				<time>2025-11-29T06:19:01Z</time>
			</trkpt>
			<trkpt lat="30.218307" lon="120.138412">
				<speed>1.207904</speed>
				<ele>125.000000</ele>
				<time>2025-11-29T06:19:09Z</time>
			</trkpt>
			<trkpt lat="30.218372" lon="120.138494">
				<speed>1.196500</speed>
				<ele>124.000000</ele>
				<time>2025-11-29T06:19:18Z</time>
			</trkpt>
			<trkpt lat="30.218441" lon="120.138574">
				<speed>1.105992</speed>
				<ele>124.000000</ele>
				<time>2025-11-29T06:19:26Z</time>
			</trkpt>
			<trkpt lat="30.218517" lon="120.138646">
				<speed>1.475808</speed>
				<ele>124.000000</ele>
				<time>2025-11-29T06:19:32Z</time>
			</trkpt>
			<trkpt lat="30.218578" lon="120.138723">
				<speed>1.189185</speed>
				<ele>122.000000</ele>
				<time>2025-11-29T06:19:38Z</time>
			</trkpt>
			<trkpt lat="30.218652" lon="120.138790">
				<speed>1.591840</speed>
				<ele>121.000000</ele>
				<time>2025-11-29T06:19:45Z</time>
			</trkpt>
			<trkpt lat="30.218723" lon="120.138860">
				<speed>1.705817</speed>
				<ele>122.000000</ele>
				<time>2025-11-29T06:19:51Z</time>
			</trkpt>
			<trkpt lat="30.218798" lon="120.138943">
				<speed>1.758693</speed>
				<ele>121.000000</ele>
				<time>2025-11-29T06:19:58Z</time>
			</trkpt>
			<trkpt lat="30.218861" lon="120.139029">
				<speed>1.720585</speed>
				<ele>120.000000</ele>
				<time>2025-11-29T06:20:05Z</time>
			</trkpt>
			<trkpt lat="30.218940" lon="120.139084">
				<speed>1.738703</speed>
				<ele>119.000000</ele>
				<time>2025-11-29T06:20:11Z</time>
			</trkpt>
			<trkpt lat="30.219015" lon="120.139148">
				<speed>1.626151</speed>
				<ele>117.000000</ele>
				<time>2025-11-29T06:20:18Z</time>
			</trkpt>
			<trkpt lat="30.219086" lon="120.139225">
				<speed>1.715530</speed>
				<ele>117.000000</ele>
				<time>2025-11-29T06:20:25Z</time>
			</trkpt>
			<trkpt lat="30.219150" lon="120.139320">
				<speed>1.739110</speed>
				<ele>117.000000</ele>
				<time>2025-11-29T06:20:32Z</time>
			</trkpt>
			<trkpt lat="30.219232" lon="120.139387">
				<speed>1.672357</speed>
				<ele>115.000000</ele>
				<time>2025-11-29T06:20:39Z</time>
			</trkpt>
			<trkpt lat="30.219283" lon="120.139477">
				<speed>1.681280</speed>
				<ele>114.000000</ele>
				<time>2025-11-29T06:20:46Z</time>
			</trkpt>
			<trkpt lat="30.219348" lon="120.139560">
				<speed>1.712253</speed>
				<ele>114.000000</ele>
				<time>2025-11-29T06:20:53Z</time>
			</trkpt>
			<trkpt lat="30.219429" lon="120.139623">
				<speed>1.778693</speed>
				<ele>114.000000</ele>
				<time>2025-11-29T06:21:00Z</time>
			</trkpt>
			<trkpt lat="30.219505" lon="120.139716">
				<speed>1.936847</speed>
				<ele>112.000000</ele>
				<time>2025-11-29T06:21:05Z</time>
			</trkpt>
			<trkpt lat="30.219567" lon="120.139808">
				<speed>3.447154</speed>
				<ele>111.000000</ele>
				<time>2025-11-29T06:21:08Z</time>
			</trkpt>
			<trkpt lat="30.219644" lon="120.139906">
				<speed>3.692034</speed>
				<ele>110.000000</ele>
				<time>2025-11-29T06:21:11Z</time>
			</trkpt>
			<trkpt lat="30.219701" lon="120.139999">
				<speed>3.371789</speed>
				<ele>111.000000</ele>
				<time>2025-11-29T06:21:14Z</time>
			</trkpt>
			<trkpt lat="30.219761" lon="120.140090">
				<speed>3.665170</speed>
				<ele>108.000000</ele>
				<time>2025-11-29T06:21:17Z</time>
			</trkpt>
			<trkpt lat="30.219807" lon="120.140181">
				<speed>3.401182</speed>
				<ele>110.000000</ele>
				<time>2025-11-29T06:21:20Z</time>
			</trkpt>
			<trkpt lat="30.219865" lon="120.140288">
				<speed>3.014836</speed>
				<ele>109.000000</ele>
				<time>2025-11-29T06:21:24Z</time>
			</trkpt>
			<trkpt lat="30.219929" lon="120.140364">
				<speed>2.471186</speed>
				<ele>108.000000</ele>
				<time>2025-11-29T06:21:28Z</time>
			</trkpt>
			<trkpt lat="30.219997" lon="120.140449">
				<speed>1.459972</speed>
				<ele>108.000000</ele>
				<time>2025-11-29T06:21:36Z</time>
			</trkpt>
			<trkpt lat="30.220063" lon="120.140523">
				<speed>1.767548</speed>
				<ele>107.000000</ele>
				<time>2025-11-29T06:21:42Z</time>
			</trkpt>
			<trkpt lat="30.220132" lon="120.140600">
				<speed>1.742967</speed>
				<ele>107.000000</ele>
				<time>2025-11-29T06:21:49Z</time>
			</trkpt>
			<trkpt lat="30.220172" lon="120.140704">
				<speed>1.577756</speed>
				<ele>105.000000</ele>
				<time>2025-11-29T06:21:56Z</time>
			</trkpt>
			<trkpt lat="30.220231" lon="120.140794">
				<speed>1.711174</speed>
				<ele>105.000000</ele>
				<time>2025-11-29T06:22:02Z</time>
			</trkpt>
			<trkpt lat="30.220295" lon="120.140883">
				<speed>1.627069</speed>
				<ele>104.000000</ele>
				<time>2025-11-29T06:22:09Z</time>
			</trkpt>
			<trkpt lat="30.220341" lon="120.140973">
				<speed>1.748591</speed>
				<ele>103.000000</ele>
				<time>2025-11-29T06:22:16Z</time>
			</trkpt>
			<trkpt lat="30.220384" lon="120.141085">
				<speed>1.774623</speed>
				<ele>103.000000</ele>
				<time>2025-11-29T06:22:24Z</time>
			</trkpt>
			<trkpt lat="30.220437" lon="120.141172">
				<speed>1.642153</speed>
				<ele>101.000000</ele>
				<time>2025-11-29T06:22:31Z</time>
			</trkpt>
			<trkpt lat="30.220489" lon="120.141267">
				<speed>1.626248</speed>
				<ele>102.000000</ele>
				<time>2025-11-29T06:22:38Z</time>
			</trkpt>
			<trkpt lat="30.220535" lon="120.141368">
				<speed>1.734663</speed>
				<ele>100.000000</ele>
				<time>2025-11-29T06:22:45Z</time>
			</trkpt>
			<trkpt lat="30.220583" lon="120.141476">
				<speed>1.726081</speed>
				<ele>99.000000</ele>
				<time>2025-11-29T06:22:52Z</time>
			</trkpt>
			<trkpt lat="30.220627" lon="120.141570">
				<speed>1.699169</speed>
				<ele>97.000000</ele>
				<time>2025-11-29T06:22:59Z</time>
			</trkpt>
			<trkpt lat="30.220670" lon="120.141669">
				<speed>1.683257</speed>
				<ele>97.000000</ele>
				<time>2025-11-29T06:23:06Z</time>
			</trkpt>
			<trkpt lat="30.220701" lon="120.141778">
				<speed>1.711888</speed>
				<ele>99.000000</ele>
				<time>2025-11-29T06:23:13Z</time>
			</trkpt>
			<trkpt lat="30.220736" lon="120.141886">
				<speed>1.712508</speed>
				<ele>98.000000</ele>
				<time>2025-11-29T06:23:20Z</time>
			</trkpt>
			<trkpt lat="30.220770" lon="120.141995">
				<speed>1.731556</speed>
				<ele>98.000000</ele>
				<time>2025-11-29T06:23:27Z</time>
			</trkpt>
			<trkpt lat="30.220801" lon="120.142099">
				<speed>1.729220</speed>
				<ele>97.000000</ele>
				<time>2025-11-29T06:23:34Z</time>
			</trkpt>
			<trkpt lat="30.220840" lon="120.142204">
				<speed>1.726634</speed>
				<ele>96.000000</ele>
				<time>2025-11-29T06:23:41Z</time>
			</trkpt>
			<trkpt lat="30.220866" lon="120.142322">
				<speed>1.759420</speed>
				<ele>96.000000</ele>
				<time>2025-11-29T06:23:48Z</time>
			</trkpt>
			<trkpt lat="30.220882" lon="120.142426">
				<speed>1.748817</speed>
				<ele>95.000000</ele>
				<time>2025-11-29T06:23:54Z</time>
			</trkpt>
			<trkpt lat="30.220911" lon="120.142526">
				<speed>1.762072</speed>
				<ele>95.000000</ele>
				<time>2025-11-29T06:24:00Z</time>
			</trkpt>
			<trkpt lat="30.220937" lon="120.142626">
				<speed>1.781630</speed>
				<ele>93.000000</ele>
				<time>2025-11-29T06:24:06Z</time>
			</trkpt>
			<trkpt lat="30.220967" lon="120.142732">
				<speed>1.823620</speed>
				<ele>92.000000</ele>
				<time>2025-11-29T06:24:12Z</time>
			</trkpt>
			<trkpt lat="30.220989" lon="120.142839">
				<speed>1.759931</speed>
				<ele>91.000000</ele>
				<time>2025-11-29T06:24:18Z</time>
			</trkpt>
			<trkpt lat="30.221024" lon="120.142952">
				<speed>1.800964</speed>
				<ele>89.000000</ele>
				<time>2025-11-29T06:24:25Z</time>
			</trkpt>
			<trkpt lat="30.221035" lon="120.143064">
				<speed>1.678157</speed>
				<ele>84.000000</ele>
				<time>2025-11-29T06:24:33Z</time>
			</trkpt>
			<trkpt lat="30.220990" lon="120.143164">
				<speed>1.690149</speed>
				<ele>84.000000</ele>
				<time>2025-11-29T06:24:41Z</time>
			</trkpt>
			<trkpt lat="30.220909" lon="120.143237">
				<speed>1.770841</speed>
				<ele>84.000000</ele>
				<time>2025-11-29T06:24:48Z</time>
			</trkpt>
			<trkpt lat="30.220825" lon="120.143301">
				<speed>1.784932</speed>
				<ele>84.000000</ele>
				<time>2025-11-29T06:24:55Z</time>
			</trkpt>
			<trkpt lat="30.220741" lon="120.143358">
				<speed>1.779991</speed>
				<ele>83.000000</ele>
				<time>2025-11-29T06:25:02Z</time>
			</trkpt>
			<trkpt lat="30.220661" lon="120.143427">
				<speed>1.682441</speed>
				<ele>83.000000</ele>
				<time>2025-11-29T06:25:09Z</time>
			</trkpt>
			<trkpt lat="30.220575" lon="120.143494">
				<speed>1.770266</speed>
				<ele>82.000000</ele>
				<time>2025-11-29T06:25:16Z</time>
			</trkpt>
			<trkpt lat="30.220495" lon="120.143565">
				<speed>1.766197</speed>
				<ele>82.000000</ele>
				<time>2025-11-29T06:25:23Z</time>
			</trkpt>
			<trkpt lat="30.220408" lon="120.143618">
				<speed>1.697374</speed>
				<ele>80.000000</ele>
				<time>2025-11-29T06:25:30Z</time>
			</trkpt>
			<trkpt lat="30.220322" lon="120.143671">
				<speed>1.732586</speed>
				<ele>82.000000</ele>
				<time>2025-11-29T06:25:37Z</time>
			</trkpt>
			<trkpt lat="30.220233" lon="120.143724">
				<speed>1.734100</speed>
				<ele>81.000000</ele>
				<time>2025-11-29T06:25:44Z</time>
			</trkpt>
			<trkpt lat="30.220140" lon="120.143764">
				<speed>1.713506</speed>
				<ele>82.000000</ele>
				<time>2025-11-29T06:25:51Z</time>
			</trkpt>
			<trkpt lat="30.220054" lon="120.143812">
				<speed>1.215676</speed>
				<ele>82.000000</ele>
				<time>2025-11-29T06:25:59Z</time>
			</trkpt>
			<trkpt lat="30.219955" lon="120.143841">
				<speed>1.436433</speed>
				<ele>82.000000</ele>
				<time>2025-11-29T06:26:06Z</time>
			</trkpt>
			<trkpt lat="30.219853" lon="120.143865">
				<speed>1.546435</speed>
				<ele>81.000000</ele>
				<time>2025-11-29T06:26:13Z</time>
			</trkpt>
			<trkpt lat="30.219764" lon="120.143895">
				<speed>1.440789</speed>
				<ele>82.000000</ele>
				<time>2025-11-29T06:26:20Z</time>
			</trkpt>
			<trkpt lat="30.219675" lon="120.143922">
				<speed>1.521020</speed>
				<ele>81.000000</ele>
				<time>2025-11-29T06:26:27Z</time>
			</trkpt>
			<trkpt lat="30.219577" lon="120.143947">
				<speed>1.342479</speed>
				<ele>81.000000</ele>
				<time>2025-11-29T06:26:35Z</time>
			</trkpt>
			<trkpt lat="30.219487" lon="120.143961">
				<speed>1.524446</speed>
				<ele>82.000000</ele>
				<time>2025-11-29T06:26:41Z</time>
			</trkpt>
			<trkpt lat="30.219390" lon="120.143977">
				<speed>1.412289</speed>
				<ele>83.000000</ele>
				<time>2025-11-29T06:26:48Z</time>
			</trkpt>
			<trkpt lat="30.219289" lon="120.144007">
				<speed>1.472515</speed>
				<ele>83.000000</ele>
				<time>2025-11-29T06:26:55Z</time>
			</trkpt>
			<trkpt lat="30.219197" lon="120.144029">
				<speed>1.268886</speed>
				<ele>84.000000</ele>
				<time>2025-11-29T06:27:02Z</time>
			</trkpt>
			<trkpt lat="30.219102" lon="120.144060">
				<speed>1.408908</speed>
				<ele>84.000000</ele>
				<time>2025-11-29T06:27:09Z</time>
			</trkpt>
			<trkpt lat="30.219047" lon="120.144144">
				<speed>1.131816</speed>
				<ele>86.000000</ele>
				<time>2025-11-29T06:27:17Z</time>
			</trkpt>
			<trkpt lat="30.219064" lon="120.144247">
				<speed>1.345059</speed>
				<ele>86.000000</ele>
				<time>2025-11-29T06:27:25Z</time>
			</trkpt>
			<trkpt lat="30.219124" lon="120.144340">
				<speed>1.388865</speed>
				<ele>85.000000</ele>
				<time>2025-11-29T06:27:33Z</time>
			</trkpt>
			<trkpt lat="30.219182" lon="120.144427">
				<speed>0.945041</speed>
				<ele>84.000000</ele>
				<time>2025-11-29T06:27:41Z</time>
			</trkpt>
			<trkpt lat="30.219250" lon="120.144518">
				<speed>1.208556</speed>
				<ele>83.000000</ele>
				<time>2025-11-29T06:27:49Z</time>
			</trkpt>
			<trkpt lat="30.219305" lon="120.144602">
				<speed>1.272701</speed>
				<ele>83.000000</ele>
				<time>2025-11-29T06:27:56Z</time>
			</trkpt>
			<trkpt lat="30.219371" lon="120.144688">
				<speed>1.477856</speed>
				<ele>82.000000</ele>
				<time>2025-11-29T06:28:04Z</time>
			</trkpt>
			<trkpt lat="30.219433" lon="120.144773">
				<speed>1.327327</speed>
				<ele>82.000000</ele>
				<time>2025-11-29T06:28:11Z</time>
			</trkpt>
			<trkpt lat="30.219501" lon="120.144853">
				<speed>1.379393</speed>
				<ele>81.000000</ele>
				<time>2025-11-29T06:28:18Z</time>
			</trkpt>
			<trkpt lat="30.219559" lon="120.144935">
				<speed>1.170357</speed>
				<ele>81.000000</ele>
				<time>2025-11-29T06:28:25Z</time>
			</trkpt>
			<trkpt lat="30.219639" lon="120.145001">
				<speed>1.249403</speed>
				<ele>81.000000</ele>
				<time>2025-11-29T06:28:33Z</time>
			</trkpt>
			<trkpt lat="30.219713" lon="120.145077">
				<speed>1.375486</speed>
				<ele>80.000000</ele>
				<time>2025-11-29T06:28:40Z</time>
			</trkpt>
			<trkpt lat="30.219792" lon="120.145135">
				<speed>1.284234</speed>
				<ele>79.000000</ele>
				<time>2025-11-29T06:28:47Z</time>
			</trkpt>
			<trkpt lat="30.219854" lon="120.145219">
				<speed>1.628396</speed>
				<ele>78.000000</ele>
				<time>2025-11-29T06:28:54Z</time>
			</trkpt>
			<trkpt lat="30.219864" lon="120.145326">
				<speed>1.385412</speed>
				<ele>77.000000</ele>
				<time>2025-11-29T06:29:00Z</time>
			</trkpt>
			<trkpt lat="30.219849" lon="120.145435">
				<speed>1.457140</speed>
				<ele>77.000000</ele>
				<time>2025-11-29T06:29:06Z</time>
			</trkpt>
			<trkpt lat="30.219799" lon="120.145524">
				<speed>1.641680</speed>
				<ele>77.000000</ele>
				<time>2025-11-29T06:29:12Z</time>
			</trkpt>
			<trkpt lat="30.219747" lon="120.145621">
				<speed>1.610414</speed>
				<ele>76.000000</ele>
				<time>2025-11-29T06:29:19Z</time>
			</trkpt>
			<trkpt lat="30.219680" lon="120.145715">
				<speed>1.609058</speed>
				<ele>76.000000</ele>
				<time>2025-11-29T06:29:27Z</time>
			</trkpt>
			<trkpt lat="30.219627" lon="120.145817">
				<speed>1.600099</speed>
				<ele>77.000000</ele>
				<time>2025-11-29T06:29:34Z</time>
			</trkpt>
			<trkpt lat="30.219604" lon="120.145931">
				<speed>1.595602</speed>
				<ele>79.000000</ele>
				<time>2025-11-29T06:29:41Z</time>
			</trkpt>
			<trkpt lat="30.219590" lon="120.146040">
				<speed>1.587896</speed>
				<ele>80.000000</ele>
				<time>2025-11-29T06:29:48Z</time>
			</trkpt>
			<trkpt lat="30.219629" lon="120.146139">
				<speed>1.582306</speed>
				<ele>79.000000</ele>
				<time>2025-11-29T06:29:55Z</time>
			</trkpt>
			<trkpt lat="30.219679" lon="120.146231">
				<speed>1.480222</speed>
				<ele>79.000000</ele>
				<time>2025-11-29T06:30:03Z</time>
			</trkpt>
			<trkpt lat="30.219732" lon="120.146326">
				<speed>1.430575</speed>
				<ele>77.000000</ele>
				<time>2025-11-29T06:30:11Z</time>
			</trkpt>
			<trkpt lat="30.219799" lon="120.146409">
				<speed>1.495912</speed>
				<ele>77.000000</ele>
				<time>2025-11-29T06:30:19Z</time>
			</trkpt>
			<trkpt lat="30.219848" lon="120.146503">
				<speed>1.167202</speed>
				<ele>75.000000</ele>
				<time>2025-11-29T06:30:27Z</time>
			</trkpt>
			<trkpt lat="30.219912" lon="120.146584">
				<speed>1.513347</speed>
				<ele>74.000000</ele>
				<time>2025-11-29T06:30:33Z</time>
			</trkpt>
			<trkpt lat="30.219978" lon="120.146676">
				<speed>1.498472</speed>
				<ele>73.000000</ele>
				<time>2025-11-29T06:30:40Z</time>
			</trkpt>
			<trkpt lat="30.220047" lon="120.146753">
				<speed>1.449821</speed>
				<ele>72.000000</ele>
				<time>2025-11-29T06:30:47Z</time>
			</trkpt>
			<trkpt lat="30.220129" lon="120.146819">
				<speed>1.591547</speed>
				<ele>73.000000</ele>
				<time>2025-11-29T06:30:54Z</time>
			</trkpt>
			<trkpt lat="30.220207" lon="120.146886">
				<speed>1.225408</speed>
				<ele>71.000000</ele>
				<time>2025-11-29T06:31:02Z</time>
			</trkpt>
			<trkpt lat="30.220263" lon="120.146976">
				<speed>1.345564</speed>
				<ele>69.000000</ele>
				<time>2025-11-29T06:31:09Z</time>
			</trkpt>
			<trkpt lat="30.220297" lon="120.147085">
				<speed>1.489178</speed>
				<ele>67.000000</ele>
				<time>2025-11-29T06:31:16Z</time>
			</trkpt>
			<trkpt lat="30.220338" lon="120.147195">
				<speed>1.488844</speed>
				<ele>67.000000</ele>
				<time>2025-11-29T06:31:23Z</time>
			</trkpt>
			<trkpt lat="30.220335" lon="120.147316">
				<speed>1.355938</speed>
				<ele>65.000000</ele>
				<time>2025-11-29T06:31:31Z</time>
			</trkpt>
			<trkpt lat="30.220332" lon="120.147425">
				<speed>1.239482</speed>
				<ele>65.000000</ele>
				<time>2025-11-29T06:31:38Z</time>
			</trkpt>
			<trkpt lat="30.220322" lon="120.147534">
				<speed>1.551591</speed>
				<ele>66.000000</ele>
				<time>2025-11-29T06:31:45Z</time>
			</trkpt>
			<trkpt lat="30.220262" lon="120.147615">
				<speed>0.388874</speed>
				<ele>67.000000</ele>
				<time>2025-11-29T06:31:56Z</time>
			</trkpt>
			<trkpt lat="30.220220" lon="120.147714">
				<speed>1.032536</speed>
				<ele>70.000000</ele>
				<time>2025-11-29T06:32:08Z</time>
			</trkpt>
			<trkpt lat="30.220146" lon="120.147774">
				<speed>0.780886</speed>
				<ele>70.000000</ele>
				<time>2025-11-29T06:32:20Z</time>
			</trkpt>
			<trkpt lat="30.220073" lon="120.147845">
				<speed>0.854979</speed>
				<ele>73.000000</ele>
				<time>2025-11-29T06:32:33Z</time>
			</trkpt>
			<trkpt lat="30.219978" lon="120.147881">
				<speed>0.773459</speed>
				<ele>78.000000</ele>
				<time>2025-11-29T06:32:42Z</time>
			</trkpt>
			<trkpt lat="30.219904" lon="120.147951">
				<speed>0.778160</speed>
				<ele>81.000000</ele>
				<time>2025-11-29T06:32:54Z</time>
			</trkpt>
			<trkpt lat="30.219815" lon="120.147990">
				<speed>0.883826</speed>
				<ele>82.000000</ele>
				<time>2025-11-29T06:33:09Z</time>
			</trkpt>
			<trkpt lat="30.219727" lon="120.147952">
				<speed>0.444850</speed>
				<ele>86.000000</ele>
				<time>2025-11-29T06:33:29Z</time>
			</trkpt>
			<trkpt lat="30.219638" lon="120.147928">
				<speed>0.564179</speed>
				<ele>87.000000</ele>
				<time>2025-11-29T06:33:41Z</time>
			</trkpt>
			<trkpt lat="30.219545" lon="120.147916">
				<speed>0.752115</speed>
				<ele>89.000000</ele>
				<time>2025-11-29T06:33:52Z</time>
			</trkpt>
			<trkpt lat="30.219528" lon="120.148020">
				<speed>0.911322</speed>
				<ele>91.000000</ele>
				<time>2025-11-29T06:34:08Z</time>
			</trkpt>
			<trkpt lat="30.219585" lon="120.148102">
				<speed>0.863185</speed>
				<ele>91.000000</ele>
				<time>2025-11-29T06:34:19Z</time>
			</trkpt>
			<trkpt lat="30.219653" lon="120.148170">
				<speed>0.413752</speed>
				<ele>92.000000</ele>
				<time>2025-11-29T06:34:30Z</time>
			</trkpt>
			<trkpt lat="30.219706" lon="120.148254">
				<speed>0.572617</speed>
				<ele>92.000000</ele>
				<time>2025-11-29T06:34:42Z</time>
			</trkpt>
			<trkpt lat="30.219729" lon="120.148355">
				<speed>0.598803</speed>
				<ele>93.000000</ele>
				<time>2025-11-29T06:34:52Z</time>
			</trkpt>
			<trkpt lat="30.219782" lon="120.148444">
				<speed>0.812055</speed>
				<ele>96.000000</ele>
				<time>2025-11-29T06:35:03Z</time>
			</trkpt>
			<trkpt lat="30.219821" lon="120.148543">
				<speed>0.789738</speed>
				<ele>99.000000</ele>
				<time>2025-11-29T06:35:17Z</time>
			</trkpt>
			<trkpt lat="30.219861" lon="120.148644">
				<speed>1.012983</speed>
				<ele>103.000000</ele>
				<time>2025-11-29T06:35:31Z</time>
			</trkpt>
			<trkpt lat="30.219926" lon="120.148726">
				<speed>0.856914</speed>
				<ele>104.000000</ele>
				<time>2025-11-29T06:35:41Z</time>
			</trkpt>
			<trkpt lat="30.219979" lon="120.148811">
				<speed>0.700433</speed>
				<ele>107.000000</ele>
				<time>2025-11-29T06:35:57Z</time>
			</trkpt>
			<trkpt lat="30.220007" lon="120.148911">
				<speed>0.523956</speed>
				<ele>110.000000</ele>
				<time>2025-11-29T06:36:16Z</time>
			</trkpt>
			<trkpt lat="30.219932" lon="120.148974">
				<speed>0.404529</speed>
				<ele>113.000000</ele>
				<time>2025-11-29T06:36:30Z</time>
			</trkpt>
			<trkpt lat="30.219887" lon="120.149066">
				<speed>0.265217</speed>
				<ele>117.000000</ele>
				<time>2025-11-29T06:36:52Z</time>
			</trkpt>
			<trkpt lat="30.219842" lon="120.149161">
				<speed>0.864462</speed>
				<ele>122.000000</ele>
				<time>2025-11-29T06:37:26Z</time>
			</trkpt>
			<trkpt lat="30.219761" lon="120.149222">
				<speed>0.477242</speed>
				<ele>127.000000</ele>
				<time>2025-11-29T06:37:51Z</time>
			</trkpt>
			<trkpt lat="30.219698" lon="120.149297">
				<speed>0.398742</speed>
				<ele>132.000000</ele>
				<time>2025-11-29T06:38:13Z</time>
			</trkpt>
			<trkpt lat="30.219721" lon="120.149399">
				<speed>0.500714</speed>
				<ele>135.000000</ele>
				<time>2025-11-29T06:38:36Z</time>
			</trkpt>
			<trkpt lat="30.219765" lon="120.149490">
				<speed>0.482875</speed>
				<ele>137.000000</ele>
				<time>2025-11-29T06:38:49Z</time>
			</trkpt>
			<trkpt lat="30.219846" lon="120.149614">
				<speed>0.548525</speed>
				<ele>140.000000</ele>
				<time>2025-11-29T06:39:09Z</time>
			</trkpt>
			<trkpt lat="30.219888" lon="120.149712">
				<speed>0.550740</speed>
				<ele>140.000000</ele>
				<time>2025-11-29T06:39:22Z</time>
			</trkpt>
			<trkpt lat="30.219947" lon="120.149801">
				<speed>1.196673</speed>
				<ele>142.000000</ele>
				<time>2025-11-29T06:39:35Z</time>
			</trkpt>
			<trkpt lat="30.220009" lon="120.149877">
				<speed>1.112485</speed>
				<ele>144.000000</ele>
				<time>2025-11-29T06:39:45Z</time>
			</trkpt>
			<trkpt lat="30.220070" lon="120.149969">
				<speed>1.247697</speed>
				<ele>146.000000</ele>
				<time>2025-11-29T06:39:53Z</time>
			</trkpt>
			<trkpt lat="30.220139" lon="120.150048">
				<speed>1.203141</speed>
				<ele>149.000000</ele>
				<time>2025-11-29T06:40:04Z</time>
			</trkpt>
			<trkpt lat="30.220221" lon="120.150104">
				<speed>1.104425</speed>
				<ele>150.000000</ele>
				<time>2025-11-29T06:40:14Z</time>
			</trkpt>
			<trkpt lat="30.220316" lon="120.150136">
				<speed>0.791040</speed>
				<ele>152.000000</ele>
				<time>2025-11-29T06:40:24Z</time>
			</trkpt>
			<trkpt lat="30.220384" lon="120.150205">
				<speed>1.042477</speed>
				<ele>149.000000</ele>
				<time>2025-11-29T06:40:35Z</time>
			</trkpt>
			<trkpt lat="30.220459" lon="120.150275">
				<speed>1.083704</speed>
				<ele>153.000000</ele>
				<time>2025-11-29T06:40:45Z</time>
			</trkpt>
			<trkpt lat="30.220547" lon="120.150331">
				<speed>0.777800</speed>
				<ele>153.000000</ele>
				<time>2025-11-29T06:40:53Z</time>
			</trkpt>
			<trkpt lat="30.220630" lon="120.150389">
				<speed>0.693560</speed>
				<ele>153.000000</ele>
				<time>2025-11-29T06:41:07Z</time>
			</trkpt>
			<trkpt lat="30.220715" lon="120.150451">
				<speed>0.950676</speed>
				<ele>153.000000</ele>
				<time>2025-11-29T06:41:24Z</time>
			</trkpt>
			<trkpt lat="30.220793" lon="120.150519">
				<speed>0.674168</speed>
				<ele>154.000000</ele>
				<time>2025-11-29T06:41:42Z</time>
			</trkpt>
			<trkpt lat="30.220878" lon="120.150559">
				<speed>1.016274</speed>
				<ele>154.000000</ele>
				<time>2025-11-29T06:41:52Z</time>
			</trkpt>
			<trkpt lat="30.220972" lon="120.150584">
				<speed>0.884490</speed>
				<ele>154.000000</ele>
				<time>2025-11-29T06:42:06Z</time>
			</trkpt>
			<trkpt lat="30.221072" lon="120.150597">
				<speed>1.166289</speed>
				<ele>153.000000</ele>
				<time>2025-11-29T06:42:14Z</time>
			</trkpt>
			<trkpt lat="30.221158" lon="120.150671">
				<speed>1.702335</speed>
				<ele>150.000000</ele>
				<time>2025-11-29T06:42:23Z</time>
			</trkpt>
			<trkpt lat="30.221195" lon="120.151000">
				<speed>1.606186</speed>
				<ele>150.000000</ele>
				<time>2025-11-29T06:42:47Z</time>
			</trkpt>
			<trkpt lat="30.221219" lon="120.151105">
				<speed>1.350587</speed>
				<ele>149.000000</ele>
				<time>2025-11-29T06:42:54Z</time>
			</trkpt>
			<trkpt lat="30.221235" lon="120.151218">
				<speed>0.952394</speed>
				<ele>150.000000</ele>
				<time>2025-11-29T06:43:03Z</time>
			</trkpt>
			<trkpt lat="30.221230" lon="120.151329">
				<speed>1.140634</speed>
				<ele>148.000000</ele>
				<time>2025-11-29T06:43:12Z</time>
			</trkpt>
			<trkpt lat="30.221244" lon="120.151434">
				<speed>1.352696</speed>
				<ele>147.000000</ele>
				<time>2025-11-29T06:43:18Z</time>
			</trkpt>
			<trkpt lat="30.221320" lon="120.151515">
				<speed>1.012522</speed>
				<ele>149.000000</ele>
				<time>2025-11-29T06:43:26Z</time>
			</trkpt>
			<trkpt lat="30.221414" lon="120.151510">
				<speed>0.988622</speed>
				<ele>149.000000</ele>
				<time>2025-11-29T06:43:33Z</time>
			</trkpt>
			<trkpt lat="30.221500" lon="120.151566">
				<speed>1.256374</speed>
				<ele>148.000000</ele>
				<time>2025-11-29T06:43:42Z</time>
			</trkpt>
			<trkpt lat="30.221558" lon="120.151659">
				<speed>1.141932</speed>
				<ele>147.000000</ele>
				<time>2025-11-29T06:43:52Z</time>
			</trkpt>
			<trkpt lat="30.221633" lon="120.151719">
				<speed>1.511300</speed>
				<ele>147.000000</ele>
				<time>2025-11-29T06:44:00Z</time>
			</trkpt>
			<trkpt lat="30.221697" lon="120.151812">
				<speed>2.119085</speed>
				<ele>146.000000</ele>
				<time>2025-11-29T06:44:06Z</time>
			</trkpt>
			<trkpt lat="30.221780" lon="120.151858">
				<speed>1.432471</speed>
				<ele>147.000000</ele>
				<time>2025-11-29T06:44:13Z</time>
			</trkpt>
			<trkpt lat="30.221865" lon="120.151895">
				<speed>1.102091</speed>
				<ele>146.000000</ele>
				<time>2025-11-29T06:44:21Z</time>
			</trkpt>
			<trkpt lat="30.221894" lon="120.151998">
				<speed>0.723017</speed>
				<ele>146.000000</ele>
				<time>2025-11-29T06:44:31Z</time>
			</trkpt>
			<trkpt lat="30.221906" lon="120.152108">
				<speed>0.810031</speed>
				<ele>148.000000</ele>
				<time>2025-11-29T06:44:39Z</time>
			</trkpt>
			<trkpt lat="30.221920" lon="120.152221">
				<speed>1.631071</speed>
				<ele>149.000000</ele>
				<time>2025-11-29T06:44:48Z</time>
			</trkpt>
			<trkpt lat="30.221899" lon="120.152322">
				<speed>1.069676</speed>
				<ele>153.000000</ele>
				<time>2025-11-29T06:44:58Z</time>
			</trkpt>
			<trkpt lat="30.221914" lon="120.152425">
				<speed>0.763368</speed>
				<ele>152.000000</ele>
				<time>2025-11-29T06:45:09Z</time>
			</trkpt>
			<trkpt lat="30.221918" lon="120.152535">
				<speed>0.853833</speed>
				<ele>152.000000</ele>
				<time>2025-11-29T06:45:20Z</time>
			</trkpt>
			<trkpt lat="30.221939" lon="120.152637">
				<speed>0.989878</speed>
				<ele>151.000000</ele>
				<time>2025-11-29T06:45:28Z</time>
			</trkpt>
			<trkpt lat="30.221922" lon="120.152741">
				<speed>0.575134</speed>
				<ele>150.000000</ele>
				<time>2025-11-29T06:45:39Z</time>
			</trkpt>
			<trkpt lat="30.222004" lon="120.152810">
				<speed>1.103033</speed>
				<ele>148.000000</ele>
				<time>2025-11-29T06:46:07Z</time>
			</trkpt>
			<trkpt lat="30.222096" lon="120.152860">
				<speed>1.185774</speed>
				<ele>147.000000</ele>
				<time>2025-11-29T06:46:17Z</time>
			</trkpt>
			<trkpt lat="30.222190" lon="120.152901">
				<speed>0.998769</speed>
				<ele>146.000000</ele>
				<time>2025-11-29T06:46:26Z</time>
			</trkpt>
			<trkpt lat="30.222275" lon="120.152961">
				<speed>1.253000</speed>
				<ele>144.000000</ele>
				<time>2025-11-29T06:46:37Z</time>
			</trkpt>
			<trkpt lat="30.222367" lon="120.153004">
				<speed>1.029205</speed>
				<ele>143.000000</ele>
				<time>2025-11-29T06:46:47Z</time>
			</trkpt>
			<trkpt lat="30.222448" lon="120.153062">
				<speed>0.981747</speed>
				<ele>142.000000</ele>
				<time>2025-11-29T06:46:56Z</time>
			</trkpt>
			<trkpt lat="30.222535" lon="120.153100">
				<speed>1.168297</speed>
				<ele>141.000000</ele>
				<time>2025-11-29T06:47:04Z</time>
			</trkpt>
			<trkpt lat="30.222621" lon="120.153150">
				<speed>0.834882</speed>
				<ele>140.000000</ele>
				<time>2025-11-29T06:47:13Z</time>
			</trkpt>
			<trkpt lat="30.222713" lon="120.153178">
				<speed>1.379331</speed>
				<ele>141.000000</ele>
				<time>2025-11-29T06:47:22Z</time>
			</trkpt>
			<trkpt lat="30.222803" lon="120.153203">
				<speed>0.797406</speed>
				<ele>141.000000</ele>
				<time>2025-11-29T06:47:31Z</time>
			</trkpt>
			<trkpt lat="30.222894" lon="120.153237">
				<speed>0.739458</speed>
				<ele>144.000000</ele>
				<time>2025-11-29T06:47:41Z</time>
			</trkpt>
			<trkpt lat="30.222987" lon="120.153282">
				<speed>1.510094</speed>
				<ele>146.000000</ele>
				<time>2025-11-29T06:47:50Z</time>
			</trkpt>
			<trkpt lat="30.223081" lon="120.153285">
				<speed>1.195336</speed>
				<ele>148.000000</ele>
				<time>2025-11-29T06:48:00Z</time>
			</trkpt>
			<trkpt lat="30.223245" lon="120.153161">
				<speed>1.328902</speed>
				<ele>148.000000</ele>
				<time>2025-11-29T06:48:14Z</time>
			</trkpt>
			<trkpt lat="30.223338" lon="120.153119">
				<speed>1.051217</speed>
				<ele>150.000000</ele>
				<time>2025-11-29T06:48:24Z</time>
			</trkpt>
			<trkpt lat="30.223437" lon="120.153087">
				<speed>1.134255</speed>
				<ele>151.000000</ele>
				<time>2025-11-29T06:48:33Z</time>
			</trkpt>
			<trkpt lat="30.223527" lon="120.153063">
				<speed>0.634929</speed>
				<ele>152.000000</ele>
				<time>2025-11-29T06:48:43Z</time>
			</trkpt>
			<trkpt lat="30.223618" lon="120.153042">
				<speed>0.876676</speed>
				<ele>151.000000</ele>
				<time>2025-11-29T06:48:53Z</time>
			</trkpt>
			<trkpt lat="30.223700" lon="120.153093">
				<speed>1.158208</speed>
				<ele>151.000000</ele>
				<time>2025-11-29T06:49:02Z</time>
			</trkpt>
			<trkpt lat="30.223772" lon="120.153167">
				<speed>1.160215</speed>
				<ele>150.000000</ele>
				<time>2025-11-29T06:49:10Z</time>
			</trkpt>
			<trkpt lat="30.223862" lon="120.153205">
				<speed>1.132948</speed>
				<ele>149.000000</ele>
				<time>2025-11-29T06:49:19Z</time>
			</trkpt>
			<trkpt lat="30.223936" lon="120.153278">
				<speed>0.751655</speed>
				<ele>147.000000</ele>
				<time>2025-11-29T06:49:29Z</time>
			</trkpt>
			<trkpt lat="30.223989" lon="120.153376">
				<speed>1.690836</speed>
				<ele>146.000000</ele>
				<time>2025-11-29T06:49:36Z</time>
			</trkpt>
			<trkpt lat="30.224149" lon="120.153468">
				<speed>1.367881</speed>
				<ele>146.000000</ele>
				<time>2025-11-29T06:49:56Z</time>
			</trkpt>
			<trkpt lat="30.224222" lon="120.153538">
				<speed>1.387235</speed>
				<ele>147.000000</ele>
				<time>2025-11-29T06:50:04Z</time>
			</trkpt>
			<trkpt lat="30.224316" lon="120.153568">
				<speed>0.877152</speed>
				<ele>146.000000</ele>
				<time>2025-11-29T06:50:12Z</time>
			</trkpt>
			<trkpt lat="30.224391" lon="120.153635">
				<speed>1.077160</speed>
				<ele>144.000000</ele>
				<time>2025-11-29T06:50:21Z</time>
			</trkpt>
			<trkpt lat="30.224474" lon="120.153707">
				<speed>1.448070</speed>
				<ele>142.000000</ele>
				<time>2025-11-29T06:50:29Z</time>
			</trkpt>
			<trkpt lat="30.224506" lon="120.153812">
				<speed>0.840779</speed>
				<ele>141.000000</ele>
				<time>2025-11-29T06:50:37Z</time>
			</trkpt>
			<trkpt lat="30.224496" lon="120.153924">
				<speed>0.890135</speed>
				<ele>141.000000</ele>
				<time>2025-11-29T06:50:46Z</time>
			</trkpt>
			<trkpt lat="30.224512" lon="120.154030">
				<speed>0.952160</speed>
				<ele>144.000000</ele>
				<time>2025-11-29T06:50:53Z</time>
			</trkpt>
			<trkpt lat="30.224554" lon="120.154124">
				<speed>0.682527</speed>
				<ele>144.000000</ele>
				<time>2025-11-29T06:51:02Z</time>
			</trkpt>
			<trkpt lat="30.224618" lon="120.154203">
				<speed>0.867827</speed>
				<ele>145.000000</ele>
				<time>2025-11-29T06:51:11Z</time>
			</trkpt>
			<trkpt lat="30.224671" lon="120.154302">
				<speed>1.119707</speed>
				<ele>148.000000</ele>
				<time>2025-11-29T06:51:22Z</time>
			</trkpt>
			<trkpt lat="30.224730" lon="120.154385">
				<speed>0.925547</speed>
				<ele>148.000000</ele>
				<time>2025-11-29T06:51:31Z</time>
			</trkpt>
			<trkpt lat="30.224798" lon="120.154464">
				<speed>1.286944</speed>
				<ele>147.000000</ele>
				<time>2025-11-29T06:51:38Z</time>
			</trkpt>
			<trkpt lat="30.224883" lon="120.154509">
				<speed>1.296395</speed>
				<ele>147.000000</ele>
				<time>2025-11-29T06:51:47Z</time>
			</trkpt>
			<trkpt lat="30.224968" lon="120.154566">
				<speed>1.274126</speed>
				<ele>148.000000</ele>
				<time>2025-11-29T06:51:54Z</time>
			</trkpt>
			<trkpt lat="30.225052" lon="120.154620">
				<speed>1.305239</speed>
				<ele>146.000000</ele>
				<time>2025-11-29T06:52:02Z</time>
			</trkpt>
			<trkpt lat="30.225124" lon="120.154690">
				<speed>0.942402</speed>
				<ele>146.000000</ele>
				<time>2025-11-29T06:52:10Z</time>
			</trkpt>
			<trkpt lat="30.225179" lon="120.154780">
				<speed>0.943265</speed>
				<ele>143.000000</ele>
				<time>2025-11-29T06:52:19Z</time>
			</trkpt>
			<trkpt lat="30.225266" lon="120.154827">
				<speed>0.781283</speed>
				<ele>142.000000</ele>
				<time>2025-11-29T06:52:30Z</time>
			</trkpt>
			<trkpt lat="30.225363" lon="120.154860">
				<speed>1.034177</speed>
				<ele>140.000000</ele>
				<time>2025-11-29T06:52:40Z</time>
			</trkpt>
			<trkpt lat="30.225448" lon="120.154918">
				<speed>0.806960</speed>
				<ele>139.000000</ele>
				<time>2025-11-29T06:52:50Z</time>
			</trkpt>
			<trkpt lat="30.225538" lon="120.154946">
				<speed>1.461440</speed>
				<ele>138.000000</ele>
				<time>2025-11-29T06:52:58Z</time>
			</trkpt>
			<trkpt lat="30.225629" lon="120.154954">
				<speed>0.716467</speed>
				<ele>137.000000</ele>
				<time>2025-11-29T06:53:05Z</time>
			</trkpt>
			<trkpt lat="30.225717" lon="120.154999">
				<speed>1.385233</speed>
				<ele>138.000000</ele>
				<time>2025-11-29T06:53:14Z</time>
			</trkpt>
			<trkpt lat="30.225804" lon="120.155038">
				<speed>0.961186</speed>
				<ele>137.000000</ele>
				<time>2025-11-29T06:53:22Z</time>
			</trkpt>
			<trkpt lat="30.225892" lon="120.155081">
				<speed>0.880241</speed>
				<ele>137.000000</ele>
				<time>2025-11-29T06:53:33Z</time>
			</trkpt>
			<trkpt lat="30.225994" lon="120.155088">
				<speed>0.715642</speed>
				<ele>136.000000</ele>
				<time>2025-11-29T06:53:45Z</time>
			</trkpt>
			<trkpt lat="30.226076" lon="120.155132">
				<speed>0.757009</speed>
				<ele>131.000000</ele>
				<time>2025-11-29T06:53:55Z</time>
			</trkpt>
			<trkpt lat="30.226168" lon="120.155174">
				<speed>1.103478</speed>
				<ele>132.000000</ele>
				<time>2025-11-29T06:54:05Z</time>
			</trkpt>
			<trkpt lat="30.226266" lon="120.155214">
				<speed>1.590843</speed>
				<ele>132.000000</ele>
				<time>2025-11-29T06:54:14Z</time>
			</trkpt>
			<trkpt lat="30.226359" lon="120.155223">
				<speed>1.517049</speed>
				<ele>132.000000</ele>
				<time>2025-11-29T06:54:20Z</time>
			</trkpt>
			<trkpt lat="30.226448" lon="120.155204">
				<speed>0.938868</speed>
				<ele>133.000000</ele>
				<time>2025-11-29T06:54:31Z</time>
			</trkpt>
			<trkpt lat="30.226545" lon="120.155195">
				<speed>1.061481</speed>
				<ele>133.000000</ele>
				<time>2025-11-29T06:54:38Z</time>
			</trkpt>
			<trkpt lat="30.226636" lon="120.155145">
				<speed>0.947486</speed>
				<ele>134.000000</ele>
				<time>2025-11-29T06:54:44Z</time>
			</trkpt>
			<trkpt lat="30.226731" lon="120.155137">
				<speed>0.952012</speed>
				<ele>133.000000</ele>
				<time>2025-11-29T06:54:51Z</time>
			</trkpt>
			<trkpt lat="30.226822" lon="120.155144">
				<speed>0.859786</speed>
				<ele>131.000000</ele>
				<time>2025-11-29T06:54:57Z</time>
			</trkpt>
			<trkpt lat="30.226918" lon="120.155135">
				<speed>0.962922</speed>
				<ele>130.000000</ele>
				<time>2025-11-29T06:55:05Z</time>
			</trkpt>
			<trkpt lat="30.227012" lon="120.155134">
				<speed>0.921891</speed>
				<ele>129.000000</ele>
				<time>2025-11-29T06:55:13Z</time>
			</trkpt>
			<trkpt lat="30.227101" lon="120.155118">
				<speed>1.042461</speed>
				<ele>129.000000</ele>
				<time>2025-11-29T06:55:20Z</time>
			</trkpt>
			<trkpt lat="30.227201" lon="120.155095">
				<speed>1.188103</speed>
				<ele>128.000000</ele>
				<time>2025-11-29T06:55:29Z</time>
			</trkpt>
			<trkpt lat="30.227285" lon="120.155041">
				<speed>0.876710</speed>
				<ele>126.000000</ele>
				<time>2025-11-29T06:55:41Z</time>
			</trkpt>
			<trkpt lat="30.227258" lon="120.154935">
				<speed>0.782122</speed>
				<ele>121.000000</ele>
				<time>2025-11-29T06:55:56Z</time>
			</trkpt>
			<trkpt lat="30.227312" lon="120.154849">
				<speed>0.954693</speed>
				<ele>120.000000</ele>
				<time>2025-11-29T06:56:04Z</time>
			</trkpt>
			<trkpt lat="30.227388" lon="120.154787">
				<speed>0.342900</speed>
				<ele>116.000000</ele>
				<time>2025-11-29T06:56:18Z</time>
			</trkpt>
			<trkpt lat="30.227449" lon="120.154696">
				<speed>0.753851</speed>
				<ele>111.000000</ele>
				<time>2025-11-29T06:56:32Z</time>
			</trkpt>
			<trkpt lat="30.227537" lon="120.154644">
				<speed>0.732314</speed>
				<ele>108.000000</ele>
				<time>2025-11-29T06:56:45Z</time>
			</trkpt>
			<trkpt lat="30.227630" lon="120.154626">
				<speed>0.841967</speed>
				<ele>107.000000</ele>
				<time>2025-11-29T06:56:55Z</time>
			</trkpt>
			<trkpt lat="30.227720" lon="120.154600">
				<speed>0.438381</speed>
				<ele>104.000000</ele>
				<time>2025-11-29T06:57:06Z</time>
			</trkpt>
			<trkpt lat="30.227808" lon="120.154560">
				<speed>0.828934</speed>
				<ele>98.000000</ele>
				<time>2025-11-29T06:57:21Z</time>
			</trkpt>
			<trkpt lat="30.227902" lon="120.154520">
				<speed>0.619647</speed>
				<ele>95.000000</ele>
				<time>2025-11-29T06:57:38Z</time>
			</trkpt>
			<trkpt lat="30.227987" lon="120.154479">
				<speed>1.111465</speed>
				<ele>94.000000</ele>
				<time>2025-11-29T06:57:48Z</time>
			</trkpt>
			<trkpt lat="30.228081" lon="120.154501">
				<speed>0.915918</speed>
				<ele>94.000000</ele>
				<time>2025-11-29T06:57:56Z</time>
			</trkpt>
			<trkpt lat="30.228175" lon="120.154507">
				<speed>1.081395</speed>
				<ele>92.000000</ele>
				<time>2025-11-29T06:58:05Z</time>
			</trkpt>
			<trkpt lat="30.228262" lon="120.154461">
				<speed>0.479554</speed>
				<ele>86.000000</ele>
				<time>2025-11-29T06:58:23Z</time>
			</trkpt>
			<trkpt lat="30.228344" lon="120.154416">
				<speed>0.341752</speed>
				<ele>84.000000</ele>
				<time>2025-11-29T06:58:35Z</time>
			</trkpt>
			<trkpt lat="30.228438" lon="120.154408">
				<speed>0.737248</speed>
				<ele>79.000000</ele>
				<time>2025-11-29T06:58:53Z</time>
			</trkpt>
			<trkpt lat="30.228525" lon="120.154459">
				<speed>0.926401</speed>
				<ele>78.000000</ele>
				<time>2025-11-29T06:59:03Z</time>
			</trkpt>
			<trkpt lat="30.228620" lon="120.154497">
				<speed>1.083104</speed>
				<ele>76.000000</ele>
				<time>2025-11-29T06:59:13Z</time>
			</trkpt>
			<trkpt lat="30.228711" lon="120.154518">
				<speed>0.811414</speed>
				<ele>74.000000</ele>
				<time>2025-11-29T06:59:23Z</time>
			</trkpt>
			<trkpt lat="30.228794" lon="120.154580">
				<speed>1.031768</speed>
				<ele>72.000000</ele>
				<time>2025-11-29T06:59:31Z</time>
			</trkpt>
			<trkpt lat="30.228884" lon="120.154611">
				<speed>0.940141</speed>
				<ele>68.000000</ele>
				<time>2025-11-29T06:59:43Z</time>
			</trkpt>
			<trkpt lat="30.228984" lon="120.154597">
				<speed>1.366891</speed>
				<ele>69.000000</ele>
				<time>2025-11-29T06:59:50Z</time>
			</trkpt>
			<trkpt lat="30.229176" lon="120.154775">
				<speed>0.777979</speed>
				<ele>70.000000</ele>
				<time>2025-11-29T07:00:25Z</time>
			</trkpt>
			<trkpt lat="30.229273" lon="120.154763">
				<speed>1.096756</speed>
				<ele>70.000000</ele>
				<time>2025-11-29T07:00:33Z</time>
			</trkpt>
			<trkpt lat="30.229366" lon="120.154732">
				<speed>0.637931</speed>
				<ele>66.000000</ele>
				<time>2025-11-29T07:00:43Z</time>
			</trkpt>
			<trkpt lat="30.229464" lon="120.154726">
				<speed>0.702910</speed>
				<ele>63.000000</ele>
				<time>2025-11-29T07:00:56Z</time>
			</trkpt>
			<trkpt lat="30.229556" lon="120.154714">
				<speed>0.891508</speed>
				<ele>59.000000</ele>
				<time>2025-11-29T07:01:08Z</time>
			</trkpt>
			<trkpt lat="30.229645" lon="120.154738">
				<speed>0.809090</speed>
				<ele>59.000000</ele>
				<time>2025-11-29T07:01:16Z</time>
			</trkpt>
			<trkpt lat="30.229745" lon="120.154751">
				<speed>1.370941</speed>
				<ele>59.000000</ele>
				<time>2025-11-29T07:01:25Z</time>
			</trkpt>
			<trkpt lat="30.229837" lon="120.154792">
				<speed>1.071632</speed>
				<ele>62.000000</ele>
				<time>2025-11-29T07:01:35Z</time>
			</trkpt>
			<trkpt lat="30.229935" lon="120.154797">
				<speed>1.056543</speed>
				<ele>64.000000</ele>
				<time>2025-11-29T07:01:43Z</time>
			</trkpt>
			<trkpt lat="30.230031" lon="120.154763">
				<speed>1.142558</speed>
				<ele>64.000000</ele>
				<time>2025-11-29T07:01:50Z</time>
			</trkpt>
			<trkpt lat="30.230127" lon="120.154776">
				<speed>0.862800</speed>
				<ele>66.000000</ele>
				<time>2025-11-29T07:02:02Z</time>
			</trkpt>
			<trkpt lat="30.230217" lon="120.154747">
				<speed>1.097673</speed>
				<ele>65.000000</ele>
				<time>2025-11-29T07:02:10Z</time>
			</trkpt>
			<trkpt lat="30.230301" lon="120.154688">
				<speed>1.144414</speed>
				<ele>65.000000</ele>
				<time>2025-11-29T07:02:19Z</time>
			</trkpt>
			<trkpt lat="30.230392" lon="120.154679">
				<speed>0.601654</speed>
				<ele>63.000000</ele>
				<time>2025-11-29T07:02:28Z</time>
			</trkpt>
			<trkpt lat="30.230481" lon="120.154616">
				<speed>0.948408</speed>
				<ele>62.000000</ele>
				<time>2025-11-29T07:02:38Z</time>
			</trkpt>
			<trkpt lat="30.230578" lon="120.154629">
				<speed>0.941486</speed>
				<ele>61.000000</ele>
				<time>2025-11-29T07:02:49Z</time>
			</trkpt>
			<trkpt lat="30.230679" lon="120.154597">
				<speed>1.176188</speed>
				<ele>60.000000</ele>
				<time>2025-11-29T07:02:58Z</time>
			</trkpt>
			<trkpt lat="30.230775" lon="120.154600">
				<speed>0.600242</speed>
				<ele>56.000000</ele>
				<time>2025-11-29T07:03:09Z</time>
			</trkpt>
			<trkpt lat="30.230854" lon="120.154665">
				<speed>0.672707</speed>
				<ele>50.000000</ele>
				<time>2025-11-29T07:03:23Z</time>
			</trkpt>
			<trkpt lat="30.230924" lon="120.154736">
				<speed>0.902460</speed>
				<ele>43.000000</ele>
				<time>2025-11-29T07:03:36Z</time>
			</trkpt>
			<trkpt lat="30.230982" lon="120.154828">
				<speed>1.246313</speed>
				<ele>43.000000</ele>
				<time>2025-11-29T07:03:47Z</time>
			</trkpt>
			<trkpt lat="30.231026" lon="120.154927">
				<speed>1.136805</speed>
				<ele>43.000000</ele>
				<time>2025-11-29T07:03:54Z</time>
			</trkpt>
			<trkpt lat="30.231117" lon="120.154962">
				<speed>0.847109</speed>
				<ele>42.000000</ele>
				<time>2025-11-29T07:04:04Z</time>
			</trkpt>
			<trkpt lat="30.231207" lon="120.154976">
				<speed>1.013033</speed>
				<ele>41.000000</ele>
				<time>2025-11-29T07:04:11Z</time>
			</trkpt>
			<trkpt lat="30.231304" lon="120.154985">
				<speed>1.068732</speed>
				<ele>40.000000</ele>
				<time>2025-11-29T07:04:20Z</time>
			</trkpt>
			<trkpt lat="30.231393" lon="120.155011">
				<speed>1.126435</speed>
				<ele>40.000000</ele>
				<time>2025-11-29T07:04:29Z</time>
			</trkpt>
			<trkpt lat="30.231492" lon="120.155021">
				<speed>1.102945</speed>
				<ele>41.000000</ele>
				<time>2025-11-29T07:04:38Z</time>
			</trkpt>
			<trkpt lat="30.231575" lon="120.154969">
				<speed>1.363101</speed>
				<ele>40.000000</ele>
				<time>2025-11-29T07:04:45Z</time>
			</trkpt>
			<trkpt lat="30.231666" lon="120.154915">
				<speed>1.130509</speed>
				<ele>40.000000</ele>
				<time>2025-11-29T07:04:53Z</time>
			</trkpt>
			<trkpt lat="30.231758" lon="120.154905">
				<speed>1.186304</speed>
				<ele>40.000000</ele>
				<time>2025-11-29T07:05:01Z</time>
			</trkpt>
			<trkpt lat="30.231857" lon="120.154894">
				<speed>1.409441</speed>
				<ele>41.000000</ele>
				<time>2025-11-29T07:05:09Z</time>
			</trkpt>
			<trkpt lat="30.231941" lon="120.154843">
				<speed>0.973130</speed>
				<ele>40.000000</ele>
				<time>2025-11-29T07:05:18Z</time>
			</trkpt>
			<trkpt lat="30.232032" lon="120.154881">
				<speed>1.194156</speed>
				<ele>37.000000</ele>
				<time>2025-11-29T07:05:28Z</time>
			</trkpt>
			<trkpt lat="30.232124" lon="120.154931">
				<speed>1.277963</speed>
				<ele>35.000000</ele>
				<time>2025-11-29T07:05:36Z</time>
			</trkpt>
			<trkpt lat="30.232185" lon="120.155011">
				<speed>1.228916</speed>
				<ele>34.000000</ele>
				<time>2025-11-29T07:05:44Z</time>
			</trkpt>
			<trkpt lat="30.232220" lon="120.155224">
				<speed>1.242701</speed>
				<ele>35.000000</ele>
				<time>2025-11-29T07:10:44Z</time>
			</trkpt>
			<trkpt lat="30.232243" lon="120.155328">
				<speed>1.047130</speed>
				<ele>39.000000</ele>
				<time>2025-11-29T07:10:59Z</time>
			</trkpt>
			<trkpt lat="30.232267" lon="120.155434">
				<speed>0.426988</speed>
				<ele>41.000000</ele>
				<time>2025-11-29T07:11:14Z</time>
			</trkpt>
			<trkpt lat="30.232265" lon="120.155538">
				<speed>0.788996</speed>
				<ele>46.000000</ele>
				<time>2025-11-29T07:11:31Z</time>
			</trkpt>
			<trkpt lat="30.232246" lon="120.155641">
				<speed>0.678665</speed>
				<ele>48.000000</ele>
				<time>2025-11-29T07:11:48Z</time>
			</trkpt>
			<trkpt lat="30.232262" lon="120.155744">
				<speed>0.895792</speed>
				<ele>53.000000</ele>
				<time>2025-11-29T07:11:58Z</time>
			</trkpt>
			<trkpt lat="30.232280" lon="120.155851">
				<speed>0.956601</speed>
				<ele>56.000000</ele>
				<time>2025-11-29T07:12:07Z</time>
			</trkpt>
			<trkpt lat="30.232331" lon="120.155945">
				<speed>1.180799</speed>
				<ele>59.000000</ele>
				<time>2025-11-29T07:12:15Z</time>
			</trkpt>
			<trkpt lat="30.232397" lon="120.156024">
				<speed>1.109690</speed>
				<ele>62.000000</ele>
				<time>2025-11-29T07:12:24Z</time>
			</trkpt>
			<trkpt lat="30.232471" lon="120.156102">
				<speed>1.221695</speed>
				<ele>62.000000</ele>
				<time>2025-11-29T07:12:34Z</time>
			</trkpt>
			<trkpt lat="30.232452" lon="120.156210">
				<speed>1.315190</speed>
				<ele>60.000000</ele>
				<time>2025-11-29T07:12:48Z</time>
			</trkpt>
			<trkpt lat="30.232449" lon="120.156316">
				<speed>0.710627</speed>
				<ele>62.000000</ele>
				<time>2025-11-29T07:13:00Z</time>
			</trkpt>
			<trkpt lat="30.232455" lon="120.156429">
				<speed>0.602747</speed>
				<ele>65.000000</ele>
				<time>2025-11-29T07:13:13Z</time>
			</trkpt>
			<trkpt lat="30.232463" lon="120.156542">
				<speed>0.844802</speed>
				<ele>65.000000</ele>
				<time>2025-11-29T07:13:26Z</time>
			</trkpt>
			<trkpt lat="30.232453" lon="120.156646">
				<speed>0.834210</speed>
				<ele>68.000000</ele>
				<time>2025-11-29T07:13:36Z</time>
			</trkpt>
			<trkpt lat="30.232458" lon="120.156757">
				<speed>0.912409</speed>
				<ele>70.000000</ele>
				<time>2025-11-29T07:13:45Z</time>
			</trkpt>
			<trkpt lat="30.232484" lon="120.156862">
				<speed>1.090077</speed>
				<ele>70.000000</ele>
				<time>2025-11-29T07:13:52Z</time>
			</trkpt>
			<trkpt lat="30.232517" lon="120.156962">
				<speed>0.770207</speed>
				<ele>71.000000</ele>
				<time>2025-11-29T07:14:02Z</time>
			</trkpt>
			<trkpt lat="30.232573" lon="120.157048">
				<speed>1.032588</speed>
				<ele>71.000000</ele>
				<time>2025-11-29T07:14:12Z</time>
			</trkpt>
			<trkpt lat="30.232596" lon="120.157153">
				<speed>1.055449</speed>
				<ele>71.000000</ele>
				<time>2025-11-29T07:14:21Z</time>
			</trkpt>
			<trkpt lat="30.232665" lon="120.157224">
				<speed>0.951712</speed>
				<ele>70.000000</ele>
				<time>2025-11-29T07:14:31Z</time>
			</trkpt>
			<trkpt lat="30.232758" lon="120.157233">
				<speed>1.122587</speed>
				<ele>70.000000</ele>
				<time>2025-11-29T07:14:40Z</time>
			</trkpt>
			<trkpt lat="30.232826" lon="120.157303">
				<speed>0.509994</speed>
				<ele>70.000000</ele>
				<time>2025-11-29T07:14:52Z</time>
			</trkpt>
			<trkpt lat="30.232867" lon="120.157399">
				<speed>0.417499</speed>
				<ele>71.000000</ele>
				<time>2025-11-29T07:15:07Z</time>
			</trkpt>
			<trkpt lat="30.232920" lon="120.157495">
				<speed>0.596581</speed>
				<ele>74.000000</ele>
				<time>2025-11-29T07:15:20Z</time>
			</trkpt>
			<trkpt lat="30.232947" lon="120.157598">
				<speed>0.534587</speed>
				<ele>75.000000</ele>
				<time>2025-11-29T07:15:33Z</time>
			</trkpt>
			<trkpt lat="30.232946" lon="120.157705">
				<speed>0.874716</speed>
				<ele>77.000000</ele>
				<time>2025-11-29T07:15:46Z</time>
			</trkpt>
			<trkpt lat="30.232964" lon="120.157818">
				<speed>1.013728</speed>
				<ele>80.000000</ele>
				<time>2025-11-29T07:15:59Z</time>
			</trkpt>
			<trkpt lat="30.233007" lon="120.157917">
				<speed>0.810761</speed>
				<ele>80.000000</ele>
				<time>2025-11-29T07:16:10Z</time>
			</trkpt>
			<trkpt lat="30.233095" lon="120.157961">
				<speed>0.957416</speed>
				<ele>81.000000</ele>
				<time>2025-11-29T07:16:22Z</time>
			</trkpt>
			<trkpt lat="30.233191" lon="120.157951">
				<speed>0.603617</speed>
				<ele>82.000000</ele>
				<time>2025-11-29T07:16:36Z</time>
			</trkpt>
			<trkpt lat="30.233284" lon="120.157946">
				<speed>0.913801</speed>
				<ele>81.000000</ele>
				<time>2025-11-29T07:16:49Z</time>
			</trkpt>
			<trkpt lat="30.233374" lon="120.157932">
				<speed>0.904700</speed>
				<ele>83.000000</ele>
				<time>2025-11-29T07:17:04Z</time>
			</trkpt>
			<trkpt lat="30.233466" lon="120.157925">
				<speed>0.758785</speed>
				<ele>83.000000</ele>
				<time>2025-11-29T07:17:21Z</time>
			</trkpt>
			<trkpt lat="30.233557" lon="120.157936">
				<speed>0.363660</speed>
				<ele>83.000000</ele>
				<time>2025-11-29T07:17:35Z</time>
			</trkpt>
			<trkpt lat="30.233629" lon="120.158001">
				<speed>0.803502</speed>
				<ele>84.000000</ele>
				<time>2025-11-29T07:17:48Z</time>
			</trkpt>
			<trkpt lat="30.233696" lon="120.158073">
				<speed>1.072249</speed>
				<ele>83.000000</ele>
				<time>2025-11-29T07:18:00Z</time>
			</trkpt>
			<trkpt lat="30.233788" lon="120.158096">
				<speed>1.042207</speed>
				<ele>85.000000</ele>
				<time>2025-11-29T07:18:10Z</time>
			</trkpt>
			<trkpt lat="30.233872" lon="120.158143">
				<speed>1.003710</speed>
				<ele>86.000000</ele>
				<time>2025-11-29T07:18:21Z</time>
			</trkpt>
			<trkpt lat="30.233933" lon="120.158234">
				<speed>0.909635</speed>
				<ele>87.000000</ele>
				<time>2025-11-29T07:18:31Z</time>
			</trkpt>
			<trkpt lat="30.233912" lon="120.158349">
				<speed>1.308251</speed>
				<ele>88.000000</ele>
				<time>2025-11-29T07:18:40Z</time>
			</trkpt>
			<trkpt lat="30.233898" lon="120.158459">
				<speed>0.843096</speed>
				<ele>89.000000</ele>
				<time>2025-11-29T07:18:49Z</time>
			</trkpt>
			<trkpt lat="30.233883" lon="120.158574">
				<speed>1.369682</speed>
				<ele>90.000000</ele>
				<time>2025-11-29T07:18:56Z</time>
			</trkpt>
			<trkpt lat="30.233857" lon="120.158682">
				<speed>1.274758</speed>
				<ele>89.000000</ele>
				<time>2025-11-29T07:19:04Z</time>
			</trkpt>
			<trkpt lat="30.233837" lon="120.158791">
				<speed>1.219374</speed>
				<ele>90.000000</ele>
				<time>2025-11-29T07:19:13Z</time>
			</trkpt>
			<trkpt lat="30.233932" lon="120.158831">
				<speed>1.402596</speed>
				<ele>90.000000</ele>
				<time>2025-11-29T07:19:22Z</time>
			</trkpt>
			<trkpt lat="30.234023" lon="120.158855">
				<speed>0.600793</speed>
				<ele>89.000000</ele>
				<time>2025-11-29T07:19:32Z</time>
			</trkpt>
			<trkpt lat="30.234111" lon="120.158918">
				<speed>1.019478</speed>
				<ele>89.000000</ele>
				<time>2025-11-29T07:19:41Z</time>
			</trkpt>
			<trkpt lat="30.234199" lon="120.158943">
				<speed>0.642159</speed>
				<ele>85.000000</ele>
				<time>2025-11-29T07:19:51Z</time>
			</trkpt>
			<trkpt lat="30.234280" lon="120.158991">
				<speed>0.764313</speed>
				<ele>81.000000</ele>
				<time>2025-11-29T07:20:02Z</time>
			</trkpt>
			<trkpt lat="30.234360" lon="120.159045">
				<speed>0.487739</speed>
				<ele>78.000000</ele>
				<time>2025-11-29T07:20:13Z</time>
			</trkpt>
			<trkpt lat="30.234435" lon="120.159107">
				<speed>0.857413</speed>
				<ele>75.000000</ele>
				<time>2025-11-29T07:20:24Z</time>
			</trkpt>
			<trkpt lat="30.234505" lon="120.159177">
				<speed>1.061435</speed>
				<ele>73.000000</ele>
				<time>2025-11-29T07:20:33Z</time>
			</trkpt>
			<trkpt lat="30.234572" lon="120.159260">
				<speed>0.294315</speed>
				<ele>71.000000</ele>
				<time>2025-11-29T07:20:47Z</time>
			</trkpt>
			<trkpt lat="30.234656" lon="120.159306">
				<speed>1.021647</speed>
				<ele>70.000000</ele>
				<time>2025-11-29T07:21:05Z</time>
			</trkpt>
			<trkpt lat="30.234752" lon="120.159336">
				<speed>0.905493</speed>
				<ele>68.000000</ele>
				<time>2025-11-29T07:21:16Z</time>
			</trkpt>
			<trkpt lat="30.234822" lon="120.159414">
				<speed>0.633083</speed>
				<ele>67.000000</ele>
				<time>2025-11-29T07:21:27Z</time>
			</trkpt>
			<trkpt lat="30.234900" lon="120.159493">
				<speed>1.256540</speed>
				<ele>65.000000</ele>
				<time>2025-11-29T07:21:34Z</time>
			</trkpt>
			<trkpt lat="30.234963" lon="120.159579">
				<speed>0.965912</speed>
				<ele>64.000000</ele>
				<time>2025-11-29T07:21:43Z</time>
			</trkpt>
			<trkpt lat="30.235035" lon="120.159653">
				<speed>1.107658</speed>
				<ele>63.000000</ele>
				<time>2025-11-29T07:21:50Z</time>
			</trkpt>
			<trkpt lat="30.235101" lon="120.159742">
				<speed>1.376547</speed>
				<ele>64.000000</ele>
				<time>2025-11-29T07:21:59Z</time>
			</trkpt>
			<trkpt lat="30.235171" lon="120.159808">
				<speed>1.106135</speed>
				<ele>64.000000</ele>
				<time>2025-11-29T07:22:08Z</time>
			</trkpt>
			<trkpt lat="30.235257" lon="120.159847">
				<speed>1.176278</speed>
				<ele>64.000000</ele>
				<time>2025-11-29T07:22:15Z</time>
			</trkpt>
			<trkpt lat="30.235325" lon="120.159919">
				<speed>0.944515</speed>
				<ele>64.000000</ele>
				<time>2025-11-29T07:22:24Z</time>
			</trkpt>
			<trkpt lat="30.235396" lon="120.159995">
				<speed>0.982636</speed>
				<ele>65.000000</ele>
				<time>2025-11-29T07:22:34Z</time>
			</trkpt>
			<trkpt lat="30.235452" lon="120.160084">
				<speed>0.972412</speed>
				<ele>66.000000</ele>
				<time>2025-11-29T07:22:44Z</time>
			</trkpt>
			<trkpt lat="30.235511" lon="120.160165">
				<speed>0.976684</speed>
				<ele>67.000000</ele>
				<time>2025-11-29T07:22:53Z</time>
			</trkpt>
			<trkpt lat="30.235553" lon="120.160265">
				<speed>0.820771</speed>
				<ele>69.000000</ele>
				<time>2025-11-29T07:23:05Z</time>
			</trkpt>
			<trkpt lat="30.235614" lon="120.160342">
				<speed>1.487607</speed>
				<ele>73.000000</ele>
				<time>2025-11-29T07:23:14Z</time>
			</trkpt>
			<trkpt lat="30.235696" lon="120.160393">
				<speed>0.966787</speed>
				<ele>74.000000</ele>
				<time>2025-11-29T07:23:23Z</time>
			</trkpt>
			<trkpt lat="30.235775" lon="120.160453">
				<speed>1.064529</speed>
				<ele>76.000000</ele>
				<time>2025-11-29T07:23:32Z</time>
			</trkpt>
			<trkpt lat="30.235850" lon="120.160523">
				<speed>1.226048</speed>
				<ele>79.000000</ele>
				<time>2025-11-29T07:23:40Z</time>
			</trkpt>
			<trkpt lat="30.235929" lon="120.160586">
				<speed>0.806249</speed>
				<ele>79.000000</ele>
				<time>2025-11-29T07:23:49Z</time>
			</trkpt>
			<trkpt lat="30.236025" lon="120.160609">
				<speed>1.099294</speed>
				<ele>78.000000</ele>
				<time>2025-11-29T07:24:00Z</time>
			</trkpt>
			<trkpt lat="30.236124" lon="120.160613">
				<speed>0.842033</speed>
				<ele>78.000000</ele>
				<time>2025-11-29T07:24:11Z</time>
			</trkpt>
			<trkpt lat="30.236216" lon="120.160647">
				<speed>1.025973</speed>
				<ele>79.000000</ele>
				<time>2025-11-29T07:24:25Z</time>
			</trkpt>
			<trkpt lat="30.236296" lon="120.160702">
				<speed>0.887537</speed>
				<ele>78.000000</ele>
				<time>2025-11-29T07:24:37Z</time>
			</trkpt>
			<trkpt lat="30.236386" lon="120.160689">
				<speed>0.481879</speed>
				<ele>78.000000</ele>
				<time>2025-11-29T07:25:00Z</time>
			</trkpt>
			<trkpt lat="30.236460" lon="120.160751">
				<speed>0.836846</speed>
				<ele>78.000000</ele>
				<time>2025-11-29T07:25:59Z</time>
			</trkpt>
			<trkpt lat="30.236556" lon="120.160756">
				<speed>1.259829</speed>
				<ele>77.000000</ele>
				<time>2025-11-29T07:26:08Z</time>
			</trkpt>
			<trkpt lat="30.236644" lon="120.160732">
				<speed>1.128661</speed>
				<ele>77.000000</ele>
				<time>2025-11-29T07:26:16Z</time>
			</trkpt>
			<trkpt lat="30.236731" lon="120.160696">
				<speed>1.055878</speed>
				<ele>76.000000</ele>
				<time>2025-11-29T07:26:35Z</time>
			</trkpt>
			<trkpt lat="30.236794" lon="120.160620">
				<speed>0.930987</speed>
				<ele>74.000000</ele>
				<time>2025-11-29T07:26:50Z</time>
			</trkpt>
			<trkpt lat="30.236872" lon="120.160559">
				<speed>0.998872</speed>
				<ele>73.000000</ele>
				<time>2025-11-29T07:26:58Z</time>
			</trkpt>
			<trkpt lat="30.236950" lon="120.160495">
				<speed>0.916059</speed>
				<ele>71.000000</ele>
				<time>2025-11-29T07:27:08Z</time>
			</trkpt>
			<trkpt lat="30.237028" lon="120.160430">
				<speed>1.015338</speed>
				<ele>71.000000</ele>
				<time>2025-11-29T07:27:16Z</time>
			</trkpt>
			<trkpt lat="30.237120" lon="120.160370">
				<speed>1.646178</speed>
				<ele>69.000000</ele>
				<time>2025-11-29T07:27:25Z</time>
			</trkpt>
			<trkpt lat="30.237209" lon="120.160322">
				<speed>1.369428</speed>
				<ele>67.000000</ele>
				<time>2025-11-29T07:27:35Z</time>
			</trkpt>
			<trkpt lat="30.237282" lon="120.160257">
				<speed>0.970212</speed>
				<ele>66.000000</ele>
				<time>2025-11-29T07:27:42Z</time>
			</trkpt>
			<trkpt lat="30.237384" lon="120.160273">
				<speed>1.592842</speed>
				<ele>64.000000</ele>
				<time>2025-11-29T07:27:50Z</time>
			</trkpt>
			<trkpt lat="30.237478" lon="120.160315">
				<speed>1.207865</speed>
				<ele>61.000000</ele>
				<time>2025-11-29T07:28:02Z</time>
			</trkpt>
			<trkpt lat="30.237559" lon="120.160381">
				<speed>1.267221</speed>
				<ele>60.000000</ele>
				<time>2025-11-29T07:28:12Z</time>
			</trkpt>
			<trkpt lat="30.237637" lon="120.160439">
				<speed>1.098532</speed>
				<ele>59.000000</ele>
				<time>2025-11-29T07:28:21Z</time>
			</trkpt>
			<trkpt lat="30.237720" lon="120.160510">
				<speed>1.672202</speed>
				<ele>59.000000</ele>
				<time>2025-11-29T07:28:31Z</time>
			</trkpt>
			<trkpt lat="30.237811" lon="120.160562">
				<speed>1.460857</speed>
				<ele>60.000000</ele>
				<time>2025-11-29T07:28:42Z</time>
			</trkpt>
			<trkpt lat="30.237909" lon="120.160528">
				<speed>1.328916</speed>
				<ele>59.000000</ele>
				<time>2025-11-29T07:28:50Z</time>
			</trkpt>
			<trkpt lat="30.237998" lon="120.160500">
				<speed>1.013597</speed>
				<ele>60.000000</ele>
				<time>2025-11-29T07:28:58Z</time>
			</trkpt>
			<trkpt lat="30.238101" lon="120.160499">
				<speed>1.182313</speed>
				<ele>62.000000</ele>
				<time>2025-11-29T07:29:07Z</time>
			</trkpt>
			<trkpt lat="30.238193" lon="120.160516">
				<speed>1.239894</speed>
				<ele>62.000000</ele>
				<time>2025-11-29T07:29:15Z</time>
			</trkpt>
			<trkpt lat="30.238298" lon="120.160544">
				<speed>1.185568</speed>
				<ele>62.000000</ele>
				<time>2025-11-29T07:29:22Z</time>
			</trkpt>
			<trkpt lat="30.238379" lon="120.160613">
				<speed>1.022167</speed>
				<ele>60.000000</ele>
				<time>2025-11-29T07:29:33Z</time>
			</trkpt>
			<trkpt lat="30.238463" lon="120.160658">
				<speed>0.425669</speed>
				<ele>60.000000</ele>
				<time>2025-11-29T07:29:43Z</time>
			</trkpt>
			<trkpt lat="30.238549" lon="120.160698">
				<speed>1.009398</speed>
				<ele>60.000000</ele>
				<time>2025-11-29T07:29:53Z</time>
			</trkpt>
			<trkpt lat="30.238638" lon="120.160745">
				<speed>1.179573</speed>
				<ele>60.000000</ele>
				<time>2025-11-29T07:30:03Z</time>
			</trkpt>
			<trkpt lat="30.238735" lon="120.160779">
				<speed>1.123110</speed>
				<ele>59.000000</ele>
				<time>2025-11-29T07:30:13Z</time>
			</trkpt>
			<trkpt lat="30.238825" lon="120.160816">
				<speed>0.844197</speed>
				<ele>61.000000</ele>
				<time>2025-11-29T07:30:21Z</time>
			</trkpt>
			<trkpt lat="30.238913" lon="120.160854">
				<speed>0.918879</speed>
				<ele>59.000000</ele>
				<time>2025-11-29T07:30:30Z</time>
			</trkpt>
			<trkpt lat="30.238995" lon="120.160900">
				<speed>1.411641</speed>
				<ele>59.000000</ele>
				<time>2025-11-29T07:30:38Z</time>
			</trkpt>
			<trkpt lat="30.239089" lon="120.160891">
				<speed>1.567271</speed>
				<ele>60.000000</ele>
				<time>2025-11-29T07:30:48Z</time>
			</trkpt>
			<trkpt lat="30.239155" lon="120.160806">
				<speed>1.117370</speed>
				<ele>61.000000</ele>
				<time>2025-11-29T07:30:55Z</time>
			</trkpt>
			<trkpt lat="30.239266" lon="120.160505">
				<speed>0.979451</speed>
				<ele>62.000000</ele>
				<time>2025-11-29T07:32:26Z</time>
			</trkpt>
			<trkpt lat="30.239317" lon="120.160415">
				<speed>0.901766</speed>
				<ele>60.000000</ele>
				<time>2025-11-29T07:32:37Z</time>
			</trkpt>
			<trkpt lat="30.239371" lon="120.160325">
				<speed>1.032164</speed>
				<ele>60.000000</ele>
				<time>2025-11-29T07:32:48Z</time>
			</trkpt>
			<trkpt lat="30.239442" lon="120.160245">
				<speed>1.061663</speed>
				<ele>59.000000</ele>
				<time>2025-11-29T07:32:58Z</time>
			</trkpt>
			<trkpt lat="30.239499" lon="120.160152">
				<speed>0.974906</speed>
				<ele>58.000000</ele>
				<time>2025-11-29T07:33:10Z</time>
			</trkpt>
			<trkpt lat="30.239576" lon="120.160087">
				<speed>1.188292</speed>
				<ele>57.000000</ele>
				<time>2025-11-29T07:33:19Z</time>
			</trkpt>
			<trkpt lat="30.239621" lon="120.159985">
				<speed>1.076200</speed>
				<ele>55.000000</ele>
				<time>2025-11-29T07:33:28Z</time>
			</trkpt>
			<trkpt lat="30.239882" lon="120.160000">
				<speed>1.128727</speed>
				<ele>49.000000</ele>
				<time>2025-11-29T07:33:53Z</time>
			</trkpt>
			<trkpt lat="30.239946" lon="120.160078">
				<speed>0.913506</speed>
				<ele>47.000000</ele>
				<time>2025-11-29T07:34:01Z</time>
			</trkpt>
			<trkpt lat="30.239976" lon="120.160179">
				<speed>1.351476</speed>
				<ele>47.000000</ele>
				<time>2025-11-29T07:34:08Z</time>
			</trkpt>
			<trkpt lat="30.240025" lon="120.160281">
				<speed>1.201602</speed>
				<ele>46.000000</ele>
				<time>2025-11-29T07:34:16Z</time>
			</trkpt>
			<trkpt lat="30.240065" lon="120.160380">
				<speed>1.366958</speed>
				<ele>46.000000</ele>
				<time>2025-11-29T07:34:23Z</time>
			</trkpt>
			<trkpt lat="30.240061" lon="120.160496">
				<speed>1.202058</speed>
				<ele>46.000000</ele>
				<time>2025-11-29T07:34:31Z</time>
			</trkpt>
			<trkpt lat="30.240022" lon="120.160602">
				<speed>1.286635</speed>
				<ele>46.000000</ele>
				<time>2025-11-29T07:34:39Z</time>
			</trkpt>
			<trkpt lat="30.239983" lon="120.160709">
				<speed>1.622495</speed>
				<ele>47.000000</ele>
				<time>2025-11-29T07:34:46Z</time>
			</trkpt>
			<trkpt lat="30.239970" lon="120.160813">
				<speed>1.600090</speed>
				<ele>48.000000</ele>
				<time>2025-11-29T07:34:53Z</time>
			</trkpt>
			<trkpt lat="30.240013" lon="120.160917">
				<speed>1.616432</speed>
				<ele>47.000000</ele>
				<time>2025-11-29T07:35:00Z</time>
			</trkpt>
			<trkpt lat="30.240107" lon="120.160961">
				<speed>1.573933</speed>
				<ele>46.000000</ele>
				<time>2025-11-29T07:35:08Z</time>
			</trkpt>
			<trkpt lat="30.240188" lon="120.161006">
				<speed>0.612857</speed>
				<ele>43.000000</ele>
				<time>2025-11-29T07:35:24Z</time>
			</trkpt>
			<trkpt lat="30.240258" lon="120.161079">
				<speed>0.879996</speed>
				<ele>42.000000</ele>
				<time>2025-11-29T07:35:37Z</time>
			</trkpt>
			<trkpt lat="30.240340" lon="120.161121">
				<speed>1.008609</speed>
				<ele>41.000000</ele>
				<time>2025-11-29T07:35:49Z</time>
			</trkpt>
			<trkpt lat="30.240434" lon="120.161156">
				<speed>1.181208</speed>
				<ele>40.000000</ele>
				<time>2025-11-29T07:35:58Z</time>
			</trkpt>
			<trkpt lat="30.240525" lon="120.161137">
				<speed>1.295942</speed>
				<ele>39.000000</ele>
				<time>2025-11-29T07:36:08Z</time>
			</trkpt>
			<trkpt lat="30.240614" lon="120.161094">
				<speed>1.294957</speed>
				<ele>39.000000</ele>
				<time>2025-11-29T07:36:17Z</time>
			</trkpt>
			<trkpt lat="30.240706" lon="120.161084">
				<speed>1.258042</speed>
				<ele>37.000000</ele>
				<time>2025-11-29T07:36:25Z</time>
			</trkpt>
			<trkpt lat="30.240811" lon="120.161108">
				<speed>1.427133</speed>
				<ele>35.000000</ele>
				<time>2025-11-29T07:36:33Z</time>
			</trkpt>
			<trkpt lat="30.240910" lon="120.161078">
				<speed>1.470061</speed>
				<ele>35.000000</ele>
				<time>2025-11-29T07:36:41Z</time>
			</trkpt>
			<trkpt lat="30.241006" lon="120.161056">
				<speed>1.544844</speed>
				<ele>33.000000</ele>
				<time>2025-11-29T07:36:48Z</time>
			</trkpt>
			<trkpt lat="30.241093" lon="120.161022">
				<speed>1.496117</speed>
				<ele>33.000000</ele>
				<time>2025-11-29T07:36:56Z</time>
			</trkpt>
			<trkpt lat="30.241194" lon="120.160992">
				<speed>1.637343</speed>
				<ele>32.000000</ele>
				<time>2025-11-29T07:37:05Z</time>
			</trkpt>
			<trkpt lat="30.241287" lon="120.160997">
				<speed>1.543214</speed>
				<ele>31.000000</ele>
				<time>2025-11-29T07:37:13Z</time>
			</trkpt>
			<trkpt lat="30.241386" lon="120.160983">
				<speed>1.556931</speed>
				<ele>31.000000</ele>
				<time>2025-11-29T07:37:22Z</time>
			</trkpt>
			<trkpt lat="30.241486" lon="120.160960">
				<speed>1.359084</speed>
				<ele>31.000000</ele>
				<time>2025-11-29T07:37:31Z</time>
			</trkpt>
			<trkpt lat="30.241586" lon="120.160963">
				<speed>1.627674</speed>
				<ele>30.000000</ele>
				<time>2025-11-29T07:37:38Z</time>
			</trkpt>
		</trkseg>
	</trk>
	<extensions>
		<name>2025-11-29 08:06:04</name>
		<TrackTypeId>8</TrackTypeId>
		<SportType>18</SportType>
		<TrackTags><![CDATA[徒步]]></TrackTags>
		<BeginTime>1764374764000</BeginTime>
		<EndTime>1764401899755</EndTime>
		<PauseTime>6</PauseTime>
		<StartDistrictId>0</StartDistrictId>
		<EndDistrictId>0</EndDistrictId>
		<CreaterId>56392261</CreaterId>
		<CreaterName><![CDATA[Andy 的游历]]></CreaterName>
		<OriginCreaterId>56392261</OriginCreaterId>
		<OriginCreaterName><![CDATA[Andy 的游历]]></OriginCreaterName>
		<Distance>24161.645513</Distance>
		<ElevationGain>1455.240000</ElevationGain>
		<ElevationLoss>1450.680000</ElevationLoss>
		<SportAvgSpeed>0.890622</SportAvgSpeed>
	</extensions>
</gpx>
