<?xml version="1.0" encoding="UTF-8"?>
<gpx xmlns="http://www.topografix.com/GPX/1/1" version="1.1" creator="GPSBabel - http://www.gpsbabel.org">
	<metadata>
		<author>
			<name><![CDATA[Andy 的游历]]></name>
		</author>
	</metadata>
	<trk>
		<trkseg>
			<trkpt lat="39.054672" lon="113.657342">
				<speed>1.288289</speed>
				<ele>2540.000000</ele>
				<time>2025-09-28T20:44:44Z</time>
			</trkpt>
			<trkpt lat="39.054601" lon="113.657425">
				<speed>1.493547</speed>
				<ele>2540.000000</ele>
				<time>2025-09-28T20:44:51Z</time>
			</trkpt>
			<trkpt lat="39.054534" lon="113.657508">
				<speed>1.116395</speed>
				<ele>2536.000000</ele>
				<time>2025-09-28T20:45:00Z</time>
			</trkpt>
			<trkpt lat="39.054454" lon="113.657580">
				<speed>1.278310</speed>
				<ele>2539.000000</ele>
				<time>2025-09-28T20:45:08Z</time>
			</trkpt>
			<trkpt lat="39.054372" lon="113.657648">
				<speed>1.066454</speed>
				<ele>2539.000000</ele>
				<time>2025-09-28T20:45:15Z</time>
			</trkpt>
			<trkpt lat="39.054283" lon="113.657701">
				<speed>1.474082</speed>
				<ele>2539.000000</ele>
				<time>2025-09-28T20:45:22Z</time>
			</trkpt>
			<trkpt lat="39.054195" lon="113.657748">
				<speed>1.119061</speed>
				<ele>2540.000000</ele>
				<time>2025-09-28T20:45:30Z</time>
			</trkpt>
			<trkpt lat="39.054102" lon="113.657793">
				<speed>1.479880</speed>
				<ele>2541.000000</ele>
				<time>2025-09-28T20:45:38Z</time>
			</trkpt>
			<trkpt lat="39.054016" lon="113.657841">
				<speed>1.510228</speed>
				<ele>2542.000000</ele>
				<time>2025-09-28T20:45:45Z</time>
			</trkpt>
			<trkpt lat="39.053929" lon="113.657892">
				<speed>1.207769</speed>
				<ele>2541.000000</ele>
				<time>2025-09-28T20:45:53Z</time>
			</trkpt>
			<trkpt lat="39.053833" lon="113.657947">
				<speed>1.773924</speed>
				<ele>2540.000000</ele>
				<time>2025-09-28T20:46:00Z</time>
			</trkpt>
			<trkpt lat="39.053747" lon="113.657984">
				<speed>1.334124</speed>
				<ele>2539.000000</ele>
				<time>2025-09-28T20:46:09Z</time>
			</trkpt>
			<trkpt lat="39.053660" lon="113.658043">
				<speed>1.338650</speed>
				<ele>2538.000000</ele>
				<time>2025-09-28T20:46:17Z</time>
			</trkpt>
			<trkpt lat="39.053578" lon="113.658109">
				<speed>1.295157</speed>
				<ele>2539.000000</ele>
				<time>2025-09-28T20:46:25Z</time>
			</trkpt>
			<trkpt lat="39.053497" lon="113.658166">
				<speed>1.263708</speed>
				<ele>2540.000000</ele>
				<time>2025-09-28T20:46:33Z</time>
			</trkpt>
			<trkpt lat="39.053409" lon="113.658221">
				<speed>1.072132</speed>
				<ele>2541.000000</ele>
				<time>2025-09-28T20:46:43Z</time>
			</trkpt>
			<trkpt lat="39.053320" lon="113.658282">
				<speed>1.338852</speed>
				<ele>2542.000000</ele>
				<time>2025-09-28T20:46:52Z</time>
			</trkpt>
			<trkpt lat="39.053232" lon="113.658325">
				<speed>1.110076</speed>
				<ele>2544.000000</ele>
				<time>2025-09-28T20:47:01Z</time>
			</trkpt>
			<trkpt lat="39.053142" lon="113.658358">
				<speed>1.003912</speed>
				<ele>2545.000000</ele>
				<time>2025-09-28T20:47:10Z</time>
			</trkpt>
			<trkpt lat="39.053054" lon="113.658395">
				<speed>0.937169</speed>
				<ele>2547.000000</ele>
				<time>2025-09-28T20:47:19Z</time>
			</trkpt>
			<trkpt lat="39.052961" lon="113.658437">
				<speed>1.133927</speed>
				<ele>2548.000000</ele>
				<time>2025-09-28T20:47:28Z</time>
			</trkpt>
			<trkpt lat="39.052875" lon="113.658488">
				<speed>1.112750</speed>
				<ele>2550.000000</ele>
				<time>2025-09-28T20:47:37Z</time>
			</trkpt>
			<trkpt lat="39.052787" lon="113.658545">
				<speed>1.130340</speed>
				<ele>2552.000000</ele>
				<time>2025-09-28T20:47:47Z</time>
			</trkpt>
			<trkpt lat="39.052705" lon="113.658607">
				<speed>1.041978</speed>
				<ele>2554.000000</ele>
				<time>2025-09-28T20:47:57Z</time>
			</trkpt>
			<trkpt lat="39.052623" lon="113.658655">
				<speed>0.934373</speed>
				<ele>2555.000000</ele>
				<time>2025-09-28T20:48:06Z</time>
			</trkpt>
			<trkpt lat="39.052538" lon="113.658702">
				<speed>0.901220</speed>
				<ele>2557.000000</ele>
				<time>2025-09-28T20:48:26Z</time>
			</trkpt>
			<trkpt lat="39.052446" lon="113.658745">
				<speed>0.830105</speed>
				<ele>2559.000000</ele>
				<time>2025-09-28T20:48:36Z</time>
			</trkpt>
			<trkpt lat="39.052364" lon="113.658804">
				<speed>0.865335</speed>
				<ele>2561.000000</ele>
				<time>2025-09-28T20:48:47Z</time>
			</trkpt>
			<trkpt lat="39.052281" lon="113.658848">
				<speed>1.086416</speed>
				<ele>2562.000000</ele>
				<time>2025-09-28T20:48:56Z</time>
			</trkpt>
			<trkpt lat="39.052190" lon="113.658884">
				<speed>0.948248</speed>
				<ele>2563.000000</ele>
				<time>2025-09-28T20:49:05Z</time>
			</trkpt>
			<trkpt lat="39.052097" lon="113.658917">
				<speed>1.018034</speed>
				<ele>2564.000000</ele>
				<time>2025-09-28T20:49:15Z</time>
			</trkpt>
			<trkpt lat="39.052008" lon="113.658957">
				<speed>0.989354</speed>
				<ele>2566.000000</ele>
				<time>2025-09-28T20:49:25Z</time>
			</trkpt>
			<trkpt lat="39.051919" lon="113.658993">
				<speed>0.840731</speed>
				<ele>2567.000000</ele>
				<time>2025-09-28T20:49:36Z</time>
			</trkpt>
			<trkpt lat="39.051827" lon="113.659029">
				<speed>0.743287</speed>
				<ele>2567.000000</ele>
				<time>2025-09-28T20:49:48Z</time>
			</trkpt>
			<trkpt lat="39.051740" lon="113.659061">
				<speed>0.776507</speed>
				<ele>2567.000000</ele>
				<time>2025-09-28T20:49:59Z</time>
			</trkpt>
			<trkpt lat="39.051650" lon="113.659094">
				<speed>0.862018</speed>
				<ele>2569.000000</ele>
				<time>2025-09-28T20:50:10Z</time>
			</trkpt>
			<trkpt lat="39.051554" lon="113.659133">
				<speed>1.010947</speed>
				<ele>2571.000000</ele>
				<time>2025-09-28T20:50:20Z</time>
			</trkpt>
			<trkpt lat="39.051467" lon="113.659193">
				<speed>1.170783</speed>
				<ele>2574.000000</ele>
				<time>2025-09-28T20:50:31Z</time>
			</trkpt>
			<trkpt lat="39.051395" lon="113.659264">
				<speed>0.748967</speed>
				<ele>2575.000000</ele>
				<time>2025-09-28T20:50:43Z</time>
			</trkpt>
			<trkpt lat="39.051320" lon="113.659340">
				<speed>0.751050</speed>
				<ele>2577.000000</ele>
				<time>2025-09-28T20:50:56Z</time>
			</trkpt>
			<trkpt lat="39.051254" lon="113.659421">
				<speed>0.927432</speed>
				<ele>2577.000000</ele>
				<time>2025-09-28T20:51:07Z</time>
			</trkpt>
			<trkpt lat="39.051189" lon="113.659512">
				<speed>0.660926</speed>
				<ele>2579.000000</ele>
				<time>2025-09-28T20:51:32Z</time>
			</trkpt>
			<trkpt lat="39.051142" lon="113.659612">
				<speed>0.632974</speed>
				<ele>2581.000000</ele>
				<time>2025-09-28T20:52:03Z</time>
			</trkpt>
			<trkpt lat="39.051072" lon="113.659697">
				<speed>0.802787</speed>
				<ele>2580.000000</ele>
				<time>2025-09-28T20:52:17Z</time>
			</trkpt>
			<trkpt lat="39.050996" lon="113.659773">
				<speed>0.956833</speed>
				<ele>2584.000000</ele>
				<time>2025-09-28T20:52:30Z</time>
			</trkpt>
			<trkpt lat="39.050924" lon="113.659849">
				<speed>0.953677</speed>
				<ele>2585.000000</ele>
				<time>2025-09-28T20:52:42Z</time>
			</trkpt>
			<trkpt lat="39.050851" lon="113.659924">
				<speed>0.755712</speed>
				<ele>2586.000000</ele>
				<time>2025-09-28T20:52:57Z</time>
			</trkpt>
			<trkpt lat="39.050772" lon="113.659996">
				<speed>0.747593</speed>
				<ele>2588.000000</ele>
				<time>2025-09-28T20:53:13Z</time>
			</trkpt>
			<trkpt lat="39.050703" lon="113.660073">
				<speed>0.514229</speed>
				<ele>2590.000000</ele>
				<time>2025-09-28T20:53:25Z</time>
			</trkpt>
			<trkpt lat="39.050651" lon="113.660171">
				<speed>0.599333</speed>
				<ele>2591.000000</ele>
				<time>2025-09-28T20:53:39Z</time>
			</trkpt>
			<trkpt lat="39.050596" lon="113.660267">
				<speed>0.889803</speed>
				<ele>2594.000000</ele>
				<time>2025-09-28T20:53:51Z</time>
			</trkpt>
			<trkpt lat="39.050550" lon="113.660371">
				<speed>0.859071</speed>
				<ele>2595.000000</ele>
				<time>2025-09-28T20:54:05Z</time>
			</trkpt>
			<trkpt lat="39.050499" lon="113.660478">
				<speed>0.866548</speed>
				<ele>2597.000000</ele>
				<time>2025-09-28T20:54:18Z</time>
			</trkpt>
			<trkpt lat="39.050447" lon="113.660578">
				<speed>1.027893</speed>
				<ele>2598.000000</ele>
				<time>2025-09-28T20:54:29Z</time>
			</trkpt>
			<trkpt lat="39.050401" lon="113.660684">
				<speed>0.870262</speed>
				<ele>2600.000000</ele>
				<time>2025-09-28T20:54:40Z</time>
			</trkpt>
			<trkpt lat="39.050353" lon="113.660791">
				<speed>0.904628</speed>
				<ele>2602.000000</ele>
				<time>2025-09-28T20:54:51Z</time>
			</trkpt>
			<trkpt lat="39.050313" lon="113.660905">
				<speed>0.899727</speed>
				<ele>2603.000000</ele>
				<time>2025-09-28T20:55:03Z</time>
			</trkpt>
			<trkpt lat="39.050265" lon="113.661005">
				<speed>0.859980</speed>
				<ele>2604.000000</ele>
				<time>2025-09-28T20:55:13Z</time>
			</trkpt>
			<trkpt lat="39.050220" lon="113.661115">
				<speed>0.971679</speed>
				<ele>2605.000000</ele>
				<time>2025-09-28T20:55:24Z</time>
			</trkpt>
			<trkpt lat="39.050172" lon="113.661220">
				<speed>1.098080</speed>
				<ele>2605.000000</ele>
				<time>2025-09-28T20:55:34Z</time>
			</trkpt>
			<trkpt lat="39.050131" lon="113.661324">
				<speed>0.975916</speed>
				<ele>2605.000000</ele>
				<time>2025-09-28T20:55:44Z</time>
			</trkpt>
			<trkpt lat="39.050095" lon="113.661445">
				<speed>1.190697</speed>
				<ele>2606.000000</ele>
				<time>2025-09-28T20:55:54Z</time>
			</trkpt>
			<trkpt lat="39.050053" lon="113.661548">
				<speed>0.998964</speed>
				<ele>2608.000000</ele>
				<time>2025-09-28T20:56:04Z</time>
			</trkpt>
			<trkpt lat="39.050024" lon="113.661663">
				<speed>1.111417</speed>
				<ele>2609.000000</ele>
				<time>2025-09-28T20:56:14Z</time>
			</trkpt>
			<trkpt lat="39.049995" lon="113.661774">
				<speed>0.936617</speed>
				<ele>2610.000000</ele>
				<time>2025-09-28T20:56:24Z</time>
			</trkpt>
			<trkpt lat="39.049958" lon="113.661891">
				<speed>1.132522</speed>
				<ele>2611.000000</ele>
				<time>2025-09-28T20:56:34Z</time>
			</trkpt>
			<trkpt lat="39.049913" lon="113.661994">
				<speed>0.989062</speed>
				<ele>2612.000000</ele>
				<time>2025-09-28T20:56:44Z</time>
			</trkpt>
			<trkpt lat="39.049879" lon="113.662104">
				<speed>1.070317</speed>
				<ele>2614.000000</ele>
				<time>2025-09-28T20:56:54Z</time>
			</trkpt>
			<trkpt lat="39.049843" lon="113.662214">
				<speed>1.040004</speed>
				<ele>2615.000000</ele>
				<time>2025-09-28T20:57:05Z</time>
			</trkpt>
			<trkpt lat="39.049798" lon="113.662328">
				<speed>1.114299</speed>
				<ele>2617.000000</ele>
				<time>2025-09-28T20:57:15Z</time>
			</trkpt>
			<trkpt lat="39.049760" lon="113.662435">
				<speed>0.988598</speed>
				<ele>2618.000000</ele>
				<time>2025-09-28T20:57:25Z</time>
			</trkpt>
			<trkpt lat="39.049728" lon="113.662548">
				<speed>0.966118</speed>
				<ele>2619.000000</ele>
				<time>2025-09-28T20:57:35Z</time>
			</trkpt>
			<trkpt lat="39.049702" lon="113.662667">
				<speed>0.997387</speed>
				<ele>2621.000000</ele>
				<time>2025-09-28T20:57:44Z</time>
			</trkpt>
			<trkpt lat="39.049610" lon="113.662658">
				<speed>0.716677</speed>
				<ele>2623.000000</ele>
				<time>2025-09-28T20:58:02Z</time>
			</trkpt>
			<trkpt lat="39.049599" lon="113.662537">
				<speed>0.950786</speed>
				<ele>2624.000000</ele>
				<time>2025-09-28T20:58:13Z</time>
			</trkpt>
			<trkpt lat="39.049603" lon="113.662415">
				<speed>0.954360</speed>
				<ele>2625.000000</ele>
				<time>2025-09-28T20:58:24Z</time>
			</trkpt>
			<trkpt lat="39.049586" lon="113.662298">
				<speed>1.076809</speed>
				<ele>2626.000000</ele>
				<time>2025-09-28T20:58:34Z</time>
			</trkpt>
			<trkpt lat="39.049575" lon="113.662173">
				<speed>1.073550</speed>
				<ele>2627.000000</ele>
				<time>2025-09-28T20:58:44Z</time>
			</trkpt>
			<trkpt lat="39.049563" lon="113.662058">
				<speed>1.119352</speed>
				<ele>2628.000000</ele>
				<time>2025-09-28T20:58:53Z</time>
			</trkpt>
			<trkpt lat="39.049553" lon="113.661931">
				<speed>1.126554</speed>
				<ele>2629.000000</ele>
				<time>2025-09-28T20:59:03Z</time>
			</trkpt>
			<trkpt lat="39.049543" lon="113.661815">
				<speed>1.121424</speed>
				<ele>2630.000000</ele>
				<time>2025-09-28T20:59:13Z</time>
			</trkpt>
			<trkpt lat="39.049531" lon="113.661700">
				<speed>1.115425</speed>
				<ele>2631.000000</ele>
				<time>2025-09-28T20:59:22Z</time>
			</trkpt>
			<trkpt lat="39.049523" lon="113.661585">
				<speed>1.059978</speed>
				<ele>2631.000000</ele>
				<time>2025-09-28T20:59:31Z</time>
			</trkpt>
			<trkpt lat="39.049502" lon="113.661471">
				<speed>1.099353</speed>
				<ele>2631.000000</ele>
				<time>2025-09-28T20:59:41Z</time>
			</trkpt>
			<trkpt lat="39.049486" lon="113.661349">
				<speed>1.110560</speed>
				<ele>2633.000000</ele>
				<time>2025-09-28T20:59:50Z</time>
			</trkpt>
			<trkpt lat="39.049457" lon="113.661235">
				<speed>1.073768</speed>
				<ele>2634.000000</ele>
				<time>2025-09-28T20:59:59Z</time>
			</trkpt>
			<trkpt lat="39.049439" lon="113.661112">
				<speed>1.009514</speed>
				<ele>2634.000000</ele>
				<time>2025-09-28T21:00:09Z</time>
			</trkpt>
			<trkpt lat="39.049410" lon="113.660997">
				<speed>1.023223</speed>
				<ele>2635.000000</ele>
				<time>2025-09-28T21:00:19Z</time>
			</trkpt>
			<trkpt lat="39.049368" lon="113.660887">
				<speed>0.986318</speed>
				<ele>2637.000000</ele>
				<time>2025-09-28T21:00:29Z</time>
			</trkpt>
			<trkpt lat="39.049316" lon="113.660786">
				<speed>0.929588</speed>
				<ele>2638.000000</ele>
				<time>2025-09-28T21:00:39Z</time>
			</trkpt>
			<trkpt lat="39.049266" lon="113.660686">
				<speed>1.064409</speed>
				<ele>2639.000000</ele>
				<time>2025-09-28T21:00:49Z</time>
			</trkpt>
			<trkpt lat="39.049219" lon="113.660586">
				<speed>1.082615</speed>
				<ele>2641.000000</ele>
				<time>2025-09-28T21:00:59Z</time>
			</trkpt>
			<trkpt lat="39.049185" lon="113.660469">
				<speed>0.995605</speed>
				<ele>2642.000000</ele>
				<time>2025-09-28T21:01:16Z</time>
			</trkpt>
			<trkpt lat="39.049131" lon="113.660376">
				<speed>1.062842</speed>
				<ele>2643.000000</ele>
				<time>2025-09-28T21:01:26Z</time>
			</trkpt>
			<trkpt lat="39.049091" lon="113.660272">
				<speed>1.055604</speed>
				<ele>2644.000000</ele>
				<time>2025-09-28T21:01:36Z</time>
			</trkpt>
			<trkpt lat="39.049048" lon="113.660168">
				<speed>1.520378</speed>
				<ele>2646.000000</ele>
				<time>2025-09-28T21:01:45Z</time>
			</trkpt>
			<trkpt lat="39.049016" lon="113.660043">
				<speed>1.121086</speed>
				<ele>2646.000000</ele>
				<time>2025-09-28T21:01:55Z</time>
			</trkpt>
			<trkpt lat="39.048973" lon="113.659930">
				<speed>0.973512</speed>
				<ele>2647.000000</ele>
				<time>2025-09-28T21:02:05Z</time>
			</trkpt>
			<trkpt lat="39.048934" lon="113.659821">
				<speed>1.045262</speed>
				<ele>2648.000000</ele>
				<time>2025-09-28T21:02:15Z</time>
			</trkpt>
			<trkpt lat="39.048888" lon="113.659707">
				<speed>1.178470</speed>
				<ele>2648.000000</ele>
				<time>2025-09-28T21:02:25Z</time>
			</trkpt>
			<trkpt lat="39.048841" lon="113.659603">
				<speed>1.221310</speed>
				<ele>2649.000000</ele>
				<time>2025-09-28T21:02:34Z</time>
			</trkpt>
			<trkpt lat="39.048794" lon="113.659496">
				<speed>1.345325</speed>
				<ele>2649.000000</ele>
				<time>2025-09-28T21:02:43Z</time>
			</trkpt>
			<trkpt lat="39.048737" lon="113.659398">
				<speed>1.023363</speed>
				<ele>2650.000000</ele>
				<time>2025-09-28T21:02:53Z</time>
			</trkpt>
			<trkpt lat="39.048639" lon="113.659375">
				<speed>1.226557</speed>
				<ele>2651.000000</ele>
				<time>2025-09-28T21:03:03Z</time>
			</trkpt>
			<trkpt lat="39.048625" lon="113.659495">
				<speed>1.228857</speed>
				<ele>2651.000000</ele>
				<time>2025-09-28T21:03:12Z</time>
			</trkpt>
			<trkpt lat="39.048658" lon="113.659605">
				<speed>1.207851</speed>
				<ele>2652.000000</ele>
				<time>2025-09-28T21:03:20Z</time>
			</trkpt>
			<trkpt lat="39.048684" lon="113.659721">
				<speed>1.083896</speed>
				<ele>2653.000000</ele>
				<time>2025-09-28T21:03:30Z</time>
			</trkpt>
			<trkpt lat="39.048710" lon="113.659841">
				<speed>1.125315</speed>
				<ele>2654.000000</ele>
				<time>2025-09-28T21:03:40Z</time>
			</trkpt>
			<trkpt lat="39.048730" lon="113.659955">
				<speed>1.223790</speed>
				<ele>2655.000000</ele>
				<time>2025-09-28T21:03:48Z</time>
			</trkpt>
			<trkpt lat="39.048746" lon="113.660070">
				<speed>1.404008</speed>
				<ele>2656.000000</ele>
				<time>2025-09-28T21:03:56Z</time>
			</trkpt>
			<trkpt lat="39.048756" lon="113.660185">
				<speed>1.526067</speed>
				<ele>2655.000000</ele>
				<time>2025-09-28T21:04:04Z</time>
			</trkpt>
			<trkpt lat="39.048779" lon="113.660306">
				<speed>1.077775</speed>
				<ele>2656.000000</ele>
				<time>2025-09-28T21:04:13Z</time>
			</trkpt>
			<trkpt lat="39.048799" lon="113.660419">
				<speed>1.284207</speed>
				<ele>2656.000000</ele>
				<time>2025-09-28T21:04:21Z</time>
			</trkpt>
			<trkpt lat="39.048813" lon="113.660543">
				<speed>1.286473</speed>
				<ele>2656.000000</ele>
				<time>2025-09-28T21:04:30Z</time>
			</trkpt>
			<trkpt lat="39.048816" lon="113.660662">
				<speed>1.028910</speed>
				<ele>2657.000000</ele>
				<time>2025-09-28T21:04:39Z</time>
			</trkpt>
			<trkpt lat="39.048808" lon="113.660787">
				<speed>1.271069</speed>
				<ele>2658.000000</ele>
				<time>2025-09-28T21:04:48Z</time>
			</trkpt>
			<trkpt lat="39.048792" lon="113.660908">
				<speed>1.126434</speed>
				<ele>2657.000000</ele>
				<time>2025-09-28T21:04:57Z</time>
			</trkpt>
			<trkpt lat="39.048780" lon="113.661029">
				<speed>1.191318</speed>
				<ele>2659.000000</ele>
				<time>2025-09-28T21:05:06Z</time>
			</trkpt>
			<trkpt lat="39.048762" lon="113.661156">
				<speed>1.174689</speed>
				<ele>2659.000000</ele>
				<time>2025-09-28T21:05:15Z</time>
			</trkpt>
			<trkpt lat="39.048749" lon="113.661275">
				<speed>1.239559</speed>
				<ele>2660.000000</ele>
				<time>2025-09-28T21:05:23Z</time>
			</trkpt>
			<trkpt lat="39.048722" lon="113.661400">
				<speed>1.350869</speed>
				<ele>2660.000000</ele>
				<time>2025-09-28T21:05:33Z</time>
			</trkpt>
			<trkpt lat="39.048699" lon="113.661520">
				<speed>1.016215</speed>
				<ele>2661.000000</ele>
				<time>2025-09-28T21:05:42Z</time>
			</trkpt>
			<trkpt lat="39.048680" lon="113.661645">
				<speed>1.167096</speed>
				<ele>2662.000000</ele>
				<time>2025-09-28T21:05:50Z</time>
			</trkpt>
			<trkpt lat="39.048660" lon="113.661762">
				<speed>1.321211</speed>
				<ele>2662.000000</ele>
				<time>2025-09-28T21:05:58Z</time>
			</trkpt>
			<trkpt lat="39.048620" lon="113.661867">
				<speed>1.171916</speed>
				<ele>2662.000000</ele>
				<time>2025-09-28T21:06:06Z</time>
			</trkpt>
			<trkpt lat="39.048575" lon="113.661971">
				<speed>1.071957</speed>
				<ele>2663.000000</ele>
				<time>2025-09-28T21:06:14Z</time>
			</trkpt>
			<trkpt lat="39.048498" lon="113.661899">
				<speed>0.975314</speed>
				<ele>2665.000000</ele>
				<time>2025-09-28T21:06:28Z</time>
			</trkpt>
			<trkpt lat="39.048521" lon="113.661782">
				<speed>1.070076</speed>
				<ele>2666.000000</ele>
				<time>2025-09-28T21:06:38Z</time>
			</trkpt>
			<trkpt lat="39.048552" lon="113.661664">
				<speed>0.985046</speed>
				<ele>2667.000000</ele>
				<time>2025-09-28T21:06:48Z</time>
			</trkpt>
			<trkpt lat="39.048557" lon="113.661543">
				<speed>1.282193</speed>
				<ele>2668.000000</ele>
				<time>2025-09-28T21:06:58Z</time>
			</trkpt>
			<trkpt lat="39.048546" lon="113.661427">
				<speed>1.039296</speed>
				<ele>2669.000000</ele>
				<time>2025-09-28T21:07:08Z</time>
			</trkpt>
			<trkpt lat="39.048526" lon="113.661303">
				<speed>1.141113</speed>
				<ele>2670.000000</ele>
				<time>2025-09-28T21:07:18Z</time>
			</trkpt>
			<trkpt lat="39.048508" lon="113.661182">
				<speed>1.062543</speed>
				<ele>2671.000000</ele>
				<time>2025-09-28T21:07:28Z</time>
			</trkpt>
			<trkpt lat="39.048475" lon="113.661066">
				<speed>1.067764</speed>
				<ele>2671.000000</ele>
				<time>2025-09-28T21:07:39Z</time>
			</trkpt>
			<trkpt lat="39.048445" lon="113.660947">
				<speed>1.149360</speed>
				<ele>2672.000000</ele>
				<time>2025-09-28T21:07:49Z</time>
			</trkpt>
			<trkpt lat="39.048403" lon="113.660837">
				<speed>1.079253</speed>
				<ele>2673.000000</ele>
				<time>2025-09-28T21:07:58Z</time>
			</trkpt>
			<trkpt lat="39.048363" lon="113.660727">
				<speed>0.851910</speed>
				<ele>2673.000000</ele>
				<time>2025-09-28T21:08:08Z</time>
			</trkpt>
			<trkpt lat="39.048328" lon="113.660618">
				<speed>1.113374</speed>
				<ele>2675.000000</ele>
				<time>2025-09-28T21:08:18Z</time>
			</trkpt>
			<trkpt lat="39.048299" lon="113.660508">
				<speed>1.194499</speed>
				<ele>2676.000000</ele>
				<time>2025-09-28T21:08:27Z</time>
			</trkpt>
			<trkpt lat="39.048258" lon="113.660395">
				<speed>1.162977</speed>
				<ele>2677.000000</ele>
				<time>2025-09-28T21:08:37Z</time>
			</trkpt>
			<trkpt lat="39.048232" lon="113.660283">
				<speed>1.095654</speed>
				<ele>2678.000000</ele>
				<time>2025-09-28T21:08:46Z</time>
			</trkpt>
			<trkpt lat="39.048187" lon="113.660182">
				<speed>1.011838</speed>
				<ele>2678.000000</ele>
				<time>2025-09-28T21:08:55Z</time>
			</trkpt>
			<trkpt lat="39.048136" lon="113.660085">
				<speed>1.056231</speed>
				<ele>2678.000000</ele>
				<time>2025-09-28T21:09:04Z</time>
			</trkpt>
			<trkpt lat="39.048083" lon="113.659987">
				<speed>1.048579</speed>
				<ele>2678.000000</ele>
				<time>2025-09-28T21:09:13Z</time>
			</trkpt>
			<trkpt lat="39.048024" lon="113.659895">
				<speed>1.047285</speed>
				<ele>2679.000000</ele>
				<time>2025-09-28T21:09:22Z</time>
			</trkpt>
			<trkpt lat="39.047968" lon="113.659800">
				<speed>1.140412</speed>
				<ele>2680.000000</ele>
				<time>2025-09-28T21:09:31Z</time>
			</trkpt>
			<trkpt lat="39.047905" lon="113.659701">
				<speed>1.252194</speed>
				<ele>2680.000000</ele>
				<time>2025-09-28T21:09:40Z</time>
			</trkpt>
			<trkpt lat="39.047834" lon="113.659618">
				<speed>0.977472</speed>
				<ele>2680.000000</ele>
				<time>2025-09-28T21:09:49Z</time>
			</trkpt>
			<trkpt lat="39.047770" lon="113.659529">
				<speed>1.236120</speed>
				<ele>2680.000000</ele>
				<time>2025-09-28T21:09:58Z</time>
			</trkpt>
			<trkpt lat="39.047699" lon="113.659446">
				<speed>1.202475</speed>
				<ele>2681.000000</ele>
				<time>2025-09-28T21:10:07Z</time>
			</trkpt>
			<trkpt lat="39.047630" lon="113.659370">
				<speed>1.205173</speed>
				<ele>2682.000000</ele>
				<time>2025-09-28T21:10:18Z</time>
			</trkpt>
			<trkpt lat="39.047546" lon="113.659313">
				<speed>1.105971</speed>
				<ele>2683.000000</ele>
				<time>2025-09-28T21:10:27Z</time>
			</trkpt>
			<trkpt lat="39.047461" lon="113.659260">
				<speed>0.991832</speed>
				<ele>2683.000000</ele>
				<time>2025-09-28T21:10:36Z</time>
			</trkpt>
			<trkpt lat="39.047377" lon="113.659215">
				<speed>1.106519</speed>
				<ele>2684.000000</ele>
				<time>2025-09-28T21:10:45Z</time>
			</trkpt>
			<trkpt lat="39.047286" lon="113.659172">
				<speed>1.198708</speed>
				<ele>2685.000000</ele>
				<time>2025-09-28T21:10:54Z</time>
			</trkpt>
			<trkpt lat="39.047203" lon="113.659122">
				<speed>1.077860</speed>
				<ele>2686.000000</ele>
				<time>2025-09-28T21:11:03Z</time>
			</trkpt>
			<trkpt lat="39.047114" lon="113.659090">
				<speed>1.071696</speed>
				<ele>2686.000000</ele>
				<time>2025-09-28T21:11:12Z</time>
			</trkpt>
			<trkpt lat="39.047025" lon="113.659045">
				<speed>1.276995</speed>
				<ele>2688.000000</ele>
				<time>2025-09-28T21:11:21Z</time>
			</trkpt>
			<trkpt lat="39.046945" lon="113.659116">
				<speed>1.107632</speed>
				<ele>2688.000000</ele>
				<time>2025-09-28T21:11:33Z</time>
			</trkpt>
			<trkpt lat="39.046992" lon="113.659220">
				<speed>0.866055</speed>
				<ele>2688.000000</ele>
				<time>2025-09-28T21:11:43Z</time>
			</trkpt>
			<trkpt lat="39.047061" lon="113.659303">
				<speed>0.733119</speed>
				<ele>2689.000000</ele>
				<time>2025-09-28T21:11:59Z</time>
			</trkpt>
			<trkpt lat="39.047134" lon="113.659374">
				<speed>1.034098</speed>
				<ele>2691.000000</ele>
				<time>2025-09-28T21:12:09Z</time>
			</trkpt>
			<trkpt lat="39.047197" lon="113.659463">
				<speed>0.775000</speed>
				<ele>2694.000000</ele>
				<time>2025-09-28T21:12:20Z</time>
			</trkpt>
			<trkpt lat="39.047257" lon="113.659563">
				<speed>1.090574</speed>
				<ele>2696.000000</ele>
				<time>2025-09-28T21:12:31Z</time>
			</trkpt>
			<trkpt lat="39.047306" lon="113.659661">
				<speed>1.204098</speed>
				<ele>2697.000000</ele>
				<time>2025-09-28T21:12:40Z</time>
			</trkpt>
			<trkpt lat="39.047355" lon="113.659768">
				<speed>1.038121</speed>
				<ele>2697.000000</ele>
				<time>2025-09-28T21:12:50Z</time>
			</trkpt>
			<trkpt lat="39.047404" lon="113.659871">
				<speed>0.957324</speed>
				<ele>2697.000000</ele>
				<time>2025-09-28T21:13:00Z</time>
			</trkpt>
			<trkpt lat="39.047428" lon="113.659987">
				<speed>0.965900</speed>
				<ele>2697.000000</ele>
				<time>2025-09-28T21:13:10Z</time>
			</trkpt>
			<trkpt lat="39.047452" lon="113.660106">
				<speed>1.002542</speed>
				<ele>2697.000000</ele>
				<time>2025-09-28T21:13:21Z</time>
			</trkpt>
			<trkpt lat="39.047468" lon="113.660226">
				<speed>1.025810</speed>
				<ele>2699.000000</ele>
				<time>2025-09-28T21:13:30Z</time>
			</trkpt>
			<trkpt lat="39.047484" lon="113.660341">
				<speed>0.873061</speed>
				<ele>2699.000000</ele>
				<time>2025-09-28T21:13:39Z</time>
			</trkpt>
			<trkpt lat="39.047495" lon="113.660460">
				<speed>1.270533</speed>
				<ele>2699.000000</ele>
				<time>2025-09-28T21:13:48Z</time>
			</trkpt>
			<trkpt lat="39.047495" lon="113.660580">
				<speed>1.184411</speed>
				<ele>2700.000000</ele>
				<time>2025-09-28T21:13:57Z</time>
			</trkpt>
			<trkpt lat="39.047486" lon="113.660710">
				<speed>1.342259</speed>
				<ele>2700.000000</ele>
				<time>2025-09-28T21:14:07Z</time>
			</trkpt>
			<trkpt lat="39.047484" lon="113.660833">
				<speed>1.203345</speed>
				<ele>2700.000000</ele>
				<time>2025-09-28T21:14:16Z</time>
			</trkpt>
			<trkpt lat="39.047464" lon="113.660947">
				<speed>1.239298</speed>
				<ele>2700.000000</ele>
				<time>2025-09-28T21:14:24Z</time>
			</trkpt>
			<trkpt lat="39.047425" lon="113.661057">
				<speed>1.240761</speed>
				<ele>2701.000000</ele>
				<time>2025-09-28T21:14:33Z</time>
			</trkpt>
			<trkpt lat="39.047344" lon="113.661111">
				<speed>1.040392</speed>
				<ele>2702.000000</ele>
				<time>2025-09-28T21:14:42Z</time>
			</trkpt>
			<trkpt lat="39.047261" lon="113.661046">
				<speed>0.967794</speed>
				<ele>2703.000000</ele>
				<time>2025-09-28T21:14:52Z</time>
			</trkpt>
			<trkpt lat="39.047237" lon="113.660925">
				<speed>1.105233</speed>
				<ele>2703.000000</ele>
				<time>2025-09-28T21:15:02Z</time>
			</trkpt>
			<trkpt lat="39.047241" lon="113.660806">
				<speed>1.051405</speed>
				<ele>2707.000000</ele>
				<time>2025-09-28T21:15:18Z</time>
			</trkpt>
			<trkpt lat="39.047204" lon="113.660692">
				<speed>1.057293</speed>
				<ele>2707.000000</ele>
				<time>2025-09-28T21:15:28Z</time>
			</trkpt>
			<trkpt lat="39.047150" lon="113.660592">
				<speed>0.953795</speed>
				<ele>2707.000000</ele>
				<time>2025-09-28T21:15:38Z</time>
			</trkpt>
			<trkpt lat="39.047076" lon="113.660520">
				<speed>1.164105</speed>
				<ele>2709.000000</ele>
				<time>2025-09-28T21:15:47Z</time>
			</trkpt>
			<trkpt lat="39.047010" lon="113.660436">
				<speed>1.106779</speed>
				<ele>2710.000000</ele>
				<time>2025-09-28T21:15:56Z</time>
			</trkpt>
			<trkpt lat="39.046940" lon="113.660352">
				<speed>1.034021</speed>
				<ele>2711.000000</ele>
				<time>2025-09-28T21:16:06Z</time>
			</trkpt>
			<trkpt lat="39.046873" lon="113.660266">
				<speed>1.001011</speed>
				<ele>2712.000000</ele>
				<time>2025-09-28T21:16:16Z</time>
			</trkpt>
			<trkpt lat="39.046805" lon="113.660179">
				<speed>1.237257</speed>
				<ele>2713.000000</ele>
				<time>2025-09-28T21:16:25Z</time>
			</trkpt>
			<trkpt lat="39.046728" lon="113.660115">
				<speed>1.179796</speed>
				<ele>2713.000000</ele>
				<time>2025-09-28T21:16:34Z</time>
			</trkpt>
			<trkpt lat="39.046650" lon="113.660046">
				<speed>1.125910</speed>
				<ele>2715.000000</ele>
				<time>2025-09-28T21:16:43Z</time>
			</trkpt>
			<trkpt lat="39.046567" lon="113.659977">
				<speed>0.904024</speed>
				<ele>2716.000000</ele>
				<time>2025-09-28T21:16:55Z</time>
			</trkpt>
			<trkpt lat="39.046477" lon="113.660015">
				<speed>0.276518</speed>
				<ele>2717.000000</ele>
				<time>2025-09-28T21:17:59Z</time>
			</trkpt>
			<trkpt lat="39.046384" lon="113.660009">
				<speed>0.180492</speed>
				<ele>2719.000000</ele>
				<time>2025-09-28T21:18:11Z</time>
			</trkpt>
			<trkpt lat="39.046293" lon="113.660001">
				<speed>1.052916</speed>
				<ele>2720.000000</ele>
				<time>2025-09-28T21:18:23Z</time>
			</trkpt>
			<trkpt lat="39.046202" lon="113.659999">
				<speed>0.924811</speed>
				<ele>2721.000000</ele>
				<time>2025-09-28T21:18:34Z</time>
			</trkpt>
			<trkpt lat="39.046112" lon="113.660032">
				<speed>0.842269</speed>
				<ele>2722.000000</ele>
				<time>2025-09-28T21:18:43Z</time>
			</trkpt>
			<trkpt lat="39.046017" lon="113.660040">
				<speed>0.933304</speed>
				<ele>2722.000000</ele>
				<time>2025-09-28T21:18:54Z</time>
			</trkpt>
			<trkpt lat="39.045921" lon="113.660049">
				<speed>0.985221</speed>
				<ele>2723.000000</ele>
				<time>2025-09-28T21:19:04Z</time>
			</trkpt>
			<trkpt lat="39.045828" lon="113.660061">
				<speed>1.090229</speed>
				<ele>2725.000000</ele>
				<time>2025-09-28T21:19:14Z</time>
			</trkpt>
			<trkpt lat="39.045735" lon="113.660070">
				<speed>1.086111</speed>
				<ele>2726.000000</ele>
				<time>2025-09-28T21:19:24Z</time>
			</trkpt>
			<trkpt lat="39.045640" lon="113.660085">
				<speed>1.014576</speed>
				<ele>2728.000000</ele>
				<time>2025-09-28T21:19:34Z</time>
			</trkpt>
			<trkpt lat="39.045548" lon="113.660094">
				<speed>1.072885</speed>
				<ele>2728.000000</ele>
				<time>2025-09-28T21:19:44Z</time>
			</trkpt>
			<trkpt lat="39.045448" lon="113.660105">
				<speed>1.225687</speed>
				<ele>2730.000000</ele>
				<time>2025-09-28T21:19:54Z</time>
			</trkpt>
			<trkpt lat="39.045354" lon="113.660113">
				<speed>0.826858</speed>
				<ele>2730.000000</ele>
				<time>2025-09-28T21:20:05Z</time>
			</trkpt>
			<trkpt lat="39.045260" lon="113.660122">
				<speed>0.855009</speed>
				<ele>2732.000000</ele>
				<time>2025-09-28T21:20:16Z</time>
			</trkpt>
			<trkpt lat="39.045162" lon="113.660136">
				<speed>0.980163</speed>
				<ele>2734.000000</ele>
				<time>2025-09-28T21:20:27Z</time>
			</trkpt>
			<trkpt lat="39.045068" lon="113.660150">
				<speed>1.071246</speed>
				<ele>2735.000000</ele>
				<time>2025-09-28T21:20:37Z</time>
			</trkpt>
			<trkpt lat="39.044969" lon="113.660152">
				<speed>1.101133</speed>
				<ele>2737.000000</ele>
				<time>2025-09-28T21:20:47Z</time>
			</trkpt>
			<trkpt lat="39.044874" lon="113.660164">
				<speed>0.970889</speed>
				<ele>2738.000000</ele>
				<time>2025-09-28T21:20:58Z</time>
			</trkpt>
			<trkpt lat="39.044781" lon="113.660177">
				<speed>1.030773</speed>
				<ele>2739.000000</ele>
				<time>2025-09-28T21:21:08Z</time>
			</trkpt>
			<trkpt lat="39.044680" lon="113.660190">
				<speed>1.084324</speed>
				<ele>2740.000000</ele>
				<time>2025-09-28T21:21:19Z</time>
			</trkpt>
			<trkpt lat="39.044583" lon="113.660199">
				<speed>1.037248</speed>
				<ele>2741.000000</ele>
				<time>2025-09-28T21:21:30Z</time>
			</trkpt>
			<trkpt lat="39.044486" lon="113.660206">
				<speed>0.886653</speed>
				<ele>2742.000000</ele>
				<time>2025-09-28T21:21:40Z</time>
			</trkpt>
			<trkpt lat="39.044401" lon="113.660252">
				<speed>0.266709</speed>
				<ele>2744.000000</ele>
				<time>2025-09-28T21:22:10Z</time>
			</trkpt>
			<trkpt lat="39.044304" lon="113.660246">
				<speed>1.361492</speed>
				<ele>2746.000000</ele>
				<time>2025-09-28T21:22:19Z</time>
			</trkpt>
			<trkpt lat="39.044214" lon="113.660256">
				<speed>1.335388</speed>
				<ele>2747.000000</ele>
				<time>2025-09-28T21:22:27Z</time>
			</trkpt>
			<trkpt lat="39.044118" lon="113.660280">
				<speed>1.076939</speed>
				<ele>2747.000000</ele>
				<time>2025-09-28T21:22:36Z</time>
			</trkpt>
			<trkpt lat="39.044018" lon="113.660301">
				<speed>1.056557</speed>
				<ele>2747.000000</ele>
				<time>2025-09-28T21:22:46Z</time>
			</trkpt>
			<trkpt lat="39.043915" lon="113.660313">
				<speed>1.300011</speed>
				<ele>2747.000000</ele>
				<time>2025-09-28T21:22:56Z</time>
			</trkpt>
			<trkpt lat="39.043819" lon="113.660329">
				<speed>1.239026</speed>
				<ele>2748.000000</ele>
				<time>2025-09-28T21:23:05Z</time>
			</trkpt>
			<trkpt lat="39.043731" lon="113.660350">
				<speed>1.016871</speed>
				<ele>2747.000000</ele>
				<time>2025-09-28T21:23:18Z</time>
			</trkpt>
			<trkpt lat="39.043635" lon="113.660357">
				<speed>0.996904</speed>
				<ele>2748.000000</ele>
				<time>2025-09-28T21:23:29Z</time>
			</trkpt>
			<trkpt lat="39.043542" lon="113.660379">
				<speed>1.146331</speed>
				<ele>2748.000000</ele>
				<time>2025-09-28T21:23:40Z</time>
			</trkpt>
			<trkpt lat="39.043449" lon="113.660394">
				<speed>1.034515</speed>
				<ele>2750.000000</ele>
				<time>2025-09-28T21:23:51Z</time>
			</trkpt>
			<trkpt lat="39.043358" lon="113.660426">
				<speed>0.900966</speed>
				<ele>2751.000000</ele>
				<time>2025-09-28T21:24:02Z</time>
			</trkpt>
			<trkpt lat="39.043314" lon="113.660527">
				<speed>0.279766</speed>
				<ele>2753.000000</ele>
				<time>2025-09-28T21:24:27Z</time>
			</trkpt>
			<trkpt lat="39.043256" lon="113.660435">
				<speed>1.120122</speed>
				<ele>2757.000000</ele>
				<time>2025-09-28T22:23:16Z</time>
			</trkpt>
			<trkpt lat="39.043167" lon="113.660387">
				<speed>1.003671</speed>
				<ele>2759.000000</ele>
				<time>2025-09-28T22:23:26Z</time>
			</trkpt>
			<trkpt lat="39.043076" lon="113.660364">
				<speed>0.965102</speed>
				<ele>2759.000000</ele>
				<time>2025-09-28T22:23:36Z</time>
			</trkpt>
			<trkpt lat="39.042980" lon="113.660357">
				<speed>0.894694</speed>
				<ele>2761.000000</ele>
				<time>2025-09-28T22:23:46Z</time>
			</trkpt>
			<trkpt lat="39.042888" lon="113.660352">
				<speed>0.897155</speed>
				<ele>2763.000000</ele>
				<time>2025-09-28T22:23:58Z</time>
			</trkpt>
			<trkpt lat="39.042798" lon="113.660325">
				<speed>0.466524</speed>
				<ele>2764.000000</ele>
				<time>2025-09-28T22:24:10Z</time>
			</trkpt>
			<trkpt lat="39.042768" lon="113.660213">
				<speed>0.141994</speed>
				<ele>2763.000000</ele>
				<time>2025-09-28T22:24:38Z</time>
			</trkpt>
			<trkpt lat="39.042738" lon="113.660104">
				<speed>0.830139</speed>
				<ele>2763.000000</ele>
				<time>2025-09-28T22:24:51Z</time>
			</trkpt>
			<trkpt lat="39.042649" lon="113.660076">
				<speed>0.580182</speed>
				<ele>2763.000000</ele>
				<time>2025-09-28T22:25:07Z</time>
			</trkpt>
			<trkpt lat="39.042557" lon="113.660077">
				<speed>1.239901</speed>
				<ele>2761.000000</ele>
				<time>2025-09-28T22:25:31Z</time>
			</trkpt>
			<trkpt lat="39.042459" lon="113.660070">
				<speed>1.082309</speed>
				<ele>2762.000000</ele>
				<time>2025-09-28T22:25:41Z</time>
			</trkpt>
			<trkpt lat="39.042365" lon="113.660074">
				<speed>1.168211</speed>
				<ele>2762.000000</ele>
				<time>2025-09-28T22:25:50Z</time>
			</trkpt>
			<trkpt lat="39.042274" lon="113.660073">
				<speed>0.647834</speed>
				<ele>2763.000000</ele>
				<time>2025-09-28T22:26:01Z</time>
			</trkpt>
			<trkpt lat="39.042177" lon="113.660074">
				<speed>0.964179</speed>
				<ele>2763.000000</ele>
				<time>2025-09-28T22:26:13Z</time>
			</trkpt>
			<trkpt lat="39.042086" lon="113.660048">
				<speed>0.796269</speed>
				<ele>2764.000000</ele>
				<time>2025-09-28T22:26:23Z</time>
			</trkpt>
			<trkpt lat="39.041994" lon="113.660034">
				<speed>0.988122</speed>
				<ele>2764.000000</ele>
				<time>2025-09-28T22:26:36Z</time>
			</trkpt>
			<trkpt lat="39.041899" lon="113.660023">
				<speed>1.193598</speed>
				<ele>2763.000000</ele>
				<time>2025-09-28T22:26:45Z</time>
			</trkpt>
			<trkpt lat="39.041801" lon="113.659996">
				<speed>1.305858</speed>
				<ele>2762.000000</ele>
				<time>2025-09-28T22:26:54Z</time>
			</trkpt>
			<trkpt lat="39.041704" lon="113.659963">
				<speed>1.001746</speed>
				<ele>2761.000000</ele>
				<time>2025-09-28T22:27:19Z</time>
			</trkpt>
			<trkpt lat="39.041620" lon="113.659914">
				<speed>0.275457</speed>
				<ele>2760.000000</ele>
				<time>2025-09-28T22:29:00Z</time>
			</trkpt>
			<trkpt lat="39.041572" lon="113.659807">
				<speed>0.804105</speed>
				<ele>2755.000000</ele>
				<time>2025-09-28T22:29:32Z</time>
			</trkpt>
			<trkpt lat="39.041498" lon="113.659731">
				<speed>1.086832</speed>
				<ele>2753.000000</ele>
				<time>2025-09-28T22:29:44Z</time>
			</trkpt>
			<trkpt lat="39.041421" lon="113.659668">
				<speed>1.262052</speed>
				<ele>2751.000000</ele>
				<time>2025-09-28T22:29:53Z</time>
			</trkpt>
			<trkpt lat="39.041321" lon="113.659637">
				<speed>1.129102</speed>
				<ele>2751.000000</ele>
				<time>2025-09-28T22:30:04Z</time>
			</trkpt>
			<trkpt lat="39.041234" lon="113.659575">
				<speed>1.218656</speed>
				<ele>2752.000000</ele>
				<time>2025-09-28T22:30:13Z</time>
			</trkpt>
			<trkpt lat="39.041142" lon="113.659547">
				<speed>1.234812</speed>
				<ele>2751.000000</ele>
				<time>2025-09-28T22:30:23Z</time>
			</trkpt>
			<trkpt lat="39.041052" lon="113.659556">
				<speed>0.310697</speed>
				<ele>2752.000000</ele>
				<time>2025-09-28T22:30:34Z</time>
			</trkpt>
			<trkpt lat="39.040985" lon="113.659469">
				<speed>0.893925</speed>
				<ele>2752.000000</ele>
				<time>2025-09-28T22:30:43Z</time>
			</trkpt>
			<trkpt lat="39.040895" lon="113.659426">
				<speed>1.255876</speed>
				<ele>2751.000000</ele>
				<time>2025-09-28T22:30:51Z</time>
			</trkpt>
			<trkpt lat="39.040800" lon="113.659408">
				<speed>1.190609</speed>
				<ele>2750.000000</ele>
				<time>2025-09-28T22:31:00Z</time>
			</trkpt>
			<trkpt lat="39.040707" lon="113.659369">
				<speed>1.172594</speed>
				<ele>2751.000000</ele>
				<time>2025-09-28T22:31:10Z</time>
			</trkpt>
			<trkpt lat="39.040616" lon="113.659349">
				<speed>1.145026</speed>
				<ele>2752.000000</ele>
				<time>2025-09-28T22:31:19Z</time>
			</trkpt>
			<trkpt lat="39.040525" lon="113.659304">
				<speed>1.322466</speed>
				<ele>2751.000000</ele>
				<time>2025-09-28T22:31:29Z</time>
			</trkpt>
			<trkpt lat="39.040440" lon="113.659252">
				<speed>1.122900</speed>
				<ele>2750.000000</ele>
				<time>2025-09-28T22:31:40Z</time>
			</trkpt>
			<trkpt lat="39.040346" lon="113.659244">
				<speed>1.120458</speed>
				<ele>2749.000000</ele>
				<time>2025-09-28T22:31:50Z</time>
			</trkpt>
			<trkpt lat="39.040259" lon="113.659211">
				<speed>1.318953</speed>
				<ele>2748.000000</ele>
				<time>2025-09-28T22:31:57Z</time>
			</trkpt>
			<trkpt lat="39.040165" lon="113.659187">
				<speed>0.991714</speed>
				<ele>2748.000000</ele>
				<time>2025-09-28T22:32:06Z</time>
			</trkpt>
			<trkpt lat="39.040096" lon="113.659110">
				<speed>0.618367</speed>
				<ele>2746.000000</ele>
				<time>2025-09-28T22:32:16Z</time>
			</trkpt>
			<trkpt lat="39.040031" lon="113.659026">
				<speed>0.925945</speed>
				<ele>2744.000000</ele>
				<time>2025-09-28T22:32:26Z</time>
			</trkpt>
			<trkpt lat="39.039959" lon="113.658940">
				<speed>1.100289</speed>
				<ele>2741.000000</ele>
				<time>2025-09-28T22:32:37Z</time>
			</trkpt>
			<trkpt lat="39.039887" lon="113.658866">
				<speed>1.042097</speed>
				<ele>2740.000000</ele>
				<time>2025-09-28T22:32:46Z</time>
			</trkpt>
			<trkpt lat="39.039816" lon="113.658776">
				<speed>1.241555</speed>
				<ele>2737.000000</ele>
				<time>2025-09-28T22:32:56Z</time>
			</trkpt>
			<trkpt lat="39.039746" lon="113.658695">
				<speed>1.232553</speed>
				<ele>2735.000000</ele>
				<time>2025-09-28T22:33:05Z</time>
			</trkpt>
			<trkpt lat="39.039700" lon="113.658581">
				<speed>1.155346</speed>
				<ele>2732.000000</ele>
				<time>2025-09-28T22:33:17Z</time>
			</trkpt>
			<trkpt lat="39.039637" lon="113.658485">
				<speed>1.048235</speed>
				<ele>2730.000000</ele>
				<time>2025-09-28T22:33:27Z</time>
			</trkpt>
			<trkpt lat="39.039560" lon="113.658423">
				<speed>1.075068</speed>
				<ele>2728.000000</ele>
				<time>2025-09-28T22:33:38Z</time>
			</trkpt>
			<trkpt lat="39.039512" lon="113.658313">
				<speed>1.148988</speed>
				<ele>2725.000000</ele>
				<time>2025-09-28T22:34:13Z</time>
			</trkpt>
			<trkpt lat="39.039461" lon="113.658210">
				<speed>1.051660</speed>
				<ele>2724.000000</ele>
				<time>2025-09-28T22:34:23Z</time>
			</trkpt>
			<trkpt lat="39.039406" lon="113.658115">
				<speed>1.345254</speed>
				<ele>2722.000000</ele>
				<time>2025-09-28T22:34:32Z</time>
			</trkpt>
			<trkpt lat="39.039340" lon="113.658028">
				<speed>0.982834</speed>
				<ele>2719.000000</ele>
				<time>2025-09-28T22:34:43Z</time>
			</trkpt>
			<trkpt lat="39.039300" lon="113.657918">
				<speed>0.747280</speed>
				<ele>2718.000000</ele>
				<time>2025-09-28T22:34:53Z</time>
			</trkpt>
			<trkpt lat="39.039237" lon="113.657833">
				<speed>1.172443</speed>
				<ele>2715.000000</ele>
				<time>2025-09-28T22:35:03Z</time>
			</trkpt>
			<trkpt lat="39.039167" lon="113.657755">
				<speed>1.148895</speed>
				<ele>2712.000000</ele>
				<time>2025-09-28T22:35:13Z</time>
			</trkpt>
			<trkpt lat="39.039099" lon="113.657676">
				<speed>0.972431</speed>
				<ele>2711.000000</ele>
				<time>2025-09-28T22:35:22Z</time>
			</trkpt>
			<trkpt lat="39.039018" lon="113.657726">
				<speed>1.013653</speed>
				<ele>2709.000000</ele>
				<time>2025-09-28T22:35:34Z</time>
			</trkpt>
			<trkpt lat="39.038972" lon="113.657836">
				<speed>1.301364</speed>
				<ele>2708.000000</ele>
				<time>2025-09-28T22:35:43Z</time>
			</trkpt>
			<trkpt lat="39.038968" lon="113.657962">
				<speed>1.142440</speed>
				<ele>2709.000000</ele>
				<time>2025-09-28T22:35:53Z</time>
			</trkpt>
			<trkpt lat="39.038956" lon="113.658082">
				<speed>0.826649</speed>
				<ele>2708.000000</ele>
				<time>2025-09-28T22:36:01Z</time>
			</trkpt>
			<trkpt lat="39.038942" lon="113.658205">
				<speed>0.946839</speed>
				<ele>2708.000000</ele>
				<time>2025-09-28T22:36:11Z</time>
			</trkpt>
			<trkpt lat="39.038954" lon="113.658332">
				<speed>1.110040</speed>
				<ele>2708.000000</ele>
				<time>2025-09-28T22:36:23Z</time>
			</trkpt>
			<trkpt lat="39.038959" lon="113.658456">
				<speed>1.014565</speed>
				<ele>2706.000000</ele>
				<time>2025-09-28T22:36:34Z</time>
			</trkpt>
			<trkpt lat="39.038957" lon="113.658572">
				<speed>0.801295</speed>
				<ele>2707.000000</ele>
				<time>2025-09-28T22:36:44Z</time>
			</trkpt>
			<trkpt lat="39.038961" lon="113.658697">
				<speed>0.891563</speed>
				<ele>2706.000000</ele>
				<time>2025-09-28T22:36:56Z</time>
			</trkpt>
			<trkpt lat="39.038983" lon="113.658814">
				<speed>0.973958</speed>
				<ele>2705.000000</ele>
				<time>2025-09-28T22:37:07Z</time>
			</trkpt>
			<trkpt lat="39.039006" lon="113.658927">
				<speed>1.233646</speed>
				<ele>2707.000000</ele>
				<time>2025-09-28T22:37:15Z</time>
			</trkpt>
			<trkpt lat="39.039012" lon="113.659052">
				<speed>1.488891</speed>
				<ele>2705.000000</ele>
				<time>2025-09-28T22:37:25Z</time>
			</trkpt>
			<trkpt lat="39.039010" lon="113.659182">
				<speed>1.026538</speed>
				<ele>2707.000000</ele>
				<time>2025-09-28T22:37:35Z</time>
			</trkpt>
			<trkpt lat="39.039034" lon="113.659295">
				<speed>0.882554</speed>
				<ele>2705.000000</ele>
				<time>2025-09-28T22:37:47Z</time>
			</trkpt>
			<trkpt lat="39.039029" lon="113.659427">
				<speed>1.307630</speed>
				<ele>2705.000000</ele>
				<time>2025-09-28T22:38:02Z</time>
			</trkpt>
			<trkpt lat="39.039041" lon="113.659546">
				<speed>1.077775</speed>
				<ele>2704.000000</ele>
				<time>2025-09-28T22:38:12Z</time>
			</trkpt>
			<trkpt lat="39.039060" lon="113.659660">
				<speed>0.838499</speed>
				<ele>2705.000000</ele>
				<time>2025-09-28T22:38:23Z</time>
			</trkpt>
			<trkpt lat="39.039074" lon="113.659781">
				<speed>0.926756</speed>
				<ele>2704.000000</ele>
				<time>2025-09-28T22:38:34Z</time>
			</trkpt>
			<trkpt lat="39.039079" lon="113.659902">
				<speed>1.258623</speed>
				<ele>2705.000000</ele>
				<time>2025-09-28T22:38:43Z</time>
			</trkpt>
			<trkpt lat="39.039105" lon="113.660026">
				<speed>1.161274</speed>
				<ele>2706.000000</ele>
				<time>2025-09-28T22:38:51Z</time>
			</trkpt>
			<trkpt lat="39.039137" lon="113.660140">
				<speed>1.354371</speed>
				<ele>2705.000000</ele>
				<time>2025-09-28T22:39:00Z</time>
			</trkpt>
			<trkpt lat="39.039157" lon="113.660260">
				<speed>1.260903</speed>
				<ele>2703.000000</ele>
				<time>2025-09-28T22:39:10Z</time>
			</trkpt>
			<trkpt lat="39.039150" lon="113.660376">
				<speed>0.632797</speed>
				<ele>2701.000000</ele>
				<time>2025-09-28T22:39:26Z</time>
			</trkpt>
			<trkpt lat="39.039121" lon="113.660497">
				<speed>0.704017</speed>
				<ele>2697.000000</ele>
				<time>2025-09-28T22:39:45Z</time>
			</trkpt>
			<trkpt lat="39.039108" lon="113.660619">
				<speed>1.064318</speed>
				<ele>2696.000000</ele>
				<time>2025-09-28T22:39:58Z</time>
			</trkpt>
			<trkpt lat="39.039105" lon="113.660740">
				<speed>1.313216</speed>
				<ele>2696.000000</ele>
				<time>2025-09-28T22:40:07Z</time>
			</trkpt>
			<trkpt lat="39.039101" lon="113.660866">
				<speed>1.249316</speed>
				<ele>2694.000000</ele>
				<time>2025-09-28T22:40:19Z</time>
			</trkpt>
			<trkpt lat="39.039087" lon="113.660990">
				<speed>1.010945</speed>
				<ele>2694.000000</ele>
				<time>2025-09-28T22:40:30Z</time>
			</trkpt>
			<trkpt lat="39.039090" lon="113.661112">
				<speed>1.100170</speed>
				<ele>2692.000000</ele>
				<time>2025-09-28T22:40:40Z</time>
			</trkpt>
			<trkpt lat="39.039087" lon="113.661234">
				<speed>1.005464</speed>
				<ele>2693.000000</ele>
				<time>2025-09-28T22:40:51Z</time>
			</trkpt>
			<trkpt lat="39.039085" lon="113.661356">
				<speed>0.706348</speed>
				<ele>2692.000000</ele>
				<time>2025-09-28T22:41:04Z</time>
			</trkpt>
			<trkpt lat="39.039102" lon="113.661479">
				<speed>0.988098</speed>
				<ele>2692.000000</ele>
				<time>2025-09-28T22:41:15Z</time>
			</trkpt>
			<trkpt lat="39.039094" lon="113.661597">
				<speed>1.094523</speed>
				<ele>2691.000000</ele>
				<time>2025-09-28T22:41:26Z</time>
			</trkpt>
			<trkpt lat="39.039096" lon="113.661713">
				<speed>0.879523</speed>
				<ele>2690.000000</ele>
				<time>2025-09-28T22:41:39Z</time>
			</trkpt>
			<trkpt lat="39.039082" lon="113.661836">
				<speed>0.947032</speed>
				<ele>2688.000000</ele>
				<time>2025-09-28T22:41:50Z</time>
			</trkpt>
			<trkpt lat="39.039080" lon="113.661960">
				<speed>1.123378</speed>
				<ele>2688.000000</ele>
				<time>2025-09-28T22:42:02Z</time>
			</trkpt>
			<trkpt lat="39.039052" lon="113.662075">
				<speed>1.024956</speed>
				<ele>2687.000000</ele>
				<time>2025-09-28T22:42:10Z</time>
			</trkpt>
			<trkpt lat="39.039015" lon="113.662190">
				<speed>1.169931</speed>
				<ele>2684.000000</ele>
				<time>2025-09-28T22:42:22Z</time>
			</trkpt>
			<trkpt lat="39.039022" lon="113.662307">
				<speed>1.183359</speed>
				<ele>2683.000000</ele>
				<time>2025-09-28T22:42:30Z</time>
			</trkpt>
			<trkpt lat="39.039002" lon="113.662421">
				<speed>1.176532</speed>
				<ele>2682.000000</ele>
				<time>2025-09-28T22:42:38Z</time>
			</trkpt>
			<trkpt lat="39.038987" lon="113.662545">
				<speed>1.356099</speed>
				<ele>2682.000000</ele>
				<time>2025-09-28T22:42:46Z</time>
			</trkpt>
			<trkpt lat="39.038989" lon="113.662660">
				<speed>1.025338</speed>
				<ele>2682.000000</ele>
				<time>2025-09-28T22:42:55Z</time>
			</trkpt>
			<trkpt lat="39.038960" lon="113.662777">
				<speed>0.970625</speed>
				<ele>2681.000000</ele>
				<time>2025-09-28T22:43:04Z</time>
			</trkpt>
			<trkpt lat="39.038947" lon="113.662900">
				<speed>1.157238</speed>
				<ele>2680.000000</ele>
				<time>2025-09-28T22:43:13Z</time>
			</trkpt>
			<trkpt lat="39.038936" lon="113.663018">
				<speed>1.161369</speed>
				<ele>2679.000000</ele>
				<time>2025-09-28T22:43:22Z</time>
			</trkpt>
			<trkpt lat="39.038909" lon="113.663142">
				<speed>1.371293</speed>
				<ele>2679.000000</ele>
				<time>2025-09-28T22:43:31Z</time>
			</trkpt>
			<trkpt lat="39.038878" lon="113.663262">
				<speed>1.219805</speed>
				<ele>2679.000000</ele>
				<time>2025-09-28T22:43:40Z</time>
			</trkpt>
			<trkpt lat="39.038820" lon="113.663355">
				<speed>0.908160</speed>
				<ele>2675.000000</ele>
				<time>2025-09-28T22:43:51Z</time>
			</trkpt>
			<trkpt lat="39.038751" lon="113.663441">
				<speed>1.135640</speed>
				<ele>2672.000000</ele>
				<time>2025-09-28T22:44:02Z</time>
			</trkpt>
			<trkpt lat="39.038687" lon="113.663539">
				<speed>1.102437</speed>
				<ele>2671.000000</ele>
				<time>2025-09-28T22:44:12Z</time>
			</trkpt>
			<trkpt lat="39.038619" lon="113.663634">
				<speed>1.345742</speed>
				<ele>2670.000000</ele>
				<time>2025-09-28T22:44:20Z</time>
			</trkpt>
			<trkpt lat="39.038595" lon="113.663745">
				<speed>1.140058</speed>
				<ele>2668.000000</ele>
				<time>2025-09-28T22:44:28Z</time>
			</trkpt>
			<trkpt lat="39.038495" lon="113.663774">
				<speed>1.300796</speed>
				<ele>2668.000000</ele>
				<time>2025-09-28T22:44:38Z</time>
			</trkpt>
			<trkpt lat="39.038402" lon="113.663793">
				<speed>0.833038</speed>
				<ele>2664.000000</ele>
				<time>2025-09-28T22:44:50Z</time>
			</trkpt>
			<trkpt lat="39.038329" lon="113.663863">
				<speed>0.657697</speed>
				<ele>2661.000000</ele>
				<time>2025-09-28T22:45:00Z</time>
			</trkpt>
			<trkpt lat="39.038239" lon="113.663876">
				<speed>0.575194</speed>
				<ele>2655.000000</ele>
				<time>2025-09-28T22:45:14Z</time>
			</trkpt>
			<trkpt lat="39.038160" lon="113.663938">
				<speed>1.362925</speed>
				<ele>2653.000000</ele>
				<time>2025-09-28T22:45:23Z</time>
			</trkpt>
			<trkpt lat="39.038083" lon="113.664005">
				<speed>1.317156</speed>
				<ele>2652.000000</ele>
				<time>2025-09-28T22:45:31Z</time>
			</trkpt>
			<trkpt lat="39.037987" lon="113.664017">
				<speed>1.386064</speed>
				<ele>2653.000000</ele>
				<time>2025-09-28T22:45:39Z</time>
			</trkpt>
			<trkpt lat="39.037899" lon="113.664070">
				<speed>1.192398</speed>
				<ele>2649.000000</ele>
				<time>2025-09-28T22:45:49Z</time>
			</trkpt>
			<trkpt lat="39.037804" lon="113.664113">
				<speed>1.346177</speed>
				<ele>2648.000000</ele>
				<time>2025-09-28T22:45:58Z</time>
			</trkpt>
			<trkpt lat="39.037719" lon="113.664157">
				<speed>0.965587</speed>
				<ele>2646.000000</ele>
				<time>2025-09-28T22:46:08Z</time>
			</trkpt>
			<trkpt lat="39.037630" lon="113.664172">
				<speed>1.042920</speed>
				<ele>2643.000000</ele>
				<time>2025-09-28T22:46:17Z</time>
			</trkpt>
			<trkpt lat="39.037534" lon="113.664174">
				<speed>1.302855</speed>
				<ele>2643.000000</ele>
				<time>2025-09-28T22:46:25Z</time>
			</trkpt>
			<trkpt lat="39.037447" lon="113.664203">
				<speed>1.415936</speed>
				<ele>2641.000000</ele>
				<time>2025-09-28T22:46:33Z</time>
			</trkpt>
			<trkpt lat="39.037354" lon="113.664227">
				<speed>1.405459</speed>
				<ele>2640.000000</ele>
				<time>2025-09-28T22:46:41Z</time>
			</trkpt>
			<trkpt lat="39.037260" lon="113.664268">
				<speed>1.243277</speed>
				<ele>2640.000000</ele>
				<time>2025-09-28T22:46:50Z</time>
			</trkpt>
			<trkpt lat="39.037182" lon="113.664336">
				<speed>1.122569</speed>
				<ele>2641.000000</ele>
				<time>2025-09-28T22:46:59Z</time>
			</trkpt>
			<trkpt lat="39.037094" lon="113.664372">
				<speed>1.178683</speed>
				<ele>2641.000000</ele>
				<time>2025-09-28T22:47:07Z</time>
			</trkpt>
			<trkpt lat="39.037004" lon="113.664383">
				<speed>0.760000</speed>
				<ele>2642.000000</ele>
				<time>2025-09-28T22:47:16Z</time>
			</trkpt>
			<trkpt lat="39.036908" lon="113.664392">
				<speed>1.068039</speed>
				<ele>2640.000000</ele>
				<time>2025-09-28T22:47:29Z</time>
			</trkpt>
			<trkpt lat="39.036813" lon="113.664398">
				<speed>0.374396</speed>
				<ele>2637.000000</ele>
				<time>2025-09-28T22:48:22Z</time>
			</trkpt>
			<trkpt lat="39.036728" lon="113.664440">
				<speed>0.356946</speed>
				<ele>2632.000000</ele>
				<time>2025-09-28T22:48:46Z</time>
			</trkpt>
			<trkpt lat="39.036634" lon="113.664448">
				<speed>0.686708</speed>
				<ele>2627.000000</ele>
				<time>2025-09-28T22:49:06Z</time>
			</trkpt>
			<trkpt lat="39.036546" lon="113.664489">
				<speed>1.036664</speed>
				<ele>2622.000000</ele>
				<time>2025-09-28T22:49:22Z</time>
			</trkpt>
			<trkpt lat="39.036458" lon="113.664515">
				<speed>0.854701</speed>
				<ele>2620.000000</ele>
				<time>2025-09-28T22:49:34Z</time>
			</trkpt>
			<trkpt lat="39.036367" lon="113.664535">
				<speed>0.849517</speed>
				<ele>2617.000000</ele>
				<time>2025-09-28T22:49:47Z</time>
			</trkpt>
			<trkpt lat="39.036278" lon="113.664568">
				<speed>0.790364</speed>
				<ele>2613.000000</ele>
				<time>2025-09-28T22:50:00Z</time>
			</trkpt>
			<trkpt lat="39.036191" lon="113.664599">
				<speed>0.947488</speed>
				<ele>2609.000000</ele>
				<time>2025-09-28T22:50:12Z</time>
			</trkpt>
			<trkpt lat="39.036105" lon="113.664646">
				<speed>1.026705</speed>
				<ele>2606.000000</ele>
				<time>2025-09-28T22:50:23Z</time>
			</trkpt>
			<trkpt lat="39.036012" lon="113.664673">
				<speed>1.342920</speed>
				<ele>2603.000000</ele>
				<time>2025-09-28T22:50:31Z</time>
			</trkpt>
			<trkpt lat="39.035921" lon="113.664689">
				<speed>1.158267</speed>
				<ele>2604.000000</ele>
				<time>2025-09-28T22:50:49Z</time>
			</trkpt>
			<trkpt lat="39.035833" lon="113.664730">
				<speed>1.261811</speed>
				<ele>2600.000000</ele>
				<time>2025-09-28T22:50:58Z</time>
			</trkpt>
			<trkpt lat="39.035744" lon="113.664774">
				<speed>0.955072</speed>
				<ele>2598.000000</ele>
				<time>2025-09-28T22:51:07Z</time>
			</trkpt>
			<trkpt lat="39.035649" lon="113.664776">
				<speed>0.710462</speed>
				<ele>2596.000000</ele>
				<time>2025-09-28T22:51:17Z</time>
			</trkpt>
			<trkpt lat="39.035557" lon="113.664796">
				<speed>0.921395</speed>
				<ele>2596.000000</ele>
				<time>2025-09-28T22:51:27Z</time>
			</trkpt>
			<trkpt lat="39.035458" lon="113.664822">
				<speed>1.227974</speed>
				<ele>2594.000000</ele>
				<time>2025-09-28T22:51:36Z</time>
			</trkpt>
			<trkpt lat="39.035363" lon="113.664850">
				<speed>1.139060</speed>
				<ele>2593.000000</ele>
				<time>2025-09-28T22:51:47Z</time>
			</trkpt>
			<trkpt lat="39.035275" lon="113.664885">
				<speed>1.097311</speed>
				<ele>2591.000000</ele>
				<time>2025-09-28T22:51:57Z</time>
			</trkpt>
			<trkpt lat="39.035180" lon="113.664871">
				<speed>1.048624</speed>
				<ele>2589.000000</ele>
				<time>2025-09-28T22:52:09Z</time>
			</trkpt>
			<trkpt lat="39.035083" lon="113.664899">
				<speed>1.297756</speed>
				<ele>2588.000000</ele>
				<time>2025-09-28T22:52:19Z</time>
			</trkpt>
			<trkpt lat="39.034990" lon="113.664906">
				<speed>1.076460</speed>
				<ele>2586.000000</ele>
				<time>2025-09-28T22:52:31Z</time>
			</trkpt>
			<trkpt lat="39.034894" lon="113.664897">
				<speed>1.028660</speed>
				<ele>2585.000000</ele>
				<time>2025-09-28T22:52:42Z</time>
			</trkpt>
			<trkpt lat="39.034799" lon="113.664915">
				<speed>1.061172</speed>
				<ele>2582.000000</ele>
				<time>2025-09-28T22:52:53Z</time>
			</trkpt>
			<trkpt lat="39.034709" lon="113.664945">
				<speed>0.816036</speed>
				<ele>2580.000000</ele>
				<time>2025-09-28T22:53:04Z</time>
			</trkpt>
			<trkpt lat="39.034610" lon="113.664971">
				<speed>1.069748</speed>
				<ele>2576.000000</ele>
				<time>2025-09-28T22:53:18Z</time>
			</trkpt>
			<trkpt lat="39.034525" lon="113.665008">
				<speed>0.701625</speed>
				<ele>2574.000000</ele>
				<time>2025-09-28T22:53:29Z</time>
			</trkpt>
			<trkpt lat="39.034436" lon="113.664983">
				<speed>0.625360</speed>
				<ele>2574.000000</ele>
				<time>2025-09-28T22:53:44Z</time>
			</trkpt>
			<trkpt lat="39.034349" lon="113.665011">
				<speed>1.103244</speed>
				<ele>2570.000000</ele>
				<time>2025-09-28T22:53:58Z</time>
			</trkpt>
			<trkpt lat="39.034255" lon="113.665037">
				<speed>1.176557</speed>
				<ele>2568.000000</ele>
				<time>2025-09-28T22:54:09Z</time>
			</trkpt>
			<trkpt lat="39.034162" lon="113.665064">
				<speed>1.094243</speed>
				<ele>2566.000000</ele>
				<time>2025-09-28T22:54:18Z</time>
			</trkpt>
			<trkpt lat="39.034069" lon="113.665082">
				<speed>1.194693</speed>
				<ele>2564.000000</ele>
				<time>2025-09-28T22:54:27Z</time>
			</trkpt>
			<trkpt lat="39.033977" lon="113.665098">
				<speed>1.408773</speed>
				<ele>2562.000000</ele>
				<time>2025-09-28T22:54:35Z</time>
			</trkpt>
			<trkpt lat="39.033888" lon="113.665073">
				<speed>0.981505</speed>
				<ele>2561.000000</ele>
				<time>2025-09-28T22:54:45Z</time>
			</trkpt>
			<trkpt lat="39.033791" lon="113.665088">
				<speed>1.182215</speed>
				<ele>2559.000000</ele>
				<time>2025-09-28T22:54:55Z</time>
			</trkpt>
			<trkpt lat="39.033707" lon="113.665152">
				<speed>1.303214</speed>
				<ele>2559.000000</ele>
				<time>2025-09-28T22:55:04Z</time>
			</trkpt>
			<trkpt lat="39.033616" lon="113.665181">
				<speed>1.394840</speed>
				<ele>2558.000000</ele>
				<time>2025-09-28T22:55:12Z</time>
			</trkpt>
			<trkpt lat="39.033525" lon="113.665180">
				<speed>1.059909</speed>
				<ele>2558.000000</ele>
				<time>2025-09-28T22:55:20Z</time>
			</trkpt>
			<trkpt lat="39.033425" lon="113.665167">
				<speed>1.358679</speed>
				<ele>2558.000000</ele>
				<time>2025-09-28T22:55:29Z</time>
			</trkpt>
			<trkpt lat="39.033336" lon="113.665133">
				<speed>1.374116</speed>
				<ele>2557.000000</ele>
				<time>2025-09-28T22:55:37Z</time>
			</trkpt>
			<trkpt lat="39.033242" lon="113.665140">
				<speed>1.185487</speed>
				<ele>2556.000000</ele>
				<time>2025-09-28T22:55:47Z</time>
			</trkpt>
			<trkpt lat="39.033149" lon="113.665164">
				<speed>0.900076</speed>
				<ele>2556.000000</ele>
				<time>2025-09-28T22:55:57Z</time>
			</trkpt>
			<trkpt lat="39.033055" lon="113.665150">
				<speed>0.947847</speed>
				<ele>2555.000000</ele>
				<time>2025-09-28T22:56:09Z</time>
			</trkpt>
			<trkpt lat="39.032965" lon="113.665187">
				<speed>0.987052</speed>
				<ele>2554.000000</ele>
				<time>2025-09-28T22:56:21Z</time>
			</trkpt>
			<trkpt lat="39.032874" lon="113.665192">
				<speed>0.934963</speed>
				<ele>2554.000000</ele>
				<time>2025-09-28T22:56:31Z</time>
			</trkpt>
			<trkpt lat="39.032781" lon="113.665190">
				<speed>1.043789</speed>
				<ele>2555.000000</ele>
				<time>2025-09-28T22:56:39Z</time>
			</trkpt>
			<trkpt lat="39.032682" lon="113.665180">
				<speed>1.143545</speed>
				<ele>2554.000000</ele>
				<time>2025-09-28T22:56:48Z</time>
			</trkpt>
			<trkpt lat="39.032587" lon="113.665192">
				<speed>1.163659</speed>
				<ele>2555.000000</ele>
				<time>2025-09-28T22:56:57Z</time>
			</trkpt>
			<trkpt lat="39.032497" lon="113.665186">
				<speed>1.069144</speed>
				<ele>2555.000000</ele>
				<time>2025-09-28T22:57:07Z</time>
			</trkpt>
			<trkpt lat="39.032406" lon="113.665233">
				<speed>0.980155</speed>
				<ele>2554.000000</ele>
				<time>2025-09-28T22:57:18Z</time>
			</trkpt>
			<trkpt lat="39.032312" lon="113.665232">
				<speed>1.033233</speed>
				<ele>2553.000000</ele>
				<time>2025-09-28T22:57:27Z</time>
			</trkpt>
			<trkpt lat="39.032218" lon="113.665236">
				<speed>1.011193</speed>
				<ele>2553.000000</ele>
				<time>2025-09-28T22:57:37Z</time>
			</trkpt>
			<trkpt lat="39.032129" lon="113.665215">
				<speed>0.739070</speed>
				<ele>2550.000000</ele>
				<time>2025-09-28T22:57:50Z</time>
			</trkpt>
			<trkpt lat="39.032038" lon="113.665203">
				<speed>0.748267</speed>
				<ele>2547.000000</ele>
				<time>2025-09-28T22:58:08Z</time>
			</trkpt>
			<trkpt lat="39.031942" lon="113.665201">
				<speed>0.790571</speed>
				<ele>2545.000000</ele>
				<time>2025-09-28T22:58:23Z</time>
			</trkpt>
			<trkpt lat="39.031852" lon="113.665225">
				<speed>0.675500</speed>
				<ele>2544.000000</ele>
				<time>2025-09-28T22:58:36Z</time>
			</trkpt>
			<trkpt lat="39.031760" lon="113.665237">
				<speed>0.596581</speed>
				<ele>2541.000000</ele>
				<time>2025-09-28T22:59:01Z</time>
			</trkpt>
			<trkpt lat="39.031669" lon="113.665246">
				<speed>0.817039</speed>
				<ele>2538.000000</ele>
				<time>2025-09-28T22:59:20Z</time>
			</trkpt>
			<trkpt lat="39.031572" lon="113.665273">
				<speed>0.976446</speed>
				<ele>2536.000000</ele>
				<time>2025-09-28T22:59:34Z</time>
			</trkpt>
			<trkpt lat="39.031477" lon="113.665290">
				<speed>0.870848</speed>
				<ele>2535.000000</ele>
				<time>2025-09-28T22:59:48Z</time>
			</trkpt>
			<trkpt lat="39.031386" lon="113.665309">
				<speed>0.863030</speed>
				<ele>2533.000000</ele>
				<time>2025-09-28T22:59:59Z</time>
			</trkpt>
			<trkpt lat="39.031302" lon="113.665363">
				<speed>0.984647</speed>
				<ele>2531.000000</ele>
				<time>2025-09-28T23:00:14Z</time>
			</trkpt>
			<trkpt lat="39.031211" lon="113.665381">
				<speed>0.556484</speed>
				<ele>2529.000000</ele>
				<time>2025-09-28T23:00:31Z</time>
			</trkpt>
			<trkpt lat="39.031120" lon="113.665403">
				<speed>0.764054</speed>
				<ele>2527.000000</ele>
				<time>2025-09-28T23:00:49Z</time>
			</trkpt>
			<trkpt lat="39.031019" lon="113.665385">
				<speed>1.170212</speed>
				<ele>2525.000000</ele>
				<time>2025-09-28T23:01:02Z</time>
			</trkpt>
			<trkpt lat="39.030925" lon="113.665394">
				<speed>0.844888</speed>
				<ele>2524.000000</ele>
				<time>2025-09-28T23:01:13Z</time>
			</trkpt>
			<trkpt lat="39.030830" lon="113.665401">
				<speed>0.896409</speed>
				<ele>2521.000000</ele>
				<time>2025-09-28T23:01:28Z</time>
			</trkpt>
			<trkpt lat="39.030740" lon="113.665439">
				<speed>0.734714</speed>
				<ele>2520.000000</ele>
				<time>2025-09-28T23:01:41Z</time>
			</trkpt>
			<trkpt lat="39.030644" lon="113.665421">
				<speed>1.022436</speed>
				<ele>2518.000000</ele>
				<time>2025-09-28T23:01:52Z</time>
			</trkpt>
			<trkpt lat="39.030548" lon="113.665420">
				<speed>1.249082</speed>
				<ele>2516.000000</ele>
				<time>2025-09-28T23:02:02Z</time>
			</trkpt>
			<trkpt lat="39.030449" lon="113.665451">
				<speed>1.271900</speed>
				<ele>2516.000000</ele>
				<time>2025-09-28T23:02:11Z</time>
			</trkpt>
			<trkpt lat="39.030354" lon="113.665455">
				<speed>1.107871</speed>
				<ele>2515.000000</ele>
				<time>2025-09-28T23:02:20Z</time>
			</trkpt>
			<trkpt lat="39.030264" lon="113.665465">
				<speed>1.024027</speed>
				<ele>2516.000000</ele>
				<time>2025-09-28T23:02:29Z</time>
			</trkpt>
			<trkpt lat="39.030171" lon="113.665468">
				<speed>0.736143</speed>
				<ele>2517.000000</ele>
				<time>2025-09-28T23:02:39Z</time>
			</trkpt>
			<trkpt lat="39.030081" lon="113.665448">
				<speed>1.218831</speed>
				<ele>2521.000000</ele>
				<time>2025-09-28T23:10:10Z</time>
			</trkpt>
			<trkpt lat="39.029991" lon="113.665444">
				<speed>1.025951</speed>
				<ele>2521.000000</ele>
				<time>2025-09-28T23:10:20Z</time>
			</trkpt>
			<trkpt lat="39.029896" lon="113.665443">
				<speed>0.892259</speed>
				<ele>2522.000000</ele>
				<time>2025-09-28T23:10:31Z</time>
			</trkpt>
			<trkpt lat="39.029800" lon="113.665457">
				<speed>1.004231</speed>
				<ele>2523.000000</ele>
				<time>2025-09-28T23:10:41Z</time>
			</trkpt>
			<trkpt lat="39.029708" lon="113.665432">
				<speed>1.088109</speed>
				<ele>2524.000000</ele>
				<time>2025-09-28T23:10:51Z</time>
			</trkpt>
			<trkpt lat="39.029626" lon="113.665385">
				<speed>1.347848</speed>
				<ele>2524.000000</ele>
				<time>2025-09-28T23:11:00Z</time>
			</trkpt>
			<trkpt lat="39.029538" lon="113.665411">
				<speed>1.082452</speed>
				<ele>2525.000000</ele>
				<time>2025-09-28T23:11:09Z</time>
			</trkpt>
			<trkpt lat="39.029446" lon="113.665418">
				<speed>0.709651</speed>
				<ele>2527.000000</ele>
				<time>2025-09-28T23:11:19Z</time>
			</trkpt>
			<trkpt lat="39.029355" lon="113.665406">
				<speed>0.769493</speed>
				<ele>2527.000000</ele>
				<time>2025-09-28T23:11:29Z</time>
			</trkpt>
			<trkpt lat="39.029268" lon="113.665371">
				<speed>0.775365</speed>
				<ele>2526.000000</ele>
				<time>2025-09-28T23:11:40Z</time>
			</trkpt>
			<trkpt lat="39.029175" lon="113.665384">
				<speed>1.322318</speed>
				<ele>2524.000000</ele>
				<time>2025-09-28T23:11:51Z</time>
			</trkpt>
			<trkpt lat="39.029072" lon="113.665365">
				<speed>1.453767</speed>
				<ele>2524.000000</ele>
				<time>2025-09-28T23:12:00Z</time>
			</trkpt>
			<trkpt lat="39.028977" lon="113.665375">
				<speed>1.029519</speed>
				<ele>2523.000000</ele>
				<time>2025-09-28T23:12:10Z</time>
			</trkpt>
			<trkpt lat="39.028883" lon="113.665368">
				<speed>0.893749</speed>
				<ele>2524.000000</ele>
				<time>2025-09-28T23:12:19Z</time>
			</trkpt>
			<trkpt lat="39.028790" lon="113.665351">
				<speed>1.140166</speed>
				<ele>2525.000000</ele>
				<time>2025-09-28T23:12:28Z</time>
			</trkpt>
			<trkpt lat="39.028698" lon="113.665337">
				<speed>1.016783</speed>
				<ele>2527.000000</ele>
				<time>2025-09-28T23:12:37Z</time>
			</trkpt>
			<trkpt lat="39.028607" lon="113.665331">
				<speed>1.105209</speed>
				<ele>2528.000000</ele>
				<time>2025-09-28T23:12:46Z</time>
			</trkpt>
			<trkpt lat="39.028516" lon="113.665312">
				<speed>1.064789</speed>
				<ele>2529.000000</ele>
				<time>2025-09-28T23:12:55Z</time>
			</trkpt>
			<trkpt lat="39.028434" lon="113.665262">
				<speed>1.096861</speed>
				<ele>2531.000000</ele>
				<time>2025-09-28T23:13:05Z</time>
			</trkpt>
			<trkpt lat="39.028352" lon="113.665208">
				<speed>1.013523</speed>
				<ele>2532.000000</ele>
				<time>2025-09-28T23:13:15Z</time>
			</trkpt>
			<trkpt lat="39.028259" lon="113.665161">
				<speed>1.078842</speed>
				<ele>2534.000000</ele>
				<time>2025-09-28T23:13:27Z</time>
			</trkpt>
			<trkpt lat="39.028162" lon="113.665181">
				<speed>0.942637</speed>
				<ele>2536.000000</ele>
				<time>2025-09-28T23:13:41Z</time>
			</trkpt>
			<trkpt lat="39.028074" lon="113.665150">
				<speed>0.690340</speed>
				<ele>2538.000000</ele>
				<time>2025-09-28T23:13:53Z</time>
			</trkpt>
			<trkpt lat="39.027983" lon="113.665129">
				<speed>0.966521</speed>
				<ele>2541.000000</ele>
				<time>2025-09-28T23:14:03Z</time>
			</trkpt>
			<trkpt lat="39.027895" lon="113.665094">
				<speed>0.814234</speed>
				<ele>2542.000000</ele>
				<time>2025-09-28T23:14:16Z</time>
			</trkpt>
			<trkpt lat="39.027809" lon="113.665056">
				<speed>0.707552</speed>
				<ele>2543.000000</ele>
				<time>2025-09-28T23:14:28Z</time>
			</trkpt>
			<trkpt lat="39.027725" lon="113.664998">
				<speed>0.819277</speed>
				<ele>2544.000000</ele>
				<time>2025-09-28T23:14:40Z</time>
			</trkpt>
			<trkpt lat="39.027634" lon="113.664988">
				<speed>0.694665</speed>
				<ele>2545.000000</ele>
				<time>2025-09-28T23:15:00Z</time>
			</trkpt>
			<trkpt lat="39.027546" lon="113.664948">
				<speed>1.107674</speed>
				<ele>2544.000000</ele>
				<time>2025-09-28T23:15:10Z</time>
			</trkpt>
			<trkpt lat="39.027469" lon="113.664887">
				<speed>0.672103</speed>
				<ele>2545.000000</ele>
				<time>2025-09-28T23:15:20Z</time>
			</trkpt>
			<trkpt lat="39.027385" lon="113.664839">
				<speed>1.090657</speed>
				<ele>2544.000000</ele>
				<time>2025-09-28T23:15:32Z</time>
			</trkpt>
			<trkpt lat="39.027292" lon="113.664856">
				<speed>1.011873</speed>
				<ele>2545.000000</ele>
				<time>2025-09-28T23:15:48Z</time>
			</trkpt>
			<trkpt lat="39.027203" lon="113.664834">
				<speed>0.905254</speed>
				<ele>2547.000000</ele>
				<time>2025-09-28T23:16:00Z</time>
			</trkpt>
			<trkpt lat="39.027101" lon="113.664851">
				<speed>1.228635</speed>
				<ele>2547.000000</ele>
				<time>2025-09-28T23:16:10Z</time>
			</trkpt>
			<trkpt lat="39.027004" lon="113.664848">
				<speed>0.937140</speed>
				<ele>2547.000000</ele>
				<time>2025-09-28T23:16:20Z</time>
			</trkpt>
			<trkpt lat="39.026905" lon="113.664859">
				<speed>0.893638</speed>
				<ele>2547.000000</ele>
				<time>2025-09-28T23:16:33Z</time>
			</trkpt>
			<trkpt lat="39.026847" lon="113.664956">
				<speed>0.859342</speed>
				<ele>2545.000000</ele>
				<time>2025-09-28T23:16:47Z</time>
			</trkpt>
			<trkpt lat="39.026774" lon="113.665036">
				<speed>0.931845</speed>
				<ele>2543.000000</ele>
				<time>2025-09-28T23:17:02Z</time>
			</trkpt>
			<trkpt lat="39.026706" lon="113.665113">
				<speed>0.586457</speed>
				<ele>2540.000000</ele>
				<time>2025-09-28T23:17:51Z</time>
			</trkpt>
			<trkpt lat="39.026648" lon="113.665216">
				<speed>0.948306</speed>
				<ele>2537.000000</ele>
				<time>2025-09-28T23:18:06Z</time>
			</trkpt>
			<trkpt lat="39.026605" lon="113.665323">
				<speed>0.610614</speed>
				<ele>2535.000000</ele>
				<time>2025-09-28T23:18:20Z</time>
			</trkpt>
			<trkpt lat="39.026519" lon="113.665375">
				<speed>0.780606</speed>
				<ele>2529.000000</ele>
				<time>2025-09-28T23:18:37Z</time>
			</trkpt>
			<trkpt lat="39.026471" lon="113.665475">
				<speed>0.161367</speed>
				<ele>2526.000000</ele>
				<time>2025-09-28T23:18:54Z</time>
			</trkpt>
			<trkpt lat="39.026436" lon="113.665583">
				<speed>0.366659</speed>
				<ele>2527.000000</ele>
				<time>2025-09-28T23:20:38Z</time>
			</trkpt>
			<trkpt lat="39.026404" lon="113.665693">
				<speed>0.548865</speed>
				<ele>2522.000000</ele>
				<time>2025-09-28T23:21:32Z</time>
			</trkpt>
			<trkpt lat="39.026360" lon="113.665794">
				<speed>0.458976</speed>
				<ele>2519.000000</ele>
				<time>2025-09-28T23:21:51Z</time>
			</trkpt>
			<trkpt lat="39.026339" lon="113.665907">
				<speed>0.569758</speed>
				<ele>2514.000000</ele>
				<time>2025-09-28T23:22:30Z</time>
			</trkpt>
			<trkpt lat="39.026292" lon="113.666007">
				<speed>0.636738</speed>
				<ele>2511.000000</ele>
				<time>2025-09-28T23:22:44Z</time>
			</trkpt>
			<trkpt lat="39.026245" lon="113.666106">
				<speed>0.416790</speed>
				<ele>2508.000000</ele>
				<time>2025-09-28T23:23:01Z</time>
			</trkpt>
			<trkpt lat="39.026229" lon="113.666227">
				<speed>0.468215</speed>
				<ele>2500.000000</ele>
				<time>2025-09-28T23:23:21Z</time>
			</trkpt>
			<trkpt lat="39.026154" lon="113.666307">
				<speed>0.658932</speed>
				<ele>2497.000000</ele>
				<time>2025-09-28T23:23:37Z</time>
			</trkpt>
			<trkpt lat="39.026105" lon="113.666410">
				<speed>0.284785</speed>
				<ele>2492.000000</ele>
				<time>2025-09-28T23:23:55Z</time>
			</trkpt>
			<trkpt lat="39.026035" lon="113.666483">
				<speed>0.924179</speed>
				<ele>2491.000000</ele>
				<time>2025-09-28T23:24:10Z</time>
			</trkpt>
			<trkpt lat="39.026028" lon="113.666600">
				<speed>0.700123</speed>
				<ele>2486.000000</ele>
				<time>2025-09-28T23:24:29Z</time>
			</trkpt>
			<trkpt lat="39.026017" lon="113.666725">
				<speed>0.450686</speed>
				<ele>2480.000000</ele>
				<time>2025-09-28T23:24:51Z</time>
			</trkpt>
			<trkpt lat="39.025962" lon="113.666823">
				<speed>0.230688</speed>
				<ele>2478.000000</ele>
				<time>2025-09-28T23:25:11Z</time>
			</trkpt>
			<trkpt lat="39.025904" lon="113.666912">
				<speed>0.789629</speed>
				<ele>2474.000000</ele>
				<time>2025-09-28T23:25:25Z</time>
			</trkpt>
			<trkpt lat="39.025838" lon="113.666996">
				<speed>0.457472</speed>
				<ele>2470.000000</ele>
				<time>2025-09-28T23:25:37Z</time>
			</trkpt>
			<trkpt lat="39.025789" lon="113.667096">
				<speed>0.374461</speed>
				<ele>2464.000000</ele>
				<time>2025-09-28T23:25:52Z</time>
			</trkpt>
			<trkpt lat="39.025760" lon="113.667213">
				<speed>0.407586</speed>
				<ele>2462.000000</ele>
				<time>2025-09-28T23:26:07Z</time>
			</trkpt>
			<trkpt lat="39.025675" lon="113.667279">
				<speed>0.759100</speed>
				<ele>2459.000000</ele>
				<time>2025-09-28T23:26:21Z</time>
			</trkpt>
			<trkpt lat="39.025613" lon="113.667370">
				<speed>1.162314</speed>
				<ele>2457.000000</ele>
				<time>2025-09-28T23:26:30Z</time>
			</trkpt>
			<trkpt lat="39.025543" lon="113.667461">
				<speed>1.390804</speed>
				<ele>2454.000000</ele>
				<time>2025-09-28T23:26:40Z</time>
			</trkpt>
			<trkpt lat="39.025467" lon="113.667535">
				<speed>0.896193</speed>
				<ele>2453.000000</ele>
				<time>2025-09-28T23:26:50Z</time>
			</trkpt>
			<trkpt lat="39.025420" lon="113.667639">
				<speed>0.866186</speed>
				<ele>2449.000000</ele>
				<time>2025-09-28T23:27:00Z</time>
			</trkpt>
			<trkpt lat="39.025386" lon="113.667756">
				<speed>1.054109</speed>
				<ele>2447.000000</ele>
				<time>2025-09-28T23:27:12Z</time>
			</trkpt>
			<trkpt lat="39.025361" lon="113.667870">
				<speed>1.048068</speed>
				<ele>2444.000000</ele>
				<time>2025-09-28T23:27:22Z</time>
			</trkpt>
			<trkpt lat="39.025308" lon="113.667975">
				<speed>1.493041</speed>
				<ele>2438.000000</ele>
				<time>2025-09-28T23:27:33Z</time>
			</trkpt>
			<trkpt lat="39.025262" lon="113.668086">
				<speed>1.128029</speed>
				<ele>2438.000000</ele>
				<time>2025-09-28T23:28:04Z</time>
			</trkpt>
			<trkpt lat="39.025221" lon="113.668191">
				<speed>0.996814</speed>
				<ele>2435.000000</ele>
				<time>2025-09-28T23:28:15Z</time>
			</trkpt>
			<trkpt lat="39.025178" lon="113.668298">
				<speed>0.978993</speed>
				<ele>2433.000000</ele>
				<time>2025-09-28T23:28:48Z</time>
			</trkpt>
			<trkpt lat="39.025129" lon="113.668397">
				<speed>0.802434</speed>
				<ele>2430.000000</ele>
				<time>2025-09-28T23:28:59Z</time>
			</trkpt>
			<trkpt lat="39.025121" lon="113.668522">
				<speed>1.062330</speed>
				<ele>2429.000000</ele>
				<time>2025-09-28T23:29:09Z</time>
			</trkpt>
			<trkpt lat="39.025087" lon="113.668631">
				<speed>0.652714</speed>
				<ele>2426.000000</ele>
				<time>2025-09-28T23:29:21Z</time>
			</trkpt>
			<trkpt lat="39.025061" lon="113.668743">
				<speed>1.267910</speed>
				<ele>2424.000000</ele>
				<time>2025-09-28T23:29:30Z</time>
			</trkpt>
			<trkpt lat="39.025017" lon="113.668846">
				<speed>0.985199</speed>
				<ele>2421.000000</ele>
				<time>2025-09-28T23:29:40Z</time>
			</trkpt>
			<trkpt lat="39.024970" lon="113.668945">
				<speed>0.837392</speed>
				<ele>2417.000000</ele>
				<time>2025-09-28T23:29:51Z</time>
			</trkpt>
			<trkpt lat="39.024934" lon="113.669062">
				<speed>1.391378</speed>
				<ele>2415.000000</ele>
				<time>2025-09-28T23:30:00Z</time>
			</trkpt>
			<trkpt lat="39.024907" lon="113.669174">
				<speed>1.176514</speed>
				<ele>2413.000000</ele>
				<time>2025-09-28T23:30:08Z</time>
			</trkpt>
			<trkpt lat="39.024872" lon="113.669284">
				<speed>1.521839</speed>
				<ele>2412.000000</ele>
				<time>2025-09-28T23:30:16Z</time>
			</trkpt>
			<trkpt lat="39.024810" lon="113.669383">
				<speed>1.386910</speed>
				<ele>2411.000000</ele>
				<time>2025-09-28T23:30:25Z</time>
			</trkpt>
			<trkpt lat="39.024757" lon="113.669489">
				<speed>1.491291</speed>
				<ele>2408.000000</ele>
				<time>2025-09-28T23:30:33Z</time>
			</trkpt>
			<trkpt lat="39.024701" lon="113.669590">
				<speed>1.483731</speed>
				<ele>2406.000000</ele>
				<time>2025-09-28T23:30:41Z</time>
			</trkpt>
			<trkpt lat="39.024663" lon="113.669703">
				<speed>1.480035</speed>
				<ele>2406.000000</ele>
				<time>2025-09-28T23:30:49Z</time>
			</trkpt>
			<trkpt lat="39.024614" lon="113.669822">
				<speed>1.668689</speed>
				<ele>2408.000000</ele>
				<time>2025-09-28T23:30:58Z</time>
			</trkpt>
			<trkpt lat="39.024572" lon="113.669945">
				<speed>1.579084</speed>
				<ele>2407.000000</ele>
				<time>2025-09-28T23:31:06Z</time>
			</trkpt>
			<trkpt lat="39.024555" lon="113.670062">
				<speed>1.265921</speed>
				<ele>2408.000000</ele>
				<time>2025-09-28T23:31:13Z</time>
			</trkpt>
			<trkpt lat="39.024503" lon="113.670168">
				<speed>1.083143</speed>
				<ele>2408.000000</ele>
				<time>2025-09-28T23:31:22Z</time>
			</trkpt>
			<trkpt lat="39.024461" lon="113.670276">
				<speed>1.517590</speed>
				<ele>2408.000000</ele>
				<time>2025-09-28T23:31:29Z</time>
			</trkpt>
			<trkpt lat="39.024413" lon="113.670376">
				<speed>1.333311</speed>
				<ele>2407.000000</ele>
				<time>2025-09-28T23:31:36Z</time>
			</trkpt>
			<trkpt lat="39.024367" lon="113.670478">
				<speed>1.267206</speed>
				<ele>2407.000000</ele>
				<time>2025-09-28T23:31:43Z</time>
			</trkpt>
			<trkpt lat="39.024308" lon="113.670585">
				<speed>1.250360</speed>
				<ele>2408.000000</ele>
				<time>2025-09-28T23:31:51Z</time>
			</trkpt>
			<trkpt lat="39.024266" lon="113.670700">
				<speed>1.228947</speed>
				<ele>2408.000000</ele>
				<time>2025-09-28T23:31:59Z</time>
			</trkpt>
			<trkpt lat="39.024211" lon="113.670801">
				<speed>1.129761</speed>
				<ele>2408.000000</ele>
				<time>2025-09-28T23:32:07Z</time>
			</trkpt>
			<trkpt lat="39.024147" lon="113.670899">
				<speed>1.315220</speed>
				<ele>2409.000000</ele>
				<time>2025-09-28T23:32:15Z</time>
			</trkpt>
			<trkpt lat="39.024098" lon="113.670999">
				<speed>0.088795</speed>
				<ele>2409.000000</ele>
				<time>2025-09-28T23:32:32Z</time>
			</trkpt>
			<trkpt lat="39.024012" lon="113.671056">
				<speed>0.061791</speed>
				<ele>2408.000000</ele>
				<time>2025-09-28T23:34:36Z</time>
			</trkpt>
			<trkpt lat="39.023933" lon="113.671124">
				<speed>0.077135</speed>
				<ele>2409.000000</ele>
				<time>2025-09-28T23:34:45Z</time>
			</trkpt>
			<trkpt lat="39.023852" lon="113.671193">
				<speed>1.332312</speed>
				<ele>2408.000000</ele>
				<time>2025-09-28T23:34:52Z</time>
			</trkpt>
			<trkpt lat="39.023803" lon="113.671292">
				<speed>1.022765</speed>
				<ele>2410.000000</ele>
				<time>2025-09-28T23:35:01Z</time>
			</trkpt>
			<trkpt lat="39.023762" lon="113.671396">
				<speed>0.835139</speed>
				<ele>2412.000000</ele>
				<time>2025-09-28T23:35:25Z</time>
			</trkpt>
			<trkpt lat="39.023732" lon="113.671506">
				<speed>0.425576</speed>
				<ele>2414.000000</ele>
				<time>2025-09-28T23:35:41Z</time>
			</trkpt>
			<trkpt lat="39.023683" lon="113.671609">
				<speed>0.757947</speed>
				<ele>2415.000000</ele>
				<time>2025-09-28T23:35:50Z</time>
			</trkpt>
			<trkpt lat="39.023644" lon="113.671717">
				<speed>0.727283</speed>
				<ele>2416.000000</ele>
				<time>2025-09-28T23:35:57Z</time>
			</trkpt>
			<trkpt lat="39.023610" lon="113.671833">
				<speed>0.780021</speed>
				<ele>2415.000000</ele>
				<time>2025-09-28T23:36:05Z</time>
			</trkpt>
			<trkpt lat="39.023548" lon="113.671929">
				<speed>1.196812</speed>
				<ele>2414.000000</ele>
				<time>2025-09-28T23:36:12Z</time>
			</trkpt>
			<trkpt lat="39.023497" lon="113.672035">
				<speed>1.058377</speed>
				<ele>2415.000000</ele>
				<time>2025-09-28T23:36:20Z</time>
			</trkpt>
			<trkpt lat="39.023408" lon="113.672097">
				<speed>0.858223</speed>
				<ele>2414.000000</ele>
				<time>2025-09-28T23:36:29Z</time>
			</trkpt>
			<trkpt lat="39.023338" lon="113.672195">
				<speed>1.104410</speed>
				<ele>2414.000000</ele>
				<time>2025-09-28T23:36:36Z</time>
			</trkpt>
			<trkpt lat="39.023292" lon="113.672303">
				<speed>0.834612</speed>
				<ele>2413.000000</ele>
				<time>2025-09-28T23:36:46Z</time>
			</trkpt>
			<trkpt lat="39.023233" lon="113.672394">
				<speed>0.917992</speed>
				<ele>2412.000000</ele>
				<time>2025-09-28T23:36:53Z</time>
			</trkpt>
			<trkpt lat="39.023159" lon="113.672489">
				<speed>1.178097</speed>
				<ele>2415.000000</ele>
				<time>2025-09-28T23:37:01Z</time>
			</trkpt>
			<trkpt lat="39.023079" lon="113.672576">
				<speed>0.706459</speed>
				<ele>2415.000000</ele>
				<time>2025-09-28T23:37:10Z</time>
			</trkpt>
			<trkpt lat="39.023012" lon="113.672659">
				<speed>0.996088</speed>
				<ele>2414.000000</ele>
				<time>2025-09-28T23:37:18Z</time>
			</trkpt>
			<trkpt lat="39.022941" lon="113.672750">
				<speed>0.924121</speed>
				<ele>2415.000000</ele>
				<time>2025-09-28T23:37:27Z</time>
			</trkpt>
			<trkpt lat="39.022850" lon="113.672809">
				<speed>1.257809</speed>
				<ele>2415.000000</ele>
				<time>2025-09-28T23:37:35Z</time>
			</trkpt>
			<trkpt lat="39.022776" lon="113.672879">
				<speed>1.249519</speed>
				<ele>2416.000000</ele>
				<time>2025-09-28T23:37:43Z</time>
			</trkpt>
			<trkpt lat="39.022696" lon="113.672953">
				<speed>1.058939</speed>
				<ele>2417.000000</ele>
				<time>2025-09-28T23:40:05Z</time>
			</trkpt>
			<trkpt lat="39.022614" lon="113.673026">
				<speed>1.018054</speed>
				<ele>2416.000000</ele>
				<time>2025-09-28T23:40:14Z</time>
			</trkpt>
			<trkpt lat="39.022528" lon="113.673098">
				<speed>1.424255</speed>
				<ele>2418.000000</ele>
				<time>2025-09-28T23:40:23Z</time>
			</trkpt>
			<trkpt lat="39.022439" lon="113.673133">
				<speed>1.105522</speed>
				<ele>2417.000000</ele>
				<time>2025-09-28T23:40:31Z</time>
			</trkpt>
			<trkpt lat="39.022351" lon="113.673175">
				<speed>1.257932</speed>
				<ele>2416.000000</ele>
				<time>2025-09-28T23:40:39Z</time>
			</trkpt>
			<trkpt lat="39.022263" lon="113.673222">
				<speed>1.366346</speed>
				<ele>2419.000000</ele>
				<time>2025-09-28T23:40:47Z</time>
			</trkpt>
			<trkpt lat="39.022170" lon="113.673262">
				<speed>1.513742</speed>
				<ele>2419.000000</ele>
				<time>2025-09-28T23:40:54Z</time>
			</trkpt>
			<trkpt lat="39.022106" lon="113.673344">
				<speed>0.946762</speed>
				<ele>2422.000000</ele>
				<time>2025-09-28T23:41:03Z</time>
			</trkpt>
			<trkpt lat="39.022019" lon="113.673385">
				<speed>0.953568</speed>
				<ele>2421.000000</ele>
				<time>2025-09-28T23:41:56Z</time>
			</trkpt>
			<trkpt lat="39.021925" lon="113.673383">
				<speed>1.197862</speed>
				<ele>2422.000000</ele>
				<time>2025-09-28T23:42:06Z</time>
			</trkpt>
			<trkpt lat="39.021826" lon="113.673393">
				<speed>1.065028</speed>
				<ele>2422.000000</ele>
				<time>2025-09-28T23:42:16Z</time>
			</trkpt>
			<trkpt lat="39.021734" lon="113.673399">
				<speed>0.954175</speed>
				<ele>2424.000000</ele>
				<time>2025-09-28T23:42:24Z</time>
			</trkpt>
			<trkpt lat="39.021638" lon="113.673400">
				<speed>1.072987</speed>
				<ele>2424.000000</ele>
				<time>2025-09-28T23:42:33Z</time>
			</trkpt>
			<trkpt lat="39.021546" lon="113.673401">
				<speed>0.925542</speed>
				<ele>2425.000000</ele>
				<time>2025-09-28T23:42:42Z</time>
			</trkpt>
			<trkpt lat="39.021449" lon="113.673378">
				<speed>1.421007</speed>
				<ele>2425.000000</ele>
				<time>2025-09-28T23:42:50Z</time>
			</trkpt>
			<trkpt lat="39.021362" lon="113.673346">
				<speed>1.221781</speed>
				<ele>2427.000000</ele>
				<time>2025-09-28T23:42:57Z</time>
			</trkpt>
			<trkpt lat="39.021269" lon="113.673360">
				<speed>1.276360</speed>
				<ele>2427.000000</ele>
				<time>2025-09-28T23:43:04Z</time>
			</trkpt>
			<trkpt lat="39.021170" lon="113.673371">
				<speed>1.154521</speed>
				<ele>2427.000000</ele>
				<time>2025-09-28T23:43:13Z</time>
			</trkpt>
			<trkpt lat="39.021073" lon="113.673398">
				<speed>1.274385</speed>
				<ele>2428.000000</ele>
				<time>2025-09-28T23:43:21Z</time>
			</trkpt>
			<trkpt lat="39.020975" lon="113.673424">
				<speed>1.345366</speed>
				<ele>2428.000000</ele>
				<time>2025-09-28T23:43:29Z</time>
			</trkpt>
			<trkpt lat="39.020879" lon="113.673447">
				<speed>1.070002</speed>
				<ele>2429.000000</ele>
				<time>2025-09-28T23:43:38Z</time>
			</trkpt>
			<trkpt lat="39.020785" lon="113.673481">
				<speed>1.075695</speed>
				<ele>2430.000000</ele>
				<time>2025-09-28T23:43:46Z</time>
			</trkpt>
			<trkpt lat="39.020691" lon="113.673516">
				<speed>1.327114</speed>
				<ele>2430.000000</ele>
				<time>2025-09-28T23:43:54Z</time>
			</trkpt>
			<trkpt lat="39.020589" lon="113.673548">
				<speed>1.494784</speed>
				<ele>2431.000000</ele>
				<time>2025-09-28T23:44:03Z</time>
			</trkpt>
			<trkpt lat="39.020500" lon="113.673584">
				<speed>1.068353</speed>
				<ele>2432.000000</ele>
				<time>2025-09-28T23:44:12Z</time>
			</trkpt>
			<trkpt lat="39.020407" lon="113.673606">
				<speed>0.984449</speed>
				<ele>2435.000000</ele>
				<time>2025-09-28T23:44:23Z</time>
			</trkpt>
			<trkpt lat="39.020319" lon="113.673642">
				<speed>0.797904</speed>
				<ele>2438.000000</ele>
				<time>2025-09-28T23:44:34Z</time>
			</trkpt>
			<trkpt lat="39.020230" lon="113.673673">
				<speed>0.856552</speed>
				<ele>2438.000000</ele>
				<time>2025-09-28T23:44:47Z</time>
			</trkpt>
			<trkpt lat="39.020133" lon="113.673674">
				<speed>0.862329</speed>
				<ele>2440.000000</ele>
				<time>2025-09-28T23:45:01Z</time>
			</trkpt>
			<trkpt lat="39.020044" lon="113.673729">
				<speed>0.896674</speed>
				<ele>2443.000000</ele>
				<time>2025-09-28T23:45:15Z</time>
			</trkpt>
			<trkpt lat="39.019954" lon="113.673758">
				<speed>0.500938</speed>
				<ele>2446.000000</ele>
				<time>2025-09-28T23:45:37Z</time>
			</trkpt>
			<trkpt lat="39.019862" lon="113.673789">
				<speed>0.599517</speed>
				<ele>2449.000000</ele>
				<time>2025-09-28T23:45:54Z</time>
			</trkpt>
			<trkpt lat="39.019778" lon="113.673831">
				<speed>0.361374</speed>
				<ele>2451.000000</ele>
				<time>2025-09-28T23:46:08Z</time>
			</trkpt>
			<trkpt lat="39.019688" lon="113.673822">
				<speed>0.416622</speed>
				<ele>2452.000000</ele>
				<time>2025-09-28T23:46:25Z</time>
			</trkpt>
			<trkpt lat="39.019596" lon="113.673848">
				<speed>0.745977</speed>
				<ele>2455.000000</ele>
				<time>2025-09-28T23:46:38Z</time>
			</trkpt>
			<trkpt lat="39.019498" lon="113.673874">
				<speed>0.955756</speed>
				<ele>2457.000000</ele>
				<time>2025-09-28T23:46:54Z</time>
			</trkpt>
			<trkpt lat="39.019403" lon="113.673900">
				<speed>0.591603</speed>
				<ele>2462.000000</ele>
				<time>2025-09-28T23:47:10Z</time>
			</trkpt>
			<trkpt lat="39.019314" lon="113.673931">
				<speed>0.655175</speed>
				<ele>2464.000000</ele>
				<time>2025-09-28T23:47:26Z</time>
			</trkpt>
			<trkpt lat="39.019222" lon="113.673944">
				<speed>0.590163</speed>
				<ele>2466.000000</ele>
				<time>2025-09-28T23:47:40Z</time>
			</trkpt>
			<trkpt lat="39.019129" lon="113.673915">
				<speed>1.040556</speed>
				<ele>2467.000000</ele>
				<time>2025-09-28T23:49:35Z</time>
			</trkpt>
			<trkpt lat="39.019044" lon="113.673960">
				<speed>1.060202</speed>
				<ele>2468.000000</ele>
				<time>2025-09-28T23:49:46Z</time>
			</trkpt>
			<trkpt lat="39.018953" lon="113.673960">
				<speed>0.933269</speed>
				<ele>2470.000000</ele>
				<time>2025-09-28T23:49:57Z</time>
			</trkpt>
			<trkpt lat="39.018860" lon="113.673995">
				<speed>1.108311</speed>
				<ele>2473.000000</ele>
				<time>2025-09-28T23:50:10Z</time>
			</trkpt>
			<trkpt lat="39.018763" lon="113.674021">
				<speed>0.987935</speed>
				<ele>2476.000000</ele>
				<time>2025-09-28T23:50:23Z</time>
			</trkpt>
			<trkpt lat="39.018677" lon="113.674056">
				<speed>0.862641</speed>
				<ele>2477.000000</ele>
				<time>2025-09-28T23:50:35Z</time>
			</trkpt>
			<trkpt lat="39.018588" lon="113.674089">
				<speed>0.799570</speed>
				<ele>2481.000000</ele>
				<time>2025-09-28T23:51:01Z</time>
			</trkpt>
			<trkpt lat="39.018496" lon="113.674109">
				<speed>0.675606</speed>
				<ele>2484.000000</ele>
				<time>2025-09-28T23:51:15Z</time>
			</trkpt>
			<trkpt lat="39.018415" lon="113.674162">
				<speed>0.878745</speed>
				<ele>2486.000000</ele>
				<time>2025-09-28T23:51:27Z</time>
			</trkpt>
			<trkpt lat="39.018337" lon="113.674227">
				<speed>0.563828</speed>
				<ele>2489.000000</ele>
				<time>2025-09-28T23:51:42Z</time>
			</trkpt>
			<trkpt lat="39.018256" lon="113.674281">
				<speed>0.722822</speed>
				<ele>2492.000000</ele>
				<time>2025-09-28T23:51:56Z</time>
			</trkpt>
			<trkpt lat="39.018186" lon="113.674363">
				<speed>0.689054</speed>
				<ele>2494.000000</ele>
				<time>2025-09-28T23:52:13Z</time>
			</trkpt>
			<trkpt lat="39.018098" lon="113.674416">
				<speed>0.839652</speed>
				<ele>2498.000000</ele>
				<time>2025-09-28T23:52:31Z</time>
			</trkpt>
			<trkpt lat="39.018011" lon="113.674449">
				<speed>0.501861</speed>
				<ele>2502.000000</ele>
				<time>2025-09-28T23:53:07Z</time>
			</trkpt>
			<trkpt lat="39.017934" lon="113.674515">
				<speed>0.622961</speed>
				<ele>2505.000000</ele>
				<time>2025-09-28T23:53:25Z</time>
			</trkpt>
			<trkpt lat="39.017854" lon="113.674576">
				<speed>0.381901</speed>
				<ele>2510.000000</ele>
				<time>2025-09-28T23:53:44Z</time>
			</trkpt>
			<trkpt lat="39.017767" lon="113.674613">
				<speed>0.538416</speed>
				<ele>2513.000000</ele>
				<time>2025-09-28T23:54:03Z</time>
			</trkpt>
			<trkpt lat="39.017673" lon="113.674644">
				<speed>0.738793</speed>
				<ele>2517.000000</ele>
				<time>2025-09-28T23:54:20Z</time>
			</trkpt>
			<trkpt lat="39.017586" lon="113.674701">
				<speed>0.996975</speed>
				<ele>2520.000000</ele>
				<time>2025-09-28T23:54:45Z</time>
			</trkpt>
			<trkpt lat="39.017505" lon="113.674768">
				<speed>0.766498</speed>
				<ele>2522.000000</ele>
				<time>2025-09-28T23:54:59Z</time>
			</trkpt>
			<trkpt lat="39.017419" lon="113.674809">
				<speed>0.688102</speed>
				<ele>2525.000000</ele>
				<time>2025-09-28T23:57:24Z</time>
			</trkpt>
			<trkpt lat="39.017332" lon="113.674854">
				<speed>0.769130</speed>
				<ele>2526.000000</ele>
				<time>2025-09-28T23:57:36Z</time>
			</trkpt>
			<trkpt lat="39.017251" lon="113.674912">
				<speed>0.890443</speed>
				<ele>2528.000000</ele>
				<time>2025-09-28T23:57:49Z</time>
			</trkpt>
			<trkpt lat="39.017170" lon="113.674978">
				<speed>0.947064</speed>
				<ele>2531.000000</ele>
				<time>2025-09-28T23:58:01Z</time>
			</trkpt>
			<trkpt lat="39.017083" lon="113.675014">
				<speed>0.803564</speed>
				<ele>2534.000000</ele>
				<time>2025-09-28T23:58:15Z</time>
			</trkpt>
			<trkpt lat="39.017007" lon="113.675076">
				<speed>0.525186</speed>
				<ele>2539.000000</ele>
				<time>2025-09-28T23:58:30Z</time>
			</trkpt>
			<trkpt lat="39.016930" lon="113.675142">
				<speed>0.745183</speed>
				<ele>2542.000000</ele>
				<time>2025-09-28T23:58:46Z</time>
			</trkpt>
			<trkpt lat="39.016860" lon="113.675222">
				<speed>0.597281</speed>
				<ele>2545.000000</ele>
				<time>2025-09-28T23:59:28Z</time>
			</trkpt>
			<trkpt lat="39.016775" lon="113.675272">
				<speed>0.614579</speed>
				<ele>2548.000000</ele>
				<time>2025-09-28T23:59:48Z</time>
			</trkpt>
			<trkpt lat="39.016687" lon="113.675294">
				<speed>0.525409</speed>
				<ele>2551.000000</ele>
				<time>2025-09-29T00:00:05Z</time>
			</trkpt>
			<trkpt lat="39.016605" lon="113.675356">
				<speed>0.627754</speed>
				<ele>2554.000000</ele>
				<time>2025-09-29T00:00:25Z</time>
			</trkpt>
			<trkpt lat="39.016527" lon="113.675424">
				<speed>0.583840</speed>
				<ele>2559.000000</ele>
				<time>2025-09-29T00:00:46Z</time>
			</trkpt>
			<trkpt lat="39.016450" lon="113.675498">
				<speed>0.615804</speed>
				<ele>2563.000000</ele>
				<time>2025-09-29T00:01:05Z</time>
			</trkpt>
			<trkpt lat="39.016374" lon="113.675570">
				<speed>1.011401</speed>
				<ele>2566.000000</ele>
				<time>2025-09-29T00:01:19Z</time>
			</trkpt>
			<trkpt lat="39.016298" lon="113.675642">
				<speed>0.623027</speed>
				<ele>2570.000000</ele>
				<time>2025-09-29T00:01:37Z</time>
			</trkpt>
			<trkpt lat="39.016221" lon="113.675713">
				<speed>0.724543</speed>
				<ele>2572.000000</ele>
				<time>2025-09-29T00:01:52Z</time>
			</trkpt>
			<trkpt lat="39.016148" lon="113.675789">
				<speed>0.695124</speed>
				<ele>2575.000000</ele>
				<time>2025-09-29T00:02:07Z</time>
			</trkpt>
			<trkpt lat="39.016076" lon="113.675870">
				<speed>0.665067</speed>
				<ele>2577.000000</ele>
				<time>2025-09-29T00:02:20Z</time>
			</trkpt>
			<trkpt lat="39.016003" lon="113.675939">
				<speed>0.500521</speed>
				<ele>2578.000000</ele>
				<time>2025-09-29T00:02:32Z</time>
			</trkpt>
			<trkpt lat="39.015935" lon="113.676028">
				<speed>0.918502</speed>
				<ele>2581.000000</ele>
				<time>2025-09-29T00:02:53Z</time>
			</trkpt>
			<trkpt lat="39.015863" lon="113.676104">
				<speed>0.864203</speed>
				<ele>2581.000000</ele>
				<time>2025-09-29T00:03:03Z</time>
			</trkpt>
			<trkpt lat="39.015800" lon="113.676191">
				<speed>0.983643</speed>
				<ele>2583.000000</ele>
				<time>2025-09-29T00:03:14Z</time>
			</trkpt>
			<trkpt lat="39.015726" lon="113.676270">
				<speed>0.907696</speed>
				<ele>2585.000000</ele>
				<time>2025-09-29T00:03:25Z</time>
			</trkpt>
			<trkpt lat="39.015660" lon="113.676358">
				<speed>1.191164</speed>
				<ele>2586.000000</ele>
				<time>2025-09-29T00:03:35Z</time>
			</trkpt>
			<trkpt lat="39.015589" lon="113.676444">
				<speed>0.793690</speed>
				<ele>2586.000000</ele>
				<time>2025-09-29T00:03:54Z</time>
			</trkpt>
			<trkpt lat="39.015530" lon="113.676542">
				<speed>0.889852</speed>
				<ele>2587.000000</ele>
				<time>2025-09-29T00:04:05Z</time>
			</trkpt>
			<trkpt lat="39.015484" lon="113.676651">
				<speed>0.951587</speed>
				<ele>2589.000000</ele>
				<time>2025-09-29T00:04:16Z</time>
			</trkpt>
			<trkpt lat="39.015428" lon="113.676753">
				<speed>1.041913</speed>
				<ele>2590.000000</ele>
				<time>2025-09-29T00:04:27Z</time>
			</trkpt>
			<trkpt lat="39.015374" lon="113.676847">
				<speed>1.118719</speed>
				<ele>2591.000000</ele>
				<time>2025-09-29T00:04:36Z</time>
			</trkpt>
			<trkpt lat="39.015336" lon="113.676957">
				<speed>0.919203</speed>
				<ele>2591.000000</ele>
				<time>2025-09-29T00:04:46Z</time>
			</trkpt>
			<trkpt lat="39.015271" lon="113.677050">
				<speed>0.820942</speed>
				<ele>2594.000000</ele>
				<time>2025-09-29T00:04:57Z</time>
			</trkpt>
			<trkpt lat="39.015217" lon="113.677153">
				<speed>0.933798</speed>
				<ele>2596.000000</ele>
				<time>2025-09-29T00:05:08Z</time>
			</trkpt>
			<trkpt lat="39.015147" lon="113.677240">
				<speed>0.820656</speed>
				<ele>2597.000000</ele>
				<time>2025-09-29T00:05:20Z</time>
			</trkpt>
			<trkpt lat="39.015069" lon="113.677323">
				<speed>1.064629</speed>
				<ele>2599.000000</ele>
				<time>2025-09-29T00:08:27Z</time>
			</trkpt>
			<trkpt lat="39.014984" lon="113.677382">
				<speed>1.085773</speed>
				<ele>2597.000000</ele>
				<time>2025-09-29T00:08:39Z</time>
			</trkpt>
			<trkpt lat="39.014890" lon="113.677424">
				<speed>1.271817</speed>
				<ele>2597.000000</ele>
				<time>2025-09-29T00:08:47Z</time>
			</trkpt>
			<trkpt lat="39.014796" lon="113.677439">
				<speed>0.886463</speed>
				<ele>2595.000000</ele>
				<time>2025-09-29T00:08:57Z</time>
			</trkpt>
			<trkpt lat="39.014700" lon="113.677460">
				<speed>0.865543</speed>
				<ele>2593.000000</ele>
				<time>2025-09-29T00:09:09Z</time>
			</trkpt>
			<trkpt lat="39.014619" lon="113.677516">
				<speed>0.953246</speed>
				<ele>2592.000000</ele>
				<time>2025-09-29T00:09:19Z</time>
			</trkpt>
			<trkpt lat="39.014537" lon="113.677574">
				<speed>0.657638</speed>
				<ele>2592.000000</ele>
				<time>2025-09-29T00:09:35Z</time>
			</trkpt>
			<trkpt lat="39.014450" lon="113.677632">
				<speed>1.271146</speed>
				<ele>2590.000000</ele>
				<time>2025-09-29T00:09:46Z</time>
			</trkpt>
			<trkpt lat="39.014382" lon="113.677716">
				<speed>1.022188</speed>
				<ele>2589.000000</ele>
				<time>2025-09-29T00:09:56Z</time>
			</trkpt>
			<trkpt lat="39.014290" lon="113.677765">
				<speed>1.509115</speed>
				<ele>2585.000000</ele>
				<time>2025-09-29T00:10:07Z</time>
			</trkpt>
			<trkpt lat="39.014199" lon="113.677797">
				<speed>1.513759</speed>
				<ele>2582.000000</ele>
				<time>2025-09-29T00:10:16Z</time>
			</trkpt>
			<trkpt lat="39.014106" lon="113.677847">
				<speed>1.498927</speed>
				<ele>2580.000000</ele>
				<time>2025-09-29T00:10:25Z</time>
			</trkpt>
			<trkpt lat="39.014023" lon="113.677901">
				<speed>1.169870</speed>
				<ele>2578.000000</ele>
				<time>2025-09-29T00:10:34Z</time>
			</trkpt>
			<trkpt lat="39.013949" lon="113.677982">
				<speed>0.928668</speed>
				<ele>2577.000000</ele>
				<time>2025-09-29T00:10:42Z</time>
			</trkpt>
			<trkpt lat="39.013868" lon="113.678061">
				<speed>1.623340</speed>
				<ele>2577.000000</ele>
				<time>2025-09-29T00:10:49Z</time>
			</trkpt>
			<trkpt lat="39.013792" lon="113.678139">
				<speed>1.332030</speed>
				<ele>2577.000000</ele>
				<time>2025-09-29T00:10:58Z</time>
			</trkpt>
			<trkpt lat="39.013715" lon="113.678214">
				<speed>0.588480</speed>
				<ele>2574.000000</ele>
				<time>2025-09-29T00:11:13Z</time>
			</trkpt>
			<trkpt lat="39.013637" lon="113.678298">
				<speed>1.225859</speed>
				<ele>2572.000000</ele>
				<time>2025-09-29T00:11:22Z</time>
			</trkpt>
			<trkpt lat="39.013552" lon="113.678359">
				<speed>1.232904</speed>
				<ele>2571.000000</ele>
				<time>2025-09-29T00:11:31Z</time>
			</trkpt>
			<trkpt lat="39.013471" lon="113.678434">
				<speed>1.271533</speed>
				<ele>2569.000000</ele>
				<time>2025-09-29T00:11:40Z</time>
			</trkpt>
			<trkpt lat="39.013382" lon="113.678476">
				<speed>1.128063</speed>
				<ele>2567.000000</ele>
				<time>2025-09-29T00:11:50Z</time>
			</trkpt>
			<trkpt lat="39.013301" lon="113.678540">
				<speed>1.093373</speed>
				<ele>2565.000000</ele>
				<time>2025-09-29T00:11:59Z</time>
			</trkpt>
			<trkpt lat="39.013217" lon="113.678605">
				<speed>1.068480</speed>
				<ele>2562.000000</ele>
				<time>2025-09-29T00:12:13Z</time>
			</trkpt>
			<trkpt lat="39.013127" lon="113.678666">
				<speed>1.204602</speed>
				<ele>2559.000000</ele>
				<time>2025-09-29T00:12:24Z</time>
			</trkpt>
			<trkpt lat="39.013042" lon="113.678726">
				<speed>0.897780</speed>
				<ele>2556.000000</ele>
				<time>2025-09-29T00:12:39Z</time>
			</trkpt>
			<trkpt lat="39.012963" lon="113.678789">
				<speed>1.236967</speed>
				<ele>2553.000000</ele>
				<time>2025-09-29T00:12:48Z</time>
			</trkpt>
			<trkpt lat="39.012884" lon="113.678867">
				<speed>1.240844</speed>
				<ele>2550.000000</ele>
				<time>2025-09-29T00:12:59Z</time>
			</trkpt>
			<trkpt lat="39.012798" lon="113.678916">
				<speed>0.872894</speed>
				<ele>2548.000000</ele>
				<time>2025-09-29T00:13:10Z</time>
			</trkpt>
			<trkpt lat="39.012707" lon="113.678948">
				<speed>1.383036</speed>
				<ele>2545.000000</ele>
				<time>2025-09-29T00:13:23Z</time>
			</trkpt>
			<trkpt lat="39.012636" lon="113.679042">
				<speed>1.422583</speed>
				<ele>2544.000000</ele>
				<time>2025-09-29T00:13:44Z</time>
			</trkpt>
			<trkpt lat="39.012560" lon="113.679118">
				<speed>1.295012</speed>
				<ele>2542.000000</ele>
				<time>2025-09-29T00:13:53Z</time>
			</trkpt>
			<trkpt lat="39.012481" lon="113.679191">
				<speed>1.153663</speed>
				<ele>2539.000000</ele>
				<time>2025-09-29T00:14:04Z</time>
			</trkpt>
			<trkpt lat="39.012398" lon="113.679241">
				<speed>1.160660</speed>
				<ele>2538.000000</ele>
				<time>2025-09-29T00:14:14Z</time>
			</trkpt>
			<trkpt lat="39.012331" lon="113.679323">
				<speed>1.379706</speed>
				<ele>2536.000000</ele>
				<time>2025-09-29T00:14:22Z</time>
			</trkpt>
			<trkpt lat="39.012253" lon="113.679384">
				<speed>1.456372</speed>
				<ele>2535.000000</ele>
				<time>2025-09-29T00:14:30Z</time>
			</trkpt>
			<trkpt lat="39.012160" lon="113.679424">
				<speed>1.142789</speed>
				<ele>2534.000000</ele>
				<time>2025-09-29T00:14:39Z</time>
			</trkpt>
			<trkpt lat="39.012083" lon="113.679485">
				<speed>1.352359</speed>
				<ele>2534.000000</ele>
				<time>2025-09-29T00:14:45Z</time>
			</trkpt>
			<trkpt lat="39.011994" lon="113.679550">
				<speed>1.396337</speed>
				<ele>2533.000000</ele>
				<time>2025-09-29T00:14:53Z</time>
			</trkpt>
			<trkpt lat="39.011902" lon="113.679611">
				<speed>1.333370</speed>
				<ele>2532.000000</ele>
				<time>2025-09-29T00:15:01Z</time>
			</trkpt>
			<trkpt lat="39.011813" lon="113.679681">
				<speed>1.445401</speed>
				<ele>2531.000000</ele>
				<time>2025-09-29T00:15:09Z</time>
			</trkpt>
			<trkpt lat="39.011733" lon="113.679739">
				<speed>1.227168</speed>
				<ele>2530.000000</ele>
				<time>2025-09-29T00:15:17Z</time>
			</trkpt>
			<trkpt lat="39.011652" lon="113.679811">
				<speed>1.317024</speed>
				<ele>2528.000000</ele>
				<time>2025-09-29T00:15:25Z</time>
			</trkpt>
			<trkpt lat="39.011561" lon="113.679865">
				<speed>1.136285</speed>
				<ele>2527.000000</ele>
				<time>2025-09-29T00:15:35Z</time>
			</trkpt>
			<trkpt lat="39.011482" lon="113.679924">
				<speed>1.043429</speed>
				<ele>2526.000000</ele>
				<time>2025-09-29T00:15:44Z</time>
			</trkpt>
			<trkpt lat="39.011403" lon="113.679980">
				<speed>1.331033</speed>
				<ele>2525.000000</ele>
				<time>2025-09-29T00:15:51Z</time>
			</trkpt>
			<trkpt lat="39.011317" lon="113.680029">
				<speed>1.375642</speed>
				<ele>2525.000000</ele>
				<time>2025-09-29T00:15:58Z</time>
			</trkpt>
			<trkpt lat="39.011247" lon="113.680120">
				<speed>1.260043</speed>
				<ele>2523.000000</ele>
				<time>2025-09-29T00:16:06Z</time>
			</trkpt>
			<trkpt lat="39.011179" lon="113.680209">
				<speed>1.177246</speed>
				<ele>2523.000000</ele>
				<time>2025-09-29T00:16:15Z</time>
			</trkpt>
			<trkpt lat="39.011139" lon="113.680315">
				<speed>1.475171</speed>
				<ele>2522.000000</ele>
				<time>2025-09-29T00:16:22Z</time>
			</trkpt>
			<trkpt lat="39.011058" lon="113.680391">
				<speed>1.539804</speed>
				<ele>2522.000000</ele>
				<time>2025-09-29T00:16:29Z</time>
			</trkpt>
			<trkpt lat="39.010974" lon="113.680461">
				<speed>1.465069</speed>
				<ele>2520.000000</ele>
				<time>2025-09-29T00:16:37Z</time>
			</trkpt>
			<trkpt lat="39.010891" lon="113.680516">
				<speed>1.258012</speed>
				<ele>2520.000000</ele>
				<time>2025-09-29T00:16:44Z</time>
			</trkpt>
			<trkpt lat="39.010808" lon="113.680570">
				<speed>1.555133</speed>
				<ele>2519.000000</ele>
				<time>2025-09-29T00:16:52Z</time>
			</trkpt>
			<trkpt lat="39.010728" lon="113.680631">
				<speed>1.241214</speed>
				<ele>2518.000000</ele>
				<time>2025-09-29T00:17:00Z</time>
			</trkpt>
			<trkpt lat="39.010642" lon="113.680682">
				<speed>1.380303</speed>
				<ele>2519.000000</ele>
				<time>2025-09-29T00:17:07Z</time>
			</trkpt>
			<trkpt lat="39.010555" lon="113.680741">
				<speed>1.337756</speed>
				<ele>2518.000000</ele>
				<time>2025-09-29T00:17:15Z</time>
			</trkpt>
			<trkpt lat="39.010470" lon="113.680793">
				<speed>1.270957</speed>
				<ele>2519.000000</ele>
				<time>2025-09-29T00:17:22Z</time>
			</trkpt>
			<trkpt lat="39.010378" lon="113.680841">
				<speed>1.139568</speed>
				<ele>2518.000000</ele>
				<time>2025-09-29T00:17:30Z</time>
			</trkpt>
			<trkpt lat="39.010281" lon="113.680874">
				<speed>1.350309</speed>
				<ele>2519.000000</ele>
				<time>2025-09-29T00:17:38Z</time>
			</trkpt>
			<trkpt lat="39.010190" lon="113.680899">
				<speed>1.280437</speed>
				<ele>2519.000000</ele>
				<time>2025-09-29T00:17:45Z</time>
			</trkpt>
			<trkpt lat="39.010098" lon="113.680919">
				<speed>1.411029</speed>
				<ele>2518.000000</ele>
				<time>2025-09-29T00:17:53Z</time>
			</trkpt>
			<trkpt lat="39.010010" lon="113.680963">
				<speed>1.317828</speed>
				<ele>2519.000000</ele>
				<time>2025-09-29T00:18:01Z</time>
			</trkpt>
			<trkpt lat="39.009920" lon="113.681008">
				<speed>1.291758</speed>
				<ele>2519.000000</ele>
				<time>2025-09-29T00:18:09Z</time>
			</trkpt>
			<trkpt lat="39.009829" lon="113.681075">
				<speed>1.380162</speed>
				<ele>2519.000000</ele>
				<time>2025-09-29T00:18:19Z</time>
			</trkpt>
			<trkpt lat="39.009738" lon="113.681124">
				<speed>1.241206</speed>
				<ele>2519.000000</ele>
				<time>2025-09-29T00:18:27Z</time>
			</trkpt>
			<trkpt lat="39.009657" lon="113.681198">
				<speed>1.300936</speed>
				<ele>2518.000000</ele>
				<time>2025-09-29T00:18:35Z</time>
			</trkpt>
			<trkpt lat="39.009577" lon="113.681257">
				<speed>1.102013</speed>
				<ele>2518.000000</ele>
				<time>2025-09-29T00:18:43Z</time>
			</trkpt>
			<trkpt lat="39.009495" lon="113.681309">
				<speed>1.352337</speed>
				<ele>2518.000000</ele>
				<time>2025-09-29T00:18:49Z</time>
			</trkpt>
			<trkpt lat="39.009407" lon="113.681355">
				<speed>1.563166</speed>
				<ele>2517.000000</ele>
				<time>2025-09-29T00:18:56Z</time>
			</trkpt>
			<trkpt lat="39.009318" lon="113.681374">
				<speed>1.426817</speed>
				<ele>2517.000000</ele>
				<time>2025-09-29T00:19:03Z</time>
			</trkpt>
			<trkpt lat="39.009221" lon="113.681405">
				<speed>1.310563</speed>
				<ele>2517.000000</ele>
				<time>2025-09-29T00:19:11Z</time>
			</trkpt>
			<trkpt lat="39.009127" lon="113.681439">
				<speed>1.261412</speed>
				<ele>2518.000000</ele>
				<time>2025-09-29T00:19:19Z</time>
			</trkpt>
			<trkpt lat="39.009039" lon="113.681409">
				<speed>1.213388</speed>
				<ele>2517.000000</ele>
				<time>2025-09-29T00:19:27Z</time>
			</trkpt>
			<trkpt lat="39.008943" lon="113.681403">
				<speed>1.099223</speed>
				<ele>2517.000000</ele>
				<time>2025-09-29T00:19:36Z</time>
			</trkpt>
			<trkpt lat="39.008844" lon="113.681400">
				<speed>1.218356</speed>
				<ele>2518.000000</ele>
				<time>2025-09-29T00:19:44Z</time>
			</trkpt>
			<trkpt lat="39.008748" lon="113.681393">
				<speed>1.160262</speed>
				<ele>2518.000000</ele>
				<time>2025-09-29T00:19:52Z</time>
			</trkpt>
			<trkpt lat="39.008662" lon="113.681339">
				<speed>1.181230</speed>
				<ele>2519.000000</ele>
				<time>2025-09-29T00:20:00Z</time>
			</trkpt>
			<trkpt lat="39.008584" lon="113.681259">
				<speed>1.402410</speed>
				<ele>2519.000000</ele>
				<time>2025-09-29T00:20:08Z</time>
			</trkpt>
			<trkpt lat="39.008513" lon="113.681180">
				<speed>1.147909</speed>
				<ele>2517.000000</ele>
				<time>2025-09-29T00:20:16Z</time>
			</trkpt>
			<trkpt lat="39.008429" lon="113.681115">
				<speed>1.402320</speed>
				<ele>2518.000000</ele>
				<time>2025-09-29T00:20:23Z</time>
			</trkpt>
			<trkpt lat="39.008342" lon="113.681057">
				<speed>1.135454</speed>
				<ele>2518.000000</ele>
				<time>2025-09-29T00:20:33Z</time>
			</trkpt>
			<trkpt lat="39.008260" lon="113.680990">
				<speed>1.285738</speed>
				<ele>2517.000000</ele>
				<time>2025-09-29T00:20:41Z</time>
			</trkpt>
			<trkpt lat="39.008175" lon="113.680950">
				<speed>1.461704</speed>
				<ele>2517.000000</ele>
				<time>2025-09-29T00:20:48Z</time>
			</trkpt>
			<trkpt lat="39.008094" lon="113.680893">
				<speed>1.263722</speed>
				<ele>2517.000000</ele>
				<time>2025-09-29T00:20:56Z</time>
			</trkpt>
			<trkpt lat="39.008024" lon="113.680819">
				<speed>1.247763</speed>
				<ele>2516.000000</ele>
				<time>2025-09-29T00:21:04Z</time>
			</trkpt>
			<trkpt lat="39.007954" lon="113.680738">
				<speed>1.002827</speed>
				<ele>2516.000000</ele>
				<time>2025-09-29T00:21:20Z</time>
			</trkpt>
			<trkpt lat="39.007892" lon="113.680652">
				<speed>0.742992</speed>
				<ele>2515.000000</ele>
				<time>2025-09-29T00:21:29Z</time>
			</trkpt>
			<trkpt lat="39.007829" lon="113.680563">
				<speed>1.124977</speed>
				<ele>2515.000000</ele>
				<time>2025-09-29T00:21:38Z</time>
			</trkpt>
			<trkpt lat="39.007747" lon="113.680493">
				<speed>1.221416</speed>
				<ele>2514.000000</ele>
				<time>2025-09-29T00:21:48Z</time>
			</trkpt>
			<trkpt lat="39.007673" lon="113.680420">
				<speed>1.301144</speed>
				<ele>2514.000000</ele>
				<time>2025-09-29T00:21:56Z</time>
			</trkpt>
			<trkpt lat="39.007596" lon="113.680359">
				<speed>1.248371</speed>
				<ele>2514.000000</ele>
				<time>2025-09-29T00:22:05Z</time>
			</trkpt>
			<trkpt lat="39.007508" lon="113.680298">
				<speed>1.101668</speed>
				<ele>2514.000000</ele>
				<time>2025-09-29T00:22:14Z</time>
			</trkpt>
			<trkpt lat="39.007431" lon="113.680234">
				<speed>0.957418</speed>
				<ele>2513.000000</ele>
				<time>2025-09-29T00:22:22Z</time>
			</trkpt>
			<trkpt lat="39.007358" lon="113.680145">
				<speed>1.215382</speed>
				<ele>2512.000000</ele>
				<time>2025-09-29T00:22:31Z</time>
			</trkpt>
			<trkpt lat="39.007269" lon="113.680084">
				<speed>1.429939</speed>
				<ele>2511.000000</ele>
				<time>2025-09-29T00:22:44Z</time>
			</trkpt>
			<trkpt lat="39.007190" lon="113.680012">
				<speed>1.325165</speed>
				<ele>2511.000000</ele>
				<time>2025-09-29T00:22:52Z</time>
			</trkpt>
			<trkpt lat="39.007110" lon="113.679932">
				<speed>1.237339</speed>
				<ele>2509.000000</ele>
				<time>2025-09-29T00:23:01Z</time>
			</trkpt>
			<trkpt lat="39.007032" lon="113.679858">
				<speed>0.987626</speed>
				<ele>2508.000000</ele>
				<time>2025-09-29T00:23:10Z</time>
			</trkpt>
			<trkpt lat="39.006953" lon="113.679796">
				<speed>0.816931</speed>
				<ele>2508.000000</ele>
				<time>2025-09-29T00:23:19Z</time>
			</trkpt>
			<trkpt lat="39.006899" lon="113.679699">
				<speed>0.592806</speed>
				<ele>2505.000000</ele>
				<time>2025-09-29T00:23:32Z</time>
			</trkpt>
			<trkpt lat="39.006830" lon="113.679605">
				<speed>1.309931</speed>
				<ele>2504.000000</ele>
				<time>2025-09-29T00:23:42Z</time>
			</trkpt>
			<trkpt lat="39.006745" lon="113.679544">
				<speed>1.283731</speed>
				<ele>2503.000000</ele>
				<time>2025-09-29T00:23:51Z</time>
			</trkpt>
			<trkpt lat="39.006669" lon="113.679475">
				<speed>1.297572</speed>
				<ele>2502.000000</ele>
				<time>2025-09-29T00:24:00Z</time>
			</trkpt>
			<trkpt lat="39.006583" lon="113.679430">
				<speed>1.067354</speed>
				<ele>2501.000000</ele>
				<time>2025-09-29T00:24:47Z</time>
			</trkpt>
			<trkpt lat="39.006487" lon="113.679416">
				<speed>1.178786</speed>
				<ele>2501.000000</ele>
				<time>2025-09-29T00:24:55Z</time>
			</trkpt>
			<trkpt lat="39.006393" lon="113.679399">
				<speed>0.850665</speed>
				<ele>2503.000000</ele>
				<time>2025-09-29T00:25:06Z</time>
			</trkpt>
			<trkpt lat="39.006317" lon="113.679320">
				<speed>0.863539</speed>
				<ele>2501.000000</ele>
				<time>2025-09-29T00:25:18Z</time>
			</trkpt>
			<trkpt lat="39.006234" lon="113.679270">
				<speed>1.134470</speed>
				<ele>2502.000000</ele>
				<time>2025-09-29T00:25:26Z</time>
			</trkpt>
			<trkpt lat="39.006161" lon="113.679202">
				<speed>0.903282</speed>
				<ele>2501.000000</ele>
				<time>2025-09-29T00:25:35Z</time>
			</trkpt>
			<trkpt lat="39.006082" lon="113.679147">
				<speed>1.341053</speed>
				<ele>2502.000000</ele>
				<time>2025-09-29T00:25:42Z</time>
			</trkpt>
			<trkpt lat="39.006002" lon="113.679075">
				<speed>1.255053</speed>
				<ele>2502.000000</ele>
				<time>2025-09-29T00:25:50Z</time>
			</trkpt>
			<trkpt lat="39.005921" lon="113.678994">
				<speed>1.197877</speed>
				<ele>2501.000000</ele>
				<time>2025-09-29T00:25:59Z</time>
			</trkpt>
			<trkpt lat="39.005839" lon="113.678940">
				<speed>1.285722</speed>
				<ele>2500.000000</ele>
				<time>2025-09-29T00:26:07Z</time>
			</trkpt>
			<trkpt lat="39.005752" lon="113.678873">
				<speed>1.572360</speed>
				<ele>2500.000000</ele>
				<time>2025-09-29T00:26:15Z</time>
			</trkpt>
			<trkpt lat="39.005662" lon="113.678828">
				<speed>1.219987</speed>
				<ele>2499.000000</ele>
				<time>2025-09-29T00:26:24Z</time>
			</trkpt>
			<trkpt lat="39.005565" lon="113.678784">
				<speed>1.462669</speed>
				<ele>2501.000000</ele>
				<time>2025-09-29T00:26:32Z</time>
			</trkpt>
			<trkpt lat="39.005471" lon="113.678732">
				<speed>1.499140</speed>
				<ele>2500.000000</ele>
				<time>2025-09-29T00:26:40Z</time>
			</trkpt>
			<trkpt lat="39.005390" lon="113.678673">
				<speed>1.265046</speed>
				<ele>2498.000000</ele>
				<time>2025-09-29T00:26:48Z</time>
			</trkpt>
			<trkpt lat="39.005299" lon="113.678674">
				<speed>1.253494</speed>
				<ele>2499.000000</ele>
				<time>2025-09-29T00:26:56Z</time>
			</trkpt>
			<trkpt lat="39.005207" lon="113.678666">
				<speed>1.257571</speed>
				<ele>2499.000000</ele>
				<time>2025-09-29T00:27:05Z</time>
			</trkpt>
			<trkpt lat="39.005109" lon="113.678671">
				<speed>1.279155</speed>
				<ele>2499.000000</ele>
				<time>2025-09-29T00:27:13Z</time>
			</trkpt>
			<trkpt lat="39.005013" lon="113.678678">
				<speed>1.362478</speed>
				<ele>2498.000000</ele>
				<time>2025-09-29T00:27:21Z</time>
			</trkpt>
			<trkpt lat="39.004927" lon="113.678720">
				<speed>1.238883</speed>
				<ele>2499.000000</ele>
				<time>2025-09-29T00:27:29Z</time>
			</trkpt>
			<trkpt lat="39.004833" lon="113.678722">
				<speed>1.245899</speed>
				<ele>2498.000000</ele>
				<time>2025-09-29T00:27:37Z</time>
			</trkpt>
			<trkpt lat="39.004733" lon="113.678745">
				<speed>1.341903</speed>
				<ele>2498.000000</ele>
				<time>2025-09-29T00:27:47Z</time>
			</trkpt>
			<trkpt lat="39.004646" lon="113.678782">
				<speed>1.081454</speed>
				<ele>2498.000000</ele>
				<time>2025-09-29T00:27:56Z</time>
			</trkpt>
			<trkpt lat="39.004565" lon="113.678837">
				<speed>0.936802</speed>
				<ele>2498.000000</ele>
				<time>2025-09-29T00:28:09Z</time>
			</trkpt>
			<trkpt lat="39.004489" lon="113.678904">
				<speed>0.229206</speed>
				<ele>2497.000000</ele>
				<time>2025-09-29T00:28:36Z</time>
			</trkpt>
			<trkpt lat="39.004407" lon="113.678958">
				<speed>1.108073</speed>
				<ele>2496.000000</ele>
				<time>2025-09-29T00:28:43Z</time>
			</trkpt>
			<trkpt lat="39.004320" lon="113.679010">
				<speed>0.948787</speed>
				<ele>2495.000000</ele>
				<time>2025-09-29T00:28:52Z</time>
			</trkpt>
			<trkpt lat="39.004221" lon="113.679053">
				<speed>1.401905</speed>
				<ele>2495.000000</ele>
				<time>2025-09-29T00:29:02Z</time>
			</trkpt>
			<trkpt lat="39.004127" lon="113.679080">
				<speed>0.798133</speed>
				<ele>2494.000000</ele>
				<time>2025-09-29T00:29:11Z</time>
			</trkpt>
			<trkpt lat="39.004037" lon="113.679122">
				<speed>1.336344</speed>
				<ele>2494.000000</ele>
				<time>2025-09-29T00:29:19Z</time>
			</trkpt>
			<trkpt lat="39.003942" lon="113.679140">
				<speed>1.153565</speed>
				<ele>2492.000000</ele>
				<time>2025-09-29T00:29:27Z</time>
			</trkpt>
			<trkpt lat="39.003846" lon="113.679187">
				<speed>1.379041</speed>
				<ele>2492.000000</ele>
				<time>2025-09-29T00:29:35Z</time>
			</trkpt>
			<trkpt lat="39.003755" lon="113.679238">
				<speed>1.345975</speed>
				<ele>2492.000000</ele>
				<time>2025-09-29T00:29:43Z</time>
			</trkpt>
			<trkpt lat="39.003662" lon="113.679292">
				<speed>1.332862</speed>
				<ele>2492.000000</ele>
				<time>2025-09-29T00:29:51Z</time>
			</trkpt>
			<trkpt lat="39.003567" lon="113.679324">
				<speed>1.316956</speed>
				<ele>2491.000000</ele>
				<time>2025-09-29T00:29:59Z</time>
			</trkpt>
			<trkpt lat="39.003473" lon="113.679378">
				<speed>1.618190</speed>
				<ele>2491.000000</ele>
				<time>2025-09-29T00:30:07Z</time>
			</trkpt>
			<trkpt lat="39.003384" lon="113.679437">
				<speed>1.222850</speed>
				<ele>2490.000000</ele>
				<time>2025-09-29T00:30:16Z</time>
			</trkpt>
			<trkpt lat="39.003295" lon="113.679506">
				<speed>1.532331</speed>
				<ele>2490.000000</ele>
				<time>2025-09-29T00:30:24Z</time>
			</trkpt>
			<trkpt lat="39.003206" lon="113.679535">
				<speed>1.413684</speed>
				<ele>2489.000000</ele>
				<time>2025-09-29T00:30:37Z</time>
			</trkpt>
			<trkpt lat="39.003108" lon="113.679524">
				<speed>1.284491</speed>
				<ele>2487.000000</ele>
				<time>2025-09-29T00:30:46Z</time>
			</trkpt>
			<trkpt lat="39.003010" lon="113.679544">
				<speed>1.430352</speed>
				<ele>2485.000000</ele>
				<time>2025-09-29T00:30:55Z</time>
			</trkpt>
			<trkpt lat="39.002919" lon="113.679578">
				<speed>1.328257</speed>
				<ele>2483.000000</ele>
				<time>2025-09-29T00:31:05Z</time>
			</trkpt>
			<trkpt lat="39.002827" lon="113.679603">
				<speed>1.254119</speed>
				<ele>2482.000000</ele>
				<time>2025-09-29T00:31:13Z</time>
			</trkpt>
			<trkpt lat="39.002733" lon="113.679644">
				<speed>0.918253</speed>
				<ele>2479.000000</ele>
				<time>2025-09-29T00:31:24Z</time>
			</trkpt>
			<trkpt lat="39.002676" lon="113.679741">
				<speed>1.125624</speed>
				<ele>2479.000000</ele>
				<time>2025-09-29T00:31:32Z</time>
			</trkpt>
			<trkpt lat="39.002592" lon="113.679786">
				<speed>1.203585</speed>
				<ele>2477.000000</ele>
				<time>2025-09-29T00:31:40Z</time>
			</trkpt>
			<trkpt lat="39.002590" lon="113.679914">
				<speed>1.235909</speed>
				<ele>2478.000000</ele>
				<time>2025-09-29T00:31:55Z</time>
			</trkpt>
			<trkpt lat="39.002545" lon="113.679808">
				<speed>0.307116</speed>
				<ele>2477.000000</ele>
				<time>2025-09-29T00:32:54Z</time>
			</trkpt>
			<trkpt lat="39.002448" lon="113.679796">
				<speed>1.098334</speed>
				<ele>2475.000000</ele>
				<time>2025-09-29T00:33:10Z</time>
			</trkpt>
			<trkpt lat="39.002351" lon="113.679799">
				<speed>1.211738</speed>
				<ele>2474.000000</ele>
				<time>2025-09-29T00:33:20Z</time>
			</trkpt>
			<trkpt lat="39.002253" lon="113.679823">
				<speed>1.007873</speed>
				<ele>2474.000000</ele>
				<time>2025-09-29T00:33:31Z</time>
			</trkpt>
			<trkpt lat="39.002164" lon="113.679846">
				<speed>0.912237</speed>
				<ele>2471.000000</ele>
				<time>2025-09-29T00:33:46Z</time>
			</trkpt>
			<trkpt lat="39.002075" lon="113.679865">
				<speed>1.073031</speed>
				<ele>2471.000000</ele>
				<time>2025-09-29T00:33:54Z</time>
			</trkpt>
			<trkpt lat="39.001985" lon="113.679888">
				<speed>0.768331</speed>
				<ele>2469.000000</ele>
				<time>2025-09-29T00:34:06Z</time>
			</trkpt>
			<trkpt lat="39.001887" lon="113.679898">
				<speed>1.110630</speed>
				<ele>2470.000000</ele>
				<time>2025-09-29T00:34:19Z</time>
			</trkpt>
			<trkpt lat="39.001789" lon="113.679885">
				<speed>1.011195</speed>
				<ele>2466.000000</ele>
				<time>2025-09-29T00:34:57Z</time>
			</trkpt>
			<trkpt lat="39.001690" lon="113.679857">
				<speed>1.116712</speed>
				<ele>2463.000000</ele>
				<time>2025-09-29T00:35:11Z</time>
			</trkpt>
			<trkpt lat="39.001603" lon="113.679903">
				<speed>1.229991</speed>
				<ele>2463.000000</ele>
				<time>2025-09-29T00:35:20Z</time>
			</trkpt>
			<trkpt lat="39.001514" lon="113.679929">
				<speed>1.591943</speed>
				<ele>2461.000000</ele>
				<time>2025-09-29T00:35:28Z</time>
			</trkpt>
			<trkpt lat="39.001426" lon="113.679960">
				<speed>1.436809</speed>
				<ele>2460.000000</ele>
				<time>2025-09-29T00:35:36Z</time>
			</trkpt>
			<trkpt lat="39.001328" lon="113.679969">
				<speed>1.573883</speed>
				<ele>2460.000000</ele>
				<time>2025-09-29T00:35:44Z</time>
			</trkpt>
			<trkpt lat="39.001235" lon="113.679967">
				<speed>1.050214</speed>
				<ele>2457.000000</ele>
				<time>2025-09-29T00:35:53Z</time>
			</trkpt>
			<trkpt lat="39.001143" lon="113.679953">
				<speed>1.052860</speed>
				<ele>2457.000000</ele>
				<time>2025-09-29T00:36:01Z</time>
			</trkpt>
			<trkpt lat="39.001052" lon="113.679916">
				<speed>1.193926</speed>
				<ele>2455.000000</ele>
				<time>2025-09-29T00:36:09Z</time>
			</trkpt>
			<trkpt lat="39.000962" lon="113.679886">
				<speed>1.208736</speed>
				<ele>2455.000000</ele>
				<time>2025-09-29T00:36:18Z</time>
			</trkpt>
			<trkpt lat="39.000866" lon="113.679868">
				<speed>1.293996</speed>
				<ele>2453.000000</ele>
				<time>2025-09-29T00:36:27Z</time>
			</trkpt>
			<trkpt lat="39.000771" lon="113.679817">
				<speed>1.141739</speed>
				<ele>2451.000000</ele>
				<time>2025-09-29T00:36:39Z</time>
			</trkpt>
			<trkpt lat="39.000675" lon="113.679828">
				<speed>1.230881</speed>
				<ele>2451.000000</ele>
				<time>2025-09-29T00:36:48Z</time>
			</trkpt>
			<trkpt lat="39.000581" lon="113.679820">
				<speed>1.076534</speed>
				<ele>2451.000000</ele>
				<time>2025-09-29T00:36:56Z</time>
			</trkpt>
			<trkpt lat="39.000485" lon="113.679810">
				<speed>0.959812</speed>
				<ele>2449.000000</ele>
				<time>2025-09-29T00:37:06Z</time>
			</trkpt>
			<trkpt lat="39.000391" lon="113.679809">
				<speed>1.079018</speed>
				<ele>2448.000000</ele>
				<time>2025-09-29T00:37:15Z</time>
			</trkpt>
			<trkpt lat="39.000293" lon="113.679762">
				<speed>1.289975</speed>
				<ele>2448.000000</ele>
				<time>2025-09-29T00:37:24Z</time>
			</trkpt>
			<trkpt lat="39.000190" lon="113.679762">
				<speed>1.151484</speed>
				<ele>2447.000000</ele>
				<time>2025-09-29T00:37:34Z</time>
			</trkpt>
			<trkpt lat="39.000083" lon="113.679762">
				<speed>1.539229</speed>
				<ele>2447.000000</ele>
				<time>2025-09-29T00:37:45Z</time>
			</trkpt>
			<trkpt lat="38.999991" lon="113.679768">
				<speed>1.381600</speed>
				<ele>2446.000000</ele>
				<time>2025-09-29T00:37:53Z</time>
			</trkpt>
			<trkpt lat="38.999897" lon="113.679751">
				<speed>1.217125</speed>
				<ele>2445.000000</ele>
				<time>2025-09-29T00:38:02Z</time>
			</trkpt>
			<trkpt lat="38.999796" lon="113.679733">
				<speed>1.357859</speed>
				<ele>2444.000000</ele>
				<time>2025-09-29T00:38:11Z</time>
			</trkpt>
			<trkpt lat="38.999712" lon="113.679680">
				<speed>1.339927</speed>
				<ele>2442.000000</ele>
				<time>2025-09-29T00:38:19Z</time>
			</trkpt>
			<trkpt lat="38.999635" lon="113.679614">
				<speed>0.833962</speed>
				<ele>2439.000000</ele>
				<time>2025-09-29T00:38:29Z</time>
			</trkpt>
			<trkpt lat="38.999564" lon="113.679542">
				<speed>1.072560</speed>
				<ele>2438.000000</ele>
				<time>2025-09-29T00:38:38Z</time>
			</trkpt>
			<trkpt lat="38.999484" lon="113.679482">
				<speed>1.115028</speed>
				<ele>2437.000000</ele>
				<time>2025-09-29T00:38:49Z</time>
			</trkpt>
			<trkpt lat="38.999440" lon="113.679379">
				<speed>0.422816</speed>
				<ele>2433.000000</ele>
				<time>2025-09-29T00:39:14Z</time>
			</trkpt>
			<trkpt lat="38.999390" lon="113.679281">
				<speed>1.399110</speed>
				<ele>2432.000000</ele>
				<time>2025-09-29T00:39:22Z</time>
			</trkpt>
			<trkpt lat="38.999328" lon="113.679195">
				<speed>1.183396</speed>
				<ele>2430.000000</ele>
				<time>2025-09-29T00:39:31Z</time>
			</trkpt>
			<trkpt lat="38.999263" lon="113.679107">
				<speed>1.093662</speed>
				<ele>2427.000000</ele>
				<time>2025-09-29T00:39:40Z</time>
			</trkpt>
			<trkpt lat="38.999186" lon="113.679030">
				<speed>0.972819</speed>
				<ele>2425.000000</ele>
				<time>2025-09-29T00:39:58Z</time>
			</trkpt>
			<trkpt lat="38.999127" lon="113.678943">
				<speed>0.660151</speed>
				<ele>2423.000000</ele>
				<time>2025-09-29T00:40:10Z</time>
			</trkpt>
			<trkpt lat="38.999063" lon="113.678858">
				<speed>0.762146</speed>
				<ele>2419.000000</ele>
				<time>2025-09-29T00:40:21Z</time>
			</trkpt>
			<trkpt lat="38.999017" lon="113.678753">
				<speed>0.965723</speed>
				<ele>2416.000000</ele>
				<time>2025-09-29T00:40:33Z</time>
			</trkpt>
			<trkpt lat="38.998952" lon="113.678653">
				<speed>1.203807</speed>
				<ele>2413.000000</ele>
				<time>2025-09-29T00:40:44Z</time>
			</trkpt>
			<trkpt lat="38.998884" lon="113.678570">
				<speed>0.908062</speed>
				<ele>2412.000000</ele>
				<time>2025-09-29T00:40:54Z</time>
			</trkpt>
			<trkpt lat="38.998803" lon="113.678507">
				<speed>1.161336</speed>
				<ele>2409.000000</ele>
				<time>2025-09-29T00:41:09Z</time>
			</trkpt>
			<trkpt lat="38.998721" lon="113.678457">
				<speed>0.902768</speed>
				<ele>2408.000000</ele>
				<time>2025-09-29T00:41:19Z</time>
			</trkpt>
			<trkpt lat="38.998633" lon="113.678397">
				<speed>1.269494</speed>
				<ele>2407.000000</ele>
				<time>2025-09-29T00:41:29Z</time>
			</trkpt>
			<trkpt lat="38.998545" lon="113.678347">
				<speed>0.915103</speed>
				<ele>2405.000000</ele>
				<time>2025-09-29T00:41:39Z</time>
			</trkpt>
			<trkpt lat="38.998460" lon="113.678291">
				<speed>1.161566</speed>
				<ele>2402.000000</ele>
				<time>2025-09-29T00:41:48Z</time>
			</trkpt>
			<trkpt lat="38.998370" lon="113.678251">
				<speed>1.197118</speed>
				<ele>2402.000000</ele>
				<time>2025-09-29T00:41:57Z</time>
			</trkpt>
			<trkpt lat="38.998285" lon="113.678193">
				<speed>1.157532</speed>
				<ele>2401.000000</ele>
				<time>2025-09-29T00:42:06Z</time>
			</trkpt>
			<trkpt lat="38.998202" lon="113.678139">
				<speed>0.979322</speed>
				<ele>2398.000000</ele>
				<time>2025-09-29T00:42:18Z</time>
			</trkpt>
			<trkpt lat="38.998128" lon="113.678071">
				<speed>0.865463</speed>
				<ele>2395.000000</ele>
				<time>2025-09-29T00:42:28Z</time>
			</trkpt>
			<trkpt lat="38.998054" lon="113.677991">
				<speed>0.997996</speed>
				<ele>2393.000000</ele>
				<time>2025-09-29T00:42:39Z</time>
			</trkpt>
			<trkpt lat="38.997974" lon="113.677924">
				<speed>1.058132</speed>
				<ele>2389.000000</ele>
				<time>2025-09-29T00:42:52Z</time>
			</trkpt>
			<trkpt lat="38.997916" lon="113.677833">
				<speed>0.930769</speed>
				<ele>2386.000000</ele>
				<time>2025-09-29T00:43:02Z</time>
			</trkpt>
			<trkpt lat="38.997841" lon="113.677766">
				<speed>0.849633</speed>
				<ele>2382.000000</ele>
				<time>2025-09-29T00:43:15Z</time>
			</trkpt>
			<trkpt lat="38.997764" lon="113.677699">
				<speed>0.671522</speed>
				<ele>2380.000000</ele>
				<time>2025-09-29T00:43:27Z</time>
			</trkpt>
			<trkpt lat="38.997692" lon="113.677616">
				<speed>0.910298</speed>
				<ele>2377.000000</ele>
				<time>2025-09-29T00:43:41Z</time>
			</trkpt>
			<trkpt lat="38.997646" lon="113.677515">
				<speed>1.030238</speed>
				<ele>2374.000000</ele>
				<time>2025-09-29T00:43:53Z</time>
			</trkpt>
			<trkpt lat="38.997564" lon="113.677447">
				<speed>0.712242</speed>
				<ele>2371.000000</ele>
				<time>2025-09-29T00:44:08Z</time>
			</trkpt>
			<trkpt lat="38.997486" lon="113.677384">
				<speed>0.877935</speed>
				<ele>2368.000000</ele>
				<time>2025-09-29T00:44:21Z</time>
			</trkpt>
			<trkpt lat="38.997430" lon="113.677288">
				<speed>0.788146</speed>
				<ele>2365.000000</ele>
				<time>2025-09-29T00:44:36Z</time>
			</trkpt>
			<trkpt lat="38.997393" lon="113.677181">
				<speed>0.734103</speed>
				<ele>2362.000000</ele>
				<time>2025-09-29T00:44:49Z</time>
			</trkpt>
			<trkpt lat="38.997309" lon="113.677134">
				<speed>0.523884</speed>
				<ele>2358.000000</ele>
				<time>2025-09-29T00:45:04Z</time>
			</trkpt>
			<trkpt lat="38.997236" lon="113.677062">
				<speed>0.992330</speed>
				<ele>2356.000000</ele>
				<time>2025-09-29T00:45:19Z</time>
			</trkpt>
			<trkpt lat="38.997186" lon="113.676956">
				<speed>0.955580</speed>
				<ele>2355.000000</ele>
				<time>2025-09-29T00:45:32Z</time>
			</trkpt>
			<trkpt lat="38.997106" lon="113.676894">
				<speed>1.329618</speed>
				<ele>2353.000000</ele>
				<time>2025-09-29T00:46:21Z</time>
			</trkpt>
			<trkpt lat="38.997010" lon="113.676883">
				<speed>0.888246</speed>
				<ele>2354.000000</ele>
				<time>2025-09-29T00:46:32Z</time>
			</trkpt>
			<trkpt lat="38.996951" lon="113.676794">
				<speed>0.631853</speed>
				<ele>2356.000000</ele>
				<time>2025-09-29T00:46:44Z</time>
			</trkpt>
			<trkpt lat="38.996878" lon="113.676723">
				<speed>0.524479</speed>
				<ele>2359.000000</ele>
				<time>2025-09-29T00:46:58Z</time>
			</trkpt>
			<trkpt lat="38.996805" lon="113.676651">
				<speed>0.302152</speed>
				<ele>2362.000000</ele>
				<time>2025-09-29T00:47:14Z</time>
			</trkpt>
			<trkpt lat="38.996726" lon="113.676597">
				<speed>0.625686</speed>
				<ele>2364.000000</ele>
				<time>2025-09-29T00:47:28Z</time>
			</trkpt>
			<trkpt lat="38.996639" lon="113.676536">
				<speed>0.612696</speed>
				<ele>2368.000000</ele>
				<time>2025-09-29T00:47:43Z</time>
			</trkpt>
			<trkpt lat="38.996555" lon="113.676483">
				<speed>0.314624</speed>
				<ele>2370.000000</ele>
				<time>2025-09-29T00:48:29Z</time>
			</trkpt>
			<trkpt lat="38.996460" lon="113.676462">
				<speed>0.663497</speed>
				<ele>2371.000000</ele>
				<time>2025-09-29T00:48:40Z</time>
			</trkpt>
			<trkpt lat="38.996371" lon="113.676434">
				<speed>0.532484</speed>
				<ele>2373.000000</ele>
				<time>2025-09-29T00:48:51Z</time>
			</trkpt>
			<trkpt lat="38.996278" lon="113.676394">
				<speed>0.955919</speed>
				<ele>2376.000000</ele>
				<time>2025-09-29T00:49:01Z</time>
			</trkpt>
			<trkpt lat="38.996214" lon="113.676312">
				<speed>0.738608</speed>
				<ele>2379.000000</ele>
				<time>2025-09-29T00:49:14Z</time>
			</trkpt>
			<trkpt lat="38.996154" lon="113.676220">
				<speed>0.640978</speed>
				<ele>2381.000000</ele>
				<time>2025-09-29T00:49:27Z</time>
			</trkpt>
			<trkpt lat="38.996078" lon="113.676139">
				<speed>0.453050</speed>
				<ele>2381.000000</ele>
				<time>2025-09-29T00:50:38Z</time>
			</trkpt>
			<trkpt lat="38.995994" lon="113.676095">
				<speed>0.859025</speed>
				<ele>2385.000000</ele>
				<time>2025-09-29T00:50:50Z</time>
			</trkpt>
			<trkpt lat="38.995919" lon="113.676025">
				<speed>0.552729</speed>
				<ele>2385.000000</ele>
				<time>2025-09-29T00:51:01Z</time>
			</trkpt>
			<trkpt lat="38.995832" lon="113.675978">
				<speed>0.806273</speed>
				<ele>2387.000000</ele>
				<time>2025-09-29T00:51:13Z</time>
			</trkpt>
			<trkpt lat="38.995747" lon="113.675937">
				<speed>0.834048</speed>
				<ele>2389.000000</ele>
				<time>2025-09-29T00:51:23Z</time>
			</trkpt>
			<trkpt lat="38.995665" lon="113.675870">
				<speed>1.031769</speed>
				<ele>2389.000000</ele>
				<time>2025-09-29T00:51:34Z</time>
			</trkpt>
			<trkpt lat="38.995574" lon="113.675834">
				<speed>0.979569</speed>
				<ele>2392.000000</ele>
				<time>2025-09-29T00:51:44Z</time>
			</trkpt>
			<trkpt lat="38.995513" lon="113.675738">
				<speed>0.666483</speed>
				<ele>2393.000000</ele>
				<time>2025-09-29T00:52:20Z</time>
			</trkpt>
			<trkpt lat="38.995442" lon="113.675666">
				<speed>0.600473</speed>
				<ele>2396.000000</ele>
				<time>2025-09-29T00:52:31Z</time>
			</trkpt>
			<trkpt lat="38.995387" lon="113.675573">
				<speed>0.477140</speed>
				<ele>2398.000000</ele>
				<time>2025-09-29T00:52:45Z</time>
			</trkpt>
			<trkpt lat="38.995310" lon="113.675508">
				<speed>0.572879</speed>
				<ele>2401.000000</ele>
				<time>2025-09-29T00:52:59Z</time>
			</trkpt>
			<trkpt lat="38.995225" lon="113.675446">
				<speed>0.574674</speed>
				<ele>2405.000000</ele>
				<time>2025-09-29T00:53:17Z</time>
			</trkpt>
			<trkpt lat="38.995144" lon="113.675373">
				<speed>0.546268</speed>
				<ele>2412.000000</ele>
				<time>2025-09-29T00:53:45Z</time>
			</trkpt>
			<trkpt lat="38.995068" lon="113.675306">
				<speed>0.366599</speed>
				<ele>2413.000000</ele>
				<time>2025-09-29T00:54:03Z</time>
			</trkpt>
			<trkpt lat="38.995001" lon="113.675228">
				<speed>0.562018</speed>
				<ele>2415.000000</ele>
				<time>2025-09-29T00:54:19Z</time>
			</trkpt>
			<trkpt lat="38.994911" lon="113.675185">
				<speed>0.585135</speed>
				<ele>2420.000000</ele>
				<time>2025-09-29T00:54:38Z</time>
			</trkpt>
			<trkpt lat="38.994837" lon="113.675109">
				<speed>0.586952</speed>
				<ele>2423.000000</ele>
				<time>2025-09-29T00:54:57Z</time>
			</trkpt>
			<trkpt lat="38.994744" lon="113.675088">
				<speed>0.763664</speed>
				<ele>2428.000000</ele>
				<time>2025-09-29T00:55:15Z</time>
			</trkpt>
			<trkpt lat="38.994670" lon="113.675018">
				<speed>0.658521</speed>
				<ele>2431.000000</ele>
				<time>2025-09-29T00:55:31Z</time>
			</trkpt>
			<trkpt lat="38.994597" lon="113.674941">
				<speed>0.457717</speed>
				<ele>2434.000000</ele>
				<time>2025-09-29T00:55:47Z</time>
			</trkpt>
			<trkpt lat="38.994521" lon="113.674871">
				<speed>0.841484</speed>
				<ele>2436.000000</ele>
				<time>2025-09-29T00:56:00Z</time>
			</trkpt>
			<trkpt lat="38.994442" lon="113.674799">
				<speed>1.160377</speed>
				<ele>2436.000000</ele>
				<time>2025-09-29T01:00:54Z</time>
			</trkpt>
			<trkpt lat="38.994365" lon="113.674733">
				<speed>0.988456</speed>
				<ele>2437.000000</ele>
				<time>2025-09-29T01:01:02Z</time>
			</trkpt>
			<trkpt lat="38.994316" lon="113.674625">
				<speed>1.035058</speed>
				<ele>2437.000000</ele>
				<time>2025-09-29T01:01:13Z</time>
			</trkpt>
			<trkpt lat="38.994245" lon="113.674544">
				<speed>0.795684</speed>
				<ele>2440.000000</ele>
				<time>2025-09-29T01:01:38Z</time>
			</trkpt>
			<trkpt lat="38.994192" lon="113.674442">
				<speed>1.053487</speed>
				<ele>2440.000000</ele>
				<time>2025-09-29T01:01:50Z</time>
			</trkpt>
			<trkpt lat="38.994130" lon="113.674348">
				<speed>0.262686</speed>
				<ele>2444.000000</ele>
				<time>2025-09-29T01:02:12Z</time>
			</trkpt>
			<trkpt lat="38.994045" lon="113.674300">
				<speed>0.972627</speed>
				<ele>2446.000000</ele>
				<time>2025-09-29T01:02:25Z</time>
			</trkpt>
			<trkpt lat="38.993989" lon="113.674205">
				<speed>0.706338</speed>
				<ele>2450.000000</ele>
				<time>2025-09-29T01:02:38Z</time>
			</trkpt>
			<trkpt lat="38.993912" lon="113.674141">
				<speed>0.338230</speed>
				<ele>2453.000000</ele>
				<time>2025-09-29T01:03:03Z</time>
			</trkpt>
			<trkpt lat="38.993840" lon="113.674069">
				<speed>0.486623</speed>
				<ele>2457.000000</ele>
				<time>2025-09-29T01:03:18Z</time>
			</trkpt>
			<trkpt lat="38.993783" lon="113.673978">
				<speed>0.980533</speed>
				<ele>2457.000000</ele>
				<time>2025-09-29T01:03:30Z</time>
			</trkpt>
			<trkpt lat="38.993727" lon="113.673883">
				<speed>0.761963</speed>
				<ele>2461.000000</ele>
				<time>2025-09-29T01:03:47Z</time>
			</trkpt>
			<trkpt lat="38.993685" lon="113.673775">
				<speed>0.592112</speed>
				<ele>2461.000000</ele>
				<time>2025-09-29T01:03:59Z</time>
			</trkpt>
			<trkpt lat="38.993627" lon="113.673680">
				<speed>0.645687</speed>
				<ele>2460.000000</ele>
				<time>2025-09-29T01:04:13Z</time>
			</trkpt>
			<trkpt lat="38.993562" lon="113.673594">
				<speed>0.733559</speed>
				<ele>2463.000000</ele>
				<time>2025-09-29T01:04:24Z</time>
			</trkpt>
			<trkpt lat="38.993518" lon="113.673492">
				<speed>0.093126</speed>
				<ele>2465.000000</ele>
				<time>2025-09-29T01:04:45Z</time>
			</trkpt>
			<trkpt lat="38.993486" lon="113.673381">
				<speed>0.676835</speed>
				<ele>2465.000000</ele>
				<time>2025-09-29T01:04:58Z</time>
			</trkpt>
			<trkpt lat="38.993422" lon="113.673297">
				<speed>0.443690</speed>
				<ele>2467.000000</ele>
				<time>2025-09-29T01:05:09Z</time>
			</trkpt>
			<trkpt lat="38.993346" lon="113.673230">
				<speed>0.426199</speed>
				<ele>2470.000000</ele>
				<time>2025-09-29T01:05:21Z</time>
			</trkpt>
			<trkpt lat="38.993351" lon="113.673107">
				<speed>0.761445</speed>
				<ele>2469.000000</ele>
				<time>2025-09-29T01:05:44Z</time>
			</trkpt>
			<trkpt lat="38.993389" lon="113.672992">
				<speed>0.843968</speed>
				<ele>2469.000000</ele>
				<time>2025-09-29T01:05:54Z</time>
			</trkpt>
			<trkpt lat="38.993301" lon="113.672943">
				<speed>0.812701</speed>
				<ele>2472.000000</ele>
				<time>2025-09-29T01:12:29Z</time>
			</trkpt>
			<trkpt lat="38.993249" lon="113.672826">
				<speed>1.057418</speed>
				<ele>2472.000000</ele>
				<time>2025-09-29T01:12:40Z</time>
			</trkpt>
			<trkpt lat="38.993225" lon="113.672707">
				<speed>1.212340</speed>
				<ele>2472.000000</ele>
				<time>2025-09-29T01:12:49Z</time>
			</trkpt>
			<trkpt lat="38.993201" lon="113.672595">
				<speed>1.153321</speed>
				<ele>2472.000000</ele>
				<time>2025-09-29T01:12:58Z</time>
			</trkpt>
			<trkpt lat="38.993171" lon="113.672478">
				<speed>1.226001</speed>
				<ele>2474.000000</ele>
				<time>2025-09-29T01:13:07Z</time>
			</trkpt>
			<trkpt lat="38.993148" lon="113.672359">
				<speed>1.055108</speed>
				<ele>2475.000000</ele>
				<time>2025-09-29T01:13:17Z</time>
			</trkpt>
			<trkpt lat="38.993127" lon="113.672235">
				<speed>1.002904</speed>
				<ele>2478.000000</ele>
				<time>2025-09-29T01:13:28Z</time>
			</trkpt>
			<trkpt lat="38.993115" lon="113.672120">
				<speed>0.745552</speed>
				<ele>2480.000000</ele>
				<time>2025-09-29T01:13:39Z</time>
			</trkpt>
			<trkpt lat="38.993099" lon="113.671995">
				<speed>1.103544</speed>
				<ele>2481.000000</ele>
				<time>2025-09-29T01:13:51Z</time>
			</trkpt>
			<trkpt lat="38.993079" lon="113.671878">
				<speed>1.197358</speed>
				<ele>2482.000000</ele>
				<time>2025-09-29T01:14:00Z</time>
			</trkpt>
			<trkpt lat="38.993064" lon="113.671757">
				<speed>1.167537</speed>
				<ele>2483.000000</ele>
				<time>2025-09-29T01:14:09Z</time>
			</trkpt>
			<trkpt lat="38.993019" lon="113.671655">
				<speed>0.956148</speed>
				<ele>2484.000000</ele>
				<time>2025-09-29T01:14:18Z</time>
			</trkpt>
			<trkpt lat="38.992976" lon="113.671545">
				<speed>1.107555</speed>
				<ele>2483.000000</ele>
				<time>2025-09-29T01:14:27Z</time>
			</trkpt>
			<trkpt lat="38.992915" lon="113.671454">
				<speed>1.019714</speed>
				<ele>2484.000000</ele>
				<time>2025-09-29T01:14:36Z</time>
			</trkpt>
			<trkpt lat="38.992836" lon="113.671387">
				<speed>0.899621</speed>
				<ele>2484.000000</ele>
				<time>2025-09-29T01:14:45Z</time>
			</trkpt>
			<trkpt lat="38.992743" lon="113.671354">
				<speed>1.340078</speed>
				<ele>2487.000000</ele>
				<time>2025-09-29T01:14:53Z</time>
			</trkpt>
			<trkpt lat="38.992648" lon="113.671317">
				<speed>1.058975</speed>
				<ele>2487.000000</ele>
				<time>2025-09-29T01:15:02Z</time>
			</trkpt>
			<trkpt lat="38.992564" lon="113.671250">
				<speed>1.254137</speed>
				<ele>2488.000000</ele>
				<time>2025-09-29T01:15:10Z</time>
			</trkpt>
			<trkpt lat="38.992482" lon="113.671194">
				<speed>1.074299</speed>
				<ele>2488.000000</ele>
				<time>2025-09-29T01:15:18Z</time>
			</trkpt>
			<trkpt lat="38.992397" lon="113.671128">
				<speed>1.175221</speed>
				<ele>2488.000000</ele>
				<time>2025-09-29T01:15:27Z</time>
			</trkpt>
			<trkpt lat="38.992310" lon="113.671070">
				<speed>1.232948</speed>
				<ele>2488.000000</ele>
				<time>2025-09-29T01:15:35Z</time>
			</trkpt>
			<trkpt lat="38.992225" lon="113.671002">
				<speed>1.415814</speed>
				<ele>2488.000000</ele>
				<time>2025-09-29T01:15:44Z</time>
			</trkpt>
			<trkpt lat="38.992155" lon="113.670922">
				<speed>1.092295</speed>
				<ele>2487.000000</ele>
				<time>2025-09-29T01:15:52Z</time>
			</trkpt>
			<trkpt lat="38.992083" lon="113.670843">
				<speed>0.843145</speed>
				<ele>2487.000000</ele>
				<time>2025-09-29T01:16:03Z</time>
			</trkpt>
			<trkpt lat="38.992012" lon="113.670766">
				<speed>1.201391</speed>
				<ele>2487.000000</ele>
				<time>2025-09-29T01:16:12Z</time>
			</trkpt>
			<trkpt lat="38.991922" lon="113.670709">
				<speed>0.901882</speed>
				<ele>2488.000000</ele>
				<time>2025-09-29T01:16:21Z</time>
			</trkpt>
			<trkpt lat="38.991852" lon="113.670629">
				<speed>1.363516</speed>
				<ele>2488.000000</ele>
				<time>2025-09-29T01:16:29Z</time>
			</trkpt>
			<trkpt lat="38.991802" lon="113.670519">
				<speed>1.060553</speed>
				<ele>2488.000000</ele>
				<time>2025-09-29T01:16:39Z</time>
			</trkpt>
			<trkpt lat="38.991744" lon="113.670426">
				<speed>1.000488</speed>
				<ele>2488.000000</ele>
				<time>2025-09-29T01:16:47Z</time>
			</trkpt>
			<trkpt lat="38.991671" lon="113.670349">
				<speed>0.960684</speed>
				<ele>2486.000000</ele>
				<time>2025-09-29T01:17:20Z</time>
			</trkpt>
			<trkpt lat="38.991582" lon="113.670305">
				<speed>1.143913</speed>
				<ele>2486.000000</ele>
				<time>2025-09-29T01:17:29Z</time>
			</trkpt>
			<trkpt lat="38.991484" lon="113.670281">
				<speed>1.440889</speed>
				<ele>2487.000000</ele>
				<time>2025-09-29T01:17:37Z</time>
			</trkpt>
			<trkpt lat="38.991388" lon="113.670264">
				<speed>1.393894</speed>
				<ele>2486.000000</ele>
				<time>2025-09-29T01:17:45Z</time>
			</trkpt>
			<trkpt lat="38.991300" lon="113.670226">
				<speed>1.500554</speed>
				<ele>2484.000000</ele>
				<time>2025-09-29T01:17:52Z</time>
			</trkpt>
			<trkpt lat="38.991214" lon="113.670185">
				<speed>0.842998</speed>
				<ele>2482.000000</ele>
				<time>2025-09-29T01:18:01Z</time>
			</trkpt>
			<trkpt lat="38.991121" lon="113.670148">
				<speed>1.087082</speed>
				<ele>2481.000000</ele>
				<time>2025-09-29T01:18:10Z</time>
			</trkpt>
			<trkpt lat="38.991041" lon="113.670067">
				<speed>1.368398</speed>
				<ele>2480.000000</ele>
				<time>2025-09-29T01:18:19Z</time>
			</trkpt>
			<trkpt lat="38.990962" lon="113.670004">
				<speed>1.305882</speed>
				<ele>2479.000000</ele>
				<time>2025-09-29T01:18:26Z</time>
			</trkpt>
			<trkpt lat="38.990896" lon="113.669921">
				<speed>1.149791</speed>
				<ele>2478.000000</ele>
				<time>2025-09-29T01:18:34Z</time>
			</trkpt>
			<trkpt lat="38.990817" lon="113.669847">
				<speed>1.477843</speed>
				<ele>2475.000000</ele>
				<time>2025-09-29T01:18:43Z</time>
			</trkpt>
			<trkpt lat="38.990775" lon="113.669739">
				<speed>1.343562</speed>
				<ele>2473.000000</ele>
				<time>2025-09-29T01:18:51Z</time>
			</trkpt>
			<trkpt lat="38.990751" lon="113.669621">
				<speed>1.239380</speed>
				<ele>2473.000000</ele>
				<time>2025-09-29T01:18:59Z</time>
			</trkpt>
			<trkpt lat="38.990687" lon="113.669514">
				<speed>1.568099</speed>
				<ele>2470.000000</ele>
				<time>2025-09-29T01:19:14Z</time>
			</trkpt>
			<trkpt lat="38.990656" lon="113.669402">
				<speed>1.486276</speed>
				<ele>2469.000000</ele>
				<time>2025-09-29T01:19:22Z</time>
			</trkpt>
			<trkpt lat="38.990610" lon="113.669302">
				<speed>1.460944</speed>
				<ele>2467.000000</ele>
				<time>2025-09-29T01:19:30Z</time>
			</trkpt>
			<trkpt lat="38.990548" lon="113.669193">
				<speed>1.177417</speed>
				<ele>2466.000000</ele>
				<time>2025-09-29T01:19:40Z</time>
			</trkpt>
			<trkpt lat="38.990501" lon="113.669080">
				<speed>1.386677</speed>
				<ele>2466.000000</ele>
				<time>2025-09-29T01:19:48Z</time>
			</trkpt>
			<trkpt lat="38.990429" lon="113.668989">
				<speed>1.248049</speed>
				<ele>2466.000000</ele>
				<time>2025-09-29T01:19:57Z</time>
			</trkpt>
			<trkpt lat="38.990341" lon="113.668929">
				<speed>1.314941</speed>
				<ele>2467.000000</ele>
				<time>2025-09-29T01:20:05Z</time>
			</trkpt>
			<trkpt lat="38.990261" lon="113.668858">
				<speed>1.124135</speed>
				<ele>2467.000000</ele>
				<time>2025-09-29T01:20:13Z</time>
			</trkpt>
			<trkpt lat="38.990173" lon="113.668802">
				<speed>1.065244</speed>
				<ele>2467.000000</ele>
				<time>2025-09-29T01:20:21Z</time>
			</trkpt>
			<trkpt lat="38.990119" lon="113.668697">
				<speed>1.306003</speed>
				<ele>2465.000000</ele>
				<time>2025-09-29T01:20:31Z</time>
			</trkpt>
			<trkpt lat="38.990125" lon="113.668574">
				<speed>0.963973</speed>
				<ele>2464.000000</ele>
				<time>2025-09-29T01:20:40Z</time>
			</trkpt>
			<trkpt lat="38.990134" lon="113.668457">
				<speed>1.251878</speed>
				<ele>2465.000000</ele>
				<time>2025-09-29T01:20:47Z</time>
			</trkpt>
			<trkpt lat="38.990114" lon="113.668343">
				<speed>1.587572</speed>
				<ele>2464.000000</ele>
				<time>2025-09-29T01:20:54Z</time>
			</trkpt>
			<trkpt lat="38.990085" lon="113.668225">
				<speed>1.499058</speed>
				<ele>2463.000000</ele>
				<time>2025-09-29T01:21:02Z</time>
			</trkpt>
			<trkpt lat="38.990065" lon="113.668110">
				<speed>1.145270</speed>
				<ele>2463.000000</ele>
				<time>2025-09-29T01:21:10Z</time>
			</trkpt>
			<trkpt lat="38.989999" lon="113.668014">
				<speed>1.246560</speed>
				<ele>2463.000000</ele>
				<time>2025-09-29T01:21:18Z</time>
			</trkpt>
			<trkpt lat="38.989935" lon="113.667924">
				<speed>1.233416</speed>
				<ele>2462.000000</ele>
				<time>2025-09-29T01:21:26Z</time>
			</trkpt>
			<trkpt lat="38.989881" lon="113.667831">
				<speed>1.313176</speed>
				<ele>2461.000000</ele>
				<time>2025-09-29T01:21:33Z</time>
			</trkpt>
			<trkpt lat="38.989803" lon="113.667759">
				<speed>1.534214</speed>
				<ele>2460.000000</ele>
				<time>2025-09-29T01:21:41Z</time>
			</trkpt>
			<trkpt lat="38.989753" lon="113.667649">
				<speed>1.348561</speed>
				<ele>2459.000000</ele>
				<time>2025-09-29T01:21:50Z</time>
			</trkpt>
			<trkpt lat="38.989695" lon="113.667548">
				<speed>1.316161</speed>
				<ele>2458.000000</ele>
				<time>2025-09-29T01:21:58Z</time>
			</trkpt>
			<trkpt lat="38.989613" lon="113.667474">
				<speed>1.369858</speed>
				<ele>2458.000000</ele>
				<time>2025-09-29T01:22:06Z</time>
			</trkpt>
			<trkpt lat="38.989538" lon="113.667393">
				<speed>1.117516</speed>
				<ele>2458.000000</ele>
				<time>2025-09-29T01:22:14Z</time>
			</trkpt>
			<trkpt lat="38.989447" lon="113.667360">
				<speed>1.092877</speed>
				<ele>2458.000000</ele>
				<time>2025-09-29T01:22:22Z</time>
			</trkpt>
			<trkpt lat="38.989350" lon="113.667332">
				<speed>1.083552</speed>
				<ele>2457.000000</ele>
				<time>2025-09-29T01:22:31Z</time>
			</trkpt>
			<trkpt lat="38.989282" lon="113.667257">
				<speed>1.315770</speed>
				<ele>2458.000000</ele>
				<time>2025-09-29T01:22:38Z</time>
			</trkpt>
			<trkpt lat="38.989197" lon="113.667201">
				<speed>1.156028</speed>
				<ele>2458.000000</ele>
				<time>2025-09-29T01:22:46Z</time>
			</trkpt>
			<trkpt lat="38.989121" lon="113.667135">
				<speed>1.300404</speed>
				<ele>2458.000000</ele>
				<time>2025-09-29T01:22:54Z</time>
			</trkpt>
			<trkpt lat="38.989047" lon="113.667068">
				<speed>0.694868</speed>
				<ele>2458.000000</ele>
				<time>2025-09-29T01:23:03Z</time>
			</trkpt>
			<trkpt lat="38.988984" lon="113.666981">
				<speed>1.225307</speed>
				<ele>2460.000000</ele>
				<time>2025-09-29T01:23:12Z</time>
			</trkpt>
			<trkpt lat="38.988925" lon="113.666882">
				<speed>0.963772</speed>
				<ele>2461.000000</ele>
				<time>2025-09-29T01:23:22Z</time>
			</trkpt>
			<trkpt lat="38.988879" lon="113.666774">
				<speed>1.155879</speed>
				<ele>2463.000000</ele>
				<time>2025-09-29T01:23:30Z</time>
			</trkpt>
			<trkpt lat="38.988815" lon="113.666679">
				<speed>0.916782</speed>
				<ele>2463.000000</ele>
				<time>2025-09-29T01:23:40Z</time>
			</trkpt>
			<trkpt lat="38.988736" lon="113.666609">
				<speed>0.997513</speed>
				<ele>2462.000000</ele>
				<time>2025-09-29T01:23:48Z</time>
			</trkpt>
			<trkpt lat="38.988658" lon="113.666544">
				<speed>1.104137</speed>
				<ele>2463.000000</ele>
				<time>2025-09-29T01:23:56Z</time>
			</trkpt>
			<trkpt lat="38.988620" lon="113.666436">
				<speed>1.063367</speed>
				<ele>2462.000000</ele>
				<time>2025-09-29T01:24:04Z</time>
			</trkpt>
			<trkpt lat="38.988568" lon="113.666333">
				<speed>0.951699</speed>
				<ele>2464.000000</ele>
				<time>2025-09-29T01:24:13Z</time>
			</trkpt>
			<trkpt lat="38.988512" lon="113.666237">
				<speed>1.057963</speed>
				<ele>2463.000000</ele>
				<time>2025-09-29T01:24:21Z</time>
			</trkpt>
			<trkpt lat="38.988437" lon="113.666159">
				<speed>0.917432</speed>
				<ele>2468.000000</ele>
				<time>2025-09-29T01:24:32Z</time>
			</trkpt>
			<trkpt lat="38.988361" lon="113.666094">
				<speed>0.918129</speed>
				<ele>2470.000000</ele>
				<time>2025-09-29T01:24:44Z</time>
			</trkpt>
			<trkpt lat="38.988290" lon="113.666007">
				<speed>0.864074</speed>
				<ele>2471.000000</ele>
				<time>2025-09-29T01:24:55Z</time>
			</trkpt>
			<trkpt lat="38.988220" lon="113.665929">
				<speed>0.809375</speed>
				<ele>2473.000000</ele>
				<time>2025-09-29T01:25:06Z</time>
			</trkpt>
			<trkpt lat="38.988149" lon="113.665856">
				<speed>0.579801</speed>
				<ele>2476.000000</ele>
				<time>2025-09-29T01:25:17Z</time>
			</trkpt>
			<trkpt lat="38.988063" lon="113.665815">
				<speed>0.900394</speed>
				<ele>2477.000000</ele>
				<time>2025-09-29T01:25:26Z</time>
			</trkpt>
			<trkpt lat="38.987979" lon="113.665772">
				<speed>0.586407</speed>
				<ele>2480.000000</ele>
				<time>2025-09-29T01:25:40Z</time>
			</trkpt>
			<trkpt lat="38.987895" lon="113.665717">
				<speed>0.985916</speed>
				<ele>2480.000000</ele>
				<time>2025-09-29T01:25:58Z</time>
			</trkpt>
			<trkpt lat="38.987842" lon="113.665612">
				<speed>1.103723</speed>
				<ele>2478.000000</ele>
				<time>2025-09-29T01:26:10Z</time>
			</trkpt>
			<trkpt lat="38.987804" lon="113.665503">
				<speed>0.833682</speed>
				<ele>2480.000000</ele>
				<time>2025-09-29T01:26:22Z</time>
			</trkpt>
			<trkpt lat="38.987799" lon="113.665381">
				<speed>0.775291</speed>
				<ele>2481.000000</ele>
				<time>2025-09-29T01:26:34Z</time>
			</trkpt>
			<trkpt lat="38.987803" lon="113.665263">
				<speed>0.610027</speed>
				<ele>2483.000000</ele>
				<time>2025-09-29T01:26:46Z</time>
			</trkpt>
			<trkpt lat="38.987764" lon="113.665156">
				<speed>1.013825</speed>
				<ele>2485.000000</ele>
				<time>2025-09-29T01:26:57Z</time>
			</trkpt>
			<trkpt lat="38.987752" lon="113.665035">
				<speed>1.087865</speed>
				<ele>2484.000000</ele>
				<time>2025-09-29T01:27:07Z</time>
			</trkpt>
			<trkpt lat="38.987745" lon="113.664916">
				<speed>0.715841</speed>
				<ele>2484.000000</ele>
				<time>2025-09-29T01:27:18Z</time>
			</trkpt>
			<trkpt lat="38.987778" lon="113.664808">
				<speed>0.485636</speed>
				<ele>2479.000000</ele>
				<time>2025-09-29T01:27:37Z</time>
			</trkpt>
			<trkpt lat="38.987793" lon="113.664691">
				<speed>0.570133</speed>
				<ele>2474.000000</ele>
				<time>2025-09-29T01:27:52Z</time>
			</trkpt>
			<trkpt lat="38.987843" lon="113.664587">
				<speed>0.890007</speed>
				<ele>2470.000000</ele>
				<time>2025-09-29T01:28:07Z</time>
			</trkpt>
			<trkpt lat="38.987869" lon="113.664476">
				<speed>0.479255</speed>
				<ele>2466.000000</ele>
				<time>2025-09-29T01:28:32Z</time>
			</trkpt>
			<trkpt lat="38.987871" lon="113.664355">
				<speed>1.037380</speed>
				<ele>2462.000000</ele>
				<time>2025-09-29T01:28:48Z</time>
			</trkpt>
			<trkpt lat="38.987932" lon="113.664266">
				<speed>0.349538</speed>
				<ele>2459.000000</ele>
				<time>2025-09-29T01:29:04Z</time>
			</trkpt>
			<trkpt lat="38.987976" lon="113.664154">
				<speed>0.498670</speed>
				<ele>2453.000000</ele>
				<time>2025-09-29T01:29:19Z</time>
			</trkpt>
			<trkpt lat="38.988042" lon="113.664075">
				<speed>0.798560</speed>
				<ele>2452.000000</ele>
				<time>2025-09-29T01:29:30Z</time>
			</trkpt>
			<trkpt lat="38.988080" lon="113.663971">
				<speed>0.356356</speed>
				<ele>2447.000000</ele>
				<time>2025-09-29T01:29:47Z</time>
			</trkpt>
			<trkpt lat="38.988106" lon="113.663849">
				<speed>0.709376</speed>
				<ele>2441.000000</ele>
				<time>2025-09-29T01:30:01Z</time>
			</trkpt>
			<trkpt lat="38.988121" lon="113.663728">
				<speed>0.591841</speed>
				<ele>2437.000000</ele>
				<time>2025-09-29T01:30:19Z</time>
			</trkpt>
			<trkpt lat="38.988167" lon="113.663625">
				<speed>0.358102</speed>
				<ele>2433.000000</ele>
				<time>2025-09-29T01:30:36Z</time>
			</trkpt>
			<trkpt lat="38.988211" lon="113.663520">
				<speed>0.326181</speed>
				<ele>2430.000000</ele>
				<time>2025-09-29T01:30:52Z</time>
			</trkpt>
			<trkpt lat="38.988260" lon="113.663416">
				<speed>0.870949</speed>
				<ele>2426.000000</ele>
				<time>2025-09-29T01:31:07Z</time>
			</trkpt>
			<trkpt lat="38.988243" lon="113.663301">
				<speed>0.474620</speed>
				<ele>2422.000000</ele>
				<time>2025-09-29T01:31:27Z</time>
			</trkpt>
			<trkpt lat="38.988298" lon="113.663196">
				<speed>0.515669</speed>
				<ele>2417.000000</ele>
				<time>2025-09-29T01:31:49Z</time>
			</trkpt>
			<trkpt lat="38.988284" lon="113.663067">
				<speed>1.018258</speed>
				<ele>2414.000000</ele>
				<time>2025-09-29T01:32:04Z</time>
			</trkpt>
			<trkpt lat="38.988304" lon="113.662942">
				<speed>0.508736</speed>
				<ele>2411.000000</ele>
				<time>2025-09-29T01:32:20Z</time>
			</trkpt>
			<trkpt lat="38.988376" lon="113.662860">
				<speed>0.802817</speed>
				<ele>2408.000000</ele>
				<time>2025-09-29T01:32:30Z</time>
			</trkpt>
			<trkpt lat="38.988422" lon="113.662748">
				<speed>0.741099</speed>
				<ele>2403.000000</ele>
				<time>2025-09-29T01:32:50Z</time>
			</trkpt>
			<trkpt lat="38.988463" lon="113.662644">
				<speed>0.053424</speed>
				<ele>2398.000000</ele>
				<time>2025-09-29T01:33:09Z</time>
			</trkpt>
			<trkpt lat="38.988501" lon="113.662536">
				<speed>0.492304</speed>
				<ele>2397.000000</ele>
				<time>2025-09-29T01:33:19Z</time>
			</trkpt>
			<trkpt lat="38.988541" lon="113.662427">
				<speed>0.190668</speed>
				<ele>2395.000000</ele>
				<time>2025-09-29T01:36:27Z</time>
			</trkpt>
			<trkpt lat="38.988560" lon="113.662310">
				<speed>0.315332</speed>
				<ele>2391.000000</ele>
				<time>2025-09-29T01:36:39Z</time>
			</trkpt>
			<trkpt lat="38.988591" lon="113.662197">
				<speed>0.745306</speed>
				<ele>2384.000000</ele>
				<time>2025-09-29T01:37:10Z</time>
			</trkpt>
			<trkpt lat="38.988563" lon="113.662082">
				<speed>0.894758</speed>
				<ele>2382.000000</ele>
				<time>2025-09-29T01:37:20Z</time>
			</trkpt>
			<trkpt lat="38.988588" lon="113.661960">
				<speed>0.533150</speed>
				<ele>2379.000000</ele>
				<time>2025-09-29T01:37:35Z</time>
			</trkpt>
			<trkpt lat="38.988626" lon="113.661847">
				<speed>0.731740</speed>
				<ele>2374.000000</ele>
				<time>2025-09-29T01:37:51Z</time>
			</trkpt>
			<trkpt lat="38.988692" lon="113.661742">
				<speed>0.880757</speed>
				<ele>2372.000000</ele>
				<time>2025-09-29T01:38:07Z</time>
			</trkpt>
			<trkpt lat="38.988761" lon="113.661668">
				<speed>0.070866</speed>
				<ele>2370.000000</ele>
				<time>2025-09-29T01:38:23Z</time>
			</trkpt>
			<trkpt lat="38.988810" lon="113.661560">
				<speed>0.389425</speed>
				<ele>2365.000000</ele>
				<time>2025-09-29T01:38:55Z</time>
			</trkpt>
			<trkpt lat="38.988860" lon="113.661463">
				<speed>0.551832</speed>
				<ele>2359.000000</ele>
				<time>2025-09-29T01:39:11Z</time>
			</trkpt>
			<trkpt lat="38.988882" lon="113.661349">
				<speed>0.570521</speed>
				<ele>2354.000000</ele>
				<time>2025-09-29T01:39:24Z</time>
			</trkpt>
			<trkpt lat="38.988861" lon="113.661228">
				<speed>0.858036</speed>
				<ele>2351.000000</ele>
				<time>2025-09-29T01:39:35Z</time>
			</trkpt>
			<trkpt lat="38.988880" lon="113.661111">
				<speed>0.602236</speed>
				<ele>2346.000000</ele>
				<time>2025-09-29T01:39:47Z</time>
			</trkpt>
			<trkpt lat="38.988925" lon="113.661002">
				<speed>0.541380</speed>
				<ele>2344.000000</ele>
				<time>2025-09-29T01:39:59Z</time>
			</trkpt>
			<trkpt lat="38.988926" lon="113.660880">
				<speed>0.359317</speed>
				<ele>2339.000000</ele>
				<time>2025-09-29T01:40:16Z</time>
			</trkpt>
			<trkpt lat="38.988949" lon="113.660766">
				<speed>0.538319</speed>
				<ele>2334.000000</ele>
				<time>2025-09-29T01:40:32Z</time>
			</trkpt>
			<trkpt lat="38.988981" lon="113.660657">
				<speed>0.150755</speed>
				<ele>2333.000000</ele>
				<time>2025-09-29T01:40:43Z</time>
			</trkpt>
			<trkpt lat="38.988996" lon="113.660543">
				<speed>0.621479</speed>
				<ele>2331.000000</ele>
				<time>2025-09-29T01:40:54Z</time>
			</trkpt>
			<trkpt lat="38.989054" lon="113.660439">
				<speed>1.208360</speed>
				<ele>2329.000000</ele>
				<time>2025-09-29T01:41:04Z</time>
			</trkpt>
			<trkpt lat="38.989078" lon="113.660316">
				<speed>0.993040</speed>
				<ele>2325.000000</ele>
				<time>2025-09-29T01:41:16Z</time>
			</trkpt>
			<trkpt lat="38.989113" lon="113.660193">
				<speed>1.122384</speed>
				<ele>2323.000000</ele>
				<time>2025-09-29T01:41:26Z</time>
			</trkpt>
			<trkpt lat="38.989151" lon="113.660067">
				<speed>0.927288</speed>
				<ele>2322.000000</ele>
				<time>2025-09-29T01:41:35Z</time>
			</trkpt>
			<trkpt lat="38.989151" lon="113.659942">
				<speed>0.846915</speed>
				<ele>2321.000000</ele>
				<time>2025-09-29T01:41:50Z</time>
			</trkpt>
			<trkpt lat="38.989162" lon="113.659820">
				<speed>0.759571</speed>
				<ele>2319.000000</ele>
				<time>2025-09-29T01:42:00Z</time>
			</trkpt>
			<trkpt lat="38.989203" lon="113.659692">
				<speed>1.898054</speed>
				<ele>2320.000000</ele>
				<time>2025-09-29T01:42:10Z</time>
			</trkpt>
			<trkpt lat="38.989197" lon="113.659568">
				<speed>1.106569</speed>
				<ele>2323.000000</ele>
				<time>2025-09-29T01:42:20Z</time>
			</trkpt>
			<trkpt lat="38.989241" lon="113.659458">
				<speed>1.160679</speed>
				<ele>2323.000000</ele>
				<time>2025-09-29T01:42:30Z</time>
			</trkpt>
			<trkpt lat="38.989255" lon="113.659343">
				<speed>1.253147</speed>
				<ele>2323.000000</ele>
				<time>2025-09-29T01:42:38Z</time>
			</trkpt>
			<trkpt lat="38.989323" lon="113.659250">
				<speed>1.053061</speed>
				<ele>2321.000000</ele>
				<time>2025-09-29T01:42:47Z</time>
			</trkpt>
			<trkpt lat="38.989384" lon="113.659163">
				<speed>0.865460</speed>
				<ele>2322.000000</ele>
				<time>2025-09-29T01:42:56Z</time>
			</trkpt>
			<trkpt lat="38.989412" lon="113.659048">
				<speed>1.017982</speed>
				<ele>2322.000000</ele>
				<time>2025-09-29T01:43:04Z</time>
			</trkpt>
			<trkpt lat="38.989396" lon="113.658925">
				<speed>0.614392</speed>
				<ele>2321.000000</ele>
				<time>2025-09-29T01:43:15Z</time>
			</trkpt>
			<trkpt lat="38.989362" lon="113.658813">
				<speed>0.392825</speed>
				<ele>2320.000000</ele>
				<time>2025-09-29T01:43:25Z</time>
			</trkpt>
			<trkpt lat="38.989332" lon="113.658688">
				<speed>1.102868</speed>
				<ele>2319.000000</ele>
				<time>2025-09-29T01:43:35Z</time>
			</trkpt>
			<trkpt lat="38.989307" lon="113.658567">
				<speed>1.039924</speed>
				<ele>2320.000000</ele>
				<time>2025-09-29T01:43:43Z</time>
			</trkpt>
			<trkpt lat="38.989289" lon="113.658452">
				<speed>0.324887</speed>
				<ele>2318.000000</ele>
				<time>2025-09-29T01:43:52Z</time>
			</trkpt>
			<trkpt lat="38.989227" lon="113.658350">
				<speed>0.869412</speed>
				<ele>2317.000000</ele>
				<time>2025-09-29T01:44:01Z</time>
			</trkpt>
			<trkpt lat="38.989177" lon="113.658247">
				<speed>0.780994</speed>
				<ele>2316.000000</ele>
				<time>2025-09-29T01:44:09Z</time>
			</trkpt>
			<trkpt lat="38.989159" lon="113.658123">
				<speed>0.974443</speed>
				<ele>2316.000000</ele>
				<time>2025-09-29T01:44:17Z</time>
			</trkpt>
			<trkpt lat="38.989129" lon="113.658012">
				<speed>0.712052</speed>
				<ele>2315.000000</ele>
				<time>2025-09-29T01:44:25Z</time>
			</trkpt>
			<trkpt lat="38.989114" lon="113.657897">
				<speed>0.705818</speed>
				<ele>2314.000000</ele>
				<time>2025-09-29T01:44:34Z</time>
			</trkpt>
			<trkpt lat="38.989059" lon="113.657805">
				<speed>0.318010</speed>
				<ele>2313.000000</ele>
				<time>2025-09-29T01:44:51Z</time>
			</trkpt>
			<trkpt lat="38.989019" lon="113.657702">
				<speed>0.691666</speed>
				<ele>2311.000000</ele>
				<time>2025-09-29T01:45:01Z</time>
			</trkpt>
			<trkpt lat="38.988966" lon="113.657608">
				<speed>0.855115</speed>
				<ele>2310.000000</ele>
				<time>2025-09-29T01:45:08Z</time>
			</trkpt>
			<trkpt lat="38.988922" lon="113.657507">
				<speed>0.180941</speed>
				<ele>2310.000000</ele>
				<time>2025-09-29T01:45:18Z</time>
			</trkpt>
			<trkpt lat="38.988872" lon="113.657395">
				<speed>0.395253</speed>
				<ele>2308.000000</ele>
				<time>2025-09-29T01:45:27Z</time>
			</trkpt>
			<trkpt lat="38.988842" lon="113.657281">
				<speed>0.599416</speed>
				<ele>2307.000000</ele>
				<time>2025-09-29T01:45:36Z</time>
			</trkpt>
			<trkpt lat="38.988789" lon="113.657180">
				<speed>0.767227</speed>
				<ele>2306.000000</ele>
				<time>2025-09-29T01:45:46Z</time>
			</trkpt>
			<trkpt lat="38.988755" lon="113.657052">
				<speed>1.711593</speed>
				<ele>2303.000000</ele>
				<time>2025-09-29T01:45:55Z</time>
			</trkpt>
			<trkpt lat="38.988689" lon="113.656957">
				<speed>1.220201</speed>
				<ele>2301.000000</ele>
				<time>2025-09-29T01:46:12Z</time>
			</trkpt>
			<trkpt lat="38.988666" lon="113.656842">
				<speed>0.988285</speed>
				<ele>2299.000000</ele>
				<time>2025-09-29T01:46:21Z</time>
			</trkpt>
			<trkpt lat="38.988646" lon="113.656714">
				<speed>1.312861</speed>
				<ele>2298.000000</ele>
				<time>2025-09-29T01:46:30Z</time>
			</trkpt>
			<trkpt lat="38.988627" lon="113.656587">
				<speed>1.371707</speed>
				<ele>2298.000000</ele>
				<time>2025-09-29T01:46:39Z</time>
			</trkpt>
			<trkpt lat="38.988618" lon="113.656464">
				<speed>1.219678</speed>
				<ele>2298.000000</ele>
				<time>2025-09-29T01:46:47Z</time>
			</trkpt>
			<trkpt lat="38.988599" lon="113.656338">
				<speed>1.213145</speed>
				<ele>2297.000000</ele>
				<time>2025-09-29T01:46:55Z</time>
			</trkpt>
			<trkpt lat="38.988568" lon="113.656213">
				<speed>1.247697</speed>
				<ele>2297.000000</ele>
				<time>2025-09-29T01:47:03Z</time>
			</trkpt>
			<trkpt lat="38.988536" lon="113.656102">
				<speed>1.122144</speed>
				<ele>2297.000000</ele>
				<time>2025-09-29T01:47:11Z</time>
			</trkpt>
			<trkpt lat="38.988503" lon="113.655989">
				<speed>1.239467</speed>
				<ele>2296.000000</ele>
				<time>2025-09-29T01:47:19Z</time>
			</trkpt>
			<trkpt lat="38.988477" lon="113.655865">
				<speed>1.161115</speed>
				<ele>2295.000000</ele>
				<time>2025-09-29T01:47:27Z</time>
			</trkpt>
			<trkpt lat="38.988417" lon="113.655766">
				<speed>1.263841</speed>
				<ele>2293.000000</ele>
				<time>2025-09-29T01:47:35Z</time>
			</trkpt>
			<trkpt lat="38.988360" lon="113.655676">
				<speed>1.110657</speed>
				<ele>2292.000000</ele>
				<time>2025-09-29T01:47:43Z</time>
			</trkpt>
			<trkpt lat="38.988290" lon="113.655593">
				<speed>1.161505</speed>
				<ele>2291.000000</ele>
				<time>2025-09-29T01:47:52Z</time>
			</trkpt>
			<trkpt lat="38.988294" lon="113.655466">
				<speed>1.059848</speed>
				<ele>2289.000000</ele>
				<time>2025-09-29T01:48:02Z</time>
			</trkpt>
			<trkpt lat="38.988283" lon="113.655345">
				<speed>0.969157</speed>
				<ele>2288.000000</ele>
				<time>2025-09-29T01:48:11Z</time>
			</trkpt>
			<trkpt lat="38.988264" lon="113.655230">
				<speed>1.092537</speed>
				<ele>2286.000000</ele>
				<time>2025-09-29T01:48:21Z</time>
			</trkpt>
			<trkpt lat="38.988220" lon="113.655122">
				<speed>1.279635</speed>
				<ele>2287.000000</ele>
				<time>2025-09-29T01:48:28Z</time>
			</trkpt>
			<trkpt lat="38.988224" lon="113.654999">
				<speed>1.231037</speed>
				<ele>2286.000000</ele>
				<time>2025-09-29T01:48:37Z</time>
			</trkpt>
			<trkpt lat="38.988218" lon="113.654883">
				<speed>1.015664</speed>
				<ele>2287.000000</ele>
				<time>2025-09-29T01:48:45Z</time>
			</trkpt>
			<trkpt lat="38.988155" lon="113.654796">
				<speed>0.782407</speed>
				<ele>2287.000000</ele>
				<time>2025-09-29T01:48:53Z</time>
			</trkpt>
			<trkpt lat="38.988112" lon="113.654687">
				<speed>0.497734</speed>
				<ele>2286.000000</ele>
				<time>2025-09-29T01:49:03Z</time>
			</trkpt>
			<trkpt lat="38.988061" lon="113.654590">
				<speed>0.845169</speed>
				<ele>2287.000000</ele>
				<time>2025-09-29T01:49:10Z</time>
			</trkpt>
			<trkpt lat="38.987980" lon="113.654525">
				<speed>0.499369</speed>
				<ele>2287.000000</ele>
				<time>2025-09-29T01:49:21Z</time>
			</trkpt>
			<trkpt lat="38.987931" lon="113.654414">
				<speed>0.997809</speed>
				<ele>2286.000000</ele>
				<time>2025-09-29T01:49:30Z</time>
			</trkpt>
			<trkpt lat="38.987864" lon="113.654310">
				<speed>1.340594</speed>
				<ele>2286.000000</ele>
				<time>2025-09-29T01:49:38Z</time>
			</trkpt>
			<trkpt lat="38.987792" lon="113.654220">
				<speed>1.203251</speed>
				<ele>2284.000000</ele>
				<time>2025-09-29T01:49:47Z</time>
			</trkpt>
			<trkpt lat="38.987725" lon="113.654129">
				<speed>1.733466</speed>
				<ele>2282.000000</ele>
				<time>2025-09-29T01:49:55Z</time>
			</trkpt>
			<trkpt lat="38.987680" lon="113.654015">
				<speed>0.976687</speed>
				<ele>2282.000000</ele>
				<time>2025-09-29T01:50:04Z</time>
			</trkpt>
			<trkpt lat="38.987641" lon="113.653901">
				<speed>0.705046</speed>
				<ele>2285.000000</ele>
				<time>2025-09-29T01:50:15Z</time>
			</trkpt>
			<trkpt lat="38.987578" lon="113.653803">
				<speed>0.737631</speed>
				<ele>2285.000000</ele>
				<time>2025-09-29T01:50:24Z</time>
			</trkpt>
			<trkpt lat="38.987556" lon="113.653689">
				<speed>0.487935</speed>
				<ele>2286.000000</ele>
				<time>2025-09-29T01:50:34Z</time>
			</trkpt>
			<trkpt lat="38.987513" lon="113.653572">
				<speed>0.832579</speed>
				<ele>2285.000000</ele>
				<time>2025-09-29T01:50:46Z</time>
			</trkpt>
			<trkpt lat="38.987466" lon="113.653462">
				<speed>1.117360</speed>
				<ele>2286.000000</ele>
				<time>2025-09-29T01:50:54Z</time>
			</trkpt>
			<trkpt lat="38.987434" lon="113.653349">
				<speed>0.925654</speed>
				<ele>2287.000000</ele>
				<time>2025-09-29T01:51:04Z</time>
			</trkpt>
			<trkpt lat="38.987449" lon="113.653221">
				<speed>0.883273</speed>
				<ele>2286.000000</ele>
				<time>2025-09-29T01:51:14Z</time>
			</trkpt>
			<trkpt lat="38.987503" lon="113.653122">
				<speed>0.468651</speed>
				<ele>2287.000000</ele>
				<time>2025-09-29T01:51:24Z</time>
			</trkpt>
			<trkpt lat="38.987561" lon="113.653033">
				<speed>1.109451</speed>
				<ele>2287.000000</ele>
				<time>2025-09-29T01:51:33Z</time>
			</trkpt>
			<trkpt lat="38.987617" lon="113.652940">
				<speed>1.434141</speed>
				<ele>2286.000000</ele>
				<time>2025-09-29T01:51:41Z</time>
			</trkpt>
			<trkpt lat="38.987656" lon="113.652824">
				<speed>0.598754</speed>
				<ele>2286.000000</ele>
				<time>2025-09-29T01:51:52Z</time>
			</trkpt>
			<trkpt lat="38.987718" lon="113.652718">
				<speed>1.145510</speed>
				<ele>2286.000000</ele>
				<time>2025-09-29T01:52:00Z</time>
			</trkpt>
			<trkpt lat="38.987741" lon="113.652600">
				<speed>0.785790</speed>
				<ele>2286.000000</ele>
				<time>2025-09-29T01:52:10Z</time>
			</trkpt>
			<trkpt lat="38.987770" lon="113.652483">
				<speed>1.004649</speed>
				<ele>2285.000000</ele>
				<time>2025-09-29T01:52:18Z</time>
			</trkpt>
			<trkpt lat="38.987817" lon="113.652371">
				<speed>0.846134</speed>
				<ele>2287.000000</ele>
				<time>2025-09-29T01:52:27Z</time>
			</trkpt>
			<trkpt lat="38.987854" lon="113.652259">
				<speed>0.678545</speed>
				<ele>2287.000000</ele>
				<time>2025-09-29T01:52:36Z</time>
			</trkpt>
			<trkpt lat="38.987845" lon="113.652126">
				<speed>1.028711</speed>
				<ele>2287.000000</ele>
				<time>2025-09-29T01:52:45Z</time>
			</trkpt>
			<trkpt lat="38.987835" lon="113.652004">
				<speed>0.584782</speed>
				<ele>2285.000000</ele>
				<time>2025-09-29T01:52:56Z</time>
			</trkpt>
			<trkpt lat="38.987828" lon="113.651886">
				<speed>0.966116</speed>
				<ele>2285.000000</ele>
				<time>2025-09-29T01:53:04Z</time>
			</trkpt>
			<trkpt lat="38.987857" lon="113.651772">
				<speed>1.227164</speed>
				<ele>2283.000000</ele>
				<time>2025-09-29T01:53:11Z</time>
			</trkpt>
			<trkpt lat="38.987905" lon="113.651672">
				<speed>1.051358</speed>
				<ele>2284.000000</ele>
				<time>2025-09-29T01:53:18Z</time>
			</trkpt>
			<trkpt lat="38.987920" lon="113.651557">
				<speed>0.697984</speed>
				<ele>2284.000000</ele>
				<time>2025-09-29T01:53:26Z</time>
			</trkpt>
			<trkpt lat="38.987906" lon="113.651436">
				<speed>1.312566</speed>
				<ele>2282.000000</ele>
				<time>2025-09-29T01:53:33Z</time>
			</trkpt>
			<trkpt lat="38.987843" lon="113.651350">
				<speed>0.656173</speed>
				<ele>2283.000000</ele>
				<time>2025-09-29T01:53:42Z</time>
			</trkpt>
			<trkpt lat="38.987764" lon="113.651275">
				<speed>0.905936</speed>
				<ele>2282.000000</ele>
				<time>2025-09-29T01:53:51Z</time>
			</trkpt>
			<trkpt lat="38.987710" lon="113.651177">
				<speed>0.966125</speed>
				<ele>2283.000000</ele>
				<time>2025-09-29T01:53:59Z</time>
			</trkpt>
			<trkpt lat="38.987659" lon="113.651068">
				<speed>0.966227</speed>
				<ele>2282.000000</ele>
				<time>2025-09-29T01:54:08Z</time>
			</trkpt>
			<trkpt lat="38.987593" lon="113.650972">
				<speed>0.851600</speed>
				<ele>2281.000000</ele>
				<time>2025-09-29T01:54:18Z</time>
			</trkpt>
			<trkpt lat="38.987541" lon="113.650865">
				<speed>0.929137</speed>
				<ele>2280.000000</ele>
				<time>2025-09-29T01:54:27Z</time>
			</trkpt>
			<trkpt lat="38.987488" lon="113.650760">
				<speed>0.722707</speed>
				<ele>2280.000000</ele>
				<time>2025-09-29T01:54:36Z</time>
			</trkpt>
			<trkpt lat="38.987450" lon="113.650650">
				<speed>0.690291</speed>
				<ele>2278.000000</ele>
				<time>2025-09-29T01:54:45Z</time>
			</trkpt>
			<trkpt lat="38.987426" lon="113.650526">
				<speed>0.715760</speed>
				<ele>2278.000000</ele>
				<time>2025-09-29T01:54:57Z</time>
			</trkpt>
			<trkpt lat="38.987426" lon="113.650407">
				<speed>0.357676</speed>
				<ele>2276.000000</ele>
				<time>2025-09-29T01:55:09Z</time>
			</trkpt>
			<trkpt lat="38.987419" lon="113.650280">
				<speed>0.907612</speed>
				<ele>2273.000000</ele>
				<time>2025-09-29T01:55:20Z</time>
			</trkpt>
			<trkpt lat="38.987429" lon="113.650155">
				<speed>1.122318</speed>
				<ele>2272.000000</ele>
				<time>2025-09-29T01:55:29Z</time>
			</trkpt>
			<trkpt lat="38.987471" lon="113.650039">
				<speed>0.960009</speed>
				<ele>2271.000000</ele>
				<time>2025-09-29T01:55:37Z</time>
			</trkpt>
			<trkpt lat="38.987454" lon="113.649905">
				<speed>1.223343</speed>
				<ele>2269.000000</ele>
				<time>2025-09-29T01:55:44Z</time>
			</trkpt>
			<trkpt lat="38.987424" lon="113.649785">
				<speed>1.396897</speed>
				<ele>2268.000000</ele>
				<time>2025-09-29T01:55:51Z</time>
			</trkpt>
			<trkpt lat="38.987385" lon="113.649672">
				<speed>1.159454</speed>
				<ele>2267.000000</ele>
				<time>2025-09-29T01:55:59Z</time>
			</trkpt>
			<trkpt lat="38.987345" lon="113.649561">
				<speed>1.387202</speed>
				<ele>2267.000000</ele>
				<time>2025-09-29T01:56:06Z</time>
			</trkpt>
			<trkpt lat="38.987313" lon="113.649445">
				<speed>1.226139</speed>
				<ele>2267.000000</ele>
				<time>2025-09-29T01:56:14Z</time>
			</trkpt>
			<trkpt lat="38.987301" lon="113.649324">
				<speed>0.865936</speed>
				<ele>2268.000000</ele>
				<time>2025-09-29T01:56:23Z</time>
			</trkpt>
			<trkpt lat="38.987251" lon="113.649226">
				<speed>0.657690</speed>
				<ele>2269.000000</ele>
				<time>2025-09-29T01:56:34Z</time>
			</trkpt>
			<trkpt lat="38.987214" lon="113.649113">
				<speed>1.075025</speed>
				<ele>2268.000000</ele>
				<time>2025-09-29T01:56:42Z</time>
			</trkpt>
			<trkpt lat="38.987178" lon="113.648993">
				<speed>1.218272</speed>
				<ele>2269.000000</ele>
				<time>2025-09-29T01:56:49Z</time>
			</trkpt>
			<trkpt lat="38.987159" lon="113.648879">
				<speed>0.973848</speed>
				<ele>2269.000000</ele>
				<time>2025-09-29T01:56:57Z</time>
			</trkpt>
			<trkpt lat="38.987147" lon="113.648760">
				<speed>0.893020</speed>
				<ele>2269.000000</ele>
				<time>2025-09-29T01:57:05Z</time>
			</trkpt>
			<trkpt lat="38.987163" lon="113.648627">
				<speed>1.089747</speed>
				<ele>2268.000000</ele>
				<time>2025-09-29T01:57:14Z</time>
			</trkpt>
			<trkpt lat="38.987148" lon="113.648513">
				<speed>1.346676</speed>
				<ele>2268.000000</ele>
				<time>2025-09-29T01:57:21Z</time>
			</trkpt>
			<trkpt lat="38.987133" lon="113.648391">
				<speed>1.037485</speed>
				<ele>2268.000000</ele>
				<time>2025-09-29T01:57:29Z</time>
			</trkpt>
			<trkpt lat="38.987102" lon="113.648277">
				<speed>1.214568</speed>
				<ele>2267.000000</ele>
				<time>2025-09-29T01:57:36Z</time>
			</trkpt>
			<trkpt lat="38.987095" lon="113.648151">
				<speed>1.046236</speed>
				<ele>2265.000000</ele>
				<time>2025-09-29T01:57:45Z</time>
			</trkpt>
			<trkpt lat="38.987052" lon="113.648044">
				<speed>1.248147</speed>
				<ele>2264.000000</ele>
				<time>2025-09-29T01:57:51Z</time>
			</trkpt>
			<trkpt lat="38.987022" lon="113.647932">
				<speed>1.309790</speed>
				<ele>2265.000000</ele>
				<time>2025-09-29T01:57:58Z</time>
			</trkpt>
			<trkpt lat="38.986990" lon="113.647815">
				<speed>0.767016</speed>
				<ele>2266.000000</ele>
				<time>2025-09-29T01:58:08Z</time>
			</trkpt>
			<trkpt lat="38.986966" lon="113.647697">
				<speed>1.040129</speed>
				<ele>2269.000000</ele>
				<time>2025-09-29T01:58:18Z</time>
			</trkpt>
			<trkpt lat="38.986926" lon="113.647593">
				<speed>0.646124</speed>
				<ele>2269.000000</ele>
				<time>2025-09-29T01:58:27Z</time>
			</trkpt>
			<trkpt lat="38.986892" lon="113.647482">
				<speed>0.810492</speed>
				<ele>2271.000000</ele>
				<time>2025-09-29T01:58:37Z</time>
			</trkpt>
			<trkpt lat="38.986876" lon="113.647364">
				<speed>0.976596</speed>
				<ele>2272.000000</ele>
				<time>2025-09-29T01:58:45Z</time>
			</trkpt>
			<trkpt lat="38.986892" lon="113.647241">
				<speed>0.569063</speed>
				<ele>2273.000000</ele>
				<time>2025-09-29T01:58:55Z</time>
			</trkpt>
			<trkpt lat="38.986880" lon="113.647120">
				<speed>0.566332</speed>
				<ele>2274.000000</ele>
				<time>2025-09-29T01:59:04Z</time>
			</trkpt>
			<trkpt lat="38.986863" lon="113.647006">
				<speed>0.243104</speed>
				<ele>2276.000000</ele>
				<time>2025-09-29T01:59:14Z</time>
			</trkpt>
			<trkpt lat="38.986804" lon="113.646904">
				<speed>0.888096</speed>
				<ele>2276.000000</ele>
				<time>2025-09-29T01:59:23Z</time>
			</trkpt>
			<trkpt lat="38.986784" lon="113.646783">
				<speed>1.006626</speed>
				<ele>2279.000000</ele>
				<time>2025-09-29T01:59:33Z</time>
			</trkpt>
			<trkpt lat="38.986809" lon="113.646673">
				<speed>0.458525</speed>
				<ele>2281.000000</ele>
				<time>2025-09-29T01:59:45Z</time>
			</trkpt>
			<trkpt lat="38.986819" lon="113.646558">
				<speed>0.856835</speed>
				<ele>2282.000000</ele>
				<time>2025-09-29T01:59:55Z</time>
			</trkpt>
			<trkpt lat="38.986836" lon="113.646441">
				<speed>0.400994</speed>
				<ele>2284.000000</ele>
				<time>2025-09-29T02:00:09Z</time>
			</trkpt>
			<trkpt lat="38.986845" lon="113.646316">
				<speed>0.830281</speed>
				<ele>2286.000000</ele>
				<time>2025-09-29T02:00:19Z</time>
			</trkpt>
			<trkpt lat="38.986858" lon="113.646189">
				<speed>0.931870</speed>
				<ele>2287.000000</ele>
				<time>2025-09-29T02:00:31Z</time>
			</trkpt>
			<trkpt lat="38.986876" lon="113.646075">
				<speed>0.700880</speed>
				<ele>2292.000000</ele>
				<time>2025-09-29T02:01:14Z</time>
			</trkpt>
			<trkpt lat="38.986873" lon="113.645958">
				<speed>0.931276</speed>
				<ele>2294.000000</ele>
				<time>2025-09-29T02:01:27Z</time>
			</trkpt>
			<trkpt lat="38.986858" lon="113.645840">
				<speed>0.872776</speed>
				<ele>2294.000000</ele>
				<time>2025-09-29T02:01:37Z</time>
			</trkpt>
			<trkpt lat="38.986854" lon="113.645722">
				<speed>0.817833</speed>
				<ele>2295.000000</ele>
				<time>2025-09-29T02:01:47Z</time>
			</trkpt>
			<trkpt lat="38.986864" lon="113.645603">
				<speed>0.730564</speed>
				<ele>2296.000000</ele>
				<time>2025-09-29T02:02:16Z</time>
			</trkpt>
			<trkpt lat="38.986887" lon="113.645488">
				<speed>0.718593</speed>
				<ele>2298.000000</ele>
				<time>2025-09-29T02:02:29Z</time>
			</trkpt>
			<trkpt lat="38.986891" lon="113.645371">
				<speed>0.363760</speed>
				<ele>2300.000000</ele>
				<time>2025-09-29T02:02:41Z</time>
			</trkpt>
			<trkpt lat="38.986877" lon="113.645257">
				<speed>0.053564</speed>
				<ele>2303.000000</ele>
				<time>2025-09-29T02:02:59Z</time>
			</trkpt>
			<trkpt lat="38.986897" lon="113.645137">
				<speed>0.529797</speed>
				<ele>2304.000000</ele>
				<time>2025-09-29T02:03:16Z</time>
			</trkpt>
			<trkpt lat="38.986923" lon="113.645023">
				<speed>0.794792</speed>
				<ele>2304.000000</ele>
				<time>2025-09-29T02:03:27Z</time>
			</trkpt>
			<trkpt lat="38.986888" lon="113.644912">
				<speed>0.699259</speed>
				<ele>2307.000000</ele>
				<time>2025-09-29T02:03:37Z</time>
			</trkpt>
			<trkpt lat="38.986854" lon="113.644804">
				<speed>0.852324</speed>
				<ele>2308.000000</ele>
				<time>2025-09-29T02:03:49Z</time>
			</trkpt>
			<trkpt lat="38.986818" lon="113.644687">
				<speed>1.052096</speed>
				<ele>2310.000000</ele>
				<time>2025-09-29T02:04:00Z</time>
			</trkpt>
			<trkpt lat="38.986811" lon="113.644565">
				<speed>0.786687</speed>
				<ele>2310.000000</ele>
				<time>2025-09-29T02:04:12Z</time>
			</trkpt>
			<trkpt lat="38.986774" lon="113.644440">
				<speed>0.804509</speed>
				<ele>2309.000000</ele>
				<time>2025-09-29T02:04:24Z</time>
			</trkpt>
			<trkpt lat="38.986785" lon="113.644314">
				<speed>0.827260</speed>
				<ele>2310.000000</ele>
				<time>2025-09-29T02:04:34Z</time>
			</trkpt>
			<trkpt lat="38.986774" lon="113.644189">
				<speed>1.544227</speed>
				<ele>2311.000000</ele>
				<time>2025-09-29T02:04:42Z</time>
			</trkpt>
			<trkpt lat="38.986790" lon="113.644066">
				<speed>1.322541</speed>
				<ele>2311.000000</ele>
				<time>2025-09-29T02:04:50Z</time>
			</trkpt>
			<trkpt lat="38.986749" lon="113.643944">
				<speed>1.240368</speed>
				<ele>2311.000000</ele>
				<time>2025-09-29T02:04:59Z</time>
			</trkpt>
			<trkpt lat="38.986772" lon="113.643822">
				<speed>1.089845</speed>
				<ele>2312.000000</ele>
				<time>2025-09-29T02:05:08Z</time>
			</trkpt>
			<trkpt lat="38.986779" lon="113.643700">
				<speed>0.606606</speed>
				<ele>2310.000000</ele>
				<time>2025-09-29T02:05:23Z</time>
			</trkpt>
			<trkpt lat="38.986782" lon="113.643580">
				<speed>1.100420</speed>
				<ele>2310.000000</ele>
				<time>2025-09-29T02:05:31Z</time>
			</trkpt>
			<trkpt lat="38.986760" lon="113.643454">
				<speed>1.198970</speed>
				<ele>2310.000000</ele>
				<time>2025-09-29T02:05:38Z</time>
			</trkpt>
			<trkpt lat="38.986763" lon="113.643330">
				<speed>0.899476</speed>
				<ele>2311.000000</ele>
				<time>2025-09-29T02:05:46Z</time>
			</trkpt>
			<trkpt lat="38.986764" lon="113.643206">
				<speed>0.851005</speed>
				<ele>2314.000000</ele>
				<time>2025-09-29T02:05:53Z</time>
			</trkpt>
			<trkpt lat="38.986770" lon="113.643089">
				<speed>1.211574</speed>
				<ele>2316.000000</ele>
				<time>2025-09-29T02:06:01Z</time>
			</trkpt>
			<trkpt lat="38.986778" lon="113.642966">
				<speed>0.720720</speed>
				<ele>2316.000000</ele>
				<time>2025-09-29T02:06:11Z</time>
			</trkpt>
			<trkpt lat="38.986752" lon="113.642850">
				<speed>0.651615</speed>
				<ele>2318.000000</ele>
				<time>2025-09-29T02:06:22Z</time>
			</trkpt>
			<trkpt lat="38.986746" lon="113.642731">
				<speed>0.452596</speed>
				<ele>2320.000000</ele>
				<time>2025-09-29T02:06:31Z</time>
			</trkpt>
			<trkpt lat="38.986744" lon="113.642607">
				<speed>0.650401</speed>
				<ele>2320.000000</ele>
				<time>2025-09-29T02:06:43Z</time>
			</trkpt>
			<trkpt lat="38.986733" lon="113.642483">
				<speed>0.683889</speed>
				<ele>2322.000000</ele>
				<time>2025-09-29T02:06:54Z</time>
			</trkpt>
			<trkpt lat="38.986711" lon="113.642368">
				<speed>0.744722</speed>
				<ele>2324.000000</ele>
				<time>2025-09-29T02:07:06Z</time>
			</trkpt>
			<trkpt lat="38.986660" lon="113.642270">
				<speed>0.818488</speed>
				<ele>2328.000000</ele>
				<time>2025-09-29T02:08:18Z</time>
			</trkpt>
			<trkpt lat="38.986622" lon="113.642160">
				<speed>0.760170</speed>
				<ele>2327.000000</ele>
				<time>2025-09-29T02:08:28Z</time>
			</trkpt>
			<trkpt lat="38.986584" lon="113.642043">
				<speed>0.999960</speed>
				<ele>2328.000000</ele>
				<time>2025-09-29T02:08:38Z</time>
			</trkpt>
			<trkpt lat="38.986571" lon="113.641928">
				<speed>1.088171</speed>
				<ele>2329.000000</ele>
				<time>2025-09-29T02:08:46Z</time>
			</trkpt>
			<trkpt lat="38.986575" lon="113.641809">
				<speed>1.011218</speed>
				<ele>2329.000000</ele>
				<time>2025-09-29T02:08:55Z</time>
			</trkpt>
			<trkpt lat="38.986576" lon="113.641684">
				<speed>1.073041</speed>
				<ele>2331.000000</ele>
				<time>2025-09-29T02:09:04Z</time>
			</trkpt>
			<trkpt lat="38.986554" lon="113.641563">
				<speed>0.810660</speed>
				<ele>2332.000000</ele>
				<time>2025-09-29T02:09:15Z</time>
			</trkpt>
			<trkpt lat="38.986528" lon="113.641448">
				<speed>0.748604</speed>
				<ele>2332.000000</ele>
				<time>2025-09-29T02:09:26Z</time>
			</trkpt>
			<trkpt lat="38.986490" lon="113.641334">
				<speed>0.584283</speed>
				<ele>2332.000000</ele>
				<time>2025-09-29T02:09:36Z</time>
			</trkpt>
			<trkpt lat="38.986432" lon="113.641234">
				<speed>1.227507</speed>
				<ele>2333.000000</ele>
				<time>2025-09-29T02:09:44Z</time>
			</trkpt>
			<trkpt lat="38.986414" lon="113.641119">
				<speed>1.003471</speed>
				<ele>2332.000000</ele>
				<time>2025-09-29T02:09:52Z</time>
			</trkpt>
			<trkpt lat="38.986369" lon="113.641017">
				<speed>1.269895</speed>
				<ele>2333.000000</ele>
				<time>2025-09-29T02:10:00Z</time>
			</trkpt>
			<trkpt lat="38.986340" lon="113.640904">
				<speed>1.000981</speed>
				<ele>2332.000000</ele>
				<time>2025-09-29T02:10:09Z</time>
			</trkpt>
			<trkpt lat="38.986317" lon="113.640779">
				<speed>1.286802</speed>
				<ele>2330.000000</ele>
				<time>2025-09-29T02:10:18Z</time>
			</trkpt>
			<trkpt lat="38.986264" lon="113.640671">
				<speed>1.132987</speed>
				<ele>2327.000000</ele>
				<time>2025-09-29T02:10:27Z</time>
			</trkpt>
			<trkpt lat="38.986222" lon="113.640568">
				<speed>0.944547</speed>
				<ele>2327.000000</ele>
				<time>2025-09-29T02:10:46Z</time>
			</trkpt>
			<trkpt lat="38.986156" lon="113.640473">
				<speed>1.058203</speed>
				<ele>2325.000000</ele>
				<time>2025-09-29T02:11:00Z</time>
			</trkpt>
			<trkpt lat="38.986115" lon="113.640364">
				<speed>1.525300</speed>
				<ele>2325.000000</ele>
				<time>2025-09-29T02:11:07Z</time>
			</trkpt>
			<trkpt lat="38.986100" lon="113.640243">
				<speed>0.744297</speed>
				<ele>2325.000000</ele>
				<time>2025-09-29T02:11:33Z</time>
			</trkpt>
			<trkpt lat="38.986064" lon="113.640124">
				<speed>1.363742</speed>
				<ele>2325.000000</ele>
				<time>2025-09-29T02:11:42Z</time>
			</trkpt>
			<trkpt lat="38.986011" lon="113.640013">
				<speed>1.143203</speed>
				<ele>2325.000000</ele>
				<time>2025-09-29T02:11:51Z</time>
			</trkpt>
			<trkpt lat="38.985983" lon="113.639886">
				<speed>1.214943</speed>
				<ele>2326.000000</ele>
				<time>2025-09-29T02:12:00Z</time>
			</trkpt>
			<trkpt lat="38.985935" lon="113.639770">
				<speed>1.255572</speed>
				<ele>2328.000000</ele>
				<time>2025-09-29T02:12:10Z</time>
			</trkpt>
			<trkpt lat="38.985911" lon="113.639647">
				<speed>0.870063</speed>
				<ele>2331.000000</ele>
				<time>2025-09-29T02:12:21Z</time>
			</trkpt>
			<trkpt lat="38.985869" lon="113.639542">
				<speed>0.776614</speed>
				<ele>2333.000000</ele>
				<time>2025-09-29T02:12:32Z</time>
			</trkpt>
			<trkpt lat="38.985824" lon="113.639435">
				<speed>0.715929</speed>
				<ele>2336.000000</ele>
				<time>2025-09-29T02:12:46Z</time>
			</trkpt>
			<trkpt lat="38.985762" lon="113.639336">
				<speed>1.006228</speed>
				<ele>2339.000000</ele>
				<time>2025-09-29T02:12:59Z</time>
			</trkpt>
			<trkpt lat="38.985710" lon="113.639238">
				<speed>0.781560</speed>
				<ele>2340.000000</ele>
				<time>2025-09-29T02:15:25Z</time>
			</trkpt>
			<trkpt lat="38.985688" lon="113.639116">
				<speed>0.807339</speed>
				<ele>2344.000000</ele>
				<time>2025-09-29T02:15:37Z</time>
			</trkpt>
			<trkpt lat="38.985623" lon="113.639032">
				<speed>0.921241</speed>
				<ele>2346.000000</ele>
				<time>2025-09-29T02:15:47Z</time>
			</trkpt>
			<trkpt lat="38.985562" lon="113.638946">
				<speed>1.124974</speed>
				<ele>2346.000000</ele>
				<time>2025-09-29T02:15:57Z</time>
			</trkpt>
			<trkpt lat="38.985493" lon="113.638866">
				<speed>0.428547</speed>
				<ele>2349.000000</ele>
				<time>2025-09-29T02:16:21Z</time>
			</trkpt>
			<trkpt lat="38.985434" lon="113.638771">
				<speed>0.865772</speed>
				<ele>2351.000000</ele>
				<time>2025-09-29T02:16:34Z</time>
			</trkpt>
			<trkpt lat="38.985387" lon="113.638663">
				<speed>0.609868</speed>
				<ele>2354.000000</ele>
				<time>2025-09-29T02:16:49Z</time>
			</trkpt>
			<trkpt lat="38.985386" lon="113.638542">
				<speed>0.558386</speed>
				<ele>2358.000000</ele>
				<time>2025-09-29T02:17:03Z</time>
			</trkpt>
			<trkpt lat="38.985344" lon="113.638435">
				<speed>0.712547</speed>
				<ele>2363.000000</ele>
				<time>2025-09-29T02:17:20Z</time>
			</trkpt>
			<trkpt lat="38.985316" lon="113.638323">
				<speed>0.702992</speed>
				<ele>2366.000000</ele>
				<time>2025-09-29T02:17:33Z</time>
			</trkpt>
			<trkpt lat="38.985297" lon="113.638206">
				<speed>0.858198</speed>
				<ele>2367.000000</ele>
				<time>2025-09-29T02:17:44Z</time>
			</trkpt>
			<trkpt lat="38.985267" lon="113.638087">
				<speed>1.162844</speed>
				<ele>2371.000000</ele>
				<time>2025-09-29T02:17:59Z</time>
			</trkpt>
			<trkpt lat="38.985241" lon="113.637975">
				<speed>0.139087</speed>
				<ele>2374.000000</ele>
				<time>2025-09-29T02:18:57Z</time>
			</trkpt>
			<trkpt lat="38.985165" lon="113.637911">
				<speed>0.296974</speed>
				<ele>2378.000000</ele>
				<time>2025-09-29T02:19:15Z</time>
			</trkpt>
			<trkpt lat="38.985081" lon="113.637869">
				<speed>0.697319</speed>
				<ele>2382.000000</ele>
				<time>2025-09-29T02:19:34Z</time>
			</trkpt>
			<trkpt lat="38.984990" lon="113.637860">
				<speed>0.220338</speed>
				<ele>2387.000000</ele>
				<time>2025-09-29T02:19:53Z</time>
			</trkpt>
			<trkpt lat="38.984934" lon="113.637762">
				<speed>0.351530</speed>
				<ele>2392.000000</ele>
				<time>2025-09-29T02:20:12Z</time>
			</trkpt>
			<trkpt lat="38.984883" lon="113.637662">
				<speed>0.390523</speed>
				<ele>2394.000000</ele>
				<time>2025-09-29T02:20:29Z</time>
			</trkpt>
			<trkpt lat="38.984802" lon="113.637607">
				<speed>0.568354</speed>
				<ele>2395.000000</ele>
				<time>2025-09-29T02:21:59Z</time>
			</trkpt>
			<trkpt lat="38.984709" lon="113.637622">
				<speed>0.774170</speed>
				<ele>2398.000000</ele>
				<time>2025-09-29T02:22:10Z</time>
			</trkpt>
			<trkpt lat="38.984618" lon="113.637640">
				<speed>0.205852</speed>
				<ele>2399.000000</ele>
				<time>2025-09-29T02:22:24Z</time>
			</trkpt>
			<trkpt lat="38.984549" lon="113.637559">
				<speed>0.824646</speed>
				<ele>2401.000000</ele>
				<time>2025-09-29T02:22:34Z</time>
			</trkpt>
			<trkpt lat="38.984508" lon="113.637449">
				<speed>0.443909</speed>
				<ele>2397.000000</ele>
				<time>2025-09-29T02:24:55Z</time>
			</trkpt>
			<trkpt lat="38.984489" lon="113.637322">
				<speed>0.858426</speed>
				<ele>2396.000000</ele>
				<time>2025-09-29T02:25:06Z</time>
			</trkpt>
			<trkpt lat="38.984448" lon="113.637206">
				<speed>1.124891</speed>
				<ele>2394.000000</ele>
				<time>2025-09-29T02:25:15Z</time>
			</trkpt>
			<trkpt lat="38.984396" lon="113.637111">
				<speed>0.645013</speed>
				<ele>2393.000000</ele>
				<time>2025-09-29T02:25:24Z</time>
			</trkpt>
			<trkpt lat="38.984362" lon="113.637000">
				<speed>0.540531</speed>
				<ele>2388.000000</ele>
				<time>2025-09-29T02:25:39Z</time>
			</trkpt>
			<trkpt lat="38.984301" lon="113.636911">
				<speed>0.703013</speed>
				<ele>2387.000000</ele>
				<time>2025-09-29T02:25:50Z</time>
			</trkpt>
			<trkpt lat="38.984249" lon="113.636805">
				<speed>1.298991</speed>
				<ele>2385.000000</ele>
				<time>2025-09-29T02:25:58Z</time>
			</trkpt>
			<trkpt lat="38.984206" lon="113.636699">
				<speed>0.686283</speed>
				<ele>2382.000000</ele>
				<time>2025-09-29T02:26:23Z</time>
			</trkpt>
			<trkpt lat="38.984210" lon="113.636581">
				<speed>0.919342</speed>
				<ele>2378.000000</ele>
				<time>2025-09-29T02:26:34Z</time>
			</trkpt>
			<trkpt lat="38.984193" lon="113.636459">
				<speed>0.750706</speed>
				<ele>2375.000000</ele>
				<time>2025-09-29T02:26:44Z</time>
			</trkpt>
			<trkpt lat="38.984183" lon="113.636335">
				<speed>0.879330</speed>
				<ele>2373.000000</ele>
				<time>2025-09-29T02:26:55Z</time>
			</trkpt>
			<trkpt lat="38.984214" lon="113.636225">
				<speed>0.655033</speed>
				<ele>2370.000000</ele>
				<time>2025-09-29T02:27:05Z</time>
			</trkpt>
			<trkpt lat="38.984265" lon="113.636120">
				<speed>0.832579</speed>
				<ele>2367.000000</ele>
				<time>2025-09-29T02:27:31Z</time>
			</trkpt>
			<trkpt lat="38.984214" lon="113.636017">
				<speed>0.910340</speed>
				<ele>2365.000000</ele>
				<time>2025-09-29T02:27:41Z</time>
			</trkpt>
			<trkpt lat="38.984172" lon="113.635903">
				<speed>0.866350</speed>
				<ele>2365.000000</ele>
				<time>2025-09-29T02:27:49Z</time>
			</trkpt>
			<trkpt lat="38.984130" lon="113.635789">
				<speed>0.863946</speed>
				<ele>2362.000000</ele>
				<time>2025-09-29T02:28:00Z</time>
			</trkpt>
			<trkpt lat="38.984129" lon="113.635673">
				<speed>0.676444</speed>
				<ele>2361.000000</ele>
				<time>2025-09-29T02:28:09Z</time>
			</trkpt>
			<trkpt lat="38.984085" lon="113.635563">
				<speed>0.797149</speed>
				<ele>2360.000000</ele>
				<time>2025-09-29T02:28:17Z</time>
			</trkpt>
			<trkpt lat="38.984053" lon="113.635453">
				<speed>0.368607</speed>
				<ele>2358.000000</ele>
				<time>2025-09-29T02:28:30Z</time>
			</trkpt>
			<trkpt lat="38.984001" lon="113.635353">
				<speed>0.395496</speed>
				<ele>2356.000000</ele>
				<time>2025-09-29T02:28:54Z</time>
			</trkpt>
			<trkpt lat="38.983967" lon="113.635231">
				<speed>0.715031</speed>
				<ele>2356.000000</ele>
				<time>2025-09-29T02:29:05Z</time>
			</trkpt>
			<trkpt lat="38.983935" lon="113.635112">
				<speed>0.781817</speed>
				<ele>2357.000000</ele>
				<time>2025-09-29T02:29:17Z</time>
			</trkpt>
			<trkpt lat="38.983876" lon="113.635014">
				<speed>0.547848</speed>
				<ele>2356.000000</ele>
				<time>2025-09-29T02:29:25Z</time>
			</trkpt>
			<trkpt lat="38.983831" lon="113.634913">
				<speed>0.727567</speed>
				<ele>2358.000000</ele>
				<time>2025-09-29T02:29:32Z</time>
			</trkpt>
			<trkpt lat="38.983786" lon="113.634808">
				<speed>0.661859</speed>
				<ele>2358.000000</ele>
				<time>2025-09-29T02:29:40Z</time>
			</trkpt>
			<trkpt lat="38.983729" lon="113.634715">
				<speed>0.601155</speed>
				<ele>2354.000000</ele>
				<time>2025-09-29T02:29:53Z</time>
			</trkpt>
			<trkpt lat="38.983707" lon="113.634598">
				<speed>0.630231</speed>
				<ele>2352.000000</ele>
				<time>2025-09-29T02:30:05Z</time>
			</trkpt>
			<trkpt lat="38.983657" lon="113.634489">
				<speed>0.309182</speed>
				<ele>2351.000000</ele>
				<time>2025-09-29T02:30:19Z</time>
			</trkpt>
			<trkpt lat="38.983639" lon="113.634371">
				<speed>0.676188</speed>
				<ele>2349.000000</ele>
				<time>2025-09-29T02:30:29Z</time>
			</trkpt>
			<trkpt lat="38.983618" lon="113.634257">
				<speed>0.752053</speed>
				<ele>2349.000000</ele>
				<time>2025-09-29T02:30:37Z</time>
			</trkpt>
			<trkpt lat="38.983580" lon="113.634136">
				<speed>1.265105</speed>
				<ele>2348.000000</ele>
				<time>2025-09-29T02:30:46Z</time>
			</trkpt>
			<trkpt lat="38.983610" lon="113.634024">
				<speed>0.727081</speed>
				<ele>2345.000000</ele>
				<time>2025-09-29T02:30:58Z</time>
			</trkpt>
			<trkpt lat="38.983597" lon="113.633905">
				<speed>0.513706</speed>
				<ele>2345.000000</ele>
				<time>2025-09-29T02:31:06Z</time>
			</trkpt>
			<trkpt lat="38.983586" lon="113.633781">
				<speed>0.708394</speed>
				<ele>2343.000000</ele>
				<time>2025-09-29T02:31:17Z</time>
			</trkpt>
			<trkpt lat="38.983603" lon="113.633655">
				<speed>0.869166</speed>
				<ele>2341.000000</ele>
				<time>2025-09-29T02:31:27Z</time>
			</trkpt>
			<trkpt lat="38.983622" lon="113.633530">
				<speed>0.842767</speed>
				<ele>2340.000000</ele>
				<time>2025-09-29T02:31:38Z</time>
			</trkpt>
			<trkpt lat="38.983615" lon="113.633406">
				<speed>1.022121</speed>
				<ele>2338.000000</ele>
				<time>2025-09-29T02:31:48Z</time>
			</trkpt>
			<trkpt lat="38.983582" lon="113.633296">
				<speed>1.103813</speed>
				<ele>2338.000000</ele>
				<time>2025-09-29T02:31:55Z</time>
			</trkpt>
			<trkpt lat="38.983572" lon="113.633174">
				<speed>0.986692</speed>
				<ele>2336.000000</ele>
				<time>2025-09-29T02:32:05Z</time>
			</trkpt>
			<trkpt lat="38.983585" lon="113.633050">
				<speed>0.488149</speed>
				<ele>2336.000000</ele>
				<time>2025-09-29T02:32:15Z</time>
			</trkpt>
			<trkpt lat="38.983588" lon="113.632926">
				<speed>0.253413</speed>
				<ele>2336.000000</ele>
				<time>2025-09-29T02:32:27Z</time>
			</trkpt>
			<trkpt lat="38.983536" lon="113.632816">
				<speed>0.664349</speed>
				<ele>2334.000000</ele>
				<time>2025-09-29T02:32:40Z</time>
			</trkpt>
			<trkpt lat="38.983459" lon="113.632734">
				<speed>0.889640</speed>
				<ele>2330.000000</ele>
				<time>2025-09-29T02:32:53Z</time>
			</trkpt>
			<trkpt lat="38.983379" lon="113.632680">
				<speed>0.519025</speed>
				<ele>2331.000000</ele>
				<time>2025-09-29T02:33:01Z</time>
			</trkpt>
			<trkpt lat="38.983293" lon="113.632638">
				<speed>0.371349</speed>
				<ele>2328.000000</ele>
				<time>2025-09-29T02:33:21Z</time>
			</trkpt>
			<trkpt lat="38.983229" lon="113.632556">
				<speed>0.265667</speed>
				<ele>2326.000000</ele>
				<time>2025-09-29T02:33:35Z</time>
			</trkpt>
			<trkpt lat="38.983162" lon="113.632477">
				<speed>0.522061</speed>
				<ele>2325.000000</ele>
				<time>2025-09-29T02:33:45Z</time>
			</trkpt>
			<trkpt lat="38.983103" lon="113.632384">
				<speed>0.718664</speed>
				<ele>2324.000000</ele>
				<time>2025-09-29T02:33:54Z</time>
			</trkpt>
			<trkpt lat="38.983057" lon="113.632278">
				<speed>0.942475</speed>
				<ele>2322.000000</ele>
				<time>2025-09-29T02:34:07Z</time>
			</trkpt>
			<trkpt lat="38.983018" lon="113.632164">
				<speed>1.234983</speed>
				<ele>2322.000000</ele>
				<time>2025-09-29T02:34:14Z</time>
			</trkpt>
			<trkpt lat="38.982951" lon="113.632074">
				<speed>0.952078</speed>
				<ele>2319.000000</ele>
				<time>2025-09-29T02:34:22Z</time>
			</trkpt>
			<trkpt lat="38.982928" lon="113.631953">
				<speed>1.287658</speed>
				<ele>2319.000000</ele>
				<time>2025-09-29T02:34:31Z</time>
			</trkpt>
			<trkpt lat="38.982898" lon="113.631841">
				<speed>0.989045</speed>
				<ele>2317.000000</ele>
				<time>2025-09-29T02:34:41Z</time>
			</trkpt>
			<trkpt lat="38.982871" lon="113.631719">
				<speed>0.798453</speed>
				<ele>2314.000000</ele>
				<time>2025-09-29T02:34:52Z</time>
			</trkpt>
			<trkpt lat="38.982873" lon="113.631603">
				<speed>1.105390</speed>
				<ele>2313.000000</ele>
				<time>2025-09-29T02:35:02Z</time>
			</trkpt>
			<trkpt lat="38.982873" lon="113.631482">
				<speed>1.053375</speed>
				<ele>2312.000000</ele>
				<time>2025-09-29T02:35:10Z</time>
			</trkpt>
			<trkpt lat="38.982859" lon="113.631362">
				<speed>1.080025</speed>
				<ele>2311.000000</ele>
				<time>2025-09-29T02:35:19Z</time>
			</trkpt>
			<trkpt lat="38.982826" lon="113.631250">
				<speed>0.653684</speed>
				<ele>2309.000000</ele>
				<time>2025-09-29T02:35:31Z</time>
			</trkpt>
			<trkpt lat="38.982808" lon="113.631132">
				<speed>0.801678</speed>
				<ele>2310.000000</ele>
				<time>2025-09-29T02:35:43Z</time>
			</trkpt>
			<trkpt lat="38.982776" lon="113.631008">
				<speed>1.208896</speed>
				<ele>2310.000000</ele>
				<time>2025-09-29T02:35:50Z</time>
			</trkpt>
			<trkpt lat="38.982772" lon="113.630876">
				<speed>1.170885</speed>
				<ele>2307.000000</ele>
				<time>2025-09-29T02:36:02Z</time>
			</trkpt>
			<trkpt lat="38.982761" lon="113.630757">
				<speed>0.832356</speed>
				<ele>2307.000000</ele>
				<time>2025-09-29T02:36:11Z</time>
			</trkpt>
			<trkpt lat="38.982724" lon="113.630643">
				<speed>0.638607</speed>
				<ele>2309.000000</ele>
				<time>2025-09-29T02:36:22Z</time>
			</trkpt>
			<trkpt lat="38.982718" lon="113.630523">
				<speed>0.924972</speed>
				<ele>2309.000000</ele>
				<time>2025-09-29T02:36:36Z</time>
			</trkpt>
			<trkpt lat="38.982656" lon="113.630427">
				<speed>0.759003</speed>
				<ele>2313.000000</ele>
				<time>2025-09-29T02:36:50Z</time>
			</trkpt>
			<trkpt lat="38.982640" lon="113.630300">
				<speed>0.760595</speed>
				<ele>2314.000000</ele>
				<time>2025-09-29T02:37:05Z</time>
			</trkpt>
			<trkpt lat="38.982602" lon="113.630187">
				<speed>0.309816</speed>
				<ele>2316.000000</ele>
				<time>2025-09-29T02:37:17Z</time>
			</trkpt>
			<trkpt lat="38.982549" lon="113.630089">
				<speed>0.571461</speed>
				<ele>2316.000000</ele>
				<time>2025-09-29T02:37:28Z</time>
			</trkpt>
			<trkpt lat="38.982513" lon="113.629975">
				<speed>0.286779</speed>
				<ele>2318.000000</ele>
				<time>2025-09-29T02:37:38Z</time>
			</trkpt>
			<trkpt lat="38.982486" lon="113.629859">
				<speed>0.630151</speed>
				<ele>2319.000000</ele>
				<time>2025-09-29T02:37:48Z</time>
			</trkpt>
			<trkpt lat="38.982460" lon="113.629735">
				<speed>0.832099</speed>
				<ele>2320.000000</ele>
				<time>2025-09-29T02:37:57Z</time>
			</trkpt>
			<trkpt lat="38.982409" lon="113.629634">
				<speed>0.996033</speed>
				<ele>2320.000000</ele>
				<time>2025-09-29T02:38:07Z</time>
			</trkpt>
			<trkpt lat="38.982342" lon="113.629546">
				<speed>0.447034</speed>
				<ele>2323.000000</ele>
				<time>2025-09-29T02:38:20Z</time>
			</trkpt>
			<trkpt lat="38.982331" lon="113.629417">
				<speed>0.682222</speed>
				<ele>2322.000000</ele>
				<time>2025-09-29T02:38:30Z</time>
			</trkpt>
			<trkpt lat="38.982320" lon="113.629294">
				<speed>0.713468</speed>
				<ele>2323.000000</ele>
				<time>2025-09-29T02:38:38Z</time>
			</trkpt>
			<trkpt lat="38.982283" lon="113.629184">
				<speed>0.727237</speed>
				<ele>2323.000000</ele>
				<time>2025-09-29T02:38:48Z</time>
			</trkpt>
			<trkpt lat="38.982257" lon="113.629063">
				<speed>0.755694</speed>
				<ele>2324.000000</ele>
				<time>2025-09-29T02:38:58Z</time>
			</trkpt>
			<trkpt lat="38.982214" lon="113.628948">
				<speed>0.643131</speed>
				<ele>2325.000000</ele>
				<time>2025-09-29T02:39:10Z</time>
			</trkpt>
			<trkpt lat="38.982237" lon="113.628832">
				<speed>0.472006</speed>
				<ele>2326.000000</ele>
				<time>2025-09-29T02:39:21Z</time>
			</trkpt>
			<trkpt lat="38.982259" lon="113.628710">
				<speed>0.603936</speed>
				<ele>2326.000000</ele>
				<time>2025-09-29T02:39:31Z</time>
			</trkpt>
			<trkpt lat="38.982206" lon="113.628603">
				<speed>1.057372</speed>
				<ele>2327.000000</ele>
				<time>2025-09-29T02:39:41Z</time>
			</trkpt>
			<trkpt lat="38.982237" lon="113.628487">
				<speed>0.273158</speed>
				<ele>2330.000000</ele>
				<time>2025-09-29T02:41:17Z</time>
			</trkpt>
			<trkpt lat="38.982289" lon="113.628380">
				<speed>0.529766</speed>
				<ele>2331.000000</ele>
				<time>2025-09-29T02:41:31Z</time>
			</trkpt>
			<trkpt lat="38.982330" lon="113.628271">
				<speed>0.541463</speed>
				<ele>2331.000000</ele>
				<time>2025-09-29T02:41:41Z</time>
			</trkpt>
			<trkpt lat="38.982349" lon="113.628150">
				<speed>1.141334</speed>
				<ele>2331.000000</ele>
				<time>2025-09-29T02:41:50Z</time>
			</trkpt>
			<trkpt lat="38.982364" lon="113.628028">
				<speed>1.065409</speed>
				<ele>2333.000000</ele>
				<time>2025-09-29T02:41:59Z</time>
			</trkpt>
			<trkpt lat="38.982384" lon="113.627896">
				<speed>1.174949</speed>
				<ele>2334.000000</ele>
				<time>2025-09-29T02:42:09Z</time>
			</trkpt>
			<trkpt lat="38.982402" lon="113.627781">
				<speed>0.844715</speed>
				<ele>2334.000000</ele>
				<time>2025-09-29T02:42:18Z</time>
			</trkpt>
			<trkpt lat="38.982418" lon="113.627660">
				<speed>1.036319</speed>
				<ele>2334.000000</ele>
				<time>2025-09-29T02:42:27Z</time>
			</trkpt>
			<trkpt lat="38.982428" lon="113.627533">
				<speed>1.095474</speed>
				<ele>2335.000000</ele>
				<time>2025-09-29T02:42:36Z</time>
			</trkpt>
			<trkpt lat="38.982451" lon="113.627416">
				<speed>0.974855</speed>
				<ele>2335.000000</ele>
				<time>2025-09-29T02:42:45Z</time>
			</trkpt>
			<trkpt lat="38.982485" lon="113.627308">
				<speed>1.140245</speed>
				<ele>2335.000000</ele>
				<time>2025-09-29T02:42:53Z</time>
			</trkpt>
			<trkpt lat="38.982484" lon="113.627182">
				<speed>0.832171</speed>
				<ele>2335.000000</ele>
				<time>2025-09-29T02:43:04Z</time>
			</trkpt>
			<trkpt lat="38.982461" lon="113.627057">
				<speed>0.960544</speed>
				<ele>2336.000000</ele>
				<time>2025-09-29T02:43:13Z</time>
			</trkpt>
			<trkpt lat="38.982379" lon="113.626994">
				<speed>0.822123</speed>
				<ele>2338.000000</ele>
				<time>2025-09-29T02:43:24Z</time>
			</trkpt>
			<trkpt lat="38.982308" lon="113.626919">
				<speed>0.831379</speed>
				<ele>2338.000000</ele>
				<time>2025-09-29T02:43:34Z</time>
			</trkpt>
			<trkpt lat="38.982262" lon="113.626819">
				<speed>1.313571</speed>
				<ele>2338.000000</ele>
				<time>2025-09-29T02:43:42Z</time>
			</trkpt>
			<trkpt lat="38.982234" lon="113.626701">
				<speed>0.953504</speed>
				<ele>2339.000000</ele>
				<time>2025-09-29T02:43:53Z</time>
			</trkpt>
			<trkpt lat="38.982208" lon="113.626588">
				<speed>0.663777</speed>
				<ele>2336.000000</ele>
				<time>2025-09-29T02:44:07Z</time>
			</trkpt>
			<trkpt lat="38.982123" lon="113.626538">
				<speed>0.675843</speed>
				<ele>2334.000000</ele>
				<time>2025-09-29T02:44:19Z</time>
			</trkpt>
			<trkpt lat="38.982054" lon="113.626445">
				<speed>1.339358</speed>
				<ele>2331.000000</ele>
				<time>2025-09-29T02:44:30Z</time>
			</trkpt>
			<trkpt lat="38.982004" lon="113.626345">
				<speed>0.495315</speed>
				<ele>2330.000000</ele>
				<time>2025-09-29T02:44:42Z</time>
			</trkpt>
			<trkpt lat="38.981936" lon="113.626268">
				<speed>0.636826</speed>
				<ele>2328.000000</ele>
				<time>2025-09-29T02:44:53Z</time>
			</trkpt>
			<trkpt lat="38.981868" lon="113.626179">
				<speed>0.916413</speed>
				<ele>2326.000000</ele>
				<time>2025-09-29T02:45:03Z</time>
			</trkpt>
			<trkpt lat="38.981783" lon="113.626120">
				<speed>0.999719</speed>
				<ele>2324.000000</ele>
				<time>2025-09-29T02:45:15Z</time>
			</trkpt>
			<trkpt lat="38.981694" lon="113.626072">
				<speed>0.710150</speed>
				<ele>2321.000000</ele>
				<time>2025-09-29T02:45:27Z</time>
			</trkpt>
			<trkpt lat="38.981657" lon="113.625964">
				<speed>0.854045</speed>
				<ele>2319.000000</ele>
				<time>2025-09-29T02:45:36Z</time>
			</trkpt>
			<trkpt lat="38.981585" lon="113.625895">
				<speed>0.840867</speed>
				<ele>2316.000000</ele>
				<time>2025-09-29T02:45:46Z</time>
			</trkpt>
			<trkpt lat="38.981513" lon="113.625822">
				<speed>0.974998</speed>
				<ele>2313.000000</ele>
				<time>2025-09-29T02:45:56Z</time>
			</trkpt>
			<trkpt lat="38.981431" lon="113.625756">
				<speed>0.989111</speed>
				<ele>2311.000000</ele>
				<time>2025-09-29T02:46:05Z</time>
			</trkpt>
			<trkpt lat="38.981346" lon="113.625704">
				<speed>1.104407</speed>
				<ele>2311.000000</ele>
				<time>2025-09-29T02:46:13Z</time>
			</trkpt>
			<trkpt lat="38.981262" lon="113.625646">
				<speed>1.099019</speed>
				<ele>2309.000000</ele>
				<time>2025-09-29T02:47:38Z</time>
			</trkpt>
			<trkpt lat="38.981177" lon="113.625583">
				<speed>1.036916</speed>
				<ele>2309.000000</ele>
				<time>2025-09-29T02:47:49Z</time>
			</trkpt>
			<trkpt lat="38.981100" lon="113.625521">
				<speed>0.750543</speed>
				<ele>2308.000000</ele>
				<time>2025-09-29T02:48:00Z</time>
			</trkpt>
			<trkpt lat="38.981008" lon="113.625481">
				<speed>1.055500</speed>
				<ele>2309.000000</ele>
				<time>2025-09-29T02:48:08Z</time>
			</trkpt>
			<trkpt lat="38.980914" lon="113.625468">
				<speed>0.720943</speed>
				<ele>2312.000000</ele>
				<time>2025-09-29T02:48:20Z</time>
			</trkpt>
			<trkpt lat="38.980826" lon="113.625416">
				<speed>0.620522</speed>
				<ele>2313.000000</ele>
				<time>2025-09-29T02:48:31Z</time>
			</trkpt>
			<trkpt lat="38.980782" lon="113.625316">
				<speed>0.124755</speed>
				<ele>2313.000000</ele>
				<time>2025-09-29T02:48:45Z</time>
			</trkpt>
			<trkpt lat="38.980746" lon="113.625205">
				<speed>1.112220</speed>
				<ele>2317.000000</ele>
				<time>2025-09-29T02:49:13Z</time>
			</trkpt>
			<trkpt lat="38.980743" lon="113.625084">
				<speed>0.939388</speed>
				<ele>2322.000000</ele>
				<time>2025-09-29T02:49:22Z</time>
			</trkpt>
			<trkpt lat="38.980683" lon="113.624997">
				<speed>1.094683</speed>
				<ele>2320.000000</ele>
				<time>2025-09-29T02:49:32Z</time>
			</trkpt>
			<trkpt lat="38.980620" lon="113.624896">
				<speed>0.850207</speed>
				<ele>2320.000000</ele>
				<time>2025-09-29T02:49:42Z</time>
			</trkpt>
			<trkpt lat="38.980582" lon="113.624783">
				<speed>0.776340</speed>
				<ele>2318.000000</ele>
				<time>2025-09-29T02:49:51Z</time>
			</trkpt>
			<trkpt lat="38.980533" lon="113.624684">
				<speed>1.209131</speed>
				<ele>2319.000000</ele>
				<time>2025-09-29T02:49:58Z</time>
			</trkpt>
			<trkpt lat="38.980474" lon="113.624575">
				<speed>1.192475</speed>
				<ele>2318.000000</ele>
				<time>2025-09-29T02:50:08Z</time>
			</trkpt>
			<trkpt lat="38.980427" lon="113.624474">
				<speed>0.607845</speed>
				<ele>2314.000000</ele>
				<time>2025-09-29T02:50:26Z</time>
			</trkpt>
			<trkpt lat="38.980421" lon="113.624357">
				<speed>0.470316</speed>
				<ele>2312.000000</ele>
				<time>2025-09-29T02:50:37Z</time>
			</trkpt>
			<trkpt lat="38.980409" lon="113.624237">
				<speed>1.407060</speed>
				<ele>2311.000000</ele>
				<time>2025-09-29T02:50:45Z</time>
			</trkpt>
			<trkpt lat="38.980369" lon="113.624125">
				<speed>1.066879</speed>
				<ele>2311.000000</ele>
				<time>2025-09-29T02:50:53Z</time>
			</trkpt>
			<trkpt lat="38.980343" lon="113.623995">
				<speed>1.382952</speed>
				<ele>2311.000000</ele>
				<time>2025-09-29T02:51:00Z</time>
			</trkpt>
			<trkpt lat="38.980315" lon="113.623876">
				<speed>1.354986</speed>
				<ele>2311.000000</ele>
				<time>2025-09-29T02:51:08Z</time>
			</trkpt>
			<trkpt lat="38.980282" lon="113.623767">
				<speed>1.433996</speed>
				<ele>2310.000000</ele>
				<time>2025-09-29T02:51:15Z</time>
			</trkpt>
			<trkpt lat="38.980232" lon="113.623654">
				<speed>1.169183</speed>
				<ele>2312.000000</ele>
				<time>2025-09-29T02:51:25Z</time>
			</trkpt>
			<trkpt lat="38.980238" lon="113.623526">
				<speed>1.111487</speed>
				<ele>2313.000000</ele>
				<time>2025-09-29T02:51:37Z</time>
			</trkpt>
			<trkpt lat="38.980231" lon="113.623401">
				<speed>0.776152</speed>
				<ele>2314.000000</ele>
				<time>2025-09-29T02:51:47Z</time>
			</trkpt>
			<trkpt lat="38.980165" lon="113.623314">
				<speed>0.789146</speed>
				<ele>2314.000000</ele>
				<time>2025-09-29T02:51:57Z</time>
			</trkpt>
			<trkpt lat="38.980076" lon="113.623277">
				<speed>0.827706</speed>
				<ele>2312.000000</ele>
				<time>2025-09-29T02:52:08Z</time>
			</trkpt>
			<trkpt lat="38.979986" lon="113.623264">
				<speed>0.562508</speed>
				<ele>2310.000000</ele>
				<time>2025-09-29T02:52:18Z</time>
			</trkpt>
			<trkpt lat="38.979897" lon="113.623219">
				<speed>1.076592</speed>
				<ele>2305.000000</ele>
				<time>2025-09-29T02:52:43Z</time>
			</trkpt>
			<trkpt lat="38.979836" lon="113.623132">
				<speed>0.619198</speed>
				<ele>2299.000000</ele>
				<time>2025-09-29T02:53:10Z</time>
			</trkpt>
			<trkpt lat="38.979755" lon="113.623078">
				<speed>0.653609</speed>
				<ele>2296.000000</ele>
				<time>2025-09-29T02:53:29Z</time>
			</trkpt>
			<trkpt lat="38.979684" lon="113.623005">
				<speed>0.990618</speed>
				<ele>2294.000000</ele>
				<time>2025-09-29T02:53:41Z</time>
			</trkpt>
			<trkpt lat="38.979598" lon="113.622961">
				<speed>1.008770</speed>
				<ele>2291.000000</ele>
				<time>2025-09-29T02:53:54Z</time>
			</trkpt>
			<trkpt lat="38.979526" lon="113.622890">
				<speed>0.837139</speed>
				<ele>2288.000000</ele>
				<time>2025-09-29T02:54:03Z</time>
			</trkpt>
			<trkpt lat="38.979417" lon="113.622688">
				<speed>0.412340</speed>
				<ele>2285.000000</ele>
				<time>2025-09-29T02:56:02Z</time>
			</trkpt>
			<trkpt lat="38.979339" lon="113.622604">
				<speed>1.152612</speed>
				<ele>2284.000000</ele>
				<time>2025-09-29T02:56:12Z</time>
			</trkpt>
			<trkpt lat="38.979264" lon="113.622519">
				<speed>0.752445</speed>
				<ele>2283.000000</ele>
				<time>2025-09-29T02:56:23Z</time>
			</trkpt>
			<trkpt lat="38.979221" lon="113.622417">
				<speed>0.662145</speed>
				<ele>2282.000000</ele>
				<time>2025-09-29T02:56:34Z</time>
			</trkpt>
			<trkpt lat="38.979165" lon="113.622311">
				<speed>0.897839</speed>
				<ele>2282.000000</ele>
				<time>2025-09-29T02:56:44Z</time>
			</trkpt>
			<trkpt lat="38.979128" lon="113.622206">
				<speed>0.326856</speed>
				<ele>2285.000000</ele>
				<time>2025-09-29T02:56:55Z</time>
			</trkpt>
			<trkpt lat="38.979114" lon="113.622089">
				<speed>0.521608</speed>
				<ele>2286.000000</ele>
				<time>2025-09-29T02:57:05Z</time>
			</trkpt>
			<trkpt lat="38.979094" lon="113.621974">
				<speed>0.904494</speed>
				<ele>2285.000000</ele>
				<time>2025-09-29T02:57:13Z</time>
			</trkpt>
			<trkpt lat="38.979022" lon="113.621886">
				<speed>0.758205</speed>
				<ele>2284.000000</ele>
				<time>2025-09-29T02:57:26Z</time>
			</trkpt>
			<trkpt lat="38.978932" lon="113.621833">
				<speed>0.953974</speed>
				<ele>2284.000000</ele>
				<time>2025-09-29T02:57:38Z</time>
			</trkpt>
			<trkpt lat="38.978853" lon="113.621770">
				<speed>0.901397</speed>
				<ele>2284.000000</ele>
				<time>2025-09-29T02:57:47Z</time>
			</trkpt>
			<trkpt lat="38.978766" lon="113.621707">
				<speed>1.050428</speed>
				<ele>2283.000000</ele>
				<time>2025-09-29T02:57:55Z</time>
			</trkpt>
			<trkpt lat="38.978681" lon="113.621643">
				<speed>0.829143</speed>
				<ele>2284.000000</ele>
				<time>2025-09-29T02:58:04Z</time>
			</trkpt>
			<trkpt lat="38.978598" lon="113.621594">
				<speed>0.558350</speed>
				<ele>2283.000000</ele>
				<time>2025-09-29T02:58:12Z</time>
			</trkpt>
			<trkpt lat="38.978550" lon="113.621488">
				<speed>0.633201</speed>
				<ele>2282.000000</ele>
				<time>2025-09-29T02:58:21Z</time>
			</trkpt>
			<trkpt lat="38.978525" lon="113.621374">
				<speed>0.962676</speed>
				<ele>2280.000000</ele>
				<time>2025-09-29T02:58:32Z</time>
			</trkpt>
			<trkpt lat="38.978534" lon="113.621250">
				<speed>0.585149</speed>
				<ele>2279.000000</ele>
				<time>2025-09-29T02:58:42Z</time>
			</trkpt>
			<trkpt lat="38.978528" lon="113.621130">
				<speed>1.002963</speed>
				<ele>2278.000000</ele>
				<time>2025-09-29T02:58:52Z</time>
			</trkpt>
			<trkpt lat="38.978520" lon="113.621012">
				<speed>0.322210</speed>
				<ele>2274.000000</ele>
				<time>2025-09-29T02:59:10Z</time>
			</trkpt>
			<trkpt lat="38.978447" lon="113.620942">
				<speed>1.074270</speed>
				<ele>2271.000000</ele>
				<time>2025-09-29T02:59:18Z</time>
			</trkpt>
			<trkpt lat="38.978359" lon="113.620895">
				<speed>1.016796</speed>
				<ele>2272.000000</ele>
				<time>2025-09-29T02:59:28Z</time>
			</trkpt>
			<trkpt lat="38.978287" lon="113.620824">
				<speed>0.898608</speed>
				<ele>2273.000000</ele>
				<time>2025-09-29T02:59:37Z</time>
			</trkpt>
			<trkpt lat="38.978248" lon="113.620706">
				<speed>0.949200</speed>
				<ele>2273.000000</ele>
				<time>2025-09-29T02:59:47Z</time>
			</trkpt>
			<trkpt lat="38.978172" lon="113.620630">
				<speed>0.551878</speed>
				<ele>2272.000000</ele>
				<time>2025-09-29T02:59:59Z</time>
			</trkpt>
			<trkpt lat="38.978099" lon="113.620542">
				<speed>0.613953</speed>
				<ele>2271.000000</ele>
				<time>2025-09-29T03:00:12Z</time>
			</trkpt>
			<trkpt lat="38.978032" lon="113.620463">
				<speed>0.460947</speed>
				<ele>2271.000000</ele>
				<time>2025-09-29T03:00:24Z</time>
			</trkpt>
			<trkpt lat="38.977972" lon="113.620361">
				<speed>0.708890</speed>
				<ele>2271.000000</ele>
				<time>2025-09-29T03:00:34Z</time>
			</trkpt>
			<trkpt lat="38.977882" lon="113.620314">
				<speed>0.925098</speed>
				<ele>2271.000000</ele>
				<time>2025-09-29T03:00:52Z</time>
			</trkpt>
			<trkpt lat="38.977789" lon="113.620281">
				<speed>0.642209</speed>
				<ele>2272.000000</ele>
				<time>2025-09-29T03:01:05Z</time>
			</trkpt>
			<trkpt lat="38.977727" lon="113.620196">
				<speed>0.516987</speed>
				<ele>2272.000000</ele>
				<time>2025-09-29T03:01:23Z</time>
			</trkpt>
			<trkpt lat="38.977654" lon="113.620128">
				<speed>0.790091</speed>
				<ele>2272.000000</ele>
				<time>2025-09-29T03:01:39Z</time>
			</trkpt>
			<trkpt lat="38.977598" lon="113.620007">
				<speed>1.134933</speed>
				<ele>2271.000000</ele>
				<time>2025-09-29T03:01:50Z</time>
			</trkpt>
			<trkpt lat="38.977529" lon="113.619930">
				<speed>0.488755</speed>
				<ele>2275.000000</ele>
				<time>2025-09-29T03:02:03Z</time>
			</trkpt>
			<trkpt lat="38.977468" lon="113.619838">
				<speed>0.927725</speed>
				<ele>2277.000000</ele>
				<time>2025-09-29T03:02:14Z</time>
			</trkpt>
			<trkpt lat="38.977383" lon="113.619782">
				<speed>0.657110</speed>
				<ele>2279.000000</ele>
				<time>2025-09-29T03:02:29Z</time>
			</trkpt>
			<trkpt lat="38.977300" lon="113.619728">
				<speed>1.111206</speed>
				<ele>2278.000000</ele>
				<time>2025-09-29T03:02:41Z</time>
			</trkpt>
			<trkpt lat="38.977225" lon="113.619646">
				<speed>0.981584</speed>
				<ele>2281.000000</ele>
				<time>2025-09-29T03:02:51Z</time>
			</trkpt>
			<trkpt lat="38.977185" lon="113.619542">
				<speed>0.573051</speed>
				<ele>2285.000000</ele>
				<time>2025-09-29T03:03:04Z</time>
			</trkpt>
			<trkpt lat="38.977110" lon="113.619464">
				<speed>0.896875</speed>
				<ele>2289.000000</ele>
				<time>2025-09-29T03:03:53Z</time>
			</trkpt>
			<trkpt lat="38.977031" lon="113.619396">
				<speed>0.743931</speed>
				<ele>2291.000000</ele>
				<time>2025-09-29T03:04:05Z</time>
			</trkpt>
			<trkpt lat="38.976966" lon="113.619311">
				<speed>0.635995</speed>
				<ele>2295.000000</ele>
				<time>2025-09-29T03:04:18Z</time>
			</trkpt>
			<trkpt lat="38.976923" lon="113.619203">
				<speed>0.764229</speed>
				<ele>2299.000000</ele>
				<time>2025-09-29T03:04:34Z</time>
			</trkpt>
			<trkpt lat="38.976876" lon="113.619089">
				<speed>1.000807</speed>
				<ele>2302.000000</ele>
				<time>2025-09-29T03:04:46Z</time>
			</trkpt>
			<trkpt lat="38.976844" lon="113.618974">
				<speed>0.689607</speed>
				<ele>2301.000000</ele>
				<time>2025-09-29T03:06:48Z</time>
			</trkpt>
			<trkpt lat="38.976776" lon="113.618879">
				<speed>0.963918</speed>
				<ele>2302.000000</ele>
				<time>2025-09-29T03:06:58Z</time>
			</trkpt>
			<trkpt lat="38.976710" lon="113.618781">
				<speed>0.822389</speed>
				<ele>2304.000000</ele>
				<time>2025-09-29T03:07:14Z</time>
			</trkpt>
			<trkpt lat="38.976643" lon="113.618703">
				<speed>0.790990</speed>
				<ele>2305.000000</ele>
				<time>2025-09-29T03:07:24Z</time>
			</trkpt>
			<trkpt lat="38.976578" lon="113.618618">
				<speed>0.471778</speed>
				<ele>2305.000000</ele>
				<time>2025-09-29T03:07:37Z</time>
			</trkpt>
			<trkpt lat="38.976529" lon="113.618518">
				<speed>0.728498</speed>
				<ele>2304.000000</ele>
				<time>2025-09-29T03:07:48Z</time>
			</trkpt>
			<trkpt lat="38.976485" lon="113.618408">
				<speed>0.664402</speed>
				<ele>2305.000000</ele>
				<time>2025-09-29T03:08:00Z</time>
			</trkpt>
			<trkpt lat="38.976401" lon="113.618360">
				<speed>0.149392</speed>
				<ele>2305.000000</ele>
				<time>2025-09-29T03:08:35Z</time>
			</trkpt>
			<trkpt lat="38.976312" lon="113.618340">
				<speed>0.689695</speed>
				<ele>2300.000000</ele>
				<time>2025-09-29T03:08:51Z</time>
			</trkpt>
			<trkpt lat="38.976229" lon="113.618280">
				<speed>1.108106</speed>
				<ele>2297.000000</ele>
				<time>2025-09-29T03:09:04Z</time>
			</trkpt>
			<trkpt lat="38.976132" lon="113.618252">
				<speed>0.951229</speed>
				<ele>2294.000000</ele>
				<time>2025-09-29T03:09:35Z</time>
			</trkpt>
			<trkpt lat="38.976040" lon="113.618233">
				<speed>0.133038</speed>
				<ele>2291.000000</ele>
				<time>2025-09-29T03:09:50Z</time>
			</trkpt>
			<trkpt lat="38.975943" lon="113.618217">
				<speed>0.829113</speed>
				<ele>2286.000000</ele>
				<time>2025-09-29T03:10:13Z</time>
			</trkpt>
			<trkpt lat="38.975853" lon="113.618183">
				<speed>0.971893</speed>
				<ele>2286.000000</ele>
				<time>2025-09-29T03:10:23Z</time>
			</trkpt>
			<trkpt lat="38.975760" lon="113.618136">
				<speed>1.241276</speed>
				<ele>2284.000000</ele>
				<time>2025-09-29T03:10:34Z</time>
			</trkpt>
			<trkpt lat="38.975665" lon="113.618099">
				<speed>0.592054</speed>
				<ele>2283.000000</ele>
				<time>2025-09-29T03:10:44Z</time>
			</trkpt>
			<trkpt lat="38.975570" lon="113.618085">
				<speed>1.220619</speed>
				<ele>2281.000000</ele>
				<time>2025-09-29T03:10:53Z</time>
			</trkpt>
			<trkpt lat="38.975478" lon="113.618094">
				<speed>0.666592</speed>
				<ele>2275.000000</ele>
				<time>2025-09-29T03:11:08Z</time>
			</trkpt>
			<trkpt lat="38.975387" lon="113.618100">
				<speed>0.665358</speed>
				<ele>2273.000000</ele>
				<time>2025-09-29T03:11:24Z</time>
			</trkpt>
			<trkpt lat="38.975323" lon="113.618197">
				<speed>0.892424</speed>
				<ele>2269.000000</ele>
				<time>2025-09-29T03:11:40Z</time>
			</trkpt>
			<trkpt lat="38.975244" lon="113.618272">
				<speed>0.859460</speed>
				<ele>2267.000000</ele>
				<time>2025-09-29T03:11:54Z</time>
			</trkpt>
			<trkpt lat="38.975150" lon="113.618298">
				<speed>1.095290</speed>
				<ele>2264.000000</ele>
				<time>2025-09-29T03:12:05Z</time>
			</trkpt>
			<trkpt lat="38.975056" lon="113.618322">
				<speed>0.851669</speed>
				<ele>2262.000000</ele>
				<time>2025-09-29T03:12:15Z</time>
			</trkpt>
			<trkpt lat="38.974965" lon="113.618336">
				<speed>0.707472</speed>
				<ele>2262.000000</ele>
				<time>2025-09-29T03:12:27Z</time>
			</trkpt>
			<trkpt lat="38.974872" lon="113.618350">
				<speed>0.843933</speed>
				<ele>2263.000000</ele>
				<time>2025-09-29T03:12:37Z</time>
			</trkpt>
			<trkpt lat="38.974773" lon="113.618356">
				<speed>1.326650</speed>
				<ele>2262.000000</ele>
				<time>2025-09-29T03:12:46Z</time>
			</trkpt>
			<trkpt lat="38.974676" lon="113.618358">
				<speed>1.138738</speed>
				<ele>2261.000000</ele>
				<time>2025-09-29T03:12:57Z</time>
			</trkpt>
			<trkpt lat="38.974583" lon="113.618361">
				<speed>0.649336</speed>
				<ele>2261.000000</ele>
				<time>2025-09-29T03:13:08Z</time>
			</trkpt>
			<trkpt lat="38.974485" lon="113.618352">
				<speed>1.237721</speed>
				<ele>2258.000000</ele>
				<time>2025-09-29T03:13:21Z</time>
			</trkpt>
			<trkpt lat="38.974392" lon="113.618349">
				<speed>1.126392</speed>
				<ele>2257.000000</ele>
				<time>2025-09-29T03:13:32Z</time>
			</trkpt>
			<trkpt lat="38.974298" lon="113.618324">
				<speed>0.627918</speed>
				<ele>2258.000000</ele>
				<time>2025-09-29T03:13:43Z</time>
			</trkpt>
			<trkpt lat="38.974214" lon="113.618375">
				<speed>0.756990</speed>
				<ele>2256.000000</ele>
				<time>2025-09-29T03:13:56Z</time>
			</trkpt>
			<trkpt lat="38.974130" lon="113.618423">
				<speed>0.084154</speed>
				<ele>2253.000000</ele>
				<time>2025-09-29T03:14:14Z</time>
			</trkpt>
			<trkpt lat="38.974037" lon="113.618427">
				<speed>0.275688</speed>
				<ele>2250.000000</ele>
				<time>2025-09-29T03:14:31Z</time>
			</trkpt>
			<trkpt lat="38.973966" lon="113.618518">
				<speed>0.647994</speed>
				<ele>2246.000000</ele>
				<time>2025-09-29T03:14:56Z</time>
			</trkpt>
			<trkpt lat="38.973891" lon="113.618582">
				<speed>0.575143</speed>
				<ele>2245.000000</ele>
				<time>2025-09-29T03:15:08Z</time>
			</trkpt>
			<trkpt lat="38.973800" lon="113.618610">
				<speed>0.485873</speed>
				<ele>2244.000000</ele>
				<time>2025-09-29T03:15:21Z</time>
			</trkpt>
			<trkpt lat="38.973710" lon="113.618639">
				<speed>1.194219</speed>
				<ele>2242.000000</ele>
				<time>2025-09-29T03:15:32Z</time>
			</trkpt>
			<trkpt lat="38.973611" lon="113.618636">
				<speed>0.908365</speed>
				<ele>2242.000000</ele>
				<time>2025-09-29T03:15:43Z</time>
			</trkpt>
			<trkpt lat="38.973514" lon="113.618633">
				<speed>0.649612</speed>
				<ele>2240.000000</ele>
				<time>2025-09-29T03:15:58Z</time>
			</trkpt>
			<trkpt lat="38.973420" lon="113.618663">
				<speed>0.705552</speed>
				<ele>2239.000000</ele>
				<time>2025-09-29T03:16:13Z</time>
			</trkpt>
			<trkpt lat="38.973329" lon="113.618699">
				<speed>0.617742</speed>
				<ele>2239.000000</ele>
				<time>2025-09-29T03:16:24Z</time>
			</trkpt>
			<trkpt lat="38.973236" lon="113.618712">
				<speed>0.771961</speed>
				<ele>2239.000000</ele>
				<time>2025-09-29T03:16:35Z</time>
			</trkpt>
			<trkpt lat="38.973142" lon="113.618739">
				<speed>1.097499</speed>
				<ele>2240.000000</ele>
				<time>2025-09-29T03:16:44Z</time>
			</trkpt>
			<trkpt lat="38.973047" lon="113.618786">
				<speed>0.825447</speed>
				<ele>2240.000000</ele>
				<time>2025-09-29T03:16:54Z</time>
			</trkpt>
			<trkpt lat="38.972952" lon="113.618794">
				<speed>1.189416</speed>
				<ele>2240.000000</ele>
				<time>2025-09-29T03:17:01Z</time>
			</trkpt>
			<trkpt lat="38.972860" lon="113.618794">
				<speed>1.112590</speed>
				<ele>2238.000000</ele>
				<time>2025-09-29T03:17:12Z</time>
			</trkpt>
			<trkpt lat="38.972759" lon="113.618822">
				<speed>1.188837</speed>
				<ele>2237.000000</ele>
				<time>2025-09-29T03:17:22Z</time>
			</trkpt>
			<trkpt lat="38.972668" lon="113.618821">
				<speed>0.068444</speed>
				<ele>2236.000000</ele>
				<time>2025-09-29T03:17:36Z</time>
			</trkpt>
			<trkpt lat="38.972574" lon="113.618810">
				<speed>0.619102</speed>
				<ele>2231.000000</ele>
				<time>2025-09-29T03:20:01Z</time>
			</trkpt>
			<trkpt lat="38.972489" lon="113.618864">
				<speed>0.759629</speed>
				<ele>2227.000000</ele>
				<time>2025-09-29T03:20:16Z</time>
			</trkpt>
			<trkpt lat="38.972416" lon="113.618935">
				<speed>0.720772</speed>
				<ele>2226.000000</ele>
				<time>2025-09-29T03:20:32Z</time>
			</trkpt>
			<trkpt lat="38.972358" lon="113.618839">
				<speed>1.078289</speed>
				<ele>2221.000000</ele>
				<time>2025-09-29T03:20:49Z</time>
			</trkpt>
			<trkpt lat="38.972318" lon="113.618728">
				<speed>1.096012</speed>
				<ele>2220.000000</ele>
				<time>2025-09-29T03:20:59Z</time>
			</trkpt>
			<trkpt lat="38.972260" lon="113.618638">
				<speed>0.986761</speed>
				<ele>2217.000000</ele>
				<time>2025-09-29T03:21:11Z</time>
			</trkpt>
			<trkpt lat="38.972191" lon="113.618562">
				<speed>0.789741</speed>
				<ele>2213.000000</ele>
				<time>2025-09-29T03:21:23Z</time>
			</trkpt>
			<trkpt lat="38.972107" lon="113.618501">
				<speed>0.506261</speed>
				<ele>2209.000000</ele>
				<time>2025-09-29T03:21:38Z</time>
			</trkpt>
			<trkpt lat="38.972023" lon="113.618439">
				<speed>1.186208</speed>
				<ele>2208.000000</ele>
				<time>2025-09-29T03:21:48Z</time>
			</trkpt>
			<trkpt lat="38.971937" lon="113.618390">
				<speed>0.914852</speed>
				<ele>2204.000000</ele>
				<time>2025-09-29T03:21:59Z</time>
			</trkpt>
			<trkpt lat="38.971850" lon="113.618348">
				<speed>0.739130</speed>
				<ele>2202.000000</ele>
				<time>2025-09-29T03:22:10Z</time>
			</trkpt>
			<trkpt lat="38.971757" lon="113.618328">
				<speed>0.886446</speed>
				<ele>2200.000000</ele>
				<time>2025-09-29T03:22:21Z</time>
			</trkpt>
			<trkpt lat="38.971663" lon="113.618335">
				<speed>1.257644</speed>
				<ele>2198.000000</ele>
				<time>2025-09-29T03:22:30Z</time>
			</trkpt>
			<trkpt lat="38.971574" lon="113.618377">
				<speed>0.965789</speed>
				<ele>2198.000000</ele>
				<time>2025-09-29T03:22:38Z</time>
			</trkpt>
			<trkpt lat="38.971476" lon="113.618356">
				<speed>1.021534</speed>
				<ele>2196.000000</ele>
				<time>2025-09-29T03:22:47Z</time>
			</trkpt>
			<trkpt lat="38.971383" lon="113.618344">
				<speed>0.834844</speed>
				<ele>2195.000000</ele>
				<time>2025-09-29T03:22:56Z</time>
			</trkpt>
			<trkpt lat="38.971291" lon="113.618363">
				<speed>0.788961</speed>
				<ele>2195.000000</ele>
				<time>2025-09-29T03:23:14Z</time>
			</trkpt>
			<trkpt lat="38.971192" lon="113.618349">
				<speed>0.891954</speed>
				<ele>2194.000000</ele>
				<time>2025-09-29T03:23:36Z</time>
			</trkpt>
			<trkpt lat="38.971110" lon="113.618301">
				<speed>0.839312</speed>
				<ele>2193.000000</ele>
				<time>2025-09-29T03:23:46Z</time>
			</trkpt>
			<trkpt lat="38.971018" lon="113.618277">
				<speed>1.055077</speed>
				<ele>2193.000000</ele>
				<time>2025-09-29T03:23:53Z</time>
			</trkpt>
			<trkpt lat="38.970927" lon="113.618241">
				<speed>1.042464</speed>
				<ele>2191.000000</ele>
				<time>2025-09-29T03:24:01Z</time>
			</trkpt>
			<trkpt lat="38.970832" lon="113.618219">
				<speed>0.972482</speed>
				<ele>2191.000000</ele>
				<time>2025-09-29T03:24:09Z</time>
			</trkpt>
			<trkpt lat="38.970739" lon="113.618249">
				<speed>0.387925</speed>
				<ele>2189.000000</ele>
				<time>2025-09-29T03:24:20Z</time>
			</trkpt>
			<trkpt lat="38.970645" lon="113.618262">
				<speed>0.632041</speed>
				<ele>2188.000000</ele>
				<time>2025-09-29T03:24:29Z</time>
			</trkpt>
			<trkpt lat="38.970554" lon="113.618279">
				<speed>1.128294</speed>
				<ele>2187.000000</ele>
				<time>2025-09-29T03:24:37Z</time>
			</trkpt>
			<trkpt lat="38.970458" lon="113.618274">
				<speed>1.065013</speed>
				<ele>2186.000000</ele>
				<time>2025-09-29T03:24:46Z</time>
			</trkpt>
			<trkpt lat="38.970377" lon="113.618214">
				<speed>1.516091</speed>
				<ele>2184.000000</ele>
				<time>2025-09-29T03:24:54Z</time>
			</trkpt>
			<trkpt lat="38.970294" lon="113.618159">
				<speed>1.058859</speed>
				<ele>2181.000000</ele>
				<time>2025-09-29T03:25:04Z</time>
			</trkpt>
			<trkpt lat="38.970200" lon="113.618155">
				<speed>0.986589</speed>
				<ele>2180.000000</ele>
				<time>2025-09-29T03:25:13Z</time>
			</trkpt>
			<trkpt lat="38.970104" lon="113.618132">
				<speed>1.424192</speed>
				<ele>2178.000000</ele>
				<time>2025-09-29T03:25:21Z</time>
			</trkpt>
			<trkpt lat="38.970007" lon="113.618127">
				<speed>0.766019</speed>
				<ele>2177.000000</ele>
				<time>2025-09-29T03:25:32Z</time>
			</trkpt>
			<trkpt lat="38.969915" lon="113.618114">
				<speed>0.868220</speed>
				<ele>2176.000000</ele>
				<time>2025-09-29T03:25:41Z</time>
			</trkpt>
			<trkpt lat="38.969822" lon="113.618117">
				<speed>0.920994</speed>
				<ele>2175.000000</ele>
				<time>2025-09-29T03:25:50Z</time>
			</trkpt>
			<trkpt lat="38.969731" lon="113.618098">
				<speed>1.045798</speed>
				<ele>2175.000000</ele>
				<time>2025-09-29T03:25:59Z</time>
			</trkpt>
			<trkpt lat="38.969641" lon="113.618064">
				<speed>0.921653</speed>
				<ele>2174.000000</ele>
				<time>2025-09-29T03:26:07Z</time>
			</trkpt>
			<trkpt lat="38.969550" lon="113.618033">
				<speed>1.401744</speed>
				<ele>2172.000000</ele>
				<time>2025-09-29T03:26:15Z</time>
			</trkpt>
			<trkpt lat="38.969456" lon="113.618014">
				<speed>1.078460</speed>
				<ele>2171.000000</ele>
				<time>2025-09-29T03:26:24Z</time>
			</trkpt>
			<trkpt lat="38.969358" lon="113.618001">
				<speed>0.858116</speed>
				<ele>2170.000000</ele>
				<time>2025-09-29T03:26:34Z</time>
			</trkpt>
			<trkpt lat="38.969256" lon="113.618007">
				<speed>0.918713</speed>
				<ele>2169.000000</ele>
				<time>2025-09-29T03:26:45Z</time>
			</trkpt>
			<trkpt lat="38.969159" lon="113.618028">
				<speed>1.125599</speed>
				<ele>2167.000000</ele>
				<time>2025-09-29T03:26:53Z</time>
			</trkpt>
			<trkpt lat="38.969061" lon="113.618035">
				<speed>0.862985</speed>
				<ele>2166.000000</ele>
				<time>2025-09-29T03:27:02Z</time>
			</trkpt>
			<trkpt lat="38.968968" lon="113.618038">
				<speed>1.117044</speed>
				<ele>2166.000000</ele>
				<time>2025-09-29T03:27:11Z</time>
			</trkpt>
			<trkpt lat="38.968874" lon="113.618011">
				<speed>1.062123</speed>
				<ele>2165.000000</ele>
				<time>2025-09-29T03:27:19Z</time>
			</trkpt>
			<trkpt lat="38.968777" lon="113.618000">
				<speed>0.661767</speed>
				<ele>2162.000000</ele>
				<time>2025-09-29T03:27:29Z</time>
			</trkpt>
			<trkpt lat="38.968679" lon="113.617963">
				<speed>1.370845</speed>
				<ele>2161.000000</ele>
				<time>2025-09-29T03:27:38Z</time>
			</trkpt>
			<trkpt lat="38.968582" lon="113.617961">
				<speed>1.111602</speed>
				<ele>2160.000000</ele>
				<time>2025-09-29T03:27:46Z</time>
			</trkpt>
			<trkpt lat="38.968505" lon="113.617898">
				<speed>0.661283</speed>
				<ele>2157.000000</ele>
				<time>2025-09-29T03:27:55Z</time>
			</trkpt>
			<trkpt lat="38.968416" lon="113.617860">
				<speed>0.464055</speed>
				<ele>2154.000000</ele>
				<time>2025-09-29T03:28:07Z</time>
			</trkpt>
			<trkpt lat="38.968324" lon="113.617848">
				<speed>1.035339</speed>
				<ele>2153.000000</ele>
				<time>2025-09-29T03:28:17Z</time>
			</trkpt>
			<trkpt lat="38.968230" lon="113.617807">
				<speed>1.283044</speed>
				<ele>2149.000000</ele>
				<time>2025-09-29T03:28:27Z</time>
			</trkpt>
			<trkpt lat="38.968136" lon="113.617797">
				<speed>1.216903</speed>
				<ele>2147.000000</ele>
				<time>2025-09-29T03:28:37Z</time>
			</trkpt>
			<trkpt lat="38.968038" lon="113.617804">
				<speed>1.040391</speed>
				<ele>2145.000000</ele>
				<time>2025-09-29T03:28:48Z</time>
			</trkpt>
			<trkpt lat="38.967944" lon="113.617800">
				<speed>0.800490</speed>
				<ele>2142.000000</ele>
				<time>2025-09-29T03:28:59Z</time>
			</trkpt>
			<trkpt lat="38.967852" lon="113.617834">
				<speed>1.164534</speed>
				<ele>2142.000000</ele>
				<time>2025-09-29T03:29:07Z</time>
			</trkpt>
			<trkpt lat="38.967755" lon="113.617808">
				<speed>1.040792</speed>
				<ele>2139.000000</ele>
				<time>2025-09-29T03:29:16Z</time>
			</trkpt>
			<trkpt lat="38.967658" lon="113.617791">
				<speed>1.022148</speed>
				<ele>2139.000000</ele>
				<time>2025-09-29T03:29:24Z</time>
			</trkpt>
			<trkpt lat="38.967577" lon="113.617739">
				<speed>1.098699</speed>
				<ele>2137.000000</ele>
				<time>2025-09-29T03:29:32Z</time>
			</trkpt>
			<trkpt lat="38.967482" lon="113.617746">
				<speed>0.860666</speed>
				<ele>2135.000000</ele>
				<time>2025-09-29T03:29:42Z</time>
			</trkpt>
			<trkpt lat="38.967390" lon="113.617781">
				<speed>0.962207</speed>
				<ele>2134.000000</ele>
				<time>2025-09-29T03:29:51Z</time>
			</trkpt>
			<trkpt lat="38.967306" lon="113.617829">
				<speed>1.073489</speed>
				<ele>2131.000000</ele>
				<time>2025-09-29T03:30:29Z</time>
			</trkpt>
			<trkpt lat="38.967212" lon="113.617825">
				<speed>1.217118</speed>
				<ele>2130.000000</ele>
				<time>2025-09-29T03:30:37Z</time>
			</trkpt>
			<trkpt lat="38.967117" lon="113.617817">
				<speed>1.394477</speed>
				<ele>2128.000000</ele>
				<time>2025-09-29T03:30:45Z</time>
			</trkpt>
			<trkpt lat="38.967028" lon="113.617861">
				<speed>1.422343</speed>
				<ele>2126.000000</ele>
				<time>2025-09-29T03:30:53Z</time>
			</trkpt>
			<trkpt lat="38.966936" lon="113.617895">
				<speed>1.492257</speed>
				<ele>2125.000000</ele>
				<time>2025-09-29T03:31:01Z</time>
			</trkpt>
			<trkpt lat="38.966848" lon="113.617868">
				<speed>0.082431</speed>
				<ele>2122.000000</ele>
				<time>2025-09-29T03:31:34Z</time>
			</trkpt>
			<trkpt lat="38.966759" lon="113.617829">
				<speed>0.159078</speed>
				<ele>2119.000000</ele>
				<time>2025-09-29T03:31:46Z</time>
			</trkpt>
			<trkpt lat="38.966665" lon="113.617825">
				<speed>1.466838</speed>
				<ele>2119.000000</ele>
				<time>2025-09-29T03:31:53Z</time>
			</trkpt>
			<trkpt lat="38.966571" lon="113.617837">
				<speed>0.891385</speed>
				<ele>2116.000000</ele>
				<time>2025-09-29T03:33:45Z</time>
			</trkpt>
			<trkpt lat="38.966484" lon="113.617893">
				<speed>1.186758</speed>
				<ele>2115.000000</ele>
				<time>2025-09-29T03:33:54Z</time>
			</trkpt>
			<trkpt lat="38.966395" lon="113.617862">
				<speed>1.466217</speed>
				<ele>2114.000000</ele>
				<time>2025-09-29T03:34:02Z</time>
			</trkpt>
			<trkpt lat="38.966298" lon="113.617843">
				<speed>1.216713</speed>
				<ele>2113.000000</ele>
				<time>2025-09-29T03:34:11Z</time>
			</trkpt>
			<trkpt lat="38.966221" lon="113.617770">
				<speed>1.356879</speed>
				<ele>2110.000000</ele>
				<time>2025-09-29T03:34:19Z</time>
			</trkpt>
			<trkpt lat="38.966154" lon="113.617683">
				<speed>1.181103</speed>
				<ele>2108.000000</ele>
				<time>2025-09-29T03:34:28Z</time>
			</trkpt>
			<trkpt lat="38.966096" lon="113.617589">
				<speed>1.200885</speed>
				<ele>2107.000000</ele>
				<time>2025-09-29T03:34:37Z</time>
			</trkpt>
			<trkpt lat="38.966070" lon="113.617476">
				<speed>0.814082</speed>
				<ele>2104.000000</ele>
				<time>2025-09-29T03:34:46Z</time>
			</trkpt>
			<trkpt lat="38.965999" lon="113.617378">
				<speed>0.910721</speed>
				<ele>2102.000000</ele>
				<time>2025-09-29T03:34:57Z</time>
			</trkpt>
			<trkpt lat="38.965939" lon="113.617287">
				<speed>1.267699</speed>
				<ele>2099.000000</ele>
				<time>2025-09-29T03:35:07Z</time>
			</trkpt>
			<trkpt lat="38.965861" lon="113.617214">
				<speed>0.754322</speed>
				<ele>2098.000000</ele>
				<time>2025-09-29T03:35:18Z</time>
			</trkpt>
			<trkpt lat="38.965813" lon="113.617108">
				<speed>0.884121</speed>
				<ele>2095.000000</ele>
				<time>2025-09-29T03:35:30Z</time>
			</trkpt>
			<trkpt lat="38.965744" lon="113.617025">
				<speed>0.619515</speed>
				<ele>2094.000000</ele>
				<time>2025-09-29T03:35:40Z</time>
			</trkpt>
			<trkpt lat="38.965671" lon="113.616942">
				<speed>0.648297</speed>
				<ele>2093.000000</ele>
				<time>2025-09-29T03:35:50Z</time>
			</trkpt>
			<trkpt lat="38.965619" lon="113.616845">
				<speed>0.720197</speed>
				<ele>2091.000000</ele>
				<time>2025-09-29T03:35:59Z</time>
			</trkpt>
			<trkpt lat="38.965567" lon="113.616746">
				<speed>0.858551</speed>
				<ele>2090.000000</ele>
				<time>2025-09-29T03:36:09Z</time>
			</trkpt>
			<trkpt lat="38.965514" lon="113.616645">
				<speed>0.525220</speed>
				<ele>2089.000000</ele>
				<time>2025-09-29T03:36:20Z</time>
			</trkpt>
			<trkpt lat="38.965461" lon="113.616532">
				<speed>1.032819</speed>
				<ele>2087.000000</ele>
				<time>2025-09-29T03:36:30Z</time>
			</trkpt>
			<trkpt lat="38.965446" lon="113.616419">
				<speed>0.111277</speed>
				<ele>2090.000000</ele>
				<time>2025-09-29T03:37:12Z</time>
			</trkpt>
			<trkpt lat="38.965379" lon="113.616333">
				<speed>0.519304</speed>
				<ele>2084.000000</ele>
				<time>2025-09-29T03:37:23Z</time>
			</trkpt>
			<trkpt lat="38.965309" lon="113.616255">
				<speed>0.735093</speed>
				<ele>2082.000000</ele>
				<time>2025-09-29T03:37:31Z</time>
			</trkpt>
			<trkpt lat="38.965233" lon="113.616174">
				<speed>0.682818</speed>
				<ele>2080.000000</ele>
				<time>2025-09-29T03:37:41Z</time>
			</trkpt>
			<trkpt lat="38.965166" lon="113.616069">
				<speed>0.749266</speed>
				<ele>2079.000000</ele>
				<time>2025-09-29T03:37:51Z</time>
			</trkpt>
			<trkpt lat="38.965126" lon="113.615959">
				<speed>0.532788</speed>
				<ele>2077.000000</ele>
				<time>2025-09-29T03:38:00Z</time>
			</trkpt>
			<trkpt lat="38.965072" lon="113.615862">
				<speed>0.507427</speed>
				<ele>2076.000000</ele>
				<time>2025-09-29T03:38:11Z</time>
			</trkpt>
			<trkpt lat="38.965025" lon="113.615762">
				<speed>0.452278</speed>
				<ele>2075.000000</ele>
				<time>2025-09-29T03:38:20Z</time>
			</trkpt>
			<trkpt lat="38.964971" lon="113.615665">
				<speed>0.500884</speed>
				<ele>2072.000000</ele>
				<time>2025-09-29T03:38:29Z</time>
			</trkpt>
			<trkpt lat="38.964926" lon="113.615561">
				<speed>0.690616</speed>
				<ele>2072.000000</ele>
				<time>2025-09-29T03:38:37Z</time>
			</trkpt>
			<trkpt lat="38.964874" lon="113.615462">
				<speed>0.194348</speed>
				<ele>2071.000000</ele>
				<time>2025-09-29T03:38:48Z</time>
			</trkpt>
			<trkpt lat="38.964813" lon="113.615367">
				<speed>0.567819</speed>
				<ele>2069.000000</ele>
				<time>2025-09-29T03:38:58Z</time>
			</trkpt>
			<trkpt lat="38.964787" lon="113.615254">
				<speed>0.451946</speed>
				<ele>2067.000000</ele>
				<time>2025-09-29T03:39:08Z</time>
			</trkpt>
			<trkpt lat="38.964752" lon="113.615138">
				<speed>0.465251</speed>
				<ele>2064.000000</ele>
				<time>2025-09-29T03:39:20Z</time>
			</trkpt>
			<trkpt lat="38.964695" lon="113.615034">
				<speed>0.545314</speed>
				<ele>2063.000000</ele>
				<time>2025-09-29T03:39:31Z</time>
			</trkpt>
			<trkpt lat="38.964641" lon="113.614934">
				<speed>0.563258</speed>
				<ele>2061.000000</ele>
				<time>2025-09-29T03:39:42Z</time>
			</trkpt>
			<trkpt lat="38.964573" lon="113.614848">
				<speed>0.481460</speed>
				<ele>2062.000000</ele>
				<time>2025-09-29T03:39:52Z</time>
			</trkpt>
			<trkpt lat="38.964518" lon="113.614747">
				<speed>0.327735</speed>
				<ele>2060.000000</ele>
				<time>2025-09-29T03:40:02Z</time>
			</trkpt>
			<trkpt lat="38.964492" lon="113.614632">
				<speed>0.251251</speed>
				<ele>2061.000000</ele>
				<time>2025-09-29T03:40:10Z</time>
			</trkpt>
			<trkpt lat="38.964472" lon="113.614516">
				<speed>0.293459</speed>
				<ele>2058.000000</ele>
				<time>2025-09-29T03:40:19Z</time>
			</trkpt>
			<trkpt lat="38.964440" lon="113.614399">
				<speed>0.678105</speed>
				<ele>2058.000000</ele>
				<time>2025-09-29T03:40:28Z</time>
			</trkpt>
			<trkpt lat="38.964414" lon="113.614280">
				<speed>0.510273</speed>
				<ele>2056.000000</ele>
				<time>2025-09-29T03:40:37Z</time>
			</trkpt>
			<trkpt lat="38.964386" lon="113.614159">
				<speed>0.407605</speed>
				<ele>2053.000000</ele>
				<time>2025-09-29T03:40:47Z</time>
			</trkpt>
			<trkpt lat="38.964368" lon="113.614038">
				<speed>0.413159</speed>
				<ele>2051.000000</ele>
				<time>2025-09-29T03:40:57Z</time>
			</trkpt>
			<trkpt lat="38.964342" lon="113.613911">
				<speed>0.747694</speed>
				<ele>2050.000000</ele>
				<time>2025-09-29T03:41:06Z</time>
			</trkpt>
			<trkpt lat="38.964311" lon="113.613795">
				<speed>0.995306</speed>
				<ele>2048.000000</ele>
				<time>2025-09-29T03:41:14Z</time>
			</trkpt>
			<trkpt lat="38.964261" lon="113.613691">
				<speed>0.735764</speed>
				<ele>2044.000000</ele>
				<time>2025-09-29T03:41:39Z</time>
			</trkpt>
			<trkpt lat="38.964226" lon="113.613573">
				<speed>1.275976</speed>
				<ele>2042.000000</ele>
				<time>2025-09-29T03:41:50Z</time>
			</trkpt>
			<trkpt lat="38.964223" lon="113.613455">
				<speed>0.808363</speed>
				<ele>2038.000000</ele>
				<time>2025-09-29T03:42:00Z</time>
			</trkpt>
			<trkpt lat="38.964235" lon="113.613330">
				<speed>0.881557</speed>
				<ele>2037.000000</ele>
				<time>2025-09-29T03:42:09Z</time>
			</trkpt>
			<trkpt lat="38.964248" lon="113.613211">
				<speed>1.122316</speed>
				<ele>2035.000000</ele>
				<time>2025-09-29T03:42:18Z</time>
			</trkpt>
			<trkpt lat="38.964259" lon="113.613094">
				<speed>1.027945</speed>
				<ele>2033.000000</ele>
				<time>2025-09-29T03:42:29Z</time>
			</trkpt>
			<trkpt lat="38.964206" lon="113.612989">
				<speed>0.941078</speed>
				<ele>2031.000000</ele>
				<time>2025-09-29T03:42:39Z</time>
			</trkpt>
			<trkpt lat="38.964144" lon="113.612902">
				<speed>0.598454</speed>
				<ele>2027.000000</ele>
				<time>2025-09-29T03:42:54Z</time>
			</trkpt>
			<trkpt lat="38.964126" lon="113.612785">
				<speed>0.404099</speed>
				<ele>2023.000000</ele>
				<time>2025-09-29T03:43:15Z</time>
			</trkpt>
			<trkpt lat="38.964129" lon="113.612670">
				<speed>0.575625</speed>
				<ele>2017.000000</ele>
				<time>2025-09-29T03:43:32Z</time>
			</trkpt>
			<trkpt lat="38.964143" lon="113.612552">
				<speed>0.742590</speed>
				<ele>2012.000000</ele>
				<time>2025-09-29T03:43:48Z</time>
			</trkpt>
			<trkpt lat="38.964179" lon="113.612435">
				<speed>0.985024</speed>
				<ele>2011.000000</ele>
				<time>2025-09-29T03:43:57Z</time>
			</trkpt>
			<trkpt lat="38.964146" lon="113.612322">
				<speed>0.837918</speed>
				<ele>2010.000000</ele>
				<time>2025-09-29T03:44:07Z</time>
			</trkpt>
			<trkpt lat="38.964108" lon="113.612202">
				<speed>1.033806</speed>
				<ele>2008.000000</ele>
				<time>2025-09-29T03:44:17Z</time>
			</trkpt>
			<trkpt lat="38.964077" lon="113.612089">
				<speed>0.632128</speed>
				<ele>2006.000000</ele>
				<time>2025-09-29T03:44:28Z</time>
			</trkpt>
			<trkpt lat="38.964031" lon="113.611983">
				<speed>0.823426</speed>
				<ele>2004.000000</ele>
				<time>2025-09-29T03:45:01Z</time>
			</trkpt>
			<trkpt lat="38.963983" lon="113.611876">
				<speed>0.985423</speed>
				<ele>2002.000000</ele>
				<time>2025-09-29T03:45:12Z</time>
			</trkpt>
			<trkpt lat="38.963962" lon="113.611764">
				<speed>0.514658</speed>
				<ele>2000.000000</ele>
				<time>2025-09-29T03:45:24Z</time>
			</trkpt>
			<trkpt lat="38.963909" lon="113.611670">
				<speed>0.354855</speed>
				<ele>1998.000000</ele>
				<time>2025-09-29T03:45:41Z</time>
			</trkpt>
			<trkpt lat="38.963901" lon="113.611555">
				<speed>0.239688</speed>
				<ele>1996.000000</ele>
				<time>2025-09-29T03:46:21Z</time>
			</trkpt>
			<trkpt lat="38.963859" lon="113.611449">
				<speed>0.668272</speed>
				<ele>1992.000000</ele>
				<time>2025-09-29T03:46:39Z</time>
			</trkpt>
			<trkpt lat="38.963803" lon="113.611354">
				<speed>0.801703</speed>
				<ele>1989.000000</ele>
				<time>2025-09-29T03:46:51Z</time>
			</trkpt>
			<trkpt lat="38.963788" lon="113.611236">
				<speed>0.500761</speed>
				<ele>1985.000000</ele>
				<time>2025-09-29T03:47:18Z</time>
			</trkpt>
			<trkpt lat="38.963778" lon="113.611112">
				<speed>0.555104</speed>
				<ele>1980.000000</ele>
				<time>2025-09-29T03:47:43Z</time>
			</trkpt>
			<trkpt lat="38.963778" lon="113.610994">
				<speed>0.438892</speed>
				<ele>1979.000000</ele>
				<time>2025-09-29T03:48:15Z</time>
			</trkpt>
			<trkpt lat="38.963767" lon="113.610874">
				<speed>0.517933</speed>
				<ele>1975.000000</ele>
				<time>2025-09-29T03:48:36Z</time>
			</trkpt>
			<trkpt lat="38.963741" lon="113.610762">
				<speed>0.262689</speed>
				<ele>1971.000000</ele>
				<time>2025-09-29T03:48:58Z</time>
			</trkpt>
			<trkpt lat="38.963764" lon="113.610647">
				<speed>0.297518</speed>
				<ele>1968.000000</ele>
				<time>2025-09-29T03:49:16Z</time>
			</trkpt>
			<trkpt lat="38.963726" lon="113.610538">
				<speed>0.730449</speed>
				<ele>1963.000000</ele>
				<time>2025-09-29T03:49:34Z</time>
			</trkpt>
			<trkpt lat="38.963692" lon="113.610421">
				<speed>0.662431</speed>
				<ele>1960.000000</ele>
				<time>2025-09-29T03:49:52Z</time>
			</trkpt>
			<trkpt lat="38.963700" lon="113.610305">
				<speed>0.344505</speed>
				<ele>1955.000000</ele>
				<time>2025-09-29T03:50:14Z</time>
			</trkpt>
			<trkpt lat="38.963704" lon="113.610186">
				<speed>0.574725</speed>
				<ele>1950.000000</ele>
				<time>2025-09-29T03:50:42Z</time>
			</trkpt>
			<trkpt lat="38.963734" lon="113.610076">
				<speed>0.212164</speed>
				<ele>1946.000000</ele>
				<time>2025-09-29T03:50:58Z</time>
			</trkpt>
			<trkpt lat="38.963729" lon="113.609958">
				<speed>0.641162</speed>
				<ele>1943.000000</ele>
				<time>2025-09-29T03:51:20Z</time>
			</trkpt>
			<trkpt lat="38.963728" lon="113.609840">
				<speed>0.546254</speed>
				<ele>1935.000000</ele>
				<time>2025-09-29T03:52:00Z</time>
			</trkpt>
			<trkpt lat="38.963746" lon="113.609725">
				<speed>0.341739</speed>
				<ele>1931.000000</ele>
				<time>2025-09-29T03:52:38Z</time>
			</trkpt>
			<trkpt lat="38.963782" lon="113.609612">
				<speed>0.622425</speed>
				<ele>1928.000000</ele>
				<time>2025-09-29T03:53:00Z</time>
			</trkpt>
			<trkpt lat="38.963835" lon="113.609515">
				<speed>0.318889</speed>
				<ele>1922.000000</ele>
				<time>2025-09-29T03:53:22Z</time>
			</trkpt>
			<trkpt lat="38.963838" lon="113.609398">
				<speed>0.363850</speed>
				<ele>1918.000000</ele>
				<time>2025-09-29T03:53:50Z</time>
			</trkpt>
			<trkpt lat="38.963856" lon="113.609284">
				<speed>0.134176</speed>
				<ele>1915.000000</ele>
				<time>2025-09-29T03:54:55Z</time>
			</trkpt>
			<trkpt lat="38.963848" lon="113.609166">
				<speed>0.313637</speed>
				<ele>1907.000000</ele>
				<time>2025-09-29T03:55:37Z</time>
			</trkpt>
			<trkpt lat="38.963931" lon="113.609109">
				<speed>0.495672</speed>
				<ele>1904.000000</ele>
				<time>2025-09-29T03:55:55Z</time>
			</trkpt>
			<trkpt lat="38.963932" lon="113.608986">
				<speed>0.481634</speed>
				<ele>1898.000000</ele>
				<time>2025-09-29T03:56:17Z</time>
			</trkpt>
			<trkpt lat="38.963850" lon="113.608919">
				<speed>0.778928</speed>
				<ele>1897.000000</ele>
				<time>2025-09-29T03:56:31Z</time>
			</trkpt>
			<trkpt lat="38.963903" lon="113.608788">
				<speed>1.686278</speed>
				<ele>1892.000000</ele>
				<time>2025-09-29T03:56:48Z</time>
			</trkpt>
			<trkpt lat="38.963854" lon="113.608686">
				<speed>0.883304</speed>
				<ele>1887.000000</ele>
				<time>2025-09-29T03:57:06Z</time>
			</trkpt>
			<trkpt lat="38.963879" lon="113.608569">
				<speed>0.713159</speed>
				<ele>1882.000000</ele>
				<time>2025-09-29T03:57:25Z</time>
			</trkpt>
			<trkpt lat="38.963922" lon="113.608462">
				<speed>0.106301</speed>
				<ele>1880.000000</ele>
				<time>2025-09-29T03:58:18Z</time>
			</trkpt>
			<trkpt lat="38.963929" lon="113.608343">
				<speed>0.915584</speed>
				<ele>1874.000000</ele>
				<time>2025-09-29T03:58:33Z</time>
			</trkpt>
			<trkpt lat="38.963943" lon="113.608225">
				<speed>1.013568</speed>
				<ele>1872.000000</ele>
				<time>2025-09-29T03:58:44Z</time>
			</trkpt>
			<trkpt lat="38.963972" lon="113.608108">
				<speed>0.637311</speed>
				<ele>1867.000000</ele>
				<time>2025-09-29T03:59:03Z</time>
			</trkpt>
			<trkpt lat="38.963980" lon="113.607991">
				<speed>0.545079</speed>
				<ele>1862.000000</ele>
				<time>2025-09-29T03:59:20Z</time>
			</trkpt>
			<trkpt lat="38.963986" lon="113.607873">
				<speed>0.330099</speed>
				<ele>1857.000000</ele>
				<time>2025-09-29T03:59:45Z</time>
			</trkpt>
			<trkpt lat="38.964079" lon="113.607843">
				<speed>0.791429</speed>
				<ele>1853.000000</ele>
				<time>2025-09-29T04:00:07Z</time>
			</trkpt>
			<trkpt lat="38.964067" lon="113.607724">
				<speed>0.955721</speed>
				<ele>1851.000000</ele>
				<time>2025-09-29T04:00:25Z</time>
			</trkpt>
			<trkpt lat="38.964051" lon="113.607607">
				<speed>0.989830</speed>
				<ele>1846.000000</ele>
				<time>2025-09-29T04:00:44Z</time>
			</trkpt>
			<trkpt lat="38.964102" lon="113.607504">
				<speed>0.788036</speed>
				<ele>1845.000000</ele>
				<time>2025-09-29T04:00:56Z</time>
			</trkpt>
			<trkpt lat="38.964118" lon="113.607386">
				<speed>0.725074</speed>
				<ele>1842.000000</ele>
				<time>2025-09-29T04:01:06Z</time>
			</trkpt>
			<trkpt lat="38.964138" lon="113.607269">
				<speed>1.084958</speed>
				<ele>1842.000000</ele>
				<time>2025-09-29T04:01:16Z</time>
			</trkpt>
			<trkpt lat="38.964166" lon="113.607152">
				<speed>0.966468</speed>
				<ele>1841.000000</ele>
				<time>2025-09-29T04:01:25Z</time>
			</trkpt>
			<trkpt lat="38.964185" lon="113.607037">
				<speed>0.968171</speed>
				<ele>1839.000000</ele>
				<time>2025-09-29T04:01:35Z</time>
			</trkpt>
			<trkpt lat="38.964219" lon="113.606922">
				<speed>0.758592</speed>
				<ele>1840.000000</ele>
				<time>2025-09-29T04:01:44Z</time>
			</trkpt>
			<trkpt lat="38.964259" lon="113.606815">
				<speed>0.833971</speed>
				<ele>1839.000000</ele>
				<time>2025-09-29T04:01:54Z</time>
			</trkpt>
			<trkpt lat="38.964315" lon="113.606711">
				<speed>0.861876</speed>
				<ele>1836.000000</ele>
				<time>2025-09-29T04:02:28Z</time>
			</trkpt>
			<trkpt lat="38.964324" lon="113.606595">
				<speed>1.120002</speed>
				<ele>1835.000000</ele>
				<time>2025-09-29T04:02:36Z</time>
			</trkpt>
			<trkpt lat="38.964324" lon="113.606473">
				<speed>1.099590</speed>
				<ele>1833.000000</ele>
				<time>2025-09-29T04:02:46Z</time>
			</trkpt>
			<trkpt lat="38.964300" lon="113.606353">
				<speed>0.991340</speed>
				<ele>1831.000000</ele>
				<time>2025-09-29T04:02:56Z</time>
			</trkpt>
			<trkpt lat="38.964254" lon="113.606250">
				<speed>0.880393</speed>
				<ele>1829.000000</ele>
				<time>2025-09-29T04:03:05Z</time>
			</trkpt>
			<trkpt lat="38.964202" lon="113.606147">
				<speed>1.030439</speed>
				<ele>1829.000000</ele>
				<time>2025-09-29T04:03:12Z</time>
			</trkpt>
			<trkpt lat="38.964143" lon="113.606049">
				<speed>0.732650</speed>
				<ele>1828.000000</ele>
				<time>2025-09-29T04:03:23Z</time>
			</trkpt>
			<trkpt lat="38.964217" lon="113.605978">
				<speed>1.182576</speed>
				<ele>1826.000000</ele>
				<time>2025-09-29T04:03:32Z</time>
			</trkpt>
			<trkpt lat="38.964272" lon="113.605881">
				<speed>0.830018</speed>
				<ele>1825.000000</ele>
				<time>2025-09-29T04:03:42Z</time>
			</trkpt>
			<trkpt lat="38.964351" lon="113.605798">
				<speed>1.437433</speed>
				<ele>1821.000000</ele>
				<time>2025-09-29T04:03:52Z</time>
			</trkpt>
			<trkpt lat="38.964415" lon="113.605711">
				<speed>0.507703</speed>
				<ele>1820.000000</ele>
				<time>2025-09-29T04:04:04Z</time>
			</trkpt>
			<trkpt lat="38.964503" lon="113.605658">
				<speed>1.091877</speed>
				<ele>1821.000000</ele>
				<time>2025-09-29T04:04:14Z</time>
			</trkpt>
			<trkpt lat="38.964500" lon="113.605538">
				<speed>0.889769</speed>
				<ele>1819.000000</ele>
				<time>2025-09-29T04:05:52Z</time>
			</trkpt>
			<trkpt lat="38.964487" lon="113.605420">
				<speed>0.660561</speed>
				<ele>1817.000000</ele>
				<time>2025-09-29T04:06:06Z</time>
			</trkpt>
			<trkpt lat="38.964488" lon="113.605304">
				<speed>0.909454</speed>
				<ele>1815.000000</ele>
				<time>2025-09-29T04:06:18Z</time>
			</trkpt>
			<trkpt lat="38.964461" lon="113.605189">
				<speed>0.839768</speed>
				<ele>1812.000000</ele>
				<time>2025-09-29T04:06:30Z</time>
			</trkpt>
			<trkpt lat="38.964405" lon="113.605080">
				<speed>1.380155</speed>
				<ele>1811.000000</ele>
				<time>2025-09-29T04:06:40Z</time>
			</trkpt>
			<trkpt lat="38.964357" lon="113.604979">
				<speed>1.006386</speed>
				<ele>1810.000000</ele>
				<time>2025-09-29T04:06:56Z</time>
			</trkpt>
			<trkpt lat="38.964341" lon="113.604859">
				<speed>1.141156</speed>
				<ele>1809.000000</ele>
				<time>2025-09-29T04:07:05Z</time>
			</trkpt>
			<trkpt lat="38.964339" lon="113.604734">
				<speed>1.289504</speed>
				<ele>1809.000000</ele>
				<time>2025-09-29T04:07:14Z</time>
			</trkpt>
			<trkpt lat="38.964314" lon="113.604612">
				<speed>0.980236</speed>
				<ele>1808.000000</ele>
				<time>2025-09-29T04:07:24Z</time>
			</trkpt>
			<trkpt lat="38.964295" lon="113.604486">
				<speed>1.223993</speed>
				<ele>1806.000000</ele>
				<time>2025-09-29T04:07:33Z</time>
			</trkpt>
			<trkpt lat="38.964266" lon="113.604368">
				<speed>1.252555</speed>
				<ele>1806.000000</ele>
				<time>2025-09-29T04:07:42Z</time>
			</trkpt>
			<trkpt lat="38.964245" lon="113.604253">
				<speed>1.244758</speed>
				<ele>1803.000000</ele>
				<time>2025-09-29T04:07:51Z</time>
			</trkpt>
			<trkpt lat="38.964214" lon="113.604131">
				<speed>1.195621</speed>
				<ele>1801.000000</ele>
				<time>2025-09-29T04:08:00Z</time>
			</trkpt>
			<trkpt lat="38.964185" lon="113.604019">
				<speed>1.089477</speed>
				<ele>1800.000000</ele>
				<time>2025-09-29T04:08:09Z</time>
			</trkpt>
			<trkpt lat="38.964145" lon="113.603912">
				<speed>1.012555</speed>
				<ele>1798.000000</ele>
				<time>2025-09-29T04:08:18Z</time>
			</trkpt>
			<trkpt lat="38.964095" lon="113.603809">
				<speed>0.609433</speed>
				<ele>1797.000000</ele>
				<time>2025-09-29T04:08:27Z</time>
			</trkpt>
			<trkpt lat="38.964055" lon="113.603704">
				<speed>0.978744</speed>
				<ele>1797.000000</ele>
				<time>2025-09-29T04:08:35Z</time>
			</trkpt>
			<trkpt lat="38.964016" lon="113.603584">
				<speed>1.199219</speed>
				<ele>1793.000000</ele>
				<time>2025-09-29T04:08:45Z</time>
			</trkpt>
			<trkpt lat="38.963977" lon="113.603478">
				<speed>1.129877</speed>
				<ele>1792.000000</ele>
				<time>2025-09-29T04:08:54Z</time>
			</trkpt>
			<trkpt lat="38.963940" lon="113.603369">
				<speed>1.146224</speed>
				<ele>1791.000000</ele>
				<time>2025-09-29T04:09:03Z</time>
			</trkpt>
			<trkpt lat="38.963901" lon="113.603255">
				<speed>1.200706</speed>
				<ele>1792.000000</ele>
				<time>2025-09-29T04:09:11Z</time>
			</trkpt>
			<trkpt lat="38.963860" lon="113.603148">
				<speed>1.188336</speed>
				<ele>1790.000000</ele>
				<time>2025-09-29T04:09:20Z</time>
			</trkpt>
			<trkpt lat="38.963833" lon="113.603027">
				<speed>1.020126</speed>
				<ele>1789.000000</ele>
				<time>2025-09-29T04:09:30Z</time>
			</trkpt>
			<trkpt lat="38.963816" lon="113.602906">
				<speed>0.990014</speed>
				<ele>1787.000000</ele>
				<time>2025-09-29T04:09:39Z</time>
			</trkpt>
			<trkpt lat="38.963792" lon="113.602784">
				<speed>1.067590</speed>
				<ele>1786.000000</ele>
				<time>2025-09-29T04:09:48Z</time>
			</trkpt>
			<trkpt lat="38.963771" lon="113.602671">
				<speed>1.028290</speed>
				<ele>1785.000000</ele>
				<time>2025-09-29T04:09:58Z</time>
			</trkpt>
			<trkpt lat="38.963751" lon="113.602555">
				<speed>0.364212</speed>
				<ele>1785.000000</ele>
				<time>2025-09-29T04:10:10Z</time>
			</trkpt>
			<trkpt lat="38.963768" lon="113.602432">
				<speed>1.070478</speed>
				<ele>1785.000000</ele>
				<time>2025-09-29T04:10:20Z</time>
			</trkpt>
			<trkpt lat="38.963789" lon="113.602310">
				<speed>0.840937</speed>
				<ele>1786.000000</ele>
				<time>2025-09-29T04:10:29Z</time>
			</trkpt>
			<trkpt lat="38.963796" lon="113.602184">
				<speed>0.946354</speed>
				<ele>1785.000000</ele>
				<time>2025-09-29T04:10:39Z</time>
			</trkpt>
			<trkpt lat="38.963827" lon="113.602070">
				<speed>0.736959</speed>
				<ele>1783.000000</ele>
				<time>2025-09-29T04:10:51Z</time>
			</trkpt>
			<trkpt lat="38.963835" lon="113.601953">
				<speed>0.945058</speed>
				<ele>1784.000000</ele>
				<time>2025-09-29T04:11:55Z</time>
			</trkpt>
			<trkpt lat="38.963834" lon="113.601825">
				<speed>0.999913</speed>
				<ele>1782.000000</ele>
				<time>2025-09-29T04:12:05Z</time>
			</trkpt>
			<trkpt lat="38.963845" lon="113.601702">
				<speed>0.895181</speed>
				<ele>1781.000000</ele>
				<time>2025-09-29T04:12:15Z</time>
			</trkpt>
			<trkpt lat="38.963897" lon="113.601593">
				<speed>1.037936</speed>
				<ele>1779.000000</ele>
				<time>2025-09-29T04:12:25Z</time>
			</trkpt>
			<trkpt lat="38.963944" lon="113.601487">
				<speed>0.817977</speed>
				<ele>1778.000000</ele>
				<time>2025-09-29T04:12:34Z</time>
			</trkpt>
			<trkpt lat="38.963973" lon="113.601365">
				<speed>1.176663</speed>
				<ele>1779.000000</ele>
				<time>2025-09-29T04:12:42Z</time>
			</trkpt>
			<trkpt lat="38.964028" lon="113.601266">
				<speed>0.886367</speed>
				<ele>1777.000000</ele>
				<time>2025-09-29T04:12:51Z</time>
			</trkpt>
			<trkpt lat="38.964078" lon="113.601164">
				<speed>1.301180</speed>
				<ele>1774.000000</ele>
				<time>2025-09-29T04:13:00Z</time>
			</trkpt>
			<trkpt lat="38.964098" lon="113.601051">
				<speed>1.317842</speed>
				<ele>1771.000000</ele>
				<time>2025-09-29T04:13:09Z</time>
			</trkpt>
			<trkpt lat="38.964109" lon="113.600929">
				<speed>1.222101</speed>
				<ele>1767.000000</ele>
				<time>2025-09-29T04:13:18Z</time>
			</trkpt>
			<trkpt lat="38.964099" lon="113.600796">
				<speed>1.010581</speed>
				<ele>1768.000000</ele>
				<time>2025-09-29T04:13:27Z</time>
			</trkpt>
			<trkpt lat="38.964027" lon="113.600726">
				<speed>0.407995</speed>
				<ele>1766.000000</ele>
				<time>2025-09-29T04:13:40Z</time>
			</trkpt>
			<trkpt lat="38.964127" lon="113.600736">
				<speed>0.575764</speed>
				<ele>1765.000000</ele>
				<time>2025-09-29T04:14:17Z</time>
			</trkpt>
			<trkpt lat="38.964037" lon="113.600705">
				<speed>1.174565</speed>
				<ele>1767.000000</ele>
				<time>2025-09-29T04:15:56Z</time>
			</trkpt>
			<trkpt lat="38.964065" lon="113.600593">
				<speed>1.470282</speed>
				<ele>1764.000000</ele>
				<time>2025-09-29T04:16:03Z</time>
			</trkpt>
			<trkpt lat="38.964063" lon="113.600473">
				<speed>1.441770</speed>
				<ele>1762.000000</ele>
				<time>2025-09-29T04:16:10Z</time>
			</trkpt>
			<trkpt lat="38.964063" lon="113.600352">
				<speed>1.548367</speed>
				<ele>1761.000000</ele>
				<time>2025-09-29T04:16:17Z</time>
			</trkpt>
			<trkpt lat="38.964076" lon="113.600232">
				<speed>1.509210</speed>
				<ele>1760.000000</ele>
				<time>2025-09-29T04:16:24Z</time>
			</trkpt>
			<trkpt lat="38.964095" lon="113.600108">
				<speed>1.518335</speed>
				<ele>1759.000000</ele>
				<time>2025-09-29T04:16:32Z</time>
			</trkpt>
			<trkpt lat="38.964123" lon="113.599994">
				<speed>1.538861</speed>
				<ele>1759.000000</ele>
				<time>2025-09-29T04:16:39Z</time>
			</trkpt>
			<trkpt lat="38.964163" lon="113.599891">
				<speed>1.531178</speed>
				<ele>1757.000000</ele>
				<time>2025-09-29T04:16:46Z</time>
			</trkpt>
			<trkpt lat="38.964220" lon="113.599797">
				<speed>1.325590</speed>
				<ele>1755.000000</ele>
				<time>2025-09-29T04:16:54Z</time>
			</trkpt>
			<trkpt lat="38.964260" lon="113.599679">
				<speed>1.456304</speed>
				<ele>1753.000000</ele>
				<time>2025-09-29T04:17:02Z</time>
			</trkpt>
			<trkpt lat="38.964299" lon="113.599563">
				<speed>1.198303</speed>
				<ele>1753.000000</ele>
				<time>2025-09-29T04:17:10Z</time>
			</trkpt>
			<trkpt lat="38.964323" lon="113.599447">
				<speed>1.447163</speed>
				<ele>1752.000000</ele>
				<time>2025-09-29T04:17:17Z</time>
			</trkpt>
			<trkpt lat="38.964352" lon="113.599335">
				<speed>1.049682</speed>
				<ele>1751.000000</ele>
				<time>2025-09-29T04:17:25Z</time>
			</trkpt>
			<trkpt lat="38.964381" lon="113.599215">
				<speed>1.343118</speed>
				<ele>1749.000000</ele>
				<time>2025-09-29T04:17:33Z</time>
			</trkpt>
			<trkpt lat="38.964395" lon="113.599094">
				<speed>1.102870</speed>
				<ele>1749.000000</ele>
				<time>2025-09-29T04:17:41Z</time>
			</trkpt>
			<trkpt lat="38.964410" lon="113.598973">
				<speed>1.264638</speed>
				<ele>1748.000000</ele>
				<time>2025-09-29T04:17:49Z</time>
			</trkpt>
			<trkpt lat="38.964402" lon="113.598851">
				<speed>1.395439</speed>
				<ele>1747.000000</ele>
				<time>2025-09-29T04:17:57Z</time>
			</trkpt>
			<trkpt lat="38.964378" lon="113.598734">
				<speed>1.180665</speed>
				<ele>1745.000000</ele>
				<time>2025-09-29T04:18:05Z</time>
			</trkpt>
			<trkpt lat="38.964364" lon="113.598600">
				<speed>1.431379</speed>
				<ele>1744.000000</ele>
				<time>2025-09-29T04:18:14Z</time>
			</trkpt>
			<trkpt lat="38.964347" lon="113.598475">
				<speed>1.563533</speed>
				<ele>1743.000000</ele>
				<time>2025-09-29T04:18:22Z</time>
			</trkpt>
			<trkpt lat="38.964340" lon="113.598350">
				<speed>1.275595</speed>
				<ele>1742.000000</ele>
				<time>2025-09-29T04:18:30Z</time>
			</trkpt>
			<trkpt lat="38.964337" lon="113.598232">
				<speed>1.491316</speed>
				<ele>1741.000000</ele>
				<time>2025-09-29T04:18:37Z</time>
			</trkpt>
			<trkpt lat="38.964333" lon="113.598104">
				<speed>1.506349</speed>
				<ele>1739.000000</ele>
				<time>2025-09-29T04:18:45Z</time>
			</trkpt>
			<trkpt lat="38.964331" lon="113.597970">
				<speed>1.605980</speed>
				<ele>1738.000000</ele>
				<time>2025-09-29T04:18:53Z</time>
			</trkpt>
			<trkpt lat="38.964335" lon="113.597836">
				<speed>1.688502</speed>
				<ele>1736.000000</ele>
				<time>2025-09-29T04:19:01Z</time>
			</trkpt>
			<trkpt lat="38.964328" lon="113.597715">
				<speed>1.363471</speed>
				<ele>1734.000000</ele>
				<time>2025-09-29T04:19:09Z</time>
			</trkpt>
			<trkpt lat="38.964327" lon="113.597588">
				<speed>1.432140</speed>
				<ele>1733.000000</ele>
				<time>2025-09-29T04:19:17Z</time>
			</trkpt>
			<trkpt lat="38.964321" lon="113.597468">
				<speed>1.347571</speed>
				<ele>1732.000000</ele>
				<time>2025-09-29T04:19:25Z</time>
			</trkpt>
			<trkpt lat="38.964290" lon="113.597349">
				<speed>1.426733</speed>
				<ele>1731.000000</ele>
				<time>2025-09-29T04:19:33Z</time>
			</trkpt>
			<trkpt lat="38.964253" lon="113.597233">
				<speed>1.460162</speed>
				<ele>1730.000000</ele>
				<time>2025-09-29T04:19:41Z</time>
			</trkpt>
			<trkpt lat="38.964212" lon="113.597114">
				<speed>1.385705</speed>
				<ele>1729.000000</ele>
				<time>2025-09-29T04:19:49Z</time>
			</trkpt>
			<trkpt lat="38.964166" lon="113.597001">
				<speed>1.367042</speed>
				<ele>1728.000000</ele>
				<time>2025-09-29T04:19:57Z</time>
			</trkpt>
			<trkpt lat="38.964121" lon="113.596883">
				<speed>1.504520</speed>
				<ele>1727.000000</ele>
				<time>2025-09-29T04:20:05Z</time>
			</trkpt>
			<trkpt lat="38.964068" lon="113.596773">
				<speed>1.496279</speed>
				<ele>1726.000000</ele>
				<time>2025-09-29T04:20:13Z</time>
			</trkpt>
			<trkpt lat="38.964011" lon="113.596676">
				<speed>1.329059</speed>
				<ele>1725.000000</ele>
				<time>2025-09-29T04:20:21Z</time>
			</trkpt>
			<trkpt lat="38.963948" lon="113.596576">
				<speed>1.417923</speed>
				<ele>1724.000000</ele>
				<time>2025-09-29T04:20:29Z</time>
			</trkpt>
			<trkpt lat="38.963894" lon="113.596471">
				<speed>1.466071</speed>
				<ele>1722.000000</ele>
				<time>2025-09-29T04:20:37Z</time>
			</trkpt>
			<trkpt lat="38.963835" lon="113.596375">
				<speed>1.260818</speed>
				<ele>1721.000000</ele>
				<time>2025-09-29T04:20:45Z</time>
			</trkpt>
			<trkpt lat="38.963780" lon="113.596266">
				<speed>1.397691</speed>
				<ele>1720.000000</ele>
				<time>2025-09-29T04:20:53Z</time>
			</trkpt>
			<trkpt lat="38.963732" lon="113.596156">
				<speed>1.411393</speed>
				<ele>1718.000000</ele>
				<time>2025-09-29T04:21:01Z</time>
			</trkpt>
			<trkpt lat="38.963688" lon="113.596045">
				<speed>1.339189</speed>
				<ele>1718.000000</ele>
				<time>2025-09-29T04:21:09Z</time>
			</trkpt>
			<trkpt lat="38.963643" lon="113.595942">
				<speed>1.174881</speed>
				<ele>1717.000000</ele>
				<time>2025-09-29T04:21:17Z</time>
			</trkpt>
			<trkpt lat="38.963597" lon="113.595839">
				<speed>1.431735</speed>
				<ele>1716.000000</ele>
				<time>2025-09-29T04:21:24Z</time>
			</trkpt>
			<trkpt lat="38.963542" lon="113.595737">
				<speed>1.258285</speed>
				<ele>1715.000000</ele>
				<time>2025-09-29T04:21:32Z</time>
			</trkpt>
			<trkpt lat="38.963480" lon="113.595639">
				<speed>1.390781</speed>
				<ele>1714.000000</ele>
				<time>2025-09-29T04:21:40Z</time>
			</trkpt>
			<trkpt lat="38.963421" lon="113.595548">
				<speed>1.277983</speed>
				<ele>1713.000000</ele>
				<time>2025-09-29T04:21:48Z</time>
			</trkpt>
			<trkpt lat="38.963347" lon="113.595463">
				<speed>1.457548</speed>
				<ele>1712.000000</ele>
				<time>2025-09-29T04:21:56Z</time>
			</trkpt>
			<trkpt lat="38.963268" lon="113.595397">
				<speed>1.402261</speed>
				<ele>1711.000000</ele>
				<time>2025-09-29T04:22:04Z</time>
			</trkpt>
			<trkpt lat="38.963182" lon="113.595333">
				<speed>1.446429</speed>
				<ele>1710.000000</ele>
				<time>2025-09-29T04:22:12Z</time>
			</trkpt>
			<trkpt lat="38.963096" lon="113.595276">
				<speed>1.443916</speed>
				<ele>1709.000000</ele>
				<time>2025-09-29T04:22:20Z</time>
			</trkpt>
			<trkpt lat="38.963014" lon="113.595218">
				<speed>1.514183</speed>
				<ele>1708.000000</ele>
				<time>2025-09-29T04:22:28Z</time>
			</trkpt>
			<trkpt lat="38.962927" lon="113.595169">
				<speed>1.498636</speed>
				<ele>1706.000000</ele>
				<time>2025-09-29T04:22:36Z</time>
			</trkpt>
			<trkpt lat="38.962839" lon="113.595105">
				<speed>1.357024</speed>
				<ele>1705.000000</ele>
				<time>2025-09-29T04:22:45Z</time>
			</trkpt>
			<trkpt lat="38.962753" lon="113.595052">
				<speed>1.131321</speed>
				<ele>1704.000000</ele>
				<time>2025-09-29T04:22:53Z</time>
			</trkpt>
			<trkpt lat="38.962667" lon="113.594987">
				<speed>1.432963</speed>
				<ele>1702.000000</ele>
				<time>2025-09-29T04:23:01Z</time>
			</trkpt>
			<trkpt lat="38.962577" lon="113.594925">
				<speed>1.574181</speed>
				<ele>1701.000000</ele>
				<time>2025-09-29T04:23:09Z</time>
			</trkpt>
			<trkpt lat="38.962490" lon="113.594871">
				<speed>1.170542</speed>
				<ele>1700.000000</ele>
				<time>2025-09-29T04:23:18Z</time>
			</trkpt>
			<trkpt lat="38.962403" lon="113.594819">
				<speed>1.416616</speed>
				<ele>1699.000000</ele>
				<time>2025-09-29T04:23:26Z</time>
			</trkpt>
			<trkpt lat="38.962307" lon="113.594805">
				<speed>1.969176</speed>
				<ele>1699.000000</ele>
				<time>2025-09-29T04:27:16Z</time>
			</trkpt>
			<trkpt lat="38.962210" lon="113.594751">
				<speed>4.021675</speed>
				<ele>1698.000000</ele>
				<time>2025-09-29T04:27:19Z</time>
			</trkpt>
			<trkpt lat="38.962123" lon="113.594704">
				<speed>5.055042</speed>
				<ele>1698.000000</ele>
				<time>2025-09-29T04:27:21Z</time>
			</trkpt>
			<trkpt lat="38.962014" lon="113.594645">
				<speed>6.268217</speed>
				<ele>1697.000000</ele>
				<time>2025-09-29T04:27:23Z</time>
			</trkpt>
			<trkpt lat="38.961875" lon="113.594605">
				<speed>7.622446</speed>
				<ele>1695.000000</ele>
				<time>2025-09-29T04:27:25Z</time>
			</trkpt>
			<trkpt lat="38.961726" lon="113.594513">
				<speed>8.667393</speed>
				<ele>1694.000000</ele>
				<time>2025-09-29T04:27:27Z</time>
			</trkpt>
			<trkpt lat="38.961588" lon="113.594403">
				<speed>9.050550</speed>
				<ele>1692.000000</ele>
				<time>2025-09-29T04:27:29Z</time>
			</trkpt>
			<trkpt lat="38.961456" lon="113.594297">
				<speed>8.577214</speed>
				<ele>1690.000000</ele>
				<time>2025-09-29T04:27:31Z</time>
			</trkpt>
			<trkpt lat="38.961314" lon="113.594183">
				<speed>9.209977</speed>
				<ele>1689.000000</ele>
				<time>2025-09-29T04:27:33Z</time>
			</trkpt>
			<trkpt lat="38.961192" lon="113.594046">
				<speed>9.142379</speed>
				<ele>1686.000000</ele>
				<time>2025-09-29T04:27:35Z</time>
			</trkpt>
			<trkpt lat="38.961042" lon="113.593974">
				<speed>8.683092</speed>
				<ele>1684.000000</ele>
				<time>2025-09-29T04:27:37Z</time>
			</trkpt>
			<trkpt lat="38.960912" lon="113.593843">
				<speed>8.660899</speed>
				<ele>1681.000000</ele>
				<time>2025-09-29T04:27:39Z</time>
			</trkpt>
			<trkpt lat="38.960818" lon="113.593689">
				<speed>8.650156</speed>
				<ele>1679.000000</ele>
				<time>2025-09-29T04:27:41Z</time>
			</trkpt>
			<trkpt lat="38.960778" lon="113.593582">
				<speed>9.597901</speed>
				<ele>1678.000000</ele>
				<time>2025-09-29T04:27:42Z</time>
			</trkpt>
			<trkpt lat="38.960729" lon="113.593476">
				<speed>10.032043</speed>
				<ele>1677.000000</ele>
				<time>2025-09-29T04:27:43Z</time>
			</trkpt>
			<trkpt lat="38.960678" lon="113.593369">
				<speed>10.556749</speed>
				<ele>1675.000000</ele>
				<time>2025-09-29T04:27:44Z</time>
			</trkpt>
			<trkpt lat="38.960636" lon="113.593249">
				<speed>10.918422</speed>
				<ele>1674.000000</ele>
				<time>2025-09-29T04:27:45Z</time>
			</trkpt>
			<trkpt lat="38.960586" lon="113.593132">
				<speed>11.281610</speed>
				<ele>1672.000000</ele>
				<time>2025-09-29T04:27:46Z</time>
			</trkpt>
			<trkpt lat="38.960543" lon="113.593011">
				<speed>11.446719</speed>
				<ele>1670.000000</ele>
				<time>2025-09-29T04:27:47Z</time>
			</trkpt>
			<trkpt lat="38.960473" lon="113.592900">
				<speed>11.591985</speed>
				<ele>1669.000000</ele>
				<time>2025-09-29T04:27:48Z</time>
			</trkpt>
			<trkpt lat="38.960422" lon="113.592790">
				<speed>11.070152</speed>
				<ele>1668.000000</ele>
				<time>2025-09-29T04:27:49Z</time>
			</trkpt>
			<trkpt lat="38.960375" lon="113.592688">
				<speed>10.487993</speed>
				<ele>1666.000000</ele>
				<time>2025-09-29T04:27:50Z</time>
			</trkpt>
			<trkpt lat="38.960328" lon="113.592587">
				<speed>10.380079</speed>
				<ele>1665.000000</ele>
				<time>2025-09-29T04:27:52Z</time>
			</trkpt>
			<trkpt lat="38.960278" lon="113.592480">
				<speed>10.573087</speed>
				<ele>1663.000000</ele>
				<time>2025-09-29T04:27:53Z</time>
			</trkpt>
			<trkpt lat="38.960190" lon="113.592288">
				<speed>9.441195</speed>
				<ele>1661.000000</ele>
				<time>2025-09-29T04:27:55Z</time>
			</trkpt>
			<trkpt lat="38.960115" lon="113.592126">
				<speed>8.320527</speed>
				<ele>1660.000000</ele>
				<time>2025-09-29T04:27:57Z</time>
			</trkpt>
			<trkpt lat="38.960046" lon="113.591977">
				<speed>7.840051</speed>
				<ele>1658.000000</ele>
				<time>2025-09-29T04:27:59Z</time>
			</trkpt>
			<trkpt lat="38.959966" lon="113.591803">
				<speed>8.375969</speed>
				<ele>1656.000000</ele>
				<time>2025-09-29T04:28:01Z</time>
			</trkpt>
			<trkpt lat="38.959894" lon="113.591646">
				<speed>8.208209</speed>
				<ele>1654.000000</ele>
				<time>2025-09-29T04:28:03Z</time>
			</trkpt>
			<trkpt lat="38.959827" lon="113.591459">
				<speed>8.617553</speed>
				<ele>1653.000000</ele>
				<time>2025-09-29T04:28:05Z</time>
			</trkpt>
			<trkpt lat="38.959740" lon="113.591313">
				<speed>8.307917</speed>
				<ele>1650.000000</ele>
				<time>2025-09-29T04:28:07Z</time>
			</trkpt>
			<trkpt lat="38.959661" lon="113.591142">
				<speed>8.494314</speed>
				<ele>1649.000000</ele>
				<time>2025-09-29T04:28:09Z</time>
			</trkpt>
			<trkpt lat="38.959584" lon="113.590974">
				<speed>8.454864</speed>
				<ele>1648.000000</ele>
				<time>2025-09-29T04:28:11Z</time>
			</trkpt>
			<trkpt lat="38.959504" lon="113.590822">
				<speed>8.132728</speed>
				<ele>1646.000000</ele>
				<time>2025-09-29T04:28:13Z</time>
			</trkpt>
			<trkpt lat="38.959426" lon="113.590627">
				<speed>9.012859</speed>
				<ele>1643.000000</ele>
				<time>2025-09-29T04:28:15Z</time>
			</trkpt>
			<trkpt lat="38.959325" lon="113.590492">
				<speed>8.346888</speed>
				<ele>1641.000000</ele>
				<time>2025-09-29T04:28:17Z</time>
			</trkpt>
			<trkpt lat="38.959209" lon="113.590338">
				<speed>9.052934</speed>
				<ele>1638.000000</ele>
				<time>2025-09-29T04:28:19Z</time>
			</trkpt>
			<trkpt lat="38.959105" lon="113.590283">
				<speed>9.406451</speed>
				<ele>1637.000000</ele>
				<time>2025-09-29T04:28:20Z</time>
			</trkpt>
			<trkpt lat="38.959018" lon="113.590235">
				<speed>9.902682</speed>
				<ele>1637.000000</ele>
				<time>2025-09-29T04:28:21Z</time>
			</trkpt>
			<trkpt lat="38.958931" lon="113.590186">
				<speed>10.374861</speed>
				<ele>1636.000000</ele>
				<time>2025-09-29T04:28:22Z</time>
			</trkpt>
			<trkpt lat="38.958837" lon="113.590133">
				<speed>10.891637</speed>
				<ele>1635.000000</ele>
				<time>2025-09-29T04:28:23Z</time>
			</trkpt>
			<trkpt lat="38.958747" lon="113.590083">
				<speed>10.925545</speed>
				<ele>1634.000000</ele>
				<time>2025-09-29T04:28:24Z</time>
			</trkpt>
			<trkpt lat="38.958651" lon="113.590028">
				<speed>11.511373</speed>
				<ele>1633.000000</ele>
				<time>2025-09-29T04:28:25Z</time>
			</trkpt>
			<trkpt lat="38.958560" lon="113.589977">
				<speed>11.269647</speed>
				<ele>1631.000000</ele>
				<time>2025-09-29T04:28:26Z</time>
			</trkpt>
			<trkpt lat="38.958472" lon="113.589928">
				<speed>10.930947</speed>
				<ele>1629.000000</ele>
				<time>2025-09-29T04:28:27Z</time>
			</trkpt>
			<trkpt lat="38.958385" lon="113.589872">
				<speed>11.065363</speed>
				<ele>1628.000000</ele>
				<time>2025-09-29T04:28:28Z</time>
			</trkpt>
			<trkpt lat="38.958290" lon="113.589808">
				<speed>11.441097</speed>
				<ele>1627.000000</ele>
				<time>2025-09-29T04:28:29Z</time>
			</trkpt>
			<trkpt lat="38.958201" lon="113.589747">
				<speed>11.169725</speed>
				<ele>1626.000000</ele>
				<time>2025-09-29T04:28:30Z</time>
			</trkpt>
			<trkpt lat="38.958120" lon="113.589692">
				<speed>10.719762</speed>
				<ele>1624.000000</ele>
				<time>2025-09-29T04:28:31Z</time>
			</trkpt>
			<trkpt lat="38.958022" lon="113.589648">
				<speed>11.091208</speed>
				<ele>1624.000000</ele>
				<time>2025-09-29T04:28:32Z</time>
			</trkpt>
			<trkpt lat="38.957943" lon="113.589582">
				<speed>10.540511</speed>
				<ele>1623.000000</ele>
				<time>2025-09-29T04:28:32Z</time>
			</trkpt>
			<trkpt lat="38.957854" lon="113.589404">
				<speed>9.376185</speed>
				<ele>1622.000000</ele>
				<time>2025-09-29T04:28:34Z</time>
			</trkpt>
			<trkpt lat="38.957773" lon="113.589245">
				<speed>8.520316</speed>
				<ele>1621.000000</ele>
				<time>2025-09-29T04:28:36Z</time>
			</trkpt>
			<trkpt lat="38.957731" lon="113.589049">
				<speed>9.317225</speed>
				<ele>1619.000000</ele>
				<time>2025-09-29T04:28:38Z</time>
			</trkpt>
			<trkpt lat="38.957682" lon="113.588851">
				<speed>9.309038</speed>
				<ele>1618.000000</ele>
				<time>2025-09-29T04:28:40Z</time>
			</trkpt>
			<trkpt lat="38.957682" lon="113.588730">
				<speed>10.218673</speed>
				<ele>1616.000000</ele>
				<time>2025-09-29T04:28:41Z</time>
			</trkpt>
			<trkpt lat="38.957688" lon="113.588606">
				<speed>10.587381</speed>
				<ele>1616.000000</ele>
				<time>2025-09-29T04:28:42Z</time>
			</trkpt>
			<trkpt lat="38.957693" lon="113.588489">
				<speed>10.412996</speed>
				<ele>1614.000000</ele>
				<time>2025-09-29T04:28:43Z</time>
			</trkpt>
			<trkpt lat="38.957701" lon="113.588359">
				<speed>11.191705</speed>
				<ele>1613.000000</ele>
				<time>2025-09-29T04:28:44Z</time>
			</trkpt>
			<trkpt lat="38.957712" lon="113.588234">
				<speed>10.854649</speed>
				<ele>1612.000000</ele>
				<time>2025-09-29T04:28:45Z</time>
			</trkpt>
			<trkpt lat="38.957725" lon="113.588116">
				<speed>10.293156</speed>
				<ele>1611.000000</ele>
				<time>2025-09-29T04:28:46Z</time>
			</trkpt>
			<trkpt lat="38.957748" lon="113.587910">
				<speed>8.665604</speed>
				<ele>1608.000000</ele>
				<time>2025-09-29T04:28:48Z</time>
			</trkpt>
			<trkpt lat="38.957764" lon="113.587703">
				<speed>8.920315</speed>
				<ele>1607.000000</ele>
				<time>2025-09-29T04:28:50Z</time>
			</trkpt>
			<trkpt lat="38.957756" lon="113.587524">
				<speed>7.613111</speed>
				<ele>1606.000000</ele>
				<time>2025-09-29T04:28:52Z</time>
			</trkpt>
			<trkpt lat="38.957745" lon="113.587382">
				<speed>6.383114</speed>
				<ele>1605.000000</ele>
				<time>2025-09-29T04:28:54Z</time>
			</trkpt>
			<trkpt lat="38.957723" lon="113.587218">
				<speed>7.280763</speed>
				<ele>1604.000000</ele>
				<time>2025-09-29T04:28:56Z</time>
			</trkpt>
			<trkpt lat="38.957690" lon="113.587022">
				<speed>8.492419</speed>
				<ele>1602.000000</ele>
				<time>2025-09-29T04:28:58Z</time>
			</trkpt>
			<trkpt lat="38.957646" lon="113.586856">
				<speed>7.458645</speed>
				<ele>1601.000000</ele>
				<time>2025-09-29T04:29:00Z</time>
			</trkpt>
			<trkpt lat="38.957612" lon="113.586700">
				<speed>7.117479</speed>
				<ele>1600.000000</ele>
				<time>2025-09-29T04:29:02Z</time>
			</trkpt>
			<trkpt lat="38.957575" lon="113.586556">
				<speed>6.596564</speed>
				<ele>1598.000000</ele>
				<time>2025-09-29T04:29:04Z</time>
			</trkpt>
			<trkpt lat="38.957528" lon="113.586418">
				<speed>6.225952</speed>
				<ele>1597.000000</ele>
				<time>2025-09-29T04:29:06Z</time>
			</trkpt>
			<trkpt lat="38.957496" lon="113.586294">
				<speed>5.841124</speed>
				<ele>1595.000000</ele>
				<time>2025-09-29T04:29:08Z</time>
			</trkpt>
			<trkpt lat="38.957443" lon="113.586136">
				<speed>7.315275</speed>
				<ele>1594.000000</ele>
				<time>2025-09-29T04:29:10Z</time>
			</trkpt>
			<trkpt lat="38.957398" lon="113.585969">
				<speed>7.357718</speed>
				<ele>1592.000000</ele>
				<time>2025-09-29T04:29:12Z</time>
			</trkpt>
			<trkpt lat="38.957368" lon="113.585821">
				<speed>6.901466</speed>
				<ele>1592.000000</ele>
				<time>2025-09-29T04:29:14Z</time>
			</trkpt>
			<trkpt lat="38.957317" lon="113.585672">
				<speed>6.868617</speed>
				<ele>1592.000000</ele>
				<time>2025-09-29T04:29:16Z</time>
			</trkpt>
			<trkpt lat="38.957263" lon="113.585537">
				<speed>6.730140</speed>
				<ele>1590.000000</ele>
				<time>2025-09-29T04:29:18Z</time>
			</trkpt>
			<trkpt lat="38.957207" lon="113.585391">
				<speed>7.117671</speed>
				<ele>1589.000000</ele>
				<time>2025-09-29T04:29:20Z</time>
			</trkpt>
			<trkpt lat="38.957150" lon="113.585225">
				<speed>7.928816</speed>
				<ele>1587.000000</ele>
				<time>2025-09-29T04:29:22Z</time>
			</trkpt>
			<trkpt lat="38.957088" lon="113.585042">
				<speed>8.471570</speed>
				<ele>1586.000000</ele>
				<time>2025-09-29T04:29:24Z</time>
			</trkpt>
			<trkpt lat="38.957046" lon="113.584921">
				<speed>6.001069</speed>
				<ele>1585.000000</ele>
				<time>2025-09-29T04:29:26Z</time>
			</trkpt>
			<trkpt lat="38.956994" lon="113.584779">
				<speed>5.036116</speed>
				<ele>1584.000000</ele>
				<time>2025-09-29T04:29:29Z</time>
			</trkpt>
			<trkpt lat="38.956933" lon="113.584615">
				<speed>7.526135</speed>
				<ele>1583.000000</ele>
				<time>2025-09-29T04:29:31Z</time>
			</trkpt>
			<trkpt lat="38.956864" lon="113.584417">
				<speed>9.042516</speed>
				<ele>1582.000000</ele>
				<time>2025-09-29T04:29:33Z</time>
			</trkpt>
			<trkpt lat="38.956788" lon="113.584207">
				<speed>9.949841</speed>
				<ele>1580.000000</ele>
				<time>2025-09-29T04:29:35Z</time>
			</trkpt>
			<trkpt lat="38.956748" lon="113.584091">
				<speed>10.512084</speed>
				<ele>1580.000000</ele>
				<time>2025-09-29T04:29:36Z</time>
			</trkpt>
			<trkpt lat="38.956718" lon="113.583974">
				<speed>10.580312</speed>
				<ele>1579.000000</ele>
				<time>2025-09-29T04:29:37Z</time>
			</trkpt>
			<trkpt lat="38.956684" lon="113.583867">
				<speed>10.426702</speed>
				<ele>1577.000000</ele>
				<time>2025-09-29T04:29:38Z</time>
			</trkpt>
			<trkpt lat="38.956647" lon="113.583757">
				<speed>10.311963</speed>
				<ele>1577.000000</ele>
				<time>2025-09-29T04:29:39Z</time>
			</trkpt>
			<trkpt lat="38.956574" lon="113.583548">
				<speed>10.195792</speed>
				<ele>1574.000000</ele>
				<time>2025-09-29T04:29:41Z</time>
			</trkpt>
			<trkpt lat="38.956533" lon="113.583434">
				<speed>10.642302</speed>
				<ele>1573.000000</ele>
				<time>2025-09-29T04:29:42Z</time>
			</trkpt>
			<trkpt lat="38.956456" lon="113.583223">
				<speed>10.440200</speed>
				<ele>1571.000000</ele>
				<time>2025-09-29T04:29:44Z</time>
			</trkpt>
			<trkpt lat="38.956415" lon="113.583110">
				<speed>10.721304</speed>
				<ele>1571.000000</ele>
				<time>2025-09-29T04:29:45Z</time>
			</trkpt>
			<trkpt lat="38.956378" lon="113.583002">
				<speed>10.251369</speed>
				<ele>1569.000000</ele>
				<time>2025-09-29T04:29:46Z</time>
			</trkpt>
			<trkpt lat="38.956336" lon="113.582887">
				<speed>10.983760</speed>
				<ele>1568.000000</ele>
				<time>2025-09-29T04:29:47Z</time>
			</trkpt>
			<trkpt lat="38.956297" lon="113.582775">
				<speed>10.687774</speed>
				<ele>1567.000000</ele>
				<time>2025-09-29T04:29:48Z</time>
			</trkpt>
			<trkpt lat="38.956218" lon="113.582557">
				<speed>10.845152</speed>
				<ele>1564.000000</ele>
				<time>2025-09-29T04:29:50Z</time>
			</trkpt>
			<trkpt lat="38.956173" lon="113.582436">
				<speed>11.512686</speed>
				<ele>1562.000000</ele>
				<time>2025-09-29T04:29:51Z</time>
			</trkpt>
			<trkpt lat="38.956132" lon="113.582327">
				<speed>10.654656</speed>
				<ele>1561.000000</ele>
				<time>2025-09-29T04:29:52Z</time>
			</trkpt>
			<trkpt lat="38.956087" lon="113.582221">
				<speed>10.515737</speed>
				<ele>1560.000000</ele>
				<time>2025-09-29T04:29:53Z</time>
			</trkpt>
			<trkpt lat="38.956028" lon="113.582117">
				<speed>10.791684</speed>
				<ele>1559.000000</ele>
				<time>2025-09-29T04:29:54Z</time>
			</trkpt>
			<trkpt lat="38.955972" lon="113.581921">
				<speed>8.762658</speed>
				<ele>1557.000000</ele>
				<time>2025-09-29T04:29:57Z</time>
			</trkpt>
			<trkpt lat="38.955913" lon="113.581748">
				<speed>7.362637</speed>
				<ele>1554.000000</ele>
				<time>2025-09-29T04:29:59Z</time>
			</trkpt>
			<trkpt lat="38.955866" lon="113.581625">
				<speed>5.945923</speed>
				<ele>1553.000000</ele>
				<time>2025-09-29T04:30:01Z</time>
			</trkpt>
			<trkpt lat="38.955832" lon="113.581518">
				<speed>2.623650</speed>
				<ele>1552.000000</ele>
				<time>2025-09-29T04:30:04Z</time>
			</trkpt>
			<trkpt lat="38.955783" lon="113.581402">
				<speed>4.500398</speed>
				<ele>1551.000000</ele>
				<time>2025-09-29T04:30:07Z</time>
			</trkpt>
			<trkpt lat="38.955739" lon="113.581284">
				<speed>5.433419</speed>
				<ele>1550.000000</ele>
				<time>2025-09-29T04:30:09Z</time>
			</trkpt>
			<trkpt lat="38.955701" lon="113.581179">
				<speed>5.203810</speed>
				<ele>1549.000000</ele>
				<time>2025-09-29T04:30:11Z</time>
			</trkpt>
			<trkpt lat="38.955653" lon="113.581062">
				<speed>3.298970</speed>
				<ele>1548.000000</ele>
				<time>2025-09-29T04:30:14Z</time>
			</trkpt>
			<trkpt lat="38.955626" lon="113.580951">
				<speed>1.560496</speed>
				<ele>1548.000000</ele>
				<time>2025-09-29T04:30:19Z</time>
			</trkpt>
			<trkpt lat="38.955593" lon="113.580843">
				<speed>3.097768</speed>
				<ele>1546.000000</ele>
				<time>2025-09-29T04:30:23Z</time>
			</trkpt>
			<trkpt lat="38.955550" lon="113.580712">
				<speed>3.853877</speed>
				<ele>1545.000000</ele>
				<time>2025-09-29T04:30:26Z</time>
			</trkpt>
			<trkpt lat="38.955495" lon="113.580612">
				<speed>4.119633</speed>
				<ele>1544.000000</ele>
				<time>2025-09-29T04:30:29Z</time>
			</trkpt>
			<trkpt lat="38.955448" lon="113.580497">
				<speed>4.249884</speed>
				<ele>1543.000000</ele>
				<time>2025-09-29T04:30:32Z</time>
			</trkpt>
			<trkpt lat="38.955385" lon="113.580342">
				<speed>5.190774</speed>
				<ele>1542.000000</ele>
				<time>2025-09-29T04:30:35Z</time>
			</trkpt>
			<trkpt lat="38.955340" lon="113.580230">
				<speed>5.253710</speed>
				<ele>1542.000000</ele>
				<time>2025-09-29T04:30:36Z</time>
			</trkpt>
			<trkpt lat="38.955288" lon="113.580103">
				<speed>4.404855</speed>
				<ele>1540.000000</ele>
				<time>2025-09-29T04:30:39Z</time>
			</trkpt>
			<trkpt lat="38.955245" lon="113.579993">
				<speed>5.171635</speed>
				<ele>1539.000000</ele>
				<time>2025-09-29T04:30:41Z</time>
			</trkpt>
			<trkpt lat="38.955179" lon="113.579874">
				<speed>6.221650</speed>
				<ele>1539.000000</ele>
				<time>2025-09-29T04:30:43Z</time>
			</trkpt>
			<trkpt lat="38.955112" lon="113.579726">
				<speed>7.452878</speed>
				<ele>1538.000000</ele>
				<time>2025-09-29T04:30:45Z</time>
			</trkpt>
			<trkpt lat="38.955030" lon="113.579551">
				<speed>8.884940</speed>
				<ele>1536.000000</ele>
				<time>2025-09-29T04:30:47Z</time>
			</trkpt>
			<trkpt lat="38.954949" lon="113.579355">
				<speed>9.686970</speed>
				<ele>1534.000000</ele>
				<time>2025-09-29T04:30:49Z</time>
			</trkpt>
			<trkpt lat="38.954867" lon="113.579153">
				<speed>9.766391</speed>
				<ele>1533.000000</ele>
				<time>2025-09-29T04:30:51Z</time>
			</trkpt>
			<trkpt lat="38.954784" lon="113.578958">
				<speed>9.749548</speed>
				<ele>1532.000000</ele>
				<time>2025-09-29T04:30:53Z</time>
			</trkpt>
			<trkpt lat="38.954702" lon="113.578767">
				<speed>9.577646</speed>
				<ele>1530.000000</ele>
				<time>2025-09-29T04:30:55Z</time>
			</trkpt>
			<trkpt lat="38.954639" lon="113.578580">
				<speed>9.029365</speed>
				<ele>1529.000000</ele>
				<time>2025-09-29T04:30:57Z</time>
			</trkpt>
			<trkpt lat="38.954553" lon="113.578384">
				<speed>9.691281</speed>
				<ele>1527.000000</ele>
				<time>2025-09-29T04:30:59Z</time>
			</trkpt>
			<trkpt lat="38.954507" lon="113.578279">
				<speed>10.160850</speed>
				<ele>1527.000000</ele>
				<time>2025-09-29T04:31:00Z</time>
			</trkpt>
			<trkpt lat="38.954458" lon="113.578161">
				<speed>10.990729</speed>
				<ele>1527.000000</ele>
				<time>2025-09-29T04:31:01Z</time>
			</trkpt>
			<trkpt lat="38.954408" lon="113.578048">
				<speed>11.258500</speed>
				<ele>1526.000000</ele>
				<time>2025-09-29T04:31:02Z</time>
			</trkpt>
			<trkpt lat="38.954360" lon="113.577927">
				<speed>11.487206</speed>
				<ele>1525.000000</ele>
				<time>2025-09-29T04:31:03Z</time>
			</trkpt>
			<trkpt lat="38.954315" lon="113.577817">
				<speed>10.978851</speed>
				<ele>1524.000000</ele>
				<time>2025-09-29T04:31:04Z</time>
			</trkpt>
			<trkpt lat="38.954238" lon="113.577620">
				<speed>9.755306</speed>
				<ele>1524.000000</ele>
				<time>2025-09-29T04:31:06Z</time>
			</trkpt>
			<trkpt lat="38.954162" lon="113.577477">
				<speed>7.619195</speed>
				<ele>1523.000000</ele>
				<time>2025-09-29T04:31:08Z</time>
			</trkpt>
			<trkpt lat="38.954108" lon="113.577369">
				<speed>5.491319</speed>
				<ele>1521.000000</ele>
				<time>2025-09-29T04:31:10Z</time>
			</trkpt>
			<trkpt lat="38.954033" lon="113.577252">
				<speed>4.988256</speed>
				<ele>1521.000000</ele>
				<time>2025-09-29T04:31:13Z</time>
			</trkpt>
			<trkpt lat="38.953935" lon="113.577143">
				<speed>4.627112</speed>
				<ele>1522.000000</ele>
				<time>2025-09-29T04:31:16Z</time>
			</trkpt>
			<trkpt lat="38.953857" lon="113.577019">
				<speed>4.563147</speed>
				<ele>1522.000000</ele>
				<time>2025-09-29T04:31:19Z</time>
			</trkpt>
			<trkpt lat="38.953784" lon="113.576924">
				<speed>3.681645</speed>
				<ele>1522.000000</ele>
				<time>2025-09-29T04:31:22Z</time>
			</trkpt>
			<trkpt lat="38.953689" lon="113.576889">
				<speed>3.347662</speed>
				<ele>1520.000000</ele>
				<time>2025-09-29T04:31:25Z</time>
			</trkpt>
			<trkpt lat="38.953573" lon="113.576995">
				<speed>5.537071</speed>
				<ele>1520.000000</ele>
				<time>2025-09-29T04:31:28Z</time>
			</trkpt>
			<trkpt lat="38.953504" lon="113.577178">
				<speed>8.237760</speed>
				<ele>1520.000000</ele>
				<time>2025-09-29T04:31:30Z</time>
			</trkpt>
			<trkpt lat="38.953428" lon="113.577355">
				<speed>8.624132</speed>
				<ele>1520.000000</ele>
				<time>2025-09-29T04:31:32Z</time>
			</trkpt>
			<trkpt lat="38.953343" lon="113.577531">
				<speed>9.003662</speed>
				<ele>1520.000000</ele>
				<time>2025-09-29T04:31:34Z</time>
			</trkpt>
			<trkpt lat="38.953243" lon="113.577718">
				<speed>9.678032</speed>
				<ele>1520.000000</ele>
				<time>2025-09-29T04:31:36Z</time>
			</trkpt>
			<trkpt lat="38.953177" lon="113.577801">
				<speed>9.882627</speed>
				<ele>1520.000000</ele>
				<time>2025-09-29T04:31:37Z</time>
			</trkpt>
			<trkpt lat="38.953102" lon="113.577877">
				<speed>10.263723</speed>
				<ele>1520.000000</ele>
				<time>2025-09-29T04:31:38Z</time>
			</trkpt>
			<trkpt lat="38.953021" lon="113.577948">
				<speed>10.652633</speed>
				<ele>1520.000000</ele>
				<time>2025-09-29T04:31:39Z</time>
			</trkpt>
			<trkpt lat="38.952927" lon="113.578013">
				<speed>11.335173</speed>
				<ele>1519.000000</ele>
				<time>2025-09-29T04:31:40Z</time>
			</trkpt>
			<trkpt lat="38.952823" lon="113.578074">
				<speed>12.120785</speed>
				<ele>1520.000000</ele>
				<time>2025-09-29T04:31:41Z</time>
			</trkpt>
			<trkpt lat="38.952708" lon="113.578120">
				<speed>12.891426</speed>
				<ele>1520.000000</ele>
				<time>2025-09-29T04:31:42Z</time>
			</trkpt>
			<trkpt lat="38.952584" lon="113.578158">
				<speed>13.573476</speed>
				<ele>1520.000000</ele>
				<time>2025-09-29T04:31:43Z</time>
			</trkpt>
			<trkpt lat="38.952447" lon="113.578193">
				<speed>14.648975</speed>
				<ele>1520.000000</ele>
				<time>2025-09-29T04:31:44Z</time>
			</trkpt>
			<trkpt lat="38.952302" lon="113.578228">
				<speed>15.787910</speed>
				<ele>1520.000000</ele>
				<time>2025-09-29T04:31:45Z</time>
			</trkpt>
			<trkpt lat="38.952163" lon="113.578267">
				<speed>15.896985</speed>
				<ele>1519.000000</ele>
				<time>2025-09-29T04:31:46Z</time>
			</trkpt>
			<trkpt lat="38.952024" lon="113.578309">
				<speed>15.818798</speed>
				<ele>1519.000000</ele>
				<time>2025-09-29T04:31:47Z</time>
			</trkpt>
			<trkpt lat="38.951875" lon="113.578352">
				<speed>16.588160</speed>
				<ele>1519.000000</ele>
				<time>2025-09-29T04:31:48Z</time>
			</trkpt>
			<trkpt lat="38.951723" lon="113.578400">
				<speed>17.135057</speed>
				<ele>1518.000000</ele>
				<time>2025-09-29T04:31:49Z</time>
			</trkpt>
			<trkpt lat="38.951570" lon="113.578457">
				<speed>17.489943</speed>
				<ele>1518.000000</ele>
				<time>2025-09-29T04:31:50Z</time>
			</trkpt>
			<trkpt lat="38.951424" lon="113.578511">
				<speed>17.211575</speed>
				<ele>1518.000000</ele>
				<time>2025-09-29T04:31:51Z</time>
			</trkpt>
			<trkpt lat="38.951275" lon="113.578572">
				<speed>17.345795</speed>
				<ele>1517.000000</ele>
				<time>2025-09-29T04:31:52Z</time>
			</trkpt>
			<trkpt lat="38.951124" lon="113.578637">
				<speed>17.442459</speed>
				<ele>1516.000000</ele>
				<time>2025-09-29T04:31:53Z</time>
			</trkpt>
			<trkpt lat="38.950974" lon="113.578703">
				<speed>17.494413</speed>
				<ele>1516.000000</ele>
				<time>2025-09-29T04:31:54Z</time>
			</trkpt>
			<trkpt lat="38.950827" lon="113.578778">
				<speed>17.513430</speed>
				<ele>1515.000000</ele>
				<time>2025-09-29T04:31:55Z</time>
			</trkpt>
			<trkpt lat="38.950682" lon="113.578859">
				<speed>17.523422</speed>
				<ele>1515.000000</ele>
				<time>2025-09-29T04:31:56Z</time>
			</trkpt>
			<trkpt lat="38.950539" lon="113.578942">
				<speed>17.430649</speed>
				<ele>1514.000000</ele>
				<time>2025-09-29T04:31:57Z</time>
			</trkpt>
			<trkpt lat="38.950396" lon="113.579026">
				<speed>17.342802</speed>
				<ele>1514.000000</ele>
				<time>2025-09-29T04:31:58Z</time>
			</trkpt>
			<trkpt lat="38.950254" lon="113.579108">
				<speed>17.264563</speed>
				<ele>1514.000000</ele>
				<time>2025-09-29T04:31:59Z</time>
			</trkpt>
			<trkpt lat="38.950114" lon="113.579186">
				<speed>16.983135</speed>
				<ele>1513.000000</ele>
				<time>2025-09-29T04:32:00Z</time>
			</trkpt>
			<trkpt lat="38.949971" lon="113.579262">
				<speed>16.954412</speed>
				<ele>1513.000000</ele>
				<time>2025-09-29T04:32:02Z</time>
			</trkpt>
			<trkpt lat="38.949836" lon="113.579338">
				<speed>16.291203</speed>
				<ele>1513.000000</ele>
				<time>2025-09-29T04:32:03Z</time>
			</trkpt>
			<trkpt lat="38.949710" lon="113.579410">
				<speed>15.545682</speed>
				<ele>1513.000000</ele>
				<time>2025-09-29T04:32:04Z</time>
			</trkpt>
			<trkpt lat="38.949582" lon="113.579479">
				<speed>15.285598</speed>
				<ele>1513.000000</ele>
				<time>2025-09-29T04:32:05Z</time>
			</trkpt>
			<trkpt lat="38.949456" lon="113.579538">
				<speed>14.741400</speed>
				<ele>1513.000000</ele>
				<time>2025-09-29T04:32:06Z</time>
			</trkpt>
			<trkpt lat="38.949333" lon="113.579585">
				<speed>14.365788</speed>
				<ele>1512.000000</ele>
				<time>2025-09-29T04:32:07Z</time>
			</trkpt>
			<trkpt lat="38.949205" lon="113.579609">
				<speed>14.218510</speed>
				<ele>1512.000000</ele>
				<time>2025-09-29T04:32:08Z</time>
			</trkpt>
			<trkpt lat="38.949082" lon="113.579618">
				<speed>13.620609</speed>
				<ele>1512.000000</ele>
				<time>2025-09-29T04:32:09Z</time>
			</trkpt>
			<trkpt lat="38.948960" lon="113.579614">
				<speed>13.470392</speed>
				<ele>1512.000000</ele>
				<time>2025-09-29T04:32:10Z</time>
			</trkpt>
			<trkpt lat="38.948840" lon="113.579601">
				<speed>13.222011</speed>
				<ele>1512.000000</ele>
				<time>2025-09-29T04:32:11Z</time>
			</trkpt>
			<trkpt lat="38.948720" lon="113.579589">
				<speed>13.171148</speed>
				<ele>1512.000000</ele>
				<time>2025-09-29T04:32:12Z</time>
			</trkpt>
			<trkpt lat="38.948604" lon="113.579574">
				<speed>12.979681</speed>
				<ele>1512.000000</ele>
				<time>2025-09-29T04:32:13Z</time>
			</trkpt>
			<trkpt lat="38.948488" lon="113.579560">
				<speed>12.800588</speed>
				<ele>1511.000000</ele>
				<time>2025-09-29T04:32:14Z</time>
			</trkpt>
			<trkpt lat="38.948376" lon="113.579544">
				<speed>12.463230</speed>
				<ele>1511.000000</ele>
				<time>2025-09-29T04:32:15Z</time>
			</trkpt>
			<trkpt lat="38.948271" lon="113.579531">
				<speed>11.727622</speed>
				<ele>1511.000000</ele>
				<time>2025-09-29T04:32:16Z</time>
			</trkpt>
			<trkpt lat="38.948173" lon="113.579521">
				<speed>11.087846</speed>
				<ele>1511.000000</ele>
				<time>2025-09-29T04:32:17Z</time>
			</trkpt>
			<trkpt lat="38.948075" lon="113.579510">
				<speed>10.856349</speed>
				<ele>1511.000000</ele>
				<time>2025-09-29T04:32:18Z</time>
			</trkpt>
			<trkpt lat="38.947913" lon="113.579494">
				<speed>8.707229</speed>
				<ele>1511.000000</ele>
				<time>2025-09-29T04:32:20Z</time>
			</trkpt>
			<trkpt lat="38.947766" lon="113.579482">
				<speed>7.543958</speed>
				<ele>1511.000000</ele>
				<time>2025-09-29T04:32:22Z</time>
			</trkpt>
			<trkpt lat="38.947708" lon="113.579266">
				<speed>6.302758</speed>
				<ele>1510.000000</ele>
				<time>2025-09-29T04:32:26Z</time>
			</trkpt>
			<trkpt lat="38.947788" lon="113.579081">
				<speed>8.671171</speed>
				<ele>1510.000000</ele>
				<time>2025-09-29T04:32:28Z</time>
			</trkpt>
			<trkpt lat="38.947817" lon="113.578860">
				<speed>9.825432</speed>
				<ele>1511.000000</ele>
				<time>2025-09-29T04:32:30Z</time>
			</trkpt>
			<trkpt lat="38.947833" lon="113.578738">
				<speed>10.517521</speed>
				<ele>1512.000000</ele>
				<time>2025-09-29T04:32:31Z</time>
			</trkpt>
			<trkpt lat="38.947849" lon="113.578616">
				<speed>10.640168</speed>
				<ele>1512.000000</ele>
				<time>2025-09-29T04:32:32Z</time>
			</trkpt>
			<trkpt lat="38.947850" lon="113.578496">
				<speed>10.327693</speed>
				<ele>1512.000000</ele>
				<time>2025-09-29T04:32:33Z</time>
			</trkpt>
			<trkpt lat="38.947882" lon="113.578275">
				<speed>9.777016</speed>
				<ele>1513.000000</ele>
				<time>2025-09-29T04:32:35Z</time>
			</trkpt>
			<trkpt lat="38.947910" lon="113.578157">
				<speed>10.355084</speed>
				<ele>1513.000000</ele>
				<time>2025-09-29T04:32:36Z</time>
			</trkpt>
			<trkpt lat="38.947928" lon="113.578030">
				<speed>10.967728</speed>
				<ele>1514.000000</ele>
				<time>2025-09-29T04:32:37Z</time>
			</trkpt>
			<trkpt lat="38.947949" lon="113.577901">
				<speed>11.376477</speed>
				<ele>1514.000000</ele>
				<time>2025-09-29T04:32:37Z</time>
			</trkpt>
			<trkpt lat="38.947970" lon="113.577764">
				<speed>11.881906</speed>
				<ele>1515.000000</ele>
				<time>2025-09-29T04:32:38Z</time>
			</trkpt>
			<trkpt lat="38.947993" lon="113.577621">
				<speed>12.479587</speed>
				<ele>1515.000000</ele>
				<time>2025-09-29T04:32:39Z</time>
			</trkpt>
			<trkpt lat="38.948016" lon="113.577473">
				<speed>12.956764</speed>
				<ele>1516.000000</ele>
				<time>2025-09-29T04:32:40Z</time>
			</trkpt>
			<trkpt lat="38.948041" lon="113.577319">
				<speed>13.419809</speed>
				<ele>1516.000000</ele>
				<time>2025-09-29T04:32:41Z</time>
			</trkpt>
			<trkpt lat="38.948065" lon="113.577162">
				<speed>13.754817</speed>
				<ele>1517.000000</ele>
				<time>2025-09-29T04:32:42Z</time>
			</trkpt>
			<trkpt lat="38.948091" lon="113.577000">
				<speed>14.237320</speed>
				<ele>1518.000000</ele>
				<time>2025-09-29T04:32:43Z</time>
			</trkpt>
			<trkpt lat="38.948118" lon="113.576831">
				<speed>14.721203</speed>
				<ele>1518.000000</ele>
				<time>2025-09-29T04:32:44Z</time>
			</trkpt>
			<trkpt lat="38.948145" lon="113.576658">
				<speed>15.149817</speed>
				<ele>1519.000000</ele>
				<time>2025-09-29T04:32:45Z</time>
			</trkpt>
			<trkpt lat="38.948173" lon="113.576480">
				<speed>15.537542</speed>
				<ele>1520.000000</ele>
				<time>2025-09-29T04:32:46Z</time>
			</trkpt>
			<trkpt lat="38.948202" lon="113.576297">
				<speed>16.051634</speed>
				<ele>1520.000000</ele>
				<time>2025-09-29T04:32:47Z</time>
			</trkpt>
			<trkpt lat="38.948232" lon="113.576109">
				<speed>16.437035</speed>
				<ele>1521.000000</ele>
				<time>2025-09-29T04:32:48Z</time>
			</trkpt>
			<trkpt lat="38.948262" lon="113.575917">
				<speed>16.843121</speed>
				<ele>1522.000000</ele>
				<time>2025-09-29T04:32:49Z</time>
			</trkpt>
			<trkpt lat="38.948293" lon="113.575719">
				<speed>17.307110</speed>
				<ele>1523.000000</ele>
				<time>2025-09-29T04:32:50Z</time>
			</trkpt>
			<trkpt lat="38.948325" lon="113.575517">
				<speed>17.638063</speed>
				<ele>1523.000000</ele>
				<time>2025-09-29T04:32:51Z</time>
			</trkpt>
			<trkpt lat="38.948356" lon="113.575310">
				<speed>18.076963</speed>
				<ele>1524.000000</ele>
				<time>2025-09-29T04:32:52Z</time>
			</trkpt>
			<trkpt lat="38.948370" lon="113.575098">
				<speed>18.229446</speed>
				<ele>1525.000000</ele>
				<time>2025-09-29T04:32:53Z</time>
			</trkpt>
			<trkpt lat="38.948416" lon="113.574896">
				<speed>18.162672</speed>
				<ele>1526.000000</ele>
				<time>2025-09-29T04:32:54Z</time>
			</trkpt>
			<trkpt lat="38.948446" lon="113.574688">
				<speed>18.335854</speed>
				<ele>1527.000000</ele>
				<time>2025-09-29T04:32:55Z</time>
			</trkpt>
			<trkpt lat="38.948477" lon="113.574476">
				<speed>18.565237</speed>
				<ele>1527.000000</ele>
				<time>2025-09-29T04:32:56Z</time>
			</trkpt>
			<trkpt lat="38.948508" lon="113.574263">
				<speed>18.829992</speed>
				<ele>1528.000000</ele>
				<time>2025-09-29T04:32:57Z</time>
			</trkpt>
			<trkpt lat="38.948526" lon="113.574043">
				<speed>19.114777</speed>
				<ele>1529.000000</ele>
				<time>2025-09-29T04:32:58Z</time>
			</trkpt>
			<trkpt lat="38.948563" lon="113.573824">
				<speed>19.360325</speed>
				<ele>1530.000000</ele>
				<time>2025-09-29T04:32:59Z</time>
			</trkpt>
			<trkpt lat="38.948599" lon="113.573602">
				<speed>19.663105</speed>
				<ele>1531.000000</ele>
				<time>2025-09-29T04:33:00Z</time>
			</trkpt>
			<trkpt lat="38.948634" lon="113.573376">
				<speed>19.933483</speed>
				<ele>1531.000000</ele>
				<time>2025-09-29T04:33:01Z</time>
			</trkpt>
			<trkpt lat="38.948667" lon="113.573151">
				<speed>19.733114</speed>
				<ele>1532.000000</ele>
				<time>2025-09-29T04:33:02Z</time>
			</trkpt>
			<trkpt lat="38.948699" lon="113.572926">
				<speed>19.801447</speed>
				<ele>1533.000000</ele>
				<time>2025-09-29T04:33:03Z</time>
			</trkpt>
			<trkpt lat="38.948731" lon="113.572697">
				<speed>20.134224</speed>
				<ele>1534.000000</ele>
				<time>2025-09-29T04:33:04Z</time>
			</trkpt>
			<trkpt lat="38.948767" lon="113.572466">
				<speed>20.329638</speed>
				<ele>1535.000000</ele>
				<time>2025-09-29T04:33:05Z</time>
			</trkpt>
			<trkpt lat="38.948806" lon="113.572236">
				<speed>20.382820</speed>
				<ele>1536.000000</ele>
				<time>2025-09-29T04:33:06Z</time>
			</trkpt>
			<trkpt lat="38.948843" lon="113.572010">
				<speed>20.013510</speed>
				<ele>1536.000000</ele>
				<time>2025-09-29T04:33:07Z</time>
			</trkpt>
			<trkpt lat="38.948879" lon="113.571782">
				<speed>20.040661</speed>
				<ele>1537.000000</ele>
				<time>2025-09-29T04:33:08Z</time>
			</trkpt>
			<trkpt lat="38.948911" lon="113.571557">
				<speed>19.749081</speed>
				<ele>1538.000000</ele>
				<time>2025-09-29T04:33:09Z</time>
			</trkpt>
			<trkpt lat="38.948958" lon="113.571340">
				<speed>19.556019</speed>
				<ele>1539.000000</ele>
				<time>2025-09-29T04:33:10Z</time>
			</trkpt>
			<trkpt lat="38.948993" lon="113.571117">
				<speed>19.658062</speed>
				<ele>1540.000000</ele>
				<time>2025-09-29T04:33:11Z</time>
			</trkpt>
			<trkpt lat="38.949028" lon="113.570893">
				<speed>19.816177</speed>
				<ele>1540.000000</ele>
				<time>2025-09-29T04:33:12Z</time>
			</trkpt>
			<trkpt lat="38.949064" lon="113.570665">
				<speed>20.083683</speed>
				<ele>1541.000000</ele>
				<time>2025-09-29T04:33:13Z</time>
			</trkpt>
			<trkpt lat="38.949086" lon="113.570430">
				<speed>20.360020</speed>
				<ele>1542.000000</ele>
				<time>2025-09-29T04:33:14Z</time>
			</trkpt>
			<trkpt lat="38.949123" lon="113.570204">
				<speed>20.023546</speed>
				<ele>1543.000000</ele>
				<time>2025-09-29T04:33:15Z</time>
			</trkpt>
			<trkpt lat="38.949159" lon="113.569975">
				<speed>20.170479</speed>
				<ele>1543.000000</ele>
				<time>2025-09-29T04:33:16Z</time>
			</trkpt>
			<trkpt lat="38.949195" lon="113.569746">
				<speed>20.184586</speed>
				<ele>1544.000000</ele>
				<time>2025-09-29T04:33:17Z</time>
			</trkpt>
			<trkpt lat="38.949230" lon="113.569518">
				<speed>20.204033</speed>
				<ele>1545.000000</ele>
				<time>2025-09-29T04:33:18Z</time>
			</trkpt>
			<trkpt lat="38.949263" lon="113.569286">
				<speed>20.398674</speed>
				<ele>1546.000000</ele>
				<time>2025-09-29T04:33:19Z</time>
			</trkpt>
			<trkpt lat="38.949299" lon="113.569057">
				<speed>20.198458</speed>
				<ele>1547.000000</ele>
				<time>2025-09-29T04:33:20Z</time>
			</trkpt>
			<trkpt lat="38.949333" lon="113.568834">
				<speed>19.674809</speed>
				<ele>1548.000000</ele>
				<time>2025-09-29T04:33:21Z</time>
			</trkpt>
			<trkpt lat="38.949367" lon="113.568621">
				<speed>18.862875</speed>
				<ele>1549.000000</ele>
				<time>2025-09-29T04:33:22Z</time>
			</trkpt>
			<trkpt lat="38.949399" lon="113.568412">
				<speed>18.485674</speed>
				<ele>1550.000000</ele>
				<time>2025-09-29T04:33:23Z</time>
			</trkpt>
			<trkpt lat="38.949433" lon="113.568201">
				<speed>18.575457</speed>
				<ele>1551.000000</ele>
				<time>2025-09-29T04:33:24Z</time>
			</trkpt>
			<trkpt lat="38.949465" lon="113.567991">
				<speed>18.434912</speed>
				<ele>1551.000000</ele>
				<time>2025-09-29T04:33:25Z</time>
			</trkpt>
			<trkpt lat="38.949497" lon="113.567791">
				<speed>17.713297</speed>
				<ele>1552.000000</ele>
				<time>2025-09-29T04:33:26Z</time>
			</trkpt>
			<trkpt lat="38.949527" lon="113.567608">
				<speed>16.138042</speed>
				<ele>1553.000000</ele>
				<time>2025-09-29T04:33:27Z</time>
			</trkpt>
			<trkpt lat="38.949550" lon="113.567443">
				<speed>14.633233</speed>
				<ele>1553.000000</ele>
				<time>2025-09-29T04:33:28Z</time>
			</trkpt>
			<trkpt lat="38.949568" lon="113.567286">
				<speed>13.559290</speed>
				<ele>1554.000000</ele>
				<time>2025-09-29T04:33:29Z</time>
			</trkpt>
			<trkpt lat="38.949566" lon="113.567144">
				<speed>12.315265</speed>
				<ele>1555.000000</ele>
				<time>2025-09-29T04:33:30Z</time>
			</trkpt>
			<trkpt lat="38.949548" lon="113.567014">
				<speed>11.476521</speed>
				<ele>1555.000000</ele>
				<time>2025-09-29T04:33:31Z</time>
			</trkpt>
			<trkpt lat="38.949520" lon="113.566891">
				<speed>10.944784</speed>
				<ele>1556.000000</ele>
				<time>2025-09-29T04:33:32Z</time>
			</trkpt>
			<trkpt lat="38.949440" lon="113.566695">
				<speed>9.338363</speed>
				<ele>1556.000000</ele>
				<time>2025-09-29T04:33:34Z</time>
			</trkpt>
			<trkpt lat="38.949373" lon="113.566503">
				<speed>9.450841</speed>
				<ele>1556.000000</ele>
				<time>2025-09-29T04:33:36Z</time>
			</trkpt>
			<trkpt lat="38.949432" lon="113.566332">
				<speed>9.766856</speed>
				<ele>1557.000000</ele>
				<time>2025-09-29T04:33:38Z</time>
			</trkpt>
			<trkpt lat="38.949486" lon="113.565983">
				<speed>11.099739</speed>
				<ele>1558.000000</ele>
				<time>2025-09-29T04:33:41Z</time>
			</trkpt>
			<trkpt lat="38.949507" lon="113.565851">
				<speed>11.811612</speed>
				<ele>1558.000000</ele>
				<time>2025-09-29T04:33:42Z</time>
			</trkpt>
			<trkpt lat="38.949528" lon="113.565710">
				<speed>12.514903</speed>
				<ele>1558.000000</ele>
				<time>2025-09-29T04:33:43Z</time>
			</trkpt>
			<trkpt lat="38.949549" lon="113.565561">
				<speed>13.185344</speed>
				<ele>1559.000000</ele>
				<time>2025-09-29T04:33:44Z</time>
			</trkpt>
			<trkpt lat="38.949572" lon="113.565406">
				<speed>13.866192</speed>
				<ele>1560.000000</ele>
				<time>2025-09-29T04:33:45Z</time>
			</trkpt>
			<trkpt lat="38.949596" lon="113.565242">
				<speed>14.627352</speed>
				<ele>1560.000000</ele>
				<time>2025-09-29T04:33:46Z</time>
			</trkpt>
			<trkpt lat="38.949621" lon="113.565071">
				<speed>15.196889</speed>
				<ele>1561.000000</ele>
				<time>2025-09-29T04:33:47Z</time>
			</trkpt>
			<trkpt lat="38.949646" lon="113.564898">
				<speed>15.329712</speed>
				<ele>1562.000000</ele>
				<time>2025-09-29T04:33:48Z</time>
			</trkpt>
			<trkpt lat="38.949671" lon="113.564726">
				<speed>15.334879</speed>
				<ele>1562.000000</ele>
				<time>2025-09-29T04:33:49Z</time>
			</trkpt>
			<trkpt lat="38.949697" lon="113.564549">
				<speed>15.528460</speed>
				<ele>1563.000000</ele>
				<time>2025-09-29T04:33:50Z</time>
			</trkpt>
			<trkpt lat="38.949718" lon="113.564373">
				<speed>15.445578</speed>
				<ele>1564.000000</ele>
				<time>2025-09-29T04:33:51Z</time>
			</trkpt>
			<trkpt lat="38.949721" lon="113.564192">
				<speed>15.646782</speed>
				<ele>1565.000000</ele>
				<time>2025-09-29T04:33:52Z</time>
			</trkpt>
			<trkpt lat="38.949757" lon="113.564013">
				<speed>15.967086</speed>
				<ele>1566.000000</ele>
				<time>2025-09-29T04:33:53Z</time>
			</trkpt>
			<trkpt lat="38.949777" lon="113.563831">
				<speed>15.941853</speed>
				<ele>1566.000000</ele>
				<time>2025-09-29T04:33:54Z</time>
			</trkpt>
			<trkpt lat="38.949797" lon="113.563648">
				<speed>16.021660</speed>
				<ele>1567.000000</ele>
				<time>2025-09-29T04:33:55Z</time>
			</trkpt>
			<trkpt lat="38.949774" lon="113.563454">
				<speed>16.339323</speed>
				<ele>1568.000000</ele>
				<time>2025-09-29T04:33:56Z</time>
			</trkpt>
			<trkpt lat="38.949767" lon="113.563263">
				<speed>16.642239</speed>
				<ele>1568.000000</ele>
				<time>2025-09-29T04:33:57Z</time>
			</trkpt>
			<trkpt lat="38.949755" lon="113.563078">
				<speed>16.128515</speed>
				<ele>1570.000000</ele>
				<time>2025-09-29T04:33:58Z</time>
			</trkpt>
			<trkpt lat="38.949738" lon="113.562890">
				<speed>16.292686</speed>
				<ele>1571.000000</ele>
				<time>2025-09-29T04:33:59Z</time>
			</trkpt>
			<trkpt lat="38.949720" lon="113.562702">
				<speed>16.452118</speed>
				<ele>1573.000000</ele>
				<time>2025-09-29T04:34:00Z</time>
			</trkpt>
			<trkpt lat="38.949703" lon="113.562510">
				<speed>16.776228</speed>
				<ele>1573.000000</ele>
				<time>2025-09-29T04:34:01Z</time>
			</trkpt>
			<trkpt lat="38.949690" lon="113.562318">
				<speed>16.718412</speed>
				<ele>1574.000000</ele>
				<time>2025-09-29T04:34:02Z</time>
			</trkpt>
			<trkpt lat="38.949674" lon="113.562122">
				<speed>17.091728</speed>
				<ele>1575.000000</ele>
				<time>2025-09-29T04:34:03Z</time>
			</trkpt>
			<trkpt lat="38.949675" lon="113.561920">
				<speed>17.349508</speed>
				<ele>1576.000000</ele>
				<time>2025-09-29T04:34:04Z</time>
			</trkpt>
			<trkpt lat="38.949657" lon="113.561723">
				<speed>17.231411</speed>
				<ele>1578.000000</ele>
				<time>2025-09-29T04:34:05Z</time>
			</trkpt>
			<trkpt lat="38.949638" lon="113.561527">
				<speed>17.162426</speed>
				<ele>1579.000000</ele>
				<time>2025-09-29T04:34:06Z</time>
			</trkpt>
			<trkpt lat="38.949603" lon="113.561333">
				<speed>16.782013</speed>
				<ele>1580.000000</ele>
				<time>2025-09-29T04:34:08Z</time>
			</trkpt>
			<trkpt lat="38.949590" lon="113.561144">
				<speed>16.357491</speed>
				<ele>1580.000000</ele>
				<time>2025-09-29T04:34:09Z</time>
			</trkpt>
			<trkpt lat="38.949570" lon="113.560955">
				<speed>16.067705</speed>
				<ele>1580.000000</ele>
				<time>2025-09-29T04:34:10Z</time>
			</trkpt>
			<trkpt lat="38.949532" lon="113.560767">
				<speed>16.457233</speed>
				<ele>1582.000000</ele>
				<time>2025-09-29T04:34:11Z</time>
			</trkpt>
			<trkpt lat="38.949473" lon="113.560587">
				<speed>16.911772</speed>
				<ele>1583.000000</ele>
				<time>2025-09-29T04:34:12Z</time>
			</trkpt>
			<trkpt lat="38.949412" lon="113.560409">
				<speed>17.302008</speed>
				<ele>1584.000000</ele>
				<time>2025-09-29T04:34:13Z</time>
			</trkpt>
			<trkpt lat="38.949355" lon="113.560219">
				<speed>17.569454</speed>
				<ele>1584.000000</ele>
				<time>2025-09-29T04:34:14Z</time>
			</trkpt>
			<trkpt lat="38.949302" lon="113.560023">
				<speed>17.943909</speed>
				<ele>1585.000000</ele>
				<time>2025-09-29T04:34:15Z</time>
			</trkpt>
			<trkpt lat="38.949270" lon="113.559816">
				<speed>18.256367</speed>
				<ele>1586.000000</ele>
				<time>2025-09-29T04:34:16Z</time>
			</trkpt>
			<trkpt lat="38.949222" lon="113.559611">
				<speed>18.636036</speed>
				<ele>1587.000000</ele>
				<time>2025-09-29T04:34:17Z</time>
			</trkpt>
			<trkpt lat="38.949177" lon="113.559420">
				<speed>17.534319</speed>
				<ele>1588.000000</ele>
				<time>2025-09-29T04:34:18Z</time>
			</trkpt>
			<trkpt lat="38.949122" lon="113.559235">
				<speed>17.124660</speed>
				<ele>1589.000000</ele>
				<time>2025-09-29T04:34:19Z</time>
			</trkpt>
			<trkpt lat="38.949141" lon="113.559037">
				<speed>17.659122</speed>
				<ele>1588.000000</ele>
				<time>2025-09-29T04:34:20Z</time>
			</trkpt>
			<trkpt lat="38.949155" lon="113.558838">
				<speed>17.430489</speed>
				<ele>1588.000000</ele>
				<time>2025-09-29T04:34:21Z</time>
			</trkpt>
			<trkpt lat="38.949170" lon="113.558634">
				<speed>17.766838</speed>
				<ele>1588.000000</ele>
				<time>2025-09-29T04:34:22Z</time>
			</trkpt>
			<trkpt lat="38.949184" lon="113.558445">
				<speed>16.829659</speed>
				<ele>1588.000000</ele>
				<time>2025-09-29T04:34:23Z</time>
			</trkpt>
			<trkpt lat="38.949193" lon="113.558251">
				<speed>16.525105</speed>
				<ele>1590.000000</ele>
				<time>2025-09-29T04:34:24Z</time>
			</trkpt>
			<trkpt lat="38.949198" lon="113.558073">
				<speed>15.715484</speed>
				<ele>1590.000000</ele>
				<time>2025-09-29T04:34:25Z</time>
			</trkpt>
			<trkpt lat="38.949204" lon="113.557900">
				<speed>15.128750</speed>
				<ele>1591.000000</ele>
				<time>2025-09-29T04:34:26Z</time>
			</trkpt>
			<trkpt lat="38.949208" lon="113.557735">
				<speed>14.471147</speed>
				<ele>1591.000000</ele>
				<time>2025-09-29T04:34:27Z</time>
			</trkpt>
			<trkpt lat="38.949213" lon="113.557597">
				<speed>12.378181</speed>
				<ele>1591.000000</ele>
				<time>2025-09-29T04:34:28Z</time>
			</trkpt>
			<trkpt lat="38.949220" lon="113.557431">
				<speed>6.356596</speed>
				<ele>1590.000000</ele>
				<time>2025-09-29T04:34:30Z</time>
			</trkpt>
			<trkpt lat="38.949231" lon="113.557288">
				<speed>4.613289</speed>
				<ele>1590.000000</ele>
				<time>2025-09-29T04:34:35Z</time>
			</trkpt>
			<trkpt lat="38.949230" lon="113.557121">
				<speed>7.793322</speed>
				<ele>1592.000000</ele>
				<time>2025-09-29T04:34:36Z</time>
			</trkpt>
			<trkpt lat="38.949263" lon="113.556887">
				<speed>11.119023</speed>
				<ele>1594.000000</ele>
				<time>2025-09-29T04:34:38Z</time>
			</trkpt>
			<trkpt lat="38.949273" lon="113.556753">
				<speed>12.070802</speed>
				<ele>1596.000000</ele>
				<time>2025-09-29T04:34:39Z</time>
			</trkpt>
			<trkpt lat="38.949293" lon="113.556616">
				<speed>12.751741</speed>
				<ele>1598.000000</ele>
				<time>2025-09-29T04:34:40Z</time>
			</trkpt>
			<trkpt lat="38.949322" lon="113.556464">
				<speed>13.582785</speed>
				<ele>1600.000000</ele>
				<time>2025-09-29T04:34:41Z</time>
			</trkpt>
			<trkpt lat="38.949349" lon="113.556307">
				<speed>13.998602</speed>
				<ele>1602.000000</ele>
				<time>2025-09-29T04:34:42Z</time>
			</trkpt>
			<trkpt lat="38.949386" lon="113.556159">
				<speed>13.970529</speed>
				<ele>1604.000000</ele>
				<time>2025-09-29T04:34:43Z</time>
			</trkpt>
			<trkpt lat="38.949417" lon="113.556002">
				<speed>13.948178</speed>
				<ele>1604.000000</ele>
				<time>2025-09-29T04:34:44Z</time>
			</trkpt>
			<trkpt lat="38.949449" lon="113.555843">
				<speed>13.966372</speed>
				<ele>1605.000000</ele>
				<time>2025-09-29T04:34:45Z</time>
			</trkpt>
			<trkpt lat="38.949487" lon="113.555672">
				<speed>14.273741</speed>
				<ele>1606.000000</ele>
				<time>2025-09-29T04:34:46Z</time>
			</trkpt>
			<trkpt lat="38.949519" lon="113.555492">
				<speed>14.618634</speed>
				<ele>1606.000000</ele>
				<time>2025-09-29T04:34:47Z</time>
			</trkpt>
			<trkpt lat="38.949508" lon="113.555288">
				<speed>15.250603</speed>
				<ele>1607.000000</ele>
				<time>2025-09-29T04:34:48Z</time>
			</trkpt>
			<trkpt lat="38.949501" lon="113.555067">
				<speed>16.410156</speed>
				<ele>1608.000000</ele>
				<time>2025-09-29T04:34:49Z</time>
			</trkpt>
			<trkpt lat="38.949479" lon="113.554873">
				<speed>16.823481</speed>
				<ele>1610.000000</ele>
				<time>2025-09-29T04:34:50Z</time>
			</trkpt>
			<trkpt lat="38.949455" lon="113.554678">
				<speed>16.766302</speed>
				<ele>1610.000000</ele>
				<time>2025-09-29T04:34:51Z</time>
			</trkpt>
			<trkpt lat="38.949447" lon="113.554479">
				<speed>16.307123</speed>
				<ele>1611.000000</ele>
				<time>2025-09-29T04:34:52Z</time>
			</trkpt>
			<trkpt lat="38.949426" lon="113.554288">
				<speed>15.843182</speed>
				<ele>1612.000000</ele>
				<time>2025-09-29T04:34:53Z</time>
			</trkpt>
			<trkpt lat="38.949372" lon="113.554107">
				<speed>15.542339</speed>
				<ele>1612.000000</ele>
				<time>2025-09-29T04:34:54Z</time>
			</trkpt>
			<trkpt lat="38.949325" lon="113.553950">
				<speed>14.941205</speed>
				<ele>1614.000000</ele>
				<time>2025-09-29T04:34:55Z</time>
			</trkpt>
			<trkpt lat="38.949355" lon="113.553763">
				<speed>14.040269</speed>
				<ele>1615.000000</ele>
				<time>2025-09-29T04:34:56Z</time>
			</trkpt>
			<trkpt lat="38.949347" lon="113.553615">
				<speed>11.549618</speed>
				<ele>1615.000000</ele>
				<time>2025-09-29T04:34:57Z</time>
			</trkpt>
			<trkpt lat="38.949336" lon="113.553488">
				<speed>10.117799</speed>
				<ele>1615.000000</ele>
				<time>2025-09-29T04:34:58Z</time>
			</trkpt>
			<trkpt lat="38.949307" lon="113.553363">
				<speed>9.822909</speed>
				<ele>1614.000000</ele>
				<time>2025-09-29T04:34:59Z</time>
			</trkpt>
			<trkpt lat="38.949266" lon="113.553247">
				<speed>11.057192</speed>
				<ele>1615.000000</ele>
				<time>2025-09-29T04:35:00Z</time>
			</trkpt>
			<trkpt lat="38.949215" lon="113.553126">
				<speed>12.289343</speed>
				<ele>1616.000000</ele>
				<time>2025-09-29T04:35:01Z</time>
			</trkpt>
			<trkpt lat="38.949156" lon="113.553015">
				<speed>13.381065</speed>
				<ele>1616.000000</ele>
				<time>2025-09-29T04:35:02Z</time>
			</trkpt>
			<trkpt lat="38.949097" lon="113.552843">
				<speed>12.918490</speed>
				<ele>1618.000000</ele>
				<time>2025-09-29T04:35:04Z</time>
			</trkpt>
			<trkpt lat="38.949064" lon="113.552733">
				<speed>12.819647</speed>
				<ele>1620.000000</ele>
				<time>2025-09-29T04:35:05Z</time>
			</trkpt>
			<trkpt lat="38.949000" lon="113.552508">
				<speed>11.316140</speed>
				<ele>1622.000000</ele>
				<time>2025-09-29T04:35:07Z</time>
			</trkpt>
			<trkpt lat="38.948970" lon="113.552379">
				<speed>11.206370</speed>
				<ele>1622.000000</ele>
				<time>2025-09-29T04:35:08Z</time>
			</trkpt>
			<trkpt lat="38.948941" lon="113.552256">
				<speed>10.826639</speed>
				<ele>1623.000000</ele>
				<time>2025-09-29T04:35:09Z</time>
			</trkpt>
			<trkpt lat="38.948901" lon="113.552127">
				<speed>11.199111</speed>
				<ele>1624.000000</ele>
				<time>2025-09-29T04:35:10Z</time>
			</trkpt>
			<trkpt lat="38.948857" lon="113.552010">
				<speed>11.596184</speed>
				<ele>1625.000000</ele>
				<time>2025-09-29T04:35:11Z</time>
			</trkpt>
			<trkpt lat="38.948810" lon="113.551885">
				<speed>12.207199</speed>
				<ele>1626.000000</ele>
				<time>2025-09-29T04:35:12Z</time>
			</trkpt>
			<trkpt lat="38.948766" lon="113.551775">
				<speed>11.634415</speed>
				<ele>1627.000000</ele>
				<time>2025-09-29T04:35:13Z</time>
			</trkpt>
			<trkpt lat="38.948724" lon="113.551671">
				<speed>11.169397</speed>
				<ele>1628.000000</ele>
				<time>2025-09-29T04:35:14Z</time>
			</trkpt>
			<trkpt lat="38.948682" lon="113.551563">
				<speed>10.850687</speed>
				<ele>1629.000000</ele>
				<time>2025-09-29T04:35:15Z</time>
			</trkpt>
			<trkpt lat="38.948658" lon="113.551451">
				<speed>10.414722</speed>
				<ele>1630.000000</ele>
				<time>2025-09-29T04:35:16Z</time>
			</trkpt>
			<trkpt lat="38.948679" lon="113.551323">
				<speed>10.761806</speed>
				<ele>1631.000000</ele>
				<time>2025-09-29T04:35:17Z</time>
			</trkpt>
			<trkpt lat="38.948695" lon="113.551186">
				<speed>11.483217</speed>
				<ele>1632.000000</ele>
				<time>2025-09-29T04:35:18Z</time>
			</trkpt>
			<trkpt lat="38.948709" lon="113.551068">
				<speed>11.617964</speed>
				<ele>1632.000000</ele>
				<time>2025-09-29T04:35:19Z</time>
			</trkpt>
			<trkpt lat="38.948722" lon="113.550954">
				<speed>11.348445</speed>
				<ele>1632.000000</ele>
				<time>2025-09-29T04:35:20Z</time>
			</trkpt>
			<trkpt lat="38.948750" lon="113.550719">
				<speed>10.834233</speed>
				<ele>1634.000000</ele>
				<time>2025-09-29T04:35:22Z</time>
			</trkpt>
			<trkpt lat="38.948760" lon="113.550603">
				<speed>10.609584</speed>
				<ele>1634.000000</ele>
				<time>2025-09-29T04:35:23Z</time>
			</trkpt>
			<trkpt lat="38.948783" lon="113.550485">
				<speed>10.012356</speed>
				<ele>1635.000000</ele>
				<time>2025-09-29T04:35:24Z</time>
			</trkpt>
			<trkpt lat="38.948809" lon="113.550366">
				<speed>9.617894</speed>
				<ele>1635.000000</ele>
				<time>2025-09-29T04:35:25Z</time>
			</trkpt>
			<trkpt lat="38.948823" lon="113.550247">
				<speed>8.527182</speed>
				<ele>1635.000000</ele>
				<time>2025-09-29T04:35:26Z</time>
			</trkpt>
			<trkpt lat="38.948841" lon="113.550105">
				<speed>7.135602</speed>
				<ele>1635.000000</ele>
				<time>2025-09-29T04:35:28Z</time>
			</trkpt>
			<trkpt lat="38.948844" lon="113.549911">
				<speed>9.135458</speed>
				<ele>1637.000000</ele>
				<time>2025-09-29T04:35:30Z</time>
			</trkpt>
			<trkpt lat="38.948827" lon="113.549689">
				<speed>10.722794</speed>
				<ele>1638.000000</ele>
				<time>2025-09-29T04:35:32Z</time>
			</trkpt>
			<trkpt lat="38.948816" lon="113.549565">
				<speed>11.259565</speed>
				<ele>1639.000000</ele>
				<time>2025-09-29T04:35:33Z</time>
			</trkpt>
			<trkpt lat="38.948820" lon="113.549425">
				<speed>11.927958</speed>
				<ele>1640.000000</ele>
				<time>2025-09-29T04:35:34Z</time>
			</trkpt>
			<trkpt lat="38.948809" lon="113.549284">
				<speed>12.540075</speed>
				<ele>1641.000000</ele>
				<time>2025-09-29T04:35:35Z</time>
			</trkpt>
			<trkpt lat="38.948789" lon="113.549146">
				<speed>12.719755</speed>
				<ele>1643.000000</ele>
				<time>2025-09-29T04:35:36Z</time>
			</trkpt>
			<trkpt lat="38.948777" lon="113.548994">
				<speed>13.113298</speed>
				<ele>1644.000000</ele>
				<time>2025-09-29T04:35:37Z</time>
			</trkpt>
			<trkpt lat="38.948770" lon="113.548855">
				<speed>12.573480</speed>
				<ele>1646.000000</ele>
				<time>2025-09-29T04:35:38Z</time>
			</trkpt>
			<trkpt lat="38.948760" lon="113.548738">
				<speed>12.381067</speed>
				<ele>1647.000000</ele>
				<time>2025-09-29T04:35:39Z</time>
			</trkpt>
			<trkpt lat="38.948748" lon="113.548620">
				<speed>12.298173</speed>
				<ele>1648.000000</ele>
				<time>2025-09-29T04:35:40Z</time>
			</trkpt>
			<trkpt lat="38.948732" lon="113.548487">
				<speed>12.004626</speed>
				<ele>1649.000000</ele>
				<time>2025-09-29T04:35:41Z</time>
			</trkpt>
			<trkpt lat="38.948714" lon="113.548355">
				<speed>11.254228</speed>
				<ele>1650.000000</ele>
				<time>2025-09-29T04:35:42Z</time>
			</trkpt>
			<trkpt lat="38.948695" lon="113.548215">
				<speed>10.883722</speed>
				<ele>1650.000000</ele>
				<time>2025-09-29T04:35:43Z</time>
			</trkpt>
			<trkpt lat="38.948669" lon="113.548055">
				<speed>11.908850</speed>
				<ele>1650.000000</ele>
				<time>2025-09-29T04:35:44Z</time>
			</trkpt>
			<trkpt lat="38.948649" lon="113.547905">
				<speed>12.397358</speed>
				<ele>1650.000000</ele>
				<time>2025-09-29T04:35:45Z</time>
			</trkpt>
			<trkpt lat="38.948625" lon="113.547738">
				<speed>13.192674</speed>
				<ele>1650.000000</ele>
				<time>2025-09-29T04:35:46Z</time>
			</trkpt>
			<trkpt lat="38.948606" lon="113.547578">
				<speed>13.326618</speed>
				<ele>1650.000000</ele>
				<time>2025-09-29T04:35:47Z</time>
			</trkpt>
			<trkpt lat="38.948605" lon="113.547429">
				<speed>13.370895</speed>
				<ele>1649.000000</ele>
				<time>2025-09-29T04:35:48Z</time>
			</trkpt>
			<trkpt lat="38.948600" lon="113.547273">
				<speed>13.516828</speed>
				<ele>1649.000000</ele>
				<time>2025-09-29T04:35:49Z</time>
			</trkpt>
			<trkpt lat="38.948604" lon="113.547110">
				<speed>14.204151</speed>
				<ele>1649.000000</ele>
				<time>2025-09-29T04:35:50Z</time>
			</trkpt>
			<trkpt lat="38.948604" lon="113.546944">
				<speed>14.796705</speed>
				<ele>1649.000000</ele>
				<time>2025-09-29T04:35:51Z</time>
			</trkpt>
			<trkpt lat="38.948602" lon="113.546781">
				<speed>14.804786</speed>
				<ele>1649.000000</ele>
				<time>2025-09-29T04:35:52Z</time>
			</trkpt>
			<trkpt lat="38.948598" lon="113.546621">
				<speed>14.779928</speed>
				<ele>1649.000000</ele>
				<time>2025-09-29T04:35:53Z</time>
			</trkpt>
			<trkpt lat="38.948591" lon="113.546453">
				<speed>14.999072</speed>
				<ele>1649.000000</ele>
				<time>2025-09-29T04:35:54Z</time>
			</trkpt>
			<trkpt lat="38.948578" lon="113.546285">
				<speed>14.924026</speed>
				<ele>1650.000000</ele>
				<time>2025-09-29T04:35:55Z</time>
			</trkpt>
			<trkpt lat="38.948555" lon="113.546118">
				<speed>14.710069</speed>
				<ele>1650.000000</ele>
				<time>2025-09-29T04:35:56Z</time>
			</trkpt>
			<trkpt lat="38.948527" lon="113.545955">
				<speed>14.625073</speed>
				<ele>1651.000000</ele>
				<time>2025-09-29T04:35:57Z</time>
			</trkpt>
			<trkpt lat="38.948487" lon="113.545792">
				<speed>15.058915</speed>
				<ele>1652.000000</ele>
				<time>2025-09-29T04:35:58Z</time>
			</trkpt>
			<trkpt lat="38.948440" lon="113.545628">
				<speed>15.157886</speed>
				<ele>1653.000000</ele>
				<time>2025-09-29T04:35:59Z</time>
			</trkpt>
			<trkpt lat="38.948387" lon="113.545467">
				<speed>15.342099</speed>
				<ele>1654.000000</ele>
				<time>2025-09-29T04:36:00Z</time>
			</trkpt>
			<trkpt lat="38.948338" lon="113.545301">
				<speed>15.543100</speed>
				<ele>1655.000000</ele>
				<time>2025-09-29T04:36:01Z</time>
			</trkpt>
			<trkpt lat="38.948296" lon="113.545134">
				<speed>15.238039</speed>
				<ele>1656.000000</ele>
				<time>2025-09-29T04:36:02Z</time>
			</trkpt>
			<trkpt lat="38.948259" lon="113.544963">
				<speed>15.172705</speed>
				<ele>1655.000000</ele>
				<time>2025-09-29T04:36:03Z</time>
			</trkpt>
			<trkpt lat="38.948223" lon="113.544793">
				<speed>14.969826</speed>
				<ele>1657.000000</ele>
				<time>2025-09-29T04:36:04Z</time>
			</trkpt>
			<trkpt lat="38.948185" lon="113.544625">
				<speed>15.016611</speed>
				<ele>1657.000000</ele>
				<time>2025-09-29T04:36:05Z</time>
			</trkpt>
			<trkpt lat="38.948146" lon="113.544455">
				<speed>15.161570</speed>
				<ele>1658.000000</ele>
				<time>2025-09-29T04:36:06Z</time>
			</trkpt>
			<trkpt lat="38.948101" lon="113.544293">
				<speed>14.902040</speed>
				<ele>1658.000000</ele>
				<time>2025-09-29T04:36:07Z</time>
			</trkpt>
			<trkpt lat="38.948050" lon="113.544128">
				<speed>14.845850</speed>
				<ele>1659.000000</ele>
				<time>2025-09-29T04:36:08Z</time>
			</trkpt>
			<trkpt lat="38.947999" lon="113.543967">
				<speed>15.056314</speed>
				<ele>1660.000000</ele>
				<time>2025-09-29T04:36:09Z</time>
			</trkpt>
			<trkpt lat="38.947947" lon="113.543809">
				<speed>14.947067</speed>
				<ele>1660.000000</ele>
				<time>2025-09-29T04:36:10Z</time>
			</trkpt>
			<trkpt lat="38.947898" lon="113.543643">
				<speed>15.367468</speed>
				<ele>1660.000000</ele>
				<time>2025-09-29T04:36:11Z</time>
			</trkpt>
			<trkpt lat="38.947850" lon="113.543475">
				<speed>15.475202</speed>
				<ele>1661.000000</ele>
				<time>2025-09-29T04:36:13Z</time>
			</trkpt>
			<trkpt lat="38.947802" lon="113.543306">
				<speed>15.525123</speed>
				<ele>1662.000000</ele>
				<time>2025-09-29T04:36:14Z</time>
			</trkpt>
			<trkpt lat="38.947763" lon="113.543131">
				<speed>15.784962</speed>
				<ele>1663.000000</ele>
				<time>2025-09-29T04:36:15Z</time>
			</trkpt>
			<trkpt lat="38.947734" lon="113.542954">
				<speed>15.874842</speed>
				<ele>1663.000000</ele>
				<time>2025-09-29T04:36:16Z</time>
			</trkpt>
			<trkpt lat="38.947712" lon="113.542777">
				<speed>15.470613</speed>
				<ele>1664.000000</ele>
				<time>2025-09-29T04:36:17Z</time>
			</trkpt>
			<trkpt lat="38.947696" lon="113.542593">
				<speed>15.543674</speed>
				<ele>1665.000000</ele>
				<time>2025-09-29T04:36:18Z</time>
			</trkpt>
			<trkpt lat="38.947686" lon="113.542410">
				<speed>15.805196</speed>
				<ele>1665.000000</ele>
				<time>2025-09-29T04:36:19Z</time>
			</trkpt>
			<trkpt lat="38.947679" lon="113.542234">
				<speed>15.401375</speed>
				<ele>1667.000000</ele>
				<time>2025-09-29T04:36:20Z</time>
			</trkpt>
			<trkpt lat="38.947672" lon="113.542059">
				<speed>15.223316</speed>
				<ele>1668.000000</ele>
				<time>2025-09-29T04:36:21Z</time>
			</trkpt>
			<trkpt lat="38.947668" lon="113.541891">
				<speed>14.678868</speed>
				<ele>1669.000000</ele>
				<time>2025-09-29T04:36:22Z</time>
			</trkpt>
			<trkpt lat="38.947664" lon="113.541726">
				<speed>14.378862</speed>
				<ele>1670.000000</ele>
				<time>2025-09-29T04:36:23Z</time>
			</trkpt>
			<trkpt lat="38.947669" lon="113.541566">
				<speed>14.112731</speed>
				<ele>1671.000000</ele>
				<time>2025-09-29T04:36:24Z</time>
			</trkpt>
			<trkpt lat="38.947673" lon="113.541411">
				<speed>13.437760</speed>
				<ele>1671.000000</ele>
				<time>2025-09-29T04:36:25Z</time>
			</trkpt>
			<trkpt lat="38.947678" lon="113.541262">
				<speed>13.158731</speed>
				<ele>1672.000000</ele>
				<time>2025-09-29T04:36:26Z</time>
			</trkpt>
			<trkpt lat="38.947682" lon="113.541114">
				<speed>12.855816</speed>
				<ele>1673.000000</ele>
				<time>2025-09-29T04:36:27Z</time>
			</trkpt>
			<trkpt lat="38.947685" lon="113.540967">
				<speed>12.862377</speed>
				<ele>1673.000000</ele>
				<time>2025-09-29T04:36:28Z</time>
			</trkpt>
			<trkpt lat="38.947690" lon="113.540825">
				<speed>12.460065</speed>
				<ele>1673.000000</ele>
				<time>2025-09-29T04:36:29Z</time>
			</trkpt>
			<trkpt lat="38.947692" lon="113.540694">
				<speed>11.670819</speed>
				<ele>1674.000000</ele>
				<time>2025-09-29T04:36:29Z</time>
			</trkpt>
			<trkpt lat="38.947696" lon="113.540568">
				<speed>11.093839</speed>
				<ele>1675.000000</ele>
				<time>2025-09-29T04:36:30Z</time>
			</trkpt>
			<trkpt lat="38.947700" lon="113.540444">
				<speed>10.683558</speed>
				<ele>1676.000000</ele>
				<time>2025-09-29T04:36:31Z</time>
			</trkpt>
			<trkpt lat="38.947707" lon="113.540230">
				<speed>8.532872</speed>
				<ele>1677.000000</ele>
				<time>2025-09-29T04:36:33Z</time>
			</trkpt>
			<trkpt lat="38.947719" lon="113.540091">
				<speed>5.667165</speed>
				<ele>1677.000000</ele>
				<time>2025-09-29T04:36:35Z</time>
			</trkpt>
			<trkpt lat="38.947739" lon="113.539972">
				<speed>1.555451</speed>
				<ele>1677.000000</ele>
				<time>2025-09-29T04:36:39Z</time>
			</trkpt>
			<trkpt lat="38.947783" lon="113.539860">
				<speed>0.987284</speed>
				<ele>1676.000000</ele>
				<time>2025-09-29T04:47:55Z</time>
			</trkpt>
			<trkpt lat="38.947829" lon="113.539761">
				<speed>0.936513</speed>
				<ele>1677.000000</ele>
				<time>2025-09-29T04:48:06Z</time>
			</trkpt>
			<trkpt lat="38.947857" lon="113.539641">
				<speed>0.891024</speed>
				<ele>1677.000000</ele>
				<time>2025-09-29T04:48:17Z</time>
			</trkpt>
			<trkpt lat="38.947876" lon="113.539527">
				<speed>0.934710</speed>
				<ele>1677.000000</ele>
				<time>2025-09-29T04:48:27Z</time>
			</trkpt>
			<trkpt lat="38.947902" lon="113.539411">
				<speed>1.032232</speed>
				<ele>1678.000000</ele>
				<time>2025-09-29T04:48:37Z</time>
			</trkpt>
			<trkpt lat="38.947929" lon="113.539287">
				<speed>1.085551</speed>
				<ele>1679.000000</ele>
				<time>2025-09-29T04:48:48Z</time>
			</trkpt>
			<trkpt lat="38.947958" lon="113.539170">
				<speed>1.061233</speed>
				<ele>1678.000000</ele>
				<time>2025-09-29T04:48:59Z</time>
			</trkpt>
			<trkpt lat="38.948002" lon="113.539054">
				<speed>1.267116</speed>
				<ele>1680.000000</ele>
				<time>2025-09-29T04:49:09Z</time>
			</trkpt>
			<trkpt lat="38.948030" lon="113.538939">
				<speed>0.981398</speed>
				<ele>1682.000000</ele>
				<time>2025-09-29T04:49:19Z</time>
			</trkpt>
			<trkpt lat="38.948049" lon="113.538823">
				<speed>0.875870</speed>
				<ele>1682.000000</ele>
				<time>2025-09-29T04:49:29Z</time>
			</trkpt>
			<trkpt lat="38.948086" lon="113.538709">
				<speed>0.996918</speed>
				<ele>1683.000000</ele>
				<time>2025-09-29T04:49:39Z</time>
			</trkpt>
			<trkpt lat="38.948105" lon="113.538584">
				<speed>1.254393</speed>
				<ele>1683.000000</ele>
				<time>2025-09-29T04:49:49Z</time>
			</trkpt>
			<trkpt lat="38.948120" lon="113.538461">
				<speed>0.969153</speed>
				<ele>1683.000000</ele>
				<time>2025-09-29T04:50:00Z</time>
			</trkpt>
			<trkpt lat="38.948142" lon="113.538342">
				<speed>1.019398</speed>
				<ele>1684.000000</ele>
				<time>2025-09-29T04:50:11Z</time>
			</trkpt>
			<trkpt lat="38.948164" lon="113.538224">
				<speed>0.973500</speed>
				<ele>1684.000000</ele>
				<time>2025-09-29T04:50:21Z</time>
			</trkpt>
			<trkpt lat="38.948189" lon="113.538102">
				<speed>1.220488</speed>
				<ele>1687.000000</ele>
				<time>2025-09-29T04:50:31Z</time>
			</trkpt>
			<trkpt lat="38.948160" lon="113.537980">
				<speed>1.295171</speed>
				<ele>1687.000000</ele>
				<time>2025-09-29T04:50:46Z</time>
			</trkpt>
			<trkpt lat="38.948132" lon="113.537865">
				<speed>1.288645</speed>
				<ele>1687.000000</ele>
				<time>2025-09-29T04:50:55Z</time>
			</trkpt>
			<trkpt lat="38.948131" lon="113.537738">
				<speed>0.793451</speed>
				<ele>1687.000000</ele>
				<time>2025-09-29T04:51:07Z</time>
			</trkpt>
			<trkpt lat="38.948140" lon="113.537619">
				<speed>1.227037</speed>
				<ele>1686.000000</ele>
				<time>2025-09-29T04:51:21Z</time>
			</trkpt>
			<trkpt lat="38.948125" lon="113.537503">
				<speed>0.950015</speed>
				<ele>1688.000000</ele>
				<time>2025-09-29T04:51:31Z</time>
			</trkpt>
			<trkpt lat="38.948106" lon="113.537390">
				<speed>1.207998</speed>
				<ele>1688.000000</ele>
				<time>2025-09-29T04:51:40Z</time>
			</trkpt>
			<trkpt lat="38.948013" lon="113.537333">
				<speed>1.514423</speed>
				<ele>1690.000000</ele>
				<time>2025-09-29T04:51:58Z</time>
			</trkpt>
			<trkpt lat="38.947939" lon="113.537405">
				<speed>0.859173</speed>
				<ele>1691.000000</ele>
				<time>2025-09-29T04:52:35Z</time>
			</trkpt>
			<trkpt lat="38.947889" lon="113.537512">
				<speed>0.825481</speed>
				<ele>1691.000000</ele>
				<time>2025-09-29T04:52:47Z</time>
			</trkpt>
			<trkpt lat="38.947812" lon="113.537575">
				<speed>0.827209</speed>
				<ele>1692.000000</ele>
				<time>2025-09-29T04:52:58Z</time>
			</trkpt>
			<trkpt lat="38.947721" lon="113.537589">
				<speed>1.032713</speed>
				<ele>1692.000000</ele>
				<time>2025-09-29T04:53:09Z</time>
			</trkpt>
			<trkpt lat="38.947630" lon="113.537580">
				<speed>1.255194</speed>
				<ele>1692.000000</ele>
				<time>2025-09-29T04:53:17Z</time>
			</trkpt>
			<trkpt lat="38.947539" lon="113.537615">
				<speed>1.156336</speed>
				<ele>1694.000000</ele>
				<time>2025-09-29T04:53:30Z</time>
			</trkpt>
			<trkpt lat="38.947439" lon="113.537640">
				<speed>1.127044</speed>
				<ele>1695.000000</ele>
				<time>2025-09-29T04:53:40Z</time>
			</trkpt>
			<trkpt lat="38.947382" lon="113.537547">
				<speed>0.670518</speed>
				<ele>1695.000000</ele>
				<time>2025-09-29T04:53:49Z</time>
			</trkpt>
			<trkpt lat="38.947363" lon="113.537432">
				<speed>1.146384</speed>
				<ele>1696.000000</ele>
				<time>2025-09-29T04:54:01Z</time>
			</trkpt>
			<trkpt lat="38.947294" lon="113.537357">
				<speed>0.913790</speed>
				<ele>1699.000000</ele>
				<time>2025-09-29T04:54:17Z</time>
			</trkpt>
			<trkpt lat="38.947204" lon="113.537367">
				<speed>0.794920</speed>
				<ele>1697.000000</ele>
				<time>2025-09-29T05:31:38Z</time>
			</trkpt>
			<trkpt lat="38.947118" lon="113.537414">
				<speed>0.631289</speed>
				<ele>1698.000000</ele>
				<time>2025-09-29T05:31:50Z</time>
			</trkpt>
			<trkpt lat="38.947034" lon="113.537369">
				<speed>0.431525</speed>
				<ele>1704.000000</ele>
				<time>2025-09-29T05:32:37Z</time>
			</trkpt>
			<trkpt lat="38.946957" lon="113.537433">
				<speed>0.383750</speed>
				<ele>1707.000000</ele>
				<time>2025-09-29T05:33:07Z</time>
			</trkpt>
			<trkpt lat="38.946878" lon="113.537492">
				<speed>0.517403</speed>
				<ele>1711.000000</ele>
				<time>2025-09-29T05:33:51Z</time>
			</trkpt>
			<trkpt lat="38.946791" lon="113.537530">
				<speed>0.537455</speed>
				<ele>1714.000000</ele>
				<time>2025-09-29T05:34:19Z</time>
			</trkpt>
			<trkpt lat="38.946710" lon="113.537591">
				<speed>0.340032</speed>
				<ele>1718.000000</ele>
				<time>2025-09-29T05:34:39Z</time>
			</trkpt>
			<trkpt lat="38.946621" lon="113.537614">
				<speed>0.232367</speed>
				<ele>1720.000000</ele>
				<time>2025-09-29T05:35:03Z</time>
			</trkpt>
			<trkpt lat="38.946563" lon="113.537520">
				<speed>0.356326</speed>
				<ele>1723.000000</ele>
				<time>2025-09-29T05:35:25Z</time>
			</trkpt>
			<trkpt lat="38.946472" lon="113.537536">
				<speed>0.722617</speed>
				<ele>1728.000000</ele>
				<time>2025-09-29T05:35:54Z</time>
			</trkpt>
			<trkpt lat="38.946403" lon="113.537613">
				<speed>0.369257</speed>
				<ele>1731.000000</ele>
				<time>2025-09-29T05:36:18Z</time>
			</trkpt>
			<trkpt lat="38.946309" lon="113.537626">
				<speed>0.541023</speed>
				<ele>1735.000000</ele>
				<time>2025-09-29T05:36:51Z</time>
			</trkpt>
			<trkpt lat="38.946224" lon="113.537677">
				<speed>0.559020</speed>
				<ele>1738.000000</ele>
				<time>2025-09-29T05:37:17Z</time>
			</trkpt>
			<trkpt lat="38.946149" lon="113.537752">
				<speed>0.591019</speed>
				<ele>1741.000000</ele>
				<time>2025-09-29T05:37:40Z</time>
			</trkpt>
			<trkpt lat="38.946059" lon="113.537775">
				<speed>0.193290</speed>
				<ele>1746.000000</ele>
				<time>2025-09-29T05:38:11Z</time>
			</trkpt>
			<trkpt lat="38.945970" lon="113.537756">
				<speed>0.356623</speed>
				<ele>1750.000000</ele>
				<time>2025-09-29T05:38:44Z</time>
			</trkpt>
			<trkpt lat="38.945890" lon="113.537702">
				<speed>0.462266</speed>
				<ele>1753.000000</ele>
				<time>2025-09-29T05:39:12Z</time>
			</trkpt>
			<trkpt lat="38.945796" lon="113.537732">
				<speed>0.449001</speed>
				<ele>1758.000000</ele>
				<time>2025-09-29T05:39:47Z</time>
			</trkpt>
			<trkpt lat="38.945702" lon="113.537723">
				<speed>0.340705</speed>
				<ele>1764.000000</ele>
				<time>2025-09-29T05:40:26Z</time>
			</trkpt>
			<trkpt lat="38.945624" lon="113.537788">
				<speed>0.356144</speed>
				<ele>1767.000000</ele>
				<time>2025-09-29T05:40:48Z</time>
			</trkpt>
			<trkpt lat="38.945531" lon="113.537788">
				<speed>0.498975</speed>
				<ele>1771.000000</ele>
				<time>2025-09-29T05:41:20Z</time>
			</trkpt>
			<trkpt lat="38.945446" lon="113.537826">
				<speed>0.231905</speed>
				<ele>1776.000000</ele>
				<time>2025-09-29T05:41:45Z</time>
			</trkpt>
			<trkpt lat="38.945355" lon="113.537839">
				<speed>0.148115</speed>
				<ele>1778.000000</ele>
				<time>2025-09-29T05:42:19Z</time>
			</trkpt>
			<trkpt lat="38.945271" lon="113.537886">
				<speed>0.293507</speed>
				<ele>1781.000000</ele>
				<time>2025-09-29T05:42:44Z</time>
			</trkpt>
			<trkpt lat="38.945180" lon="113.537900">
				<speed>0.365918</speed>
				<ele>1785.000000</ele>
				<time>2025-09-29T05:43:12Z</time>
			</trkpt>
			<trkpt lat="38.945096" lon="113.537855">
				<speed>0.595306</speed>
				<ele>1790.000000</ele>
				<time>2025-09-29T05:43:38Z</time>
			</trkpt>
			<trkpt lat="38.945006" lon="113.537856">
				<speed>0.542075</speed>
				<ele>1793.000000</ele>
				<time>2025-09-29T05:44:39Z</time>
			</trkpt>
			<trkpt lat="38.944916" lon="113.537838">
				<speed>0.360884</speed>
				<ele>1796.000000</ele>
				<time>2025-09-29T05:45:01Z</time>
			</trkpt>
			<trkpt lat="38.944839" lon="113.537903">
				<speed>0.507958</speed>
				<ele>1799.000000</ele>
				<time>2025-09-29T05:45:30Z</time>
			</trkpt>
			<trkpt lat="38.944752" lon="113.537870">
				<speed>0.090222</speed>
				<ele>1802.000000</ele>
				<time>2025-09-29T05:45:49Z</time>
			</trkpt>
			<trkpt lat="38.944664" lon="113.537915">
				<speed>0.413622</speed>
				<ele>1805.000000</ele>
				<time>2025-09-29T05:46:13Z</time>
			</trkpt>
			<trkpt lat="38.944613" lon="113.538012">
				<speed>0.161745</speed>
				<ele>1809.000000</ele>
				<time>2025-09-29T05:46:39Z</time>
			</trkpt>
			<trkpt lat="38.944535" lon="113.538083">
				<speed>0.692713</speed>
				<ele>1811.000000</ele>
				<time>2025-09-29T05:47:01Z</time>
			</trkpt>
			<trkpt lat="38.944441" lon="113.538089">
				<speed>0.540597</speed>
				<ele>1813.000000</ele>
				<time>2025-09-29T05:47:23Z</time>
			</trkpt>
			<trkpt lat="38.944347" lon="113.538099">
				<speed>0.707906</speed>
				<ele>1817.000000</ele>
				<time>2025-09-29T05:49:39Z</time>
			</trkpt>
			<trkpt lat="38.944296" lon="113.538200">
				<speed>0.549864</speed>
				<ele>1820.000000</ele>
				<time>2025-09-29T05:50:00Z</time>
			</trkpt>
			<trkpt lat="38.944206" lon="113.538180">
				<speed>0.402103</speed>
				<ele>1823.000000</ele>
				<time>2025-09-29T05:50:17Z</time>
			</trkpt>
			<trkpt lat="38.944135" lon="113.538254">
				<speed>0.449394</speed>
				<ele>1826.000000</ele>
				<time>2025-09-29T05:50:39Z</time>
			</trkpt>
			<trkpt lat="38.944093" lon="113.538370">
				<speed>0.884097</speed>
				<ele>1829.000000</ele>
				<time>2025-09-29T05:50:56Z</time>
			</trkpt>
			<trkpt lat="38.944009" lon="113.538438">
				<speed>1.141602</speed>
				<ele>1831.000000</ele>
				<time>2025-09-29T05:51:18Z</time>
			</trkpt>
			<trkpt lat="38.943920" lon="113.538454">
				<speed>0.448239</speed>
				<ele>1835.000000</ele>
				<time>2025-09-29T05:51:46Z</time>
			</trkpt>
			<trkpt lat="38.943842" lon="113.538514">
				<speed>0.211866</speed>
				<ele>1839.000000</ele>
				<time>2025-09-29T05:52:19Z</time>
			</trkpt>
			<trkpt lat="38.943792" lon="113.538611">
				<speed>0.100224</speed>
				<ele>1842.000000</ele>
				<time>2025-09-29T05:52:46Z</time>
			</trkpt>
			<trkpt lat="38.943725" lon="113.538699">
				<speed>0.525345</speed>
				<ele>1846.000000</ele>
				<time>2025-09-29T05:53:09Z</time>
			</trkpt>
			<trkpt lat="38.943644" lon="113.538748">
				<speed>0.779606</speed>
				<ele>1849.000000</ele>
				<time>2025-09-29T05:53:52Z</time>
			</trkpt>
			<trkpt lat="38.943564" lon="113.538803">
				<speed>0.269959</speed>
				<ele>1851.000000</ele>
				<time>2025-09-29T05:54:16Z</time>
			</trkpt>
			<trkpt lat="38.943474" lon="113.538856">
				<speed>0.671286</speed>
				<ele>1854.000000</ele>
				<time>2025-09-29T05:54:35Z</time>
			</trkpt>
			<trkpt lat="38.943409" lon="113.538943">
				<speed>0.400046</speed>
				<ele>1857.000000</ele>
				<time>2025-09-29T05:54:53Z</time>
			</trkpt>
			<trkpt lat="38.943327" lon="113.539005">
				<speed>0.655097</speed>
				<ele>1860.000000</ele>
				<time>2025-09-29T05:55:26Z</time>
			</trkpt>
			<trkpt lat="38.943259" lon="113.539082">
				<speed>0.613473</speed>
				<ele>1862.000000</ele>
				<time>2025-09-29T05:55:46Z</time>
			</trkpt>
			<trkpt lat="38.943174" lon="113.539128">
				<speed>0.276226</speed>
				<ele>1865.000000</ele>
				<time>2025-09-29T05:56:09Z</time>
			</trkpt>
			<trkpt lat="38.943085" lon="113.539150">
				<speed>0.071904</speed>
				<ele>1868.000000</ele>
				<time>2025-09-29T05:56:27Z</time>
			</trkpt>
			<trkpt lat="38.943003" lon="113.539198">
				<speed>0.087065</speed>
				<ele>1870.000000</ele>
				<time>2025-09-29T05:56:43Z</time>
			</trkpt>
			<trkpt lat="38.942929" lon="113.539264">
				<speed>0.071918</speed>
				<ele>1872.000000</ele>
				<time>2025-09-29T05:56:58Z</time>
			</trkpt>
			<trkpt lat="38.942854" lon="113.539333">
				<speed>0.064919</speed>
				<ele>1875.000000</ele>
				<time>2025-09-29T05:57:15Z</time>
			</trkpt>
			<trkpt lat="38.942769" lon="113.539375">
				<speed>0.084452</speed>
				<ele>1878.000000</ele>
				<time>2025-09-29T05:57:31Z</time>
			</trkpt>
			<trkpt lat="38.942677" lon="113.539382">
				<speed>0.079688</speed>
				<ele>1880.000000</ele>
				<time>2025-09-29T05:57:48Z</time>
			</trkpt>
			<trkpt lat="38.942587" lon="113.539397">
				<speed>0.077627</speed>
				<ele>1881.000000</ele>
				<time>2025-09-29T05:58:05Z</time>
			</trkpt>
			<trkpt lat="38.942492" lon="113.539382">
				<speed>0.706817</speed>
				<ele>1885.000000</ele>
				<time>2025-09-29T05:58:24Z</time>
			</trkpt>
			<trkpt lat="38.942403" lon="113.539350">
				<speed>0.787564</speed>
				<ele>1887.000000</ele>
				<time>2025-09-29T05:58:37Z</time>
			</trkpt>
			<trkpt lat="38.942311" lon="113.539319">
				<speed>0.943545</speed>
				<ele>1890.000000</ele>
				<time>2025-09-29T05:58:52Z</time>
			</trkpt>
			<trkpt lat="38.942222" lon="113.539292">
				<speed>0.538621</speed>
				<ele>1892.000000</ele>
				<time>2025-09-29T05:59:06Z</time>
			</trkpt>
			<trkpt lat="38.942123" lon="113.539309">
				<speed>0.862703</speed>
				<ele>1895.000000</ele>
				<time>2025-09-29T05:59:21Z</time>
			</trkpt>
			<trkpt lat="38.942046" lon="113.539236">
				<speed>0.943516</speed>
				<ele>1894.000000</ele>
				<time>2025-09-29T05:59:41Z</time>
			</trkpt>
			<trkpt lat="38.941986" lon="113.539139">
				<speed>0.715163</speed>
				<ele>1898.000000</ele>
				<time>2025-09-29T06:00:13Z</time>
			</trkpt>
			<trkpt lat="38.941899" lon="113.539091">
				<speed>0.593554</speed>
				<ele>1899.000000</ele>
				<time>2025-09-29T06:00:30Z</time>
			</trkpt>
			<trkpt lat="38.941823" lon="113.539030">
				<speed>0.437186</speed>
				<ele>1903.000000</ele>
				<time>2025-09-29T06:01:02Z</time>
			</trkpt>
			<trkpt lat="38.941731" lon="113.539020">
				<speed>0.749221</speed>
				<ele>1908.000000</ele>
				<time>2025-09-29T06:01:23Z</time>
			</trkpt>
			<trkpt lat="38.941645" lon="113.538953">
				<speed>0.996397</speed>
				<ele>1914.000000</ele>
				<time>2025-09-29T06:01:45Z</time>
			</trkpt>
			<trkpt lat="38.941555" lon="113.538934">
				<speed>0.399976</speed>
				<ele>1915.000000</ele>
				<time>2025-09-29T06:04:08Z</time>
			</trkpt>
			<trkpt lat="38.941490" lon="113.538846">
				<speed>0.899321</speed>
				<ele>1917.000000</ele>
				<time>2025-09-29T06:04:23Z</time>
			</trkpt>
			<trkpt lat="38.941430" lon="113.538757">
				<speed>0.655028</speed>
				<ele>1919.000000</ele>
				<time>2025-09-29T06:04:40Z</time>
			</trkpt>
			<trkpt lat="38.941354" lon="113.538680">
				<speed>0.686924</speed>
				<ele>1922.000000</ele>
				<time>2025-09-29T06:04:56Z</time>
			</trkpt>
			<trkpt lat="38.941266" lon="113.538659">
				<speed>0.546789</speed>
				<ele>1925.000000</ele>
				<time>2025-09-29T06:05:16Z</time>
			</trkpt>
			<trkpt lat="38.941175" lon="113.538632">
				<speed>0.904554</speed>
				<ele>1926.000000</ele>
				<time>2025-09-29T06:05:30Z</time>
			</trkpt>
			<trkpt lat="38.941080" lon="113.538631">
				<speed>0.862279</speed>
				<ele>1926.000000</ele>
				<time>2025-09-29T06:05:43Z</time>
			</trkpt>
			<trkpt lat="38.940988" lon="113.538622">
				<speed>1.058768</speed>
				<ele>1927.000000</ele>
				<time>2025-09-29T06:05:53Z</time>
			</trkpt>
			<trkpt lat="38.940896" lon="113.538606">
				<speed>0.808684</speed>
				<ele>1927.000000</ele>
				<time>2025-09-29T06:06:04Z</time>
			</trkpt>
			<trkpt lat="38.940797" lon="113.538594">
				<speed>0.783449</speed>
				<ele>1930.000000</ele>
				<time>2025-09-29T06:06:20Z</time>
			</trkpt>
			<trkpt lat="38.940712" lon="113.538538">
				<speed>0.815860</speed>
				<ele>1931.000000</ele>
				<time>2025-09-29T06:06:34Z</time>
			</trkpt>
			<trkpt lat="38.940630" lon="113.538487">
				<speed>0.731255</speed>
				<ele>1932.000000</ele>
				<time>2025-09-29T06:06:46Z</time>
			</trkpt>
			<trkpt lat="38.940543" lon="113.538453">
				<speed>0.712560</speed>
				<ele>1935.000000</ele>
				<time>2025-09-29T06:07:01Z</time>
			</trkpt>
			<trkpt lat="38.940448" lon="113.538416">
				<speed>0.914988</speed>
				<ele>1935.000000</ele>
				<time>2025-09-29T06:07:15Z</time>
			</trkpt>
			<trkpt lat="38.940356" lon="113.538408">
				<speed>0.829946</speed>
				<ele>1938.000000</ele>
				<time>2025-09-29T06:07:27Z</time>
			</trkpt>
			<trkpt lat="38.940263" lon="113.538395">
				<speed>0.809059</speed>
				<ele>1938.000000</ele>
				<time>2025-09-29T06:07:41Z</time>
			</trkpt>
			<trkpt lat="38.940169" lon="113.538377">
				<speed>0.994037</speed>
				<ele>1939.000000</ele>
				<time>2025-09-29T06:07:53Z</time>
			</trkpt>
			<trkpt lat="38.940082" lon="113.538413">
				<speed>0.640734</speed>
				<ele>1941.000000</ele>
				<time>2025-09-29T06:08:09Z</time>
			</trkpt>
			<trkpt lat="38.939987" lon="113.538423">
				<speed>0.652781</speed>
				<ele>1944.000000</ele>
				<time>2025-09-29T06:08:26Z</time>
			</trkpt>
			<trkpt lat="38.939898" lon="113.538447">
				<speed>0.578959</speed>
				<ele>1946.000000</ele>
				<time>2025-09-29T06:08:42Z</time>
			</trkpt>
			<trkpt lat="38.939808" lon="113.538450">
				<speed>0.542207</speed>
				<ele>1949.000000</ele>
				<time>2025-09-29T06:09:08Z</time>
			</trkpt>
			<trkpt lat="38.939717" lon="113.538451">
				<speed>0.438722</speed>
				<ele>1951.000000</ele>
				<time>2025-09-29T06:09:27Z</time>
			</trkpt>
			<trkpt lat="38.939621" lon="113.538461">
				<speed>0.685265</speed>
				<ele>1954.000000</ele>
				<time>2025-09-29T06:09:44Z</time>
			</trkpt>
			<trkpt lat="38.939539" lon="113.538403">
				<speed>0.780773</speed>
				<ele>1955.000000</ele>
				<time>2025-09-29T06:09:59Z</time>
			</trkpt>
			<trkpt lat="38.939445" lon="113.538377">
				<speed>0.751285</speed>
				<ele>1957.000000</ele>
				<time>2025-09-29T06:10:13Z</time>
			</trkpt>
			<trkpt lat="38.939415" lon="113.538499">
				<speed>0.770691</speed>
				<ele>1960.000000</ele>
				<time>2025-09-29T06:10:58Z</time>
			</trkpt>
			<trkpt lat="38.939382" lon="113.538611">
				<speed>0.550383</speed>
				<ele>1965.000000</ele>
				<time>2025-09-29T06:14:32Z</time>
			</trkpt>
			<trkpt lat="38.939292" lon="113.538649">
				<speed>0.350884</speed>
				<ele>1970.000000</ele>
				<time>2025-09-29T06:14:57Z</time>
			</trkpt>
			<trkpt lat="38.939200" lon="113.538678">
				<speed>0.402263</speed>
				<ele>1973.000000</ele>
				<time>2025-09-29T06:15:22Z</time>
			</trkpt>
			<trkpt lat="38.939126" lon="113.538751">
				<speed>0.348934</speed>
				<ele>1976.000000</ele>
				<time>2025-09-29T06:15:43Z</time>
			</trkpt>
			<trkpt lat="38.939036" lon="113.538791">
				<speed>0.669085</speed>
				<ele>1979.000000</ele>
				<time>2025-09-29T06:16:04Z</time>
			</trkpt>
			<trkpt lat="38.938948" lon="113.538822">
				<speed>0.334738</speed>
				<ele>1984.000000</ele>
				<time>2025-09-29T06:16:28Z</time>
			</trkpt>
			<trkpt lat="38.938859" lon="113.538846">
				<speed>0.826045</speed>
				<ele>1987.000000</ele>
				<time>2025-09-29T06:16:59Z</time>
			</trkpt>
			<trkpt lat="38.938771" lon="113.538874">
				<speed>0.224885</speed>
				<ele>1992.000000</ele>
				<time>2025-09-29T06:17:25Z</time>
			</trkpt>
			<trkpt lat="38.938683" lon="113.538910">
				<speed>0.549052</speed>
				<ele>1996.000000</ele>
				<time>2025-09-29T06:18:05Z</time>
			</trkpt>
			<trkpt lat="38.938590" lon="113.538928">
				<speed>0.582091</speed>
				<ele>1999.000000</ele>
				<time>2025-09-29T06:18:33Z</time>
			</trkpt>
			<trkpt lat="38.938503" lon="113.538963">
				<speed>0.660708</speed>
				<ele>2004.000000</ele>
				<time>2025-09-29T06:19:40Z</time>
			</trkpt>
			<trkpt lat="38.938422" lon="113.538904">
				<speed>0.688186</speed>
				<ele>2006.000000</ele>
				<time>2025-09-29T06:19:55Z</time>
			</trkpt>
			<trkpt lat="38.938326" lon="113.538891">
				<speed>0.748222</speed>
				<ele>2008.000000</ele>
				<time>2025-09-29T06:20:10Z</time>
			</trkpt>
			<trkpt lat="38.938228" lon="113.538877">
				<speed>0.819304</speed>
				<ele>2010.000000</ele>
				<time>2025-09-29T06:20:27Z</time>
			</trkpt>
			<trkpt lat="38.938138" lon="113.538860">
				<speed>0.601934</speed>
				<ele>2015.000000</ele>
				<time>2025-09-29T06:20:44Z</time>
			</trkpt>
			<trkpt lat="38.938048" lon="113.538847">
				<speed>0.713287</speed>
				<ele>2017.000000</ele>
				<time>2025-09-29T06:21:00Z</time>
			</trkpt>
			<trkpt lat="38.937953" lon="113.538839">
				<speed>0.583552</speed>
				<ele>2021.000000</ele>
				<time>2025-09-29T06:21:20Z</time>
			</trkpt>
			<trkpt lat="38.937862" lon="113.538854">
				<speed>0.536275</speed>
				<ele>2023.000000</ele>
				<time>2025-09-29T06:21:51Z</time>
			</trkpt>
			<trkpt lat="38.937769" lon="113.538872">
				<speed>0.438365</speed>
				<ele>2028.000000</ele>
				<time>2025-09-29T06:22:16Z</time>
			</trkpt>
			<trkpt lat="38.937676" lon="113.538869">
				<speed>0.612024</speed>
				<ele>2033.000000</ele>
				<time>2025-09-29T06:22:46Z</time>
			</trkpt>
			<trkpt lat="38.937583" lon="113.538893">
				<speed>0.858124</speed>
				<ele>2037.000000</ele>
				<time>2025-09-29T06:23:10Z</time>
			</trkpt>
			<trkpt lat="38.937492" lon="113.538912">
				<speed>0.534446</speed>
				<ele>2040.000000</ele>
				<time>2025-09-29T06:24:45Z</time>
			</trkpt>
			<trkpt lat="38.937429" lon="113.538994">
				<speed>0.776101</speed>
				<ele>2042.000000</ele>
				<time>2025-09-29T06:25:01Z</time>
			</trkpt>
			<trkpt lat="38.937334" lon="113.538969">
				<speed>1.000215</speed>
				<ele>2045.000000</ele>
				<time>2025-09-29T06:25:17Z</time>
			</trkpt>
			<trkpt lat="38.937256" lon="113.538910">
				<speed>0.599181</speed>
				<ele>2048.000000</ele>
				<time>2025-09-29T06:25:31Z</time>
			</trkpt>
			<trkpt lat="38.937167" lon="113.538879">
				<speed>0.458342</speed>
				<ele>2051.000000</ele>
				<time>2025-09-29T06:25:48Z</time>
			</trkpt>
			<trkpt lat="38.937075" lon="113.538888">
				<speed>0.478629</speed>
				<ele>2057.000000</ele>
				<time>2025-09-29T06:26:39Z</time>
			</trkpt>
			<trkpt lat="38.936982" lon="113.538901">
				<speed>0.753568</speed>
				<ele>2057.000000</ele>
				<time>2025-09-29T06:26:54Z</time>
			</trkpt>
			<trkpt lat="38.936894" lon="113.538943">
				<speed>0.573280</speed>
				<ele>2060.000000</ele>
				<time>2025-09-29T06:27:11Z</time>
			</trkpt>
			<trkpt lat="38.936800" lon="113.538914">
				<speed>0.765379</speed>
				<ele>2064.000000</ele>
				<time>2025-09-29T06:27:27Z</time>
			</trkpt>
			<trkpt lat="38.936707" lon="113.538924">
				<speed>0.560625</speed>
				<ele>2066.000000</ele>
				<time>2025-09-29T06:27:42Z</time>
			</trkpt>
			<trkpt lat="38.936617" lon="113.538929">
				<speed>0.744667</speed>
				<ele>2070.000000</ele>
				<time>2025-09-29T06:29:13Z</time>
			</trkpt>
			<trkpt lat="38.936524" lon="113.538921">
				<speed>0.720210</speed>
				<ele>2073.000000</ele>
				<time>2025-09-29T06:29:27Z</time>
			</trkpt>
			<trkpt lat="38.936429" lon="113.538910">
				<speed>0.948900</speed>
				<ele>2076.000000</ele>
				<time>2025-09-29T06:29:39Z</time>
			</trkpt>
			<trkpt lat="38.936323" lon="113.538882">
				<speed>1.394615</speed>
				<ele>2079.000000</ele>
				<time>2025-09-29T06:30:06Z</time>
			</trkpt>
			<trkpt lat="38.936232" lon="113.538893">
				<speed>0.566319</speed>
				<ele>2084.000000</ele>
				<time>2025-09-29T06:40:29Z</time>
			</trkpt>
			<trkpt lat="38.936136" lon="113.538898">
				<speed>0.488857</speed>
				<ele>2086.000000</ele>
				<time>2025-09-29T06:40:49Z</time>
			</trkpt>
			<trkpt lat="38.936044" lon="113.538916">
				<speed>0.540583</speed>
				<ele>2091.000000</ele>
				<time>2025-09-29T06:41:10Z</time>
			</trkpt>
			<trkpt lat="38.935955" lon="113.538932">
				<speed>0.556561</speed>
				<ele>2095.000000</ele>
				<time>2025-09-29T06:41:29Z</time>
			</trkpt>
			<trkpt lat="38.935865" lon="113.538969">
				<speed>0.633945</speed>
				<ele>2097.000000</ele>
				<time>2025-09-29T06:41:47Z</time>
			</trkpt>
			<trkpt lat="38.935779" lon="113.539005">
				<speed>0.624119</speed>
				<ele>2099.000000</ele>
				<time>2025-09-29T06:42:03Z</time>
			</trkpt>
			<trkpt lat="38.935687" lon="113.538993">
				<speed>0.676999</speed>
				<ele>2104.000000</ele>
				<time>2025-09-29T06:42:20Z</time>
			</trkpt>
			<trkpt lat="38.935595" lon="113.539016">
				<speed>0.400707</speed>
				<ele>2108.000000</ele>
				<time>2025-09-29T06:42:38Z</time>
			</trkpt>
			<trkpt lat="38.935544" lon="113.539111">
				<speed>0.337448</speed>
				<ele>2111.000000</ele>
				<time>2025-09-29T06:42:57Z</time>
			</trkpt>
			<trkpt lat="38.935525" lon="113.539233">
				<speed>0.823918</speed>
				<ele>2113.000000</ele>
				<time>2025-09-29T06:45:25Z</time>
			</trkpt>
			<trkpt lat="38.935536" lon="113.539117">
				<speed>0.119899</speed>
				<ele>2111.000000</ele>
				<time>2025-09-29T06:46:30Z</time>
			</trkpt>
			<trkpt lat="38.935455" lon="113.539049">
				<speed>0.787160</speed>
				<ele>2114.000000</ele>
				<time>2025-09-29T06:47:10Z</time>
			</trkpt>
			<trkpt lat="38.935370" lon="113.539097">
				<speed>0.492047</speed>
				<ele>2119.000000</ele>
				<time>2025-09-29T06:47:33Z</time>
			</trkpt>
			<trkpt lat="38.935278" lon="113.539108">
				<speed>0.283658</speed>
				<ele>2121.000000</ele>
				<time>2025-09-29T06:48:07Z</time>
			</trkpt>
			<trkpt lat="38.935186" lon="113.539092">
				<speed>0.237670</speed>
				<ele>2125.000000</ele>
				<time>2025-09-29T06:48:33Z</time>
			</trkpt>
			<trkpt lat="38.935093" lon="113.539116">
				<speed>0.571303</speed>
				<ele>2128.000000</ele>
				<time>2025-09-29T06:48:56Z</time>
			</trkpt>
			<trkpt lat="38.934999" lon="113.539125">
				<speed>0.152190</speed>
				<ele>2133.000000</ele>
				<time>2025-09-29T06:49:18Z</time>
			</trkpt>
			<trkpt lat="38.934908" lon="113.539082">
				<speed>0.436632</speed>
				<ele>2136.000000</ele>
				<time>2025-09-29T06:49:41Z</time>
			</trkpt>
			<trkpt lat="38.934815" lon="113.539089">
				<speed>0.348376</speed>
				<ele>2140.000000</ele>
				<time>2025-09-29T06:50:07Z</time>
			</trkpt>
			<trkpt lat="38.934726" lon="113.539109">
				<speed>0.310001</speed>
				<ele>2142.000000</ele>
				<time>2025-09-29T06:50:25Z</time>
			</trkpt>
			<trkpt lat="38.934636" lon="113.539075">
				<speed>0.073148</speed>
				<ele>2147.000000</ele>
				<time>2025-09-29T06:51:49Z</time>
			</trkpt>
			<trkpt lat="38.934545" lon="113.539058">
				<speed>0.629556</speed>
				<ele>2151.000000</ele>
				<time>2025-09-29T06:52:10Z</time>
			</trkpt>
			<trkpt lat="38.934454" lon="113.539042">
				<speed>0.707821</speed>
				<ele>2154.000000</ele>
				<time>2025-09-29T06:52:32Z</time>
			</trkpt>
			<trkpt lat="38.934367" lon="113.538993">
				<speed>0.461507</speed>
				<ele>2158.000000</ele>
				<time>2025-09-29T06:52:50Z</time>
			</trkpt>
			<trkpt lat="38.934279" lon="113.538964">
				<speed>0.747043</speed>
				<ele>2162.000000</ele>
				<time>2025-09-29T06:53:16Z</time>
			</trkpt>
			<trkpt lat="38.934184" lon="113.538954">
				<speed>0.565148</speed>
				<ele>2164.000000</ele>
				<time>2025-09-29T06:54:39Z</time>
			</trkpt>
			<trkpt lat="38.934094" lon="113.538975">
				<speed>0.314078</speed>
				<ele>2168.000000</ele>
				<time>2025-09-29T06:54:58Z</time>
			</trkpt>
			<trkpt lat="38.934000" lon="113.538979">
				<speed>0.565400</speed>
				<ele>2171.000000</ele>
				<time>2025-09-29T06:55:17Z</time>
			</trkpt>
			<trkpt lat="38.933910" lon="113.538950">
				<speed>0.511977</speed>
				<ele>2174.000000</ele>
				<time>2025-09-29T06:55:44Z</time>
			</trkpt>
			<trkpt lat="38.933825" lon="113.538898">
				<speed>0.350212</speed>
				<ele>2179.000000</ele>
				<time>2025-09-29T06:56:27Z</time>
			</trkpt>
			<trkpt lat="38.933735" lon="113.538871">
				<speed>0.550418</speed>
				<ele>2183.000000</ele>
				<time>2025-09-29T06:56:54Z</time>
			</trkpt>
			<trkpt lat="38.933643" lon="113.538864">
				<speed>0.226957</speed>
				<ele>2185.000000</ele>
				<time>2025-09-29T06:57:21Z</time>
			</trkpt>
			<trkpt lat="38.933553" lon="113.538827">
				<speed>0.644094</speed>
				<ele>2192.000000</ele>
				<time>2025-09-29T06:58:18Z</time>
			</trkpt>
			<trkpt lat="38.933464" lon="113.538810">
				<speed>0.144566</speed>
				<ele>2194.000000</ele>
				<time>2025-09-29T06:59:05Z</time>
			</trkpt>
			<trkpt lat="38.933370" lon="113.538820">
				<speed>0.301519</speed>
				<ele>2199.000000</ele>
				<time>2025-09-29T06:59:28Z</time>
			</trkpt>
			<trkpt lat="38.933284" lon="113.538778">
				<speed>0.500844</speed>
				<ele>2199.000000</ele>
				<time>2025-09-29T07:00:44Z</time>
			</trkpt>
			<trkpt lat="38.933205" lon="113.538708">
				<speed>0.647140</speed>
				<ele>2205.000000</ele>
				<time>2025-09-29T07:01:01Z</time>
			</trkpt>
			<trkpt lat="38.933117" lon="113.538682">
				<speed>0.460459</speed>
				<ele>2208.000000</ele>
				<time>2025-09-29T07:01:25Z</time>
			</trkpt>
			<trkpt lat="38.933027" lon="113.538697">
				<speed>0.104123</speed>
				<ele>2214.000000</ele>
				<time>2025-09-29T07:01:52Z</time>
			</trkpt>
			<trkpt lat="38.932949" lon="113.538635">
				<speed>0.547339</speed>
				<ele>2216.000000</ele>
				<time>2025-09-29T07:02:10Z</time>
			</trkpt>
			<trkpt lat="38.932875" lon="113.538560">
				<speed>0.550117</speed>
				<ele>2220.000000</ele>
				<time>2025-09-29T07:02:39Z</time>
			</trkpt>
			<trkpt lat="38.932783" lon="113.538557">
				<speed>0.638894</speed>
				<ele>2222.000000</ele>
				<time>2025-09-29T07:02:56Z</time>
			</trkpt>
			<trkpt lat="38.932712" lon="113.538480">
				<speed>0.614234</speed>
				<ele>2226.000000</ele>
				<time>2025-09-29T07:03:14Z</time>
			</trkpt>
			<trkpt lat="38.932631" lon="113.538427">
				<speed>0.182924</speed>
				<ele>2232.000000</ele>
				<time>2025-09-29T07:05:09Z</time>
			</trkpt>
			<trkpt lat="38.932546" lon="113.538467">
				<speed>0.218985</speed>
				<ele>2238.000000</ele>
				<time>2025-09-29T07:06:17Z</time>
			</trkpt>
			<trkpt lat="38.932449" lon="113.538458">
				<speed>0.425629</speed>
				<ele>2242.000000</ele>
				<time>2025-09-29T07:06:41Z</time>
			</trkpt>
			<trkpt lat="38.932361" lon="113.538434">
				<speed>0.195250</speed>
				<ele>2247.000000</ele>
				<time>2025-09-29T07:07:11Z</time>
			</trkpt>
			<trkpt lat="38.932268" lon="113.538421">
				<speed>0.452324</speed>
				<ele>2250.000000</ele>
				<time>2025-09-29T07:08:26Z</time>
			</trkpt>
			<trkpt lat="38.932177" lon="113.538366">
				<speed>1.243160</speed>
				<ele>2255.000000</ele>
				<time>2025-09-29T07:08:47Z</time>
			</trkpt>
			<trkpt lat="38.932082" lon="113.538359">
				<speed>0.563937</speed>
				<ele>2257.000000</ele>
				<time>2025-09-29T07:10:01Z</time>
			</trkpt>
			<trkpt lat="38.931995" lon="113.538325">
				<speed>0.404418</speed>
				<ele>2261.000000</ele>
				<time>2025-09-29T07:10:23Z</time>
			</trkpt>
			<trkpt lat="38.931904" lon="113.538313">
				<speed>0.519520</speed>
				<ele>2265.000000</ele>
				<time>2025-09-29T07:10:47Z</time>
			</trkpt>
			<trkpt lat="38.931816" lon="113.538355">
				<speed>0.361367</speed>
				<ele>2269.000000</ele>
				<time>2025-09-29T07:11:11Z</time>
			</trkpt>
			<trkpt lat="38.931726" lon="113.538335">
				<speed>0.341495</speed>
				<ele>2272.000000</ele>
				<time>2025-09-29T07:11:58Z</time>
			</trkpt>
			<trkpt lat="38.931635" lon="113.538297">
				<speed>0.352212</speed>
				<ele>2274.000000</ele>
				<time>2025-09-29T07:12:22Z</time>
			</trkpt>
			<trkpt lat="38.931547" lon="113.538267">
				<speed>0.528907</speed>
				<ele>2278.000000</ele>
				<time>2025-09-29T07:12:46Z</time>
			</trkpt>
			<trkpt lat="38.931451" lon="113.538278">
				<speed>0.587894</speed>
				<ele>2282.000000</ele>
				<time>2025-09-29T07:13:18Z</time>
			</trkpt>
			<trkpt lat="38.931354" lon="113.538295">
				<speed>0.414854</speed>
				<ele>2286.000000</ele>
				<time>2025-09-29T07:14:03Z</time>
			</trkpt>
			<trkpt lat="38.931262" lon="113.538310">
				<speed>0.240441</speed>
				<ele>2290.000000</ele>
				<time>2025-09-29T07:14:24Z</time>
			</trkpt>
			<trkpt lat="38.931169" lon="113.538336">
				<speed>0.568571</speed>
				<ele>2292.000000</ele>
				<time>2025-09-29T07:14:42Z</time>
			</trkpt>
			<trkpt lat="38.931103" lon="113.538416">
				<speed>0.697013</speed>
				<ele>2294.000000</ele>
				<time>2025-09-29T07:14:59Z</time>
			</trkpt>
			<trkpt lat="38.931010" lon="113.538434">
				<speed>0.523992</speed>
				<ele>2299.000000</ele>
				<time>2025-09-29T07:15:15Z</time>
			</trkpt>
			<trkpt lat="38.930927" lon="113.538481">
				<speed>0.505542</speed>
				<ele>2300.000000</ele>
				<time>2025-09-29T07:15:33Z</time>
			</trkpt>
			<trkpt lat="38.930839" lon="113.538505">
				<speed>0.582336</speed>
				<ele>2302.000000</ele>
				<time>2025-09-29T07:15:49Z</time>
			</trkpt>
			<trkpt lat="38.930745" lon="113.538499">
				<speed>0.534806</speed>
				<ele>2307.000000</ele>
				<time>2025-09-29T07:16:07Z</time>
			</trkpt>
			<trkpt lat="38.930654" lon="113.538477">
				<speed>0.459080</speed>
				<ele>2310.000000</ele>
				<time>2025-09-29T07:19:57Z</time>
			</trkpt>
			<trkpt lat="38.930566" lon="113.538445">
				<speed>0.407511</speed>
				<ele>2312.000000</ele>
				<time>2025-09-29T07:20:20Z</time>
			</trkpt>
			<trkpt lat="38.930474" lon="113.538451">
				<speed>0.623937</speed>
				<ele>2315.000000</ele>
				<time>2025-09-29T07:20:40Z</time>
			</trkpt>
			<trkpt lat="38.930377" lon="113.538450">
				<speed>0.689826</speed>
				<ele>2318.000000</ele>
				<time>2025-09-29T07:21:00Z</time>
			</trkpt>
			<trkpt lat="38.930290" lon="113.538395">
				<speed>0.851109</speed>
				<ele>2319.000000</ele>
				<time>2025-09-29T07:21:14Z</time>
			</trkpt>
			<trkpt lat="38.930202" lon="113.538357">
				<speed>0.424830</speed>
				<ele>2320.000000</ele>
				<time>2025-09-29T07:21:31Z</time>
			</trkpt>
			<trkpt lat="38.930113" lon="113.538337">
				<speed>0.816201</speed>
				<ele>2321.000000</ele>
				<time>2025-09-29T07:21:46Z</time>
			</trkpt>
			<trkpt lat="38.930028" lon="113.538300">
				<speed>0.962560</speed>
				<ele>2321.000000</ele>
				<time>2025-09-29T07:21:58Z</time>
			</trkpt>
			<trkpt lat="38.929938" lon="113.538254">
				<speed>1.414397</speed>
				<ele>2323.000000</ele>
				<time>2025-09-29T07:22:09Z</time>
			</trkpt>
			<trkpt lat="38.929839" lon="113.538250">
				<speed>0.987119</speed>
				<ele>2324.000000</ele>
				<time>2025-09-29T07:22:21Z</time>
			</trkpt>
			<trkpt lat="38.929741" lon="113.538212">
				<speed>1.172958</speed>
				<ele>2326.000000</ele>
				<time>2025-09-29T07:22:32Z</time>
			</trkpt>
			<trkpt lat="38.929642" lon="113.538174">
				<speed>1.385301</speed>
				<ele>2327.000000</ele>
				<time>2025-09-29T07:22:42Z</time>
			</trkpt>
			<trkpt lat="38.929551" lon="113.538149">
				<speed>0.679985</speed>
				<ele>2327.000000</ele>
				<time>2025-09-29T07:22:54Z</time>
			</trkpt>
			<trkpt lat="38.929460" lon="113.538104">
				<speed>0.847686</speed>
				<ele>2328.000000</ele>
				<time>2025-09-29T07:23:06Z</time>
			</trkpt>
			<trkpt lat="38.929361" lon="113.538086">
				<speed>0.917671</speed>
				<ele>2327.000000</ele>
				<time>2025-09-29T07:23:28Z</time>
			</trkpt>
			<trkpt lat="38.929259" lon="113.538078">
				<speed>1.012916</speed>
				<ele>2328.000000</ele>
				<time>2025-09-29T07:23:39Z</time>
			</trkpt>
			<trkpt lat="38.929163" lon="113.538055">
				<speed>1.028171</speed>
				<ele>2329.000000</ele>
				<time>2025-09-29T07:23:50Z</time>
			</trkpt>
			<trkpt lat="38.929074" lon="113.538007">
				<speed>0.825761</speed>
				<ele>2329.000000</ele>
				<time>2025-09-29T07:24:03Z</time>
			</trkpt>
			<trkpt lat="38.928989" lon="113.537962">
				<speed>1.259123</speed>
				<ele>2329.000000</ele>
				<time>2025-09-29T07:24:12Z</time>
			</trkpt>
			<trkpt lat="38.928904" lon="113.537920">
				<speed>0.862135</speed>
				<ele>2329.000000</ele>
				<time>2025-09-29T07:24:23Z</time>
			</trkpt>
			<trkpt lat="38.928818" lon="113.537860">
				<speed>1.085494</speed>
				<ele>2330.000000</ele>
				<time>2025-09-29T07:24:34Z</time>
			</trkpt>
			<trkpt lat="38.928724" lon="113.537841">
				<speed>1.047982</speed>
				<ele>2330.000000</ele>
				<time>2025-09-29T07:24:44Z</time>
			</trkpt>
			<trkpt lat="38.928623" lon="113.537822">
				<speed>1.193191</speed>
				<ele>2332.000000</ele>
				<time>2025-09-29T07:24:54Z</time>
			</trkpt>
			<trkpt lat="38.928533" lon="113.537811">
				<speed>0.972502</speed>
				<ele>2332.000000</ele>
				<time>2025-09-29T07:25:04Z</time>
			</trkpt>
			<trkpt lat="38.928445" lon="113.537775">
				<speed>1.095663</speed>
				<ele>2333.000000</ele>
				<time>2025-09-29T07:25:13Z</time>
			</trkpt>
			<trkpt lat="38.928378" lon="113.537697">
				<speed>1.137365</speed>
				<ele>2334.000000</ele>
				<time>2025-09-29T07:25:23Z</time>
			</trkpt>
			<trkpt lat="38.928289" lon="113.537667">
				<speed>1.066879</speed>
				<ele>2335.000000</ele>
				<time>2025-09-29T07:25:36Z</time>
			</trkpt>
			<trkpt lat="38.928201" lon="113.537628">
				<speed>0.881701</speed>
				<ele>2336.000000</ele>
				<time>2025-09-29T07:25:46Z</time>
			</trkpt>
			<trkpt lat="38.928107" lon="113.537630">
				<speed>0.823913</speed>
				<ele>2340.000000</ele>
				<time>2025-09-29T07:25:58Z</time>
			</trkpt>
			<trkpt lat="38.928017" lon="113.537620">
				<speed>0.044891</speed>
				<ele>2342.000000</ele>
				<time>2025-09-29T07:27:43Z</time>
			</trkpt>
			<trkpt lat="38.927931" lon="113.537583">
				<speed>0.386809</speed>
				<ele>2344.000000</ele>
				<time>2025-09-29T07:28:09Z</time>
			</trkpt>
			<trkpt lat="38.927846" lon="113.537543">
				<speed>0.113592</speed>
				<ele>2348.000000</ele>
				<time>2025-09-29T07:29:02Z</time>
			</trkpt>
			<trkpt lat="38.927757" lon="113.537524">
				<speed>0.024936</speed>
				<ele>2349.000000</ele>
				<time>2025-09-29T07:29:19Z</time>
			</trkpt>
			<trkpt lat="38.927665" lon="113.537488">
				<speed>0.444925</speed>
				<ele>2353.000000</ele>
				<time>2025-09-29T07:29:37Z</time>
			</trkpt>
			<trkpt lat="38.927567" lon="113.537488">
				<speed>0.882239</speed>
				<ele>2355.000000</ele>
				<time>2025-09-29T07:30:06Z</time>
			</trkpt>
			<trkpt lat="38.927476" lon="113.537488">
				<speed>0.718066</speed>
				<ele>2357.000000</ele>
				<time>2025-09-29T07:30:20Z</time>
			</trkpt>
			<trkpt lat="38.927388" lon="113.537455">
				<speed>0.870196</speed>
				<ele>2358.000000</ele>
				<time>2025-09-29T07:30:33Z</time>
			</trkpt>
			<trkpt lat="38.927295" lon="113.537448">
				<speed>0.654592</speed>
				<ele>2361.000000</ele>
				<time>2025-09-29T07:30:46Z</time>
			</trkpt>
			<trkpt lat="38.927206" lon="113.537422">
				<speed>0.471361</speed>
				<ele>2364.000000</ele>
				<time>2025-09-29T07:31:00Z</time>
			</trkpt>
			<trkpt lat="38.927113" lon="113.537388">
				<speed>0.809103</speed>
				<ele>2365.000000</ele>
				<time>2025-09-29T07:31:16Z</time>
			</trkpt>
			<trkpt lat="38.927024" lon="113.537343">
				<speed>0.959288</speed>
				<ele>2367.000000</ele>
				<time>2025-09-29T07:31:31Z</time>
			</trkpt>
			<trkpt lat="38.926935" lon="113.537322">
				<speed>0.769892</speed>
				<ele>2370.000000</ele>
				<time>2025-09-29T07:31:46Z</time>
			</trkpt>
			<trkpt lat="38.926843" lon="113.537280">
				<speed>0.890741</speed>
				<ele>2373.000000</ele>
				<time>2025-09-29T07:32:10Z</time>
			</trkpt>
			<trkpt lat="38.926754" lon="113.537255">
				<speed>0.970714</speed>
				<ele>2375.000000</ele>
				<time>2025-09-29T07:32:24Z</time>
			</trkpt>
			<trkpt lat="38.926690" lon="113.537173">
				<speed>0.829968</speed>
				<ele>2376.000000</ele>
				<time>2025-09-29T07:32:35Z</time>
			</trkpt>
			<trkpt lat="38.926600" lon="113.537116">
				<speed>0.915464</speed>
				<ele>2378.000000</ele>
				<time>2025-09-29T07:32:49Z</time>
			</trkpt>
			<trkpt lat="38.926524" lon="113.537051">
				<speed>0.764434</speed>
				<ele>2381.000000</ele>
				<time>2025-09-29T07:33:03Z</time>
			</trkpt>
			<trkpt lat="38.926457" lon="113.536961">
				<speed>0.670133</speed>
				<ele>2383.000000</ele>
				<time>2025-09-29T07:33:18Z</time>
			</trkpt>
			<trkpt lat="38.926394" lon="113.536876">
				<speed>0.832603</speed>
				<ele>2385.000000</ele>
				<time>2025-09-29T07:33:31Z</time>
			</trkpt>
			<trkpt lat="38.926339" lon="113.536779">
				<speed>0.051918</speed>
				<ele>2391.000000</ele>
				<time>2025-09-29T07:34:47Z</time>
			</trkpt>
			<trkpt lat="38.926275" lon="113.536691">
				<speed>0.076327</speed>
				<ele>2392.000000</ele>
				<time>2025-09-29T07:35:02Z</time>
			</trkpt>
			<trkpt lat="38.926220" lon="113.536598">
				<speed>0.167224</speed>
				<ele>2394.000000</ele>
				<time>2025-09-29T07:35:16Z</time>
			</trkpt>
			<trkpt lat="38.926148" lon="113.536525">
				<speed>0.060897</speed>
				<ele>2397.000000</ele>
				<time>2025-09-29T07:35:32Z</time>
			</trkpt>
			<trkpt lat="38.926068" lon="113.536459">
				<speed>0.058427</speed>
				<ele>2400.000000</ele>
				<time>2025-09-29T07:35:49Z</time>
			</trkpt>
			<trkpt lat="38.926054" lon="113.536343">
				<speed>0.497950</speed>
				<ele>2403.000000</ele>
				<time>2025-09-29T07:36:20Z</time>
			</trkpt>
			<trkpt lat="38.926053" lon="113.536225">
				<speed>0.443818</speed>
				<ele>2406.000000</ele>
				<time>2025-09-29T07:36:38Z</time>
			</trkpt>
			<trkpt lat="38.926011" lon="113.536112">
				<speed>0.727001</speed>
				<ele>2408.000000</ele>
				<time>2025-09-29T07:36:55Z</time>
			</trkpt>
			<trkpt lat="38.925928" lon="113.536069">
				<speed>0.602626</speed>
				<ele>2411.000000</ele>
				<time>2025-09-29T07:37:12Z</time>
			</trkpt>
			<trkpt lat="38.925849" lon="113.536007">
				<speed>0.731709</speed>
				<ele>2413.000000</ele>
				<time>2025-09-29T07:37:26Z</time>
			</trkpt>
			<trkpt lat="38.925759" lon="113.535998">
				<speed>0.464405</speed>
				<ele>2416.000000</ele>
				<time>2025-09-29T07:37:46Z</time>
			</trkpt>
			<trkpt lat="38.925671" lon="113.535965">
				<speed>0.740848</speed>
				<ele>2420.000000</ele>
				<time>2025-09-29T07:38:02Z</time>
			</trkpt>
			<trkpt lat="38.925587" lon="113.535905">
				<speed>0.797410</speed>
				<ele>2422.000000</ele>
				<time>2025-09-29T07:38:17Z</time>
			</trkpt>
			<trkpt lat="38.925496" lon="113.535875">
				<speed>0.602013</speed>
				<ele>2424.000000</ele>
				<time>2025-09-29T07:38:31Z</time>
			</trkpt>
			<trkpt lat="38.925406" lon="113.535863">
				<speed>0.638447</speed>
				<ele>2426.000000</ele>
				<time>2025-09-29T07:38:47Z</time>
			</trkpt>
			<trkpt lat="38.925308" lon="113.535884">
				<speed>0.933616</speed>
				<ele>2429.000000</ele>
				<time>2025-09-29T07:39:22Z</time>
			</trkpt>
			<trkpt lat="38.925213" lon="113.535845">
				<speed>0.814385</speed>
				<ele>2431.000000</ele>
				<time>2025-09-29T07:39:40Z</time>
			</trkpt>
			<trkpt lat="38.925122" lon="113.535830">
				<speed>0.993135</speed>
				<ele>2432.000000</ele>
				<time>2025-09-29T07:39:53Z</time>
			</trkpt>
			<trkpt lat="38.925029" lon="113.535792">
				<speed>0.669350</speed>
				<ele>2435.000000</ele>
				<time>2025-09-29T07:40:08Z</time>
			</trkpt>
			<trkpt lat="38.924947" lon="113.535726">
				<speed>0.858841</speed>
				<ele>2437.000000</ele>
				<time>2025-09-29T07:40:24Z</time>
			</trkpt>
			<trkpt lat="38.924857" lon="113.535694">
				<speed>0.571729</speed>
				<ele>2440.000000</ele>
				<time>2025-09-29T07:40:52Z</time>
			</trkpt>
			<trkpt lat="38.924774" lon="113.535633">
				<speed>0.658842</speed>
				<ele>2441.000000</ele>
				<time>2025-09-29T07:41:07Z</time>
			</trkpt>
			<trkpt lat="38.924691" lon="113.535571">
				<speed>0.701096</speed>
				<ele>2443.000000</ele>
				<time>2025-09-29T07:41:22Z</time>
			</trkpt>
			<trkpt lat="38.924640" lon="113.535472">
				<speed>0.395802</speed>
				<ele>2444.000000</ele>
				<time>2025-09-29T07:41:47Z</time>
			</trkpt>
			<trkpt lat="38.924581" lon="113.535371">
				<speed>0.921041</speed>
				<ele>2446.000000</ele>
				<time>2025-09-29T07:42:02Z</time>
			</trkpt>
			<trkpt lat="38.924509" lon="113.535290">
				<speed>0.817446</speed>
				<ele>2448.000000</ele>
				<time>2025-09-29T07:42:16Z</time>
			</trkpt>
			<trkpt lat="38.924432" lon="113.535223">
				<speed>0.684791</speed>
				<ele>2451.000000</ele>
				<time>2025-09-29T07:42:31Z</time>
			</trkpt>
			<trkpt lat="38.924358" lon="113.535154">
				<speed>0.658177</speed>
				<ele>2454.000000</ele>
				<time>2025-09-29T07:42:46Z</time>
			</trkpt>
			<trkpt lat="38.924280" lon="113.535092">
				<speed>0.294248</speed>
				<ele>2455.000000</ele>
				<time>2025-09-29T07:43:05Z</time>
			</trkpt>
			<trkpt lat="38.924189" lon="113.535061">
				<speed>0.887811</speed>
				<ele>2457.000000</ele>
				<time>2025-09-29T07:43:17Z</time>
			</trkpt>
			<trkpt lat="38.924116" lon="113.534982">
				<speed>0.655305</speed>
				<ele>2457.000000</ele>
				<time>2025-09-29T07:43:32Z</time>
			</trkpt>
			<trkpt lat="38.924040" lon="113.534915">
				<speed>0.591544</speed>
				<ele>2457.000000</ele>
				<time>2025-09-29T07:43:44Z</time>
			</trkpt>
			<trkpt lat="38.923951" lon="113.534890">
				<speed>0.566718</speed>
				<ele>2458.000000</ele>
				<time>2025-09-29T07:43:55Z</time>
			</trkpt>
			<trkpt lat="38.924046" lon="113.534883">
				<speed>0.747631</speed>
				<ele>2459.000000</ele>
				<time>2025-09-29T07:50:55Z</time>
			</trkpt>
			<trkpt lat="38.924042" lon="113.534758">
				<speed>1.363091</speed>
				<ele>2463.000000</ele>
				<time>2025-09-29T07:51:05Z</time>
			</trkpt>
			<trkpt lat="38.923948" lon="113.534695">
				<speed>0.860527</speed>
				<ele>2470.000000</ele>
				<time>2025-09-29T07:51:20Z</time>
			</trkpt>
			<trkpt lat="38.923871" lon="113.534619">
				<speed>1.062237</speed>
				<ele>2463.000000</ele>
				<time>2025-09-29T07:51:30Z</time>
			</trkpt>
			<trkpt lat="38.923794" lon="113.534538">
				<speed>0.713549</speed>
				<ele>2460.000000</ele>
				<time>2025-09-29T07:53:06Z</time>
			</trkpt>
			<trkpt lat="38.923833" lon="113.534429">
				<speed>0.983800</speed>
				<ele>2464.000000</ele>
				<time>2025-09-29T07:53:20Z</time>
			</trkpt>
			<trkpt lat="38.923916" lon="113.534376">
				<speed>0.486368</speed>
				<ele>2467.000000</ele>
				<time>2025-09-29T07:53:35Z</time>
			</trkpt>
			<trkpt lat="38.924002" lon="113.534342">
				<speed>0.618359</speed>
				<ele>2470.000000</ele>
				<time>2025-09-29T07:53:53Z</time>
			</trkpt>
			<trkpt lat="38.924090" lon="113.534303">
				<speed>0.428436</speed>
				<ele>2472.000000</ele>
				<time>2025-09-29T07:54:05Z</time>
			</trkpt>
			<trkpt lat="38.924179" lon="113.534234">
				<speed>0.862562</speed>
				<ele>2474.000000</ele>
				<time>2025-09-29T07:54:28Z</time>
			</trkpt>
			<trkpt lat="38.924286" lon="113.534100">
				<speed>0.631999</speed>
				<ele>2476.000000</ele>
				<time>2025-09-29T07:54:57Z</time>
			</trkpt>
			<trkpt lat="38.924355" lon="113.534023">
				<speed>0.932315</speed>
				<ele>2477.000000</ele>
				<time>2025-09-29T07:55:11Z</time>
			</trkpt>
			<trkpt lat="38.924451" lon="113.533976">
				<speed>1.210812</speed>
				<ele>2476.000000</ele>
				<time>2025-09-29T07:55:22Z</time>
			</trkpt>
			<trkpt lat="38.924534" lon="113.534025">
				<speed>1.106853</speed>
				<ele>2472.000000</ele>
				<time>2025-09-29T07:55:43Z</time>
			</trkpt>
			<trkpt lat="38.924587" lon="113.533931">
				<speed>0.769491</speed>
				<ele>2475.000000</ele>
				<time>2025-09-29T07:56:34Z</time>
			</trkpt>
			<trkpt lat="38.924528" lon="113.534021">
				<speed>0.696255</speed>
				<ele>2475.000000</ele>
				<time>2025-09-29T07:58:04Z</time>
			</trkpt>
			<trkpt lat="38.924422" lon="113.534039">
				<speed>0.889655</speed>
				<ele>2476.000000</ele>
				<time>2025-09-29T07:58:34Z</time>
			</trkpt>
			<trkpt lat="38.924530" lon="113.534036">
				<speed>0.072927</speed>
				<ele>2477.000000</ele>
				<time>2025-09-29T07:58:47Z</time>
			</trkpt>
			<trkpt lat="38.924421" lon="113.534036">
				<speed>1.716379</speed>
				<ele>2474.000000</ele>
				<time>2025-09-29T07:59:38Z</time>
			</trkpt>
			<trkpt lat="38.924493" lon="113.533918">
				<speed>0.351444</speed>
				<ele>2475.000000</ele>
				<time>2025-09-29T08:00:26Z</time>
			</trkpt>
			<trkpt lat="38.924416" lon="113.533977">
				<speed>0.592377</speed>
				<ele>2474.000000</ele>
				<time>2025-09-29T08:01:07Z</time>
			</trkpt>
			<trkpt lat="38.924313" lon="113.534005">
				<speed>1.532470</speed>
				<ele>2477.000000</ele>
				<time>2025-09-29T08:01:17Z</time>
			</trkpt>
			<trkpt lat="38.924237" lon="113.534080">
				<speed>1.004017</speed>
				<ele>2476.000000</ele>
				<time>2025-09-29T08:01:27Z</time>
			</trkpt>
			<trkpt lat="38.924175" lon="113.534221">
				<speed>1.213827</speed>
				<ele>2476.000000</ele>
				<time>2025-09-29T08:01:48Z</time>
			</trkpt>
			<trkpt lat="38.924061" lon="113.534264">
				<speed>2.915036</speed>
				<ele>2476.000000</ele>
				<time>2025-09-29T08:01:49Z</time>
			</trkpt>
			<trkpt lat="38.924010" lon="113.534363">
				<speed>0.563230</speed>
				<ele>2470.000000</ele>
				<time>2025-09-29T08:02:07Z</time>
			</trkpt>
			<trkpt lat="38.923920" lon="113.534387">
				<speed>0.145166</speed>
				<ele>2467.000000</ele>
				<time>2025-09-29T08:02:32Z</time>
			</trkpt>
			<trkpt lat="38.923842" lon="113.534452">
				<speed>0.748284</speed>
				<ele>2465.000000</ele>
				<time>2025-09-29T08:02:51Z</time>
			</trkpt>
			<trkpt lat="38.923906" lon="113.534534">
				<speed>1.181519</speed>
				<ele>2464.000000</ele>
				<time>2025-09-29T08:03:01Z</time>
			</trkpt>
			<trkpt lat="38.923975" lon="113.534624">
				<speed>1.094079</speed>
				<ele>2464.000000</ele>
				<time>2025-09-29T08:03:10Z</time>
			</trkpt>
			<trkpt lat="38.924038" lon="113.534707">
				<speed>1.049415</speed>
				<ele>2463.000000</ele>
				<time>2025-09-29T08:03:19Z</time>
			</trkpt>
			<trkpt lat="38.924095" lon="113.534806">
				<speed>0.992091</speed>
				<ele>2462.000000</ele>
				<time>2025-09-29T08:03:28Z</time>
			</trkpt>
			<trkpt lat="38.924044" lon="113.534904">
				<speed>0.931843</speed>
				<ele>2460.000000</ele>
				<time>2025-09-29T08:03:38Z</time>
			</trkpt>
			<trkpt lat="38.923958" lon="113.534939">
				<speed>0.165416</speed>
				<ele>2457.000000</ele>
				<time>2025-09-29T08:03:54Z</time>
			</trkpt>
			<trkpt lat="38.923885" lon="113.534870">
				<speed>0.545889</speed>
				<ele>2456.000000</ele>
				<time>2025-09-29T08:09:50Z</time>
			</trkpt>
			<trkpt lat="38.923803" lon="113.534815">
				<speed>0.601450</speed>
				<ele>2455.000000</ele>
				<time>2025-09-29T08:10:04Z</time>
			</trkpt>
			<trkpt lat="38.923712" lon="113.534777">
				<speed>0.787301</speed>
				<ele>2456.000000</ele>
				<time>2025-09-29T08:10:16Z</time>
			</trkpt>
			<trkpt lat="38.923636" lon="113.534713">
				<speed>0.851166</speed>
				<ele>2454.000000</ele>
				<time>2025-09-29T08:10:27Z</time>
			</trkpt>
			<trkpt lat="38.923563" lon="113.534641">
				<speed>0.767631</speed>
				<ele>2453.000000</ele>
				<time>2025-09-29T08:10:38Z</time>
			</trkpt>
			<trkpt lat="38.923490" lon="113.534559">
				<speed>0.837342</speed>
				<ele>2452.000000</ele>
				<time>2025-09-29T08:10:50Z</time>
			</trkpt>
			<trkpt lat="38.923431" lon="113.534471">
				<speed>1.126568</speed>
				<ele>2450.000000</ele>
				<time>2025-09-29T08:11:00Z</time>
			</trkpt>
			<trkpt lat="38.923369" lon="113.534381">
				<speed>1.091277</speed>
				<ele>2447.000000</ele>
				<time>2025-09-29T08:11:11Z</time>
			</trkpt>
			<trkpt lat="38.923295" lon="113.534297">
				<speed>0.959343</speed>
				<ele>2447.000000</ele>
				<time>2025-09-29T08:11:24Z</time>
			</trkpt>
			<trkpt lat="38.923228" lon="113.534217">
				<speed>0.529052</speed>
				<ele>2445.000000</ele>
				<time>2025-09-29T08:11:36Z</time>
			</trkpt>
			<trkpt lat="38.923161" lon="113.534139">
				<speed>0.840316</speed>
				<ele>2445.000000</ele>
				<time>2025-09-29T08:11:44Z</time>
			</trkpt>
			<trkpt lat="38.923116" lon="113.534037">
				<speed>0.636304</speed>
				<ele>2443.000000</ele>
				<time>2025-09-29T08:11:54Z</time>
			</trkpt>
			<trkpt lat="38.923154" lon="113.533920">
				<speed>0.925135</speed>
				<ele>2440.000000</ele>
				<time>2025-09-29T08:12:05Z</time>
			</trkpt>
			<trkpt lat="38.923219" lon="113.533839">
				<speed>0.865544</speed>
				<ele>2440.000000</ele>
				<time>2025-09-29T08:12:24Z</time>
			</trkpt>
			<trkpt lat="38.923235" lon="113.533725">
				<speed>0.890331</speed>
				<ele>2440.000000</ele>
				<time>2025-09-29T08:12:35Z</time>
			</trkpt>
			<trkpt lat="38.923315" lon="113.533659">
				<speed>0.098604</speed>
				<ele>2438.000000</ele>
				<time>2025-09-29T08:13:26Z</time>
			</trkpt>
			<trkpt lat="38.923339" lon="113.533547">
				<speed>0.921012</speed>
				<ele>2437.000000</ele>
				<time>2025-09-29T08:13:37Z</time>
			</trkpt>
			<trkpt lat="38.923364" lon="113.533427">
				<speed>0.961675</speed>
				<ele>2433.000000</ele>
				<time>2025-09-29T08:13:48Z</time>
			</trkpt>
			<trkpt lat="38.923361" lon="113.533300">
				<speed>1.036801</speed>
				<ele>2432.000000</ele>
				<time>2025-09-29T08:14:01Z</time>
			</trkpt>
			<trkpt lat="38.923343" lon="113.533186">
				<speed>0.619320</speed>
				<ele>2427.000000</ele>
				<time>2025-09-29T08:14:16Z</time>
			</trkpt>
			<trkpt lat="38.923332" lon="113.533066">
				<speed>0.624572</speed>
				<ele>2423.000000</ele>
				<time>2025-09-29T08:14:30Z</time>
			</trkpt>
			<trkpt lat="38.923353" lon="113.532950">
				<speed>0.936279</speed>
				<ele>2422.000000</ele>
				<time>2025-09-29T08:14:40Z</time>
			</trkpt>
			<trkpt lat="38.923380" lon="113.532835">
				<speed>0.963471</speed>
				<ele>2420.000000</ele>
				<time>2025-09-29T08:14:51Z</time>
			</trkpt>
			<trkpt lat="38.923406" lon="113.532720">
				<speed>1.219079</speed>
				<ele>2418.000000</ele>
				<time>2025-09-29T08:15:01Z</time>
			</trkpt>
			<trkpt lat="38.923433" lon="113.532608">
				<speed>1.258489</speed>
				<ele>2416.000000</ele>
				<time>2025-09-29T08:15:11Z</time>
			</trkpt>
			<trkpt lat="38.923478" lon="113.532496">
				<speed>1.125543</speed>
				<ele>2414.000000</ele>
				<time>2025-09-29T08:15:23Z</time>
			</trkpt>
			<trkpt lat="38.923524" lon="113.532396">
				<speed>0.700504</speed>
				<ele>2410.000000</ele>
				<time>2025-09-29T08:15:39Z</time>
			</trkpt>
			<trkpt lat="38.923560" lon="113.532278">
				<speed>0.975219</speed>
				<ele>2408.000000</ele>
				<time>2025-09-29T08:15:51Z</time>
			</trkpt>
			<trkpt lat="38.923588" lon="113.532164">
				<speed>0.445713</speed>
				<ele>2406.000000</ele>
				<time>2025-09-29T08:16:02Z</time>
			</trkpt>
			<trkpt lat="38.923628" lon="113.532057">
				<speed>1.356307</speed>
				<ele>2405.000000</ele>
				<time>2025-09-29T08:16:12Z</time>
			</trkpt>
			<trkpt lat="38.923662" lon="113.531944">
				<speed>0.719767</speed>
				<ele>2403.000000</ele>
				<time>2025-09-29T08:16:28Z</time>
			</trkpt>
			<trkpt lat="38.923691" lon="113.531834">
				<speed>0.805203</speed>
				<ele>2400.000000</ele>
				<time>2025-09-29T08:16:40Z</time>
			</trkpt>
			<trkpt lat="38.923697" lon="113.531714">
				<speed>0.619813</speed>
				<ele>2399.000000</ele>
				<time>2025-09-29T08:16:52Z</time>
			</trkpt>
			<trkpt lat="38.923718" lon="113.531590">
				<speed>0.974553</speed>
				<ele>2397.000000</ele>
				<time>2025-09-29T08:17:18Z</time>
			</trkpt>
			<trkpt lat="38.923741" lon="113.531466">
				<speed>1.082550</speed>
				<ele>2394.000000</ele>
				<time>2025-09-29T08:17:29Z</time>
			</trkpt>
			<trkpt lat="38.923765" lon="113.531355">
				<speed>0.787229</speed>
				<ele>2392.000000</ele>
				<time>2025-09-29T08:17:42Z</time>
			</trkpt>
			<trkpt lat="38.923771" lon="113.531230">
				<speed>0.913561</speed>
				<ele>2391.000000</ele>
				<time>2025-09-29T08:17:53Z</time>
			</trkpt>
			<trkpt lat="38.923784" lon="113.531108">
				<speed>1.400956</speed>
				<ele>2388.000000</ele>
				<time>2025-09-29T08:18:02Z</time>
			</trkpt>
			<trkpt lat="38.923814" lon="113.530990">
				<speed>0.875491</speed>
				<ele>2384.000000</ele>
				<time>2025-09-29T08:18:17Z</time>
			</trkpt>
			<trkpt lat="38.923816" lon="113.530869">
				<speed>0.951877</speed>
				<ele>2382.000000</ele>
				<time>2025-09-29T08:18:28Z</time>
			</trkpt>
			<trkpt lat="38.923840" lon="113.530756">
				<speed>0.958024</speed>
				<ele>2380.000000</ele>
				<time>2025-09-29T08:18:38Z</time>
			</trkpt>
			<trkpt lat="38.923852" lon="113.530639">
				<speed>0.525873</speed>
				<ele>2379.000000</ele>
				<time>2025-09-29T08:18:50Z</time>
			</trkpt>
			<trkpt lat="38.923875" lon="113.530520">
				<speed>1.131392</speed>
				<ele>2376.000000</ele>
				<time>2025-09-29T08:19:02Z</time>
			</trkpt>
			<trkpt lat="38.923904" lon="113.530404">
				<speed>0.696716</speed>
				<ele>2373.000000</ele>
				<time>2025-09-29T08:19:24Z</time>
			</trkpt>
			<trkpt lat="38.923913" lon="113.530283">
				<speed>0.990117</speed>
				<ele>2369.000000</ele>
				<time>2025-09-29T08:19:39Z</time>
			</trkpt>
			<trkpt lat="38.923938" lon="113.530168">
				<speed>0.866606</speed>
				<ele>2366.000000</ele>
				<time>2025-09-29T08:20:14Z</time>
			</trkpt>
			<trkpt lat="38.923980" lon="113.530055">
				<speed>0.832877</speed>
				<ele>2364.000000</ele>
				<time>2025-09-29T08:20:29Z</time>
			</trkpt>
			<trkpt lat="38.924044" lon="113.529969">
				<speed>0.723774</speed>
				<ele>2361.000000</ele>
				<time>2025-09-29T08:20:42Z</time>
			</trkpt>
			<trkpt lat="38.924068" lon="113.529857">
				<speed>0.547371</speed>
				<ele>2360.000000</ele>
				<time>2025-09-29T08:20:59Z</time>
			</trkpt>
			<trkpt lat="38.924089" lon="113.529743">
				<speed>0.603697</speed>
				<ele>2358.000000</ele>
				<time>2025-09-29T08:21:29Z</time>
			</trkpt>
			<trkpt lat="38.924164" lon="113.529663">
				<speed>0.976290</speed>
				<ele>2358.000000</ele>
				<time>2025-09-29T08:21:49Z</time>
			</trkpt>
			<trkpt lat="38.924233" lon="113.529582">
				<speed>0.905636</speed>
				<ele>2357.000000</ele>
				<time>2025-09-29T08:22:00Z</time>
			</trkpt>
			<trkpt lat="38.924296" lon="113.529489">
				<speed>1.094263</speed>
				<ele>2356.000000</ele>
				<time>2025-09-29T08:22:09Z</time>
			</trkpt>
			<trkpt lat="38.924359" lon="113.529399">
				<speed>1.094882</speed>
				<ele>2356.000000</ele>
				<time>2025-09-29T08:22:19Z</time>
			</trkpt>
			<trkpt lat="38.924427" lon="113.529318">
				<speed>1.075657</speed>
				<ele>2355.000000</ele>
				<time>2025-09-29T08:22:29Z</time>
			</trkpt>
			<trkpt lat="38.924496" lon="113.529230">
				<speed>1.339510</speed>
				<ele>2355.000000</ele>
				<time>2025-09-29T08:22:38Z</time>
			</trkpt>
			<trkpt lat="38.924551" lon="113.529136">
				<speed>1.099663</speed>
				<ele>2355.000000</ele>
				<time>2025-09-29T08:22:47Z</time>
			</trkpt>
			<trkpt lat="38.924608" lon="113.529030">
				<speed>1.150257</speed>
				<ele>2353.000000</ele>
				<time>2025-09-29T08:22:57Z</time>
			</trkpt>
			<trkpt lat="38.924664" lon="113.528926">
				<speed>1.273141</speed>
				<ele>2353.000000</ele>
				<time>2025-09-29T08:23:06Z</time>
			</trkpt>
			<trkpt lat="38.924740" lon="113.528835">
				<speed>1.580144</speed>
				<ele>2352.000000</ele>
				<time>2025-09-29T08:23:16Z</time>
			</trkpt>
			<trkpt lat="38.924808" lon="113.528745">
				<speed>1.308685</speed>
				<ele>2352.000000</ele>
				<time>2025-09-29T08:23:25Z</time>
			</trkpt>
			<trkpt lat="38.924863" lon="113.528646">
				<speed>1.097643</speed>
				<ele>2350.000000</ele>
				<time>2025-09-29T08:23:33Z</time>
			</trkpt>
			<trkpt lat="38.924923" lon="113.528556">
				<speed>1.042284</speed>
				<ele>2349.000000</ele>
				<time>2025-09-29T08:23:42Z</time>
			</trkpt>
			<trkpt lat="38.924982" lon="113.528458">
				<speed>1.381395</speed>
				<ele>2349.000000</ele>
				<time>2025-09-29T08:23:50Z</time>
			</trkpt>
			<trkpt lat="38.925032" lon="113.528353">
				<speed>1.159915</speed>
				<ele>2347.000000</ele>
				<time>2025-09-29T08:23:59Z</time>
			</trkpt>
			<trkpt lat="38.925093" lon="113.528264">
				<speed>0.671578</speed>
				<ele>2347.000000</ele>
				<time>2025-09-29T08:24:10Z</time>
			</trkpt>
			<trkpt lat="38.925149" lon="113.528155">
				<speed>1.427567</speed>
				<ele>2348.000000</ele>
				<time>2025-09-29T08:24:19Z</time>
			</trkpt>
			<trkpt lat="38.925189" lon="113.528045">
				<speed>1.110816</speed>
				<ele>2347.000000</ele>
				<time>2025-09-29T08:24:28Z</time>
			</trkpt>
			<trkpt lat="38.925218" lon="113.527927">
				<speed>0.962665</speed>
				<ele>2345.000000</ele>
				<time>2025-09-29T08:24:38Z</time>
			</trkpt>
			<trkpt lat="38.925250" lon="113.527809">
				<speed>1.616453</speed>
				<ele>2345.000000</ele>
				<time>2025-09-29T08:24:47Z</time>
			</trkpt>
			<trkpt lat="38.925247" lon="113.527691">
				<speed>0.847766</speed>
				<ele>2345.000000</ele>
				<time>2025-09-29T08:24:57Z</time>
			</trkpt>
			<trkpt lat="38.925264" lon="113.527565">
				<speed>0.953639</speed>
				<ele>2343.000000</ele>
				<time>2025-09-29T08:25:08Z</time>
			</trkpt>
			<trkpt lat="38.925303" lon="113.527451">
				<speed>1.100577</speed>
				<ele>2343.000000</ele>
				<time>2025-09-29T08:25:17Z</time>
			</trkpt>
			<trkpt lat="38.925332" lon="113.527337">
				<speed>1.276395</speed>
				<ele>2342.000000</ele>
				<time>2025-09-29T08:25:26Z</time>
			</trkpt>
			<trkpt lat="38.925376" lon="113.527221">
				<speed>1.206160</speed>
				<ele>2341.000000</ele>
				<time>2025-09-29T08:25:36Z</time>
			</trkpt>
			<trkpt lat="38.925417" lon="113.527117">
				<speed>0.964263</speed>
				<ele>2341.000000</ele>
				<time>2025-09-29T08:25:46Z</time>
			</trkpt>
			<trkpt lat="38.925446" lon="113.527006">
				<speed>0.880992</speed>
				<ele>2339.000000</ele>
				<time>2025-09-29T08:25:56Z</time>
			</trkpt>
			<trkpt lat="38.925503" lon="113.526898">
				<speed>1.517435</speed>
				<ele>2338.000000</ele>
				<time>2025-09-29T08:26:06Z</time>
			</trkpt>
			<trkpt lat="38.925563" lon="113.526808">
				<speed>1.076006</speed>
				<ele>2336.000000</ele>
				<time>2025-09-29T08:26:15Z</time>
			</trkpt>
			<trkpt lat="38.925635" lon="113.526734">
				<speed>1.110156</speed>
				<ele>2336.000000</ele>
				<time>2025-09-29T08:26:24Z</time>
			</trkpt>
			<trkpt lat="38.925720" lon="113.526661">
				<speed>1.354369</speed>
				<ele>2334.000000</ele>
				<time>2025-09-29T08:26:33Z</time>
			</trkpt>
			<trkpt lat="38.925793" lon="113.526580">
				<speed>1.132826</speed>
				<ele>2334.000000</ele>
				<time>2025-09-29T08:26:42Z</time>
			</trkpt>
			<trkpt lat="38.925846" lon="113.526480">
				<speed>0.278860</speed>
				<ele>2331.000000</ele>
				<time>2025-09-29T08:27:01Z</time>
			</trkpt>
			<trkpt lat="38.925909" lon="113.526396">
				<speed>0.661950</speed>
				<ele>2328.000000</ele>
				<time>2025-09-29T08:27:15Z</time>
			</trkpt>
			<trkpt lat="38.925986" lon="113.526333">
				<speed>0.563424</speed>
				<ele>2325.000000</ele>
				<time>2025-09-29T08:27:31Z</time>
			</trkpt>
			<trkpt lat="38.926053" lon="113.526243">
				<speed>0.819082</speed>
				<ele>2321.000000</ele>
				<time>2025-09-29T08:27:48Z</time>
			</trkpt>
			<trkpt lat="38.926124" lon="113.526171">
				<speed>0.663346</speed>
				<ele>2320.000000</ele>
				<time>2025-09-29T08:28:01Z</time>
			</trkpt>
			<trkpt lat="38.926204" lon="113.526093">
				<speed>0.969143</speed>
				<ele>2318.000000</ele>
				<time>2025-09-29T08:28:13Z</time>
			</trkpt>
			<trkpt lat="38.926267" lon="113.526004">
				<speed>0.854238</speed>
				<ele>2316.000000</ele>
				<time>2025-09-29T08:28:27Z</time>
			</trkpt>
			<trkpt lat="38.926328" lon="113.525915">
				<speed>0.908727</speed>
				<ele>2314.000000</ele>
				<time>2025-09-29T08:28:38Z</time>
			</trkpt>
			<trkpt lat="38.926399" lon="113.525835">
				<speed>0.871035</speed>
				<ele>2313.000000</ele>
				<time>2025-09-29T08:28:48Z</time>
			</trkpt>
			<trkpt lat="38.926482" lon="113.525781">
				<speed>0.666164</speed>
				<ele>2311.000000</ele>
				<time>2025-09-29T08:28:59Z</time>
			</trkpt>
			<trkpt lat="38.926558" lon="113.525718">
				<speed>0.990312</speed>
				<ele>2311.000000</ele>
				<time>2025-09-29T08:29:09Z</time>
			</trkpt>
			<trkpt lat="38.926633" lon="113.525644">
				<speed>1.064680</speed>
				<ele>2308.000000</ele>
				<time>2025-09-29T08:29:19Z</time>
			</trkpt>
			<trkpt lat="38.926700" lon="113.525562">
				<speed>0.977052</speed>
				<ele>2307.000000</ele>
				<time>2025-09-29T08:29:29Z</time>
			</trkpt>
			<trkpt lat="38.926766" lon="113.525471">
				<speed>0.725128</speed>
				<ele>2304.000000</ele>
				<time>2025-09-29T08:29:42Z</time>
			</trkpt>
			<trkpt lat="38.926829" lon="113.525383">
				<speed>0.967548</speed>
				<ele>2302.000000</ele>
				<time>2025-09-29T08:29:52Z</time>
			</trkpt>
			<trkpt lat="38.926897" lon="113.525296">
				<speed>1.122412</speed>
				<ele>2299.000000</ele>
				<time>2025-09-29T08:30:02Z</time>
			</trkpt>
			<trkpt lat="38.926970" lon="113.525224">
				<speed>1.410838</speed>
				<ele>2299.000000</ele>
				<time>2025-09-29T08:30:10Z</time>
			</trkpt>
			<trkpt lat="38.927035" lon="113.525142">
				<speed>0.839436</speed>
				<ele>2298.000000</ele>
				<time>2025-09-29T08:30:19Z</time>
			</trkpt>
			<trkpt lat="38.927120" lon="113.525079">
				<speed>1.126217</speed>
				<ele>2297.000000</ele>
				<time>2025-09-29T08:30:29Z</time>
			</trkpt>
			<trkpt lat="38.927196" lon="113.524993">
				<speed>1.290866</speed>
				<ele>2294.000000</ele>
				<time>2025-09-29T08:30:39Z</time>
			</trkpt>
			<trkpt lat="38.927244" lon="113.524886">
				<speed>0.968508</speed>
				<ele>2293.000000</ele>
				<time>2025-09-29T08:30:50Z</time>
			</trkpt>
			<trkpt lat="38.927324" lon="113.524812">
				<speed>0.946545</speed>
				<ele>2291.000000</ele>
				<time>2025-09-29T08:31:02Z</time>
			</trkpt>
			<trkpt lat="38.927388" lon="113.524727">
				<speed>1.102271</speed>
				<ele>2290.000000</ele>
				<time>2025-09-29T08:31:12Z</time>
			</trkpt>
			<trkpt lat="38.927456" lon="113.524633">
				<speed>1.695087</speed>
				<ele>2287.000000</ele>
				<time>2025-09-29T08:31:22Z</time>
			</trkpt>
			<trkpt lat="38.927513" lon="113.524526">
				<speed>1.171906</speed>
				<ele>2288.000000</ele>
				<time>2025-09-29T08:31:33Z</time>
			</trkpt>
			<trkpt lat="38.927537" lon="113.524405">
				<speed>1.124265</speed>
				<ele>2287.000000</ele>
				<time>2025-09-29T08:31:43Z</time>
			</trkpt>
			<trkpt lat="38.927599" lon="113.524308">
				<speed>1.186521</speed>
				<ele>2287.000000</ele>
				<time>2025-09-29T08:31:52Z</time>
			</trkpt>
			<trkpt lat="38.927664" lon="113.524212">
				<speed>1.181937</speed>
				<ele>2286.000000</ele>
				<time>2025-09-29T08:32:02Z</time>
			</trkpt>
			<trkpt lat="38.927721" lon="113.524110">
				<speed>1.067964</speed>
				<ele>2285.000000</ele>
				<time>2025-09-29T08:32:12Z</time>
			</trkpt>
			<trkpt lat="38.927770" lon="113.524005">
				<speed>0.950968</speed>
				<ele>2286.000000</ele>
				<time>2025-09-29T08:32:22Z</time>
			</trkpt>
			<trkpt lat="38.927825" lon="113.523905">
				<speed>1.092856</speed>
				<ele>2285.000000</ele>
				<time>2025-09-29T08:32:32Z</time>
			</trkpt>
			<trkpt lat="38.927873" lon="113.523801">
				<speed>0.786740</speed>
				<ele>2286.000000</ele>
				<time>2025-09-29T08:32:42Z</time>
			</trkpt>
			<trkpt lat="38.927916" lon="113.523693">
				<speed>1.182538</speed>
				<ele>2285.000000</ele>
				<time>2025-09-29T08:32:51Z</time>
			</trkpt>
			<trkpt lat="38.927968" lon="113.523582">
				<speed>1.265155</speed>
				<ele>2285.000000</ele>
				<time>2025-09-29T08:33:01Z</time>
			</trkpt>
			<trkpt lat="38.928009" lon="113.523466">
				<speed>1.128653</speed>
				<ele>2284.000000</ele>
				<time>2025-09-29T08:33:11Z</time>
			</trkpt>
			<trkpt lat="38.928060" lon="113.523370">
				<speed>0.962121</speed>
				<ele>2285.000000</ele>
				<time>2025-09-29T08:33:32Z</time>
			</trkpt>
			<trkpt lat="38.928099" lon="113.523260">
				<speed>0.996358</speed>
				<ele>2284.000000</ele>
				<time>2025-09-29T08:33:42Z</time>
			</trkpt>
			<trkpt lat="38.928124" lon="113.523142">
				<speed>1.055584</speed>
				<ele>2285.000000</ele>
				<time>2025-09-29T08:34:12Z</time>
			</trkpt>
			<trkpt lat="38.928140" lon="113.523020">
				<speed>1.151750</speed>
				<ele>2284.000000</ele>
				<time>2025-09-29T08:34:22Z</time>
			</trkpt>
			<trkpt lat="38.928154" lon="113.522901">
				<speed>1.102102</speed>
				<ele>2283.000000</ele>
				<time>2025-09-29T08:34:36Z</time>
			</trkpt>
			<trkpt lat="38.928170" lon="113.522779">
				<speed>1.126668</speed>
				<ele>2283.000000</ele>
				<time>2025-09-29T08:34:46Z</time>
			</trkpt>
			<trkpt lat="38.928199" lon="113.522657">
				<speed>0.845555</speed>
				<ele>2282.000000</ele>
				<time>2025-09-29T08:34:56Z</time>
			</trkpt>
			<trkpt lat="38.928222" lon="113.522541">
				<speed>1.136932</speed>
				<ele>2281.000000</ele>
				<time>2025-09-29T08:35:04Z</time>
			</trkpt>
			<trkpt lat="38.928260" lon="113.522425">
				<speed>0.980531</speed>
				<ele>2281.000000</ele>
				<time>2025-09-29T08:35:13Z</time>
			</trkpt>
			<trkpt lat="38.928284" lon="113.522306">
				<speed>1.159570</speed>
				<ele>2281.000000</ele>
				<time>2025-09-29T08:35:21Z</time>
			</trkpt>
			<trkpt lat="38.928308" lon="113.522193">
				<speed>1.196118</speed>
				<ele>2281.000000</ele>
				<time>2025-09-29T08:35:29Z</time>
			</trkpt>
			<trkpt lat="38.928344" lon="113.522085">
				<speed>1.092246</speed>
				<ele>2280.000000</ele>
				<time>2025-09-29T08:35:38Z</time>
			</trkpt>
			<trkpt lat="38.928373" lon="113.521968">
				<speed>1.126770</speed>
				<ele>2280.000000</ele>
				<time>2025-09-29T08:35:47Z</time>
			</trkpt>
			<trkpt lat="38.928401" lon="113.521851">
				<speed>1.192848</speed>
				<ele>2279.000000</ele>
				<time>2025-09-29T08:35:56Z</time>
			</trkpt>
			<trkpt lat="38.928443" lon="113.521742">
				<speed>1.131861</speed>
				<ele>2278.000000</ele>
				<time>2025-09-29T08:36:05Z</time>
			</trkpt>
			<trkpt lat="38.928490" lon="113.521633">
				<speed>1.106170</speed>
				<ele>2277.000000</ele>
				<time>2025-09-29T08:36:14Z</time>
			</trkpt>
			<trkpt lat="38.928539" lon="113.521525">
				<speed>1.235776</speed>
				<ele>2276.000000</ele>
				<time>2025-09-29T08:36:23Z</time>
			</trkpt>
			<trkpt lat="38.928587" lon="113.521415">
				<speed>1.219812</speed>
				<ele>2276.000000</ele>
				<time>2025-09-29T08:36:32Z</time>
			</trkpt>
			<trkpt lat="38.928639" lon="113.521317">
				<speed>0.996688</speed>
				<ele>2276.000000</ele>
				<time>2025-09-29T08:36:41Z</time>
			</trkpt>
			<trkpt lat="38.928658" lon="113.521204">
				<speed>1.252932</speed>
				<ele>2276.000000</ele>
				<time>2025-09-29T08:36:49Z</time>
			</trkpt>
			<trkpt lat="38.928660" lon="113.521071">
				<speed>1.308150</speed>
				<ele>2275.000000</ele>
				<time>2025-09-29T08:36:59Z</time>
			</trkpt>
			<trkpt lat="38.928654" lon="113.520950">
				<speed>1.160205</speed>
				<ele>2274.000000</ele>
				<time>2025-09-29T08:37:08Z</time>
			</trkpt>
			<trkpt lat="38.928648" lon="113.520820">
				<speed>1.237719</speed>
				<ele>2273.000000</ele>
				<time>2025-09-29T08:37:18Z</time>
			</trkpt>
			<trkpt lat="38.928636" lon="113.520692">
				<speed>1.273358</speed>
				<ele>2272.000000</ele>
				<time>2025-09-29T08:37:27Z</time>
			</trkpt>
			<trkpt lat="38.928613" lon="113.520571">
				<speed>1.036366</speed>
				<ele>2272.000000</ele>
				<time>2025-09-29T08:37:36Z</time>
			</trkpt>
			<trkpt lat="38.928604" lon="113.520453">
				<speed>1.248544</speed>
				<ele>2272.000000</ele>
				<time>2025-09-29T08:37:44Z</time>
			</trkpt>
			<trkpt lat="38.928587" lon="113.520336">
				<speed>1.084342</speed>
				<ele>2272.000000</ele>
				<time>2025-09-29T08:37:53Z</time>
			</trkpt>
			<trkpt lat="38.928583" lon="113.520218">
				<speed>1.117588</speed>
				<ele>2272.000000</ele>
				<time>2025-09-29T08:38:02Z</time>
			</trkpt>
			<trkpt lat="38.928606" lon="113.520096">
				<speed>1.095021</speed>
				<ele>2271.000000</ele>
				<time>2025-09-29T08:38:11Z</time>
			</trkpt>
			<trkpt lat="38.928618" lon="113.519978">
				<speed>1.149680</speed>
				<ele>2271.000000</ele>
				<time>2025-09-29T08:38:20Z</time>
			</trkpt>
			<trkpt lat="38.928602" lon="113.519851">
				<speed>1.163030</speed>
				<ele>2270.000000</ele>
				<time>2025-09-29T08:38:30Z</time>
			</trkpt>
			<trkpt lat="38.928586" lon="113.519732">
				<speed>1.183100</speed>
				<ele>2270.000000</ele>
				<time>2025-09-29T08:38:39Z</time>
			</trkpt>
			<trkpt lat="38.928574" lon="113.519617">
				<speed>1.170899</speed>
				<ele>2271.000000</ele>
				<time>2025-09-29T08:38:48Z</time>
			</trkpt>
			<trkpt lat="38.928550" lon="113.519493">
				<speed>1.171823</speed>
				<ele>2270.000000</ele>
				<time>2025-09-29T08:38:58Z</time>
			</trkpt>
			<trkpt lat="38.928523" lon="113.519370">
				<speed>1.232288</speed>
				<ele>2270.000000</ele>
				<time>2025-09-29T08:39:08Z</time>
			</trkpt>
			<trkpt lat="38.928496" lon="113.519246">
				<speed>1.273644</speed>
				<ele>2270.000000</ele>
				<time>2025-09-29T08:39:17Z</time>
			</trkpt>
			<trkpt lat="38.928451" lon="113.519128">
				<speed>1.330932</speed>
				<ele>2270.000000</ele>
				<time>2025-09-29T08:39:26Z</time>
			</trkpt>
			<trkpt lat="38.928408" lon="113.519019">
				<speed>1.310325</speed>
				<ele>2270.000000</ele>
				<time>2025-09-29T08:39:35Z</time>
			</trkpt>
			<trkpt lat="38.928361" lon="113.518913">
				<speed>1.179523</speed>
				<ele>2270.000000</ele>
				<time>2025-09-29T08:39:44Z</time>
			</trkpt>
			<trkpt lat="38.928313" lon="113.518805">
				<speed>1.187725</speed>
				<ele>2269.000000</ele>
				<time>2025-09-29T08:39:53Z</time>
			</trkpt>
			<trkpt lat="38.928263" lon="113.518702">
				<speed>1.311996</speed>
				<ele>2269.000000</ele>
				<time>2025-09-29T08:40:02Z</time>
			</trkpt>
			<trkpt lat="38.928211" lon="113.518598">
				<speed>1.137487</speed>
				<ele>2269.000000</ele>
				<time>2025-09-29T08:40:11Z</time>
			</trkpt>
			<trkpt lat="38.928153" lon="113.518497">
				<speed>1.147844</speed>
				<ele>2269.000000</ele>
				<time>2025-09-29T08:40:20Z</time>
			</trkpt>
			<trkpt lat="38.928092" lon="113.518394">
				<speed>1.330332</speed>
				<ele>2268.000000</ele>
				<time>2025-09-29T08:40:29Z</time>
			</trkpt>
			<trkpt lat="38.928039" lon="113.518293">
				<speed>1.222816</speed>
				<ele>2268.000000</ele>
				<time>2025-09-29T08:40:38Z</time>
			</trkpt>
			<trkpt lat="38.927990" lon="113.518190">
				<speed>1.047028</speed>
				<ele>2267.000000</ele>
				<time>2025-09-29T08:40:46Z</time>
			</trkpt>
			<trkpt lat="38.927931" lon="113.518077">
				<speed>1.682278</speed>
				<ele>2265.000000</ele>
				<time>2025-09-29T08:40:55Z</time>
			</trkpt>
			<trkpt lat="38.927896" lon="113.517964">
				<speed>1.229337</speed>
				<ele>2265.000000</ele>
				<time>2025-09-29T08:41:04Z</time>
			</trkpt>
			<trkpt lat="38.927857" lon="113.517851">
				<speed>1.375573</speed>
				<ele>2264.000000</ele>
				<time>2025-09-29T08:41:12Z</time>
			</trkpt>
			<trkpt lat="38.927823" lon="113.517737">
				<speed>0.945725</speed>
				<ele>2264.000000</ele>
				<time>2025-09-29T08:41:21Z</time>
			</trkpt>
			<trkpt lat="38.927788" lon="113.517630">
				<speed>1.265818</speed>
				<ele>2263.000000</ele>
				<time>2025-09-29T08:41:29Z</time>
			</trkpt>
			<trkpt lat="38.927763" lon="113.517511">
				<speed>1.440995</speed>
				<ele>2262.000000</ele>
				<time>2025-09-29T08:41:37Z</time>
			</trkpt>
			<trkpt lat="38.927740" lon="113.517393">
				<speed>1.113116</speed>
				<ele>2262.000000</ele>
				<time>2025-09-29T08:41:46Z</time>
			</trkpt>
			<trkpt lat="38.927737" lon="113.517270">
				<speed>1.258561</speed>
				<ele>2261.000000</ele>
				<time>2025-09-29T08:41:54Z</time>
			</trkpt>
			<trkpt lat="38.927739" lon="113.517152">
				<speed>0.999752</speed>
				<ele>2259.000000</ele>
				<time>2025-09-29T08:42:03Z</time>
			</trkpt>
			<trkpt lat="38.927744" lon="113.517036">
				<speed>1.094291</speed>
				<ele>2259.000000</ele>
				<time>2025-09-29T08:42:11Z</time>
			</trkpt>
			<trkpt lat="38.927772" lon="113.516925">
				<speed>1.022041</speed>
				<ele>2258.000000</ele>
				<time>2025-09-29T08:42:20Z</time>
			</trkpt>
			<trkpt lat="38.927797" lon="113.516812">
				<speed>1.402466</speed>
				<ele>2257.000000</ele>
				<time>2025-09-29T08:42:28Z</time>
			</trkpt>
			<trkpt lat="38.927837" lon="113.516701">
				<speed>1.252286</speed>
				<ele>2257.000000</ele>
				<time>2025-09-29T08:42:37Z</time>
			</trkpt>
			<trkpt lat="38.927882" lon="113.516589">
				<speed>1.240263</speed>
				<ele>2257.000000</ele>
				<time>2025-09-29T08:42:46Z</time>
			</trkpt>
			<trkpt lat="38.927951" lon="113.516502">
				<speed>1.196681</speed>
				<ele>2256.000000</ele>
				<time>2025-09-29T08:42:57Z</time>
			</trkpt>
			<trkpt lat="38.928027" lon="113.516425">
				<speed>0.913109</speed>
				<ele>2255.000000</ele>
				<time>2025-09-29T08:43:08Z</time>
			</trkpt>
			<trkpt lat="38.928105" lon="113.516359">
				<speed>1.013476</speed>
				<ele>2256.000000</ele>
				<time>2025-09-29T08:43:18Z</time>
			</trkpt>
			<trkpt lat="38.928186" lon="113.516282">
				<speed>1.220250</speed>
				<ele>2255.000000</ele>
				<time>2025-09-29T08:43:29Z</time>
			</trkpt>
			<trkpt lat="38.928273" lon="113.516235">
				<speed>0.986871</speed>
				<ele>2254.000000</ele>
				<time>2025-09-29T08:43:41Z</time>
			</trkpt>
			<trkpt lat="38.928356" lon="113.516190">
				<speed>0.981545</speed>
				<ele>2254.000000</ele>
				<time>2025-09-29T08:43:51Z</time>
			</trkpt>
			<trkpt lat="38.928456" lon="113.516183">
				<speed>1.038789</speed>
				<ele>2254.000000</ele>
				<time>2025-09-29T08:44:02Z</time>
			</trkpt>
			<trkpt lat="38.928554" lon="113.516179">
				<speed>1.380537</speed>
				<ele>2253.000000</ele>
				<time>2025-09-29T08:44:11Z</time>
			</trkpt>
			<trkpt lat="38.928644" lon="113.516181">
				<speed>1.064187</speed>
				<ele>2252.000000</ele>
				<time>2025-09-29T08:44:21Z</time>
			</trkpt>
			<trkpt lat="38.928743" lon="113.516178">
				<speed>1.037224</speed>
				<ele>2252.000000</ele>
				<time>2025-09-29T08:44:32Z</time>
			</trkpt>
			<trkpt lat="38.928835" lon="113.516176">
				<speed>0.879236</speed>
				<ele>2252.000000</ele>
				<time>2025-09-29T08:44:42Z</time>
			</trkpt>
			<trkpt lat="38.928927" lon="113.516198">
				<speed>0.992398</speed>
				<ele>2252.000000</ele>
				<time>2025-09-29T08:44:53Z</time>
			</trkpt>
			<trkpt lat="38.929022" lon="113.516231">
				<speed>1.272978</speed>
				<ele>2252.000000</ele>
				<time>2025-09-29T08:45:03Z</time>
			</trkpt>
			<trkpt lat="38.929114" lon="113.516257">
				<speed>0.795818</speed>
				<ele>2254.000000</ele>
				<time>2025-09-29T08:45:15Z</time>
			</trkpt>
			<trkpt lat="38.929209" lon="113.516295">
				<speed>0.925141</speed>
				<ele>2254.000000</ele>
				<time>2025-09-29T08:45:24Z</time>
			</trkpt>
			<trkpt lat="38.929299" lon="113.516324">
				<speed>0.976717</speed>
				<ele>2254.000000</ele>
				<time>2025-09-29T08:45:33Z</time>
			</trkpt>
			<trkpt lat="38.929388" lon="113.516351">
				<speed>1.238832</speed>
				<ele>2253.000000</ele>
				<time>2025-09-29T08:45:41Z</time>
			</trkpt>
			<trkpt lat="38.929480" lon="113.516386">
				<speed>0.990253</speed>
				<ele>2253.000000</ele>
				<time>2025-09-29T08:45:51Z</time>
			</trkpt>
			<trkpt lat="38.929567" lon="113.516426">
				<speed>0.983233</speed>
				<ele>2253.000000</ele>
				<time>2025-09-29T08:46:00Z</time>
			</trkpt>
			<trkpt lat="38.929655" lon="113.516468">
				<speed>1.482750</speed>
				<ele>2253.000000</ele>
				<time>2025-09-29T08:46:09Z</time>
			</trkpt>
			<trkpt lat="38.929742" lon="113.516518">
				<speed>1.356746</speed>
				<ele>2253.000000</ele>
				<time>2025-09-29T08:46:19Z</time>
			</trkpt>
			<trkpt lat="38.929835" lon="113.516542">
				<speed>1.177913</speed>
				<ele>2254.000000</ele>
				<time>2025-09-29T08:46:28Z</time>
			</trkpt>
			<trkpt lat="38.929930" lon="113.516577">
				<speed>0.926625</speed>
				<ele>2256.000000</ele>
				<time>2025-09-29T08:46:42Z</time>
			</trkpt>
			<trkpt lat="38.930018" lon="113.516619">
				<speed>0.898188</speed>
				<ele>2254.000000</ele>
				<time>2025-09-29T08:46:53Z</time>
			</trkpt>
			<trkpt lat="38.930103" lon="113.516661">
				<speed>0.563695</speed>
				<ele>2257.000000</ele>
				<time>2025-09-29T08:47:18Z</time>
			</trkpt>
			<trkpt lat="38.930193" lon="113.516717">
				<speed>1.567946</speed>
				<ele>2256.000000</ele>
				<time>2025-09-29T08:47:42Z</time>
			</trkpt>
			<trkpt lat="38.930295" lon="113.516723">
				<speed>1.547408</speed>
				<ele>2258.000000</ele>
				<time>2025-09-29T08:47:53Z</time>
			</trkpt>
			<trkpt lat="38.930390" lon="113.516736">
				<speed>1.225576</speed>
				<ele>2258.000000</ele>
				<time>2025-09-29T08:48:01Z</time>
			</trkpt>
			<trkpt lat="38.930481" lon="113.516746">
				<speed>0.515031</speed>
				<ele>2256.000000</ele>
				<time>2025-09-29T08:48:12Z</time>
			</trkpt>
			<trkpt lat="38.930568" lon="113.516785">
				<speed>1.132878</speed>
				<ele>2255.000000</ele>
				<time>2025-09-29T08:48:22Z</time>
			</trkpt>
			<trkpt lat="38.930671" lon="113.516801">
				<speed>1.726691</speed>
				<ele>2254.000000</ele>
				<time>2025-09-29T08:48:32Z</time>
			</trkpt>
			<trkpt lat="38.930762" lon="113.516823">
				<speed>0.880982</speed>
				<ele>2254.000000</ele>
				<time>2025-09-29T08:48:43Z</time>
			</trkpt>
			<trkpt lat="38.930861" lon="113.516833">
				<speed>1.053905</speed>
				<ele>2254.000000</ele>
				<time>2025-09-29T08:48:52Z</time>
			</trkpt>
			<trkpt lat="38.930953" lon="113.516846">
				<speed>1.085798</speed>
				<ele>2252.000000</ele>
				<time>2025-09-29T08:49:02Z</time>
			</trkpt>
			<trkpt lat="38.931050" lon="113.516861">
				<speed>0.997780</speed>
				<ele>2253.000000</ele>
				<time>2025-09-29T08:49:12Z</time>
			</trkpt>
			<trkpt lat="38.931146" lon="113.516896">
				<speed>1.043714</speed>
				<ele>2253.000000</ele>
				<time>2025-09-29T08:49:22Z</time>
			</trkpt>
			<trkpt lat="38.931242" lon="113.516904">
				<speed>0.941671</speed>
				<ele>2256.000000</ele>
				<time>2025-09-29T08:49:30Z</time>
			</trkpt>
			<trkpt lat="38.931333" lon="113.516933">
				<speed>1.141964</speed>
				<ele>2255.000000</ele>
				<time>2025-09-29T08:49:39Z</time>
			</trkpt>
			<trkpt lat="38.931423" lon="113.516956">
				<speed>1.049001</speed>
				<ele>2255.000000</ele>
				<time>2025-09-29T08:49:48Z</time>
			</trkpt>
			<trkpt lat="38.931516" lon="113.516975">
				<speed>0.981259</speed>
				<ele>2256.000000</ele>
				<time>2025-09-29T08:49:57Z</time>
			</trkpt>
			<trkpt lat="38.931597" lon="113.517036">
				<speed>0.909560</speed>
				<ele>2254.000000</ele>
				<time>2025-09-29T08:50:06Z</time>
			</trkpt>
			<trkpt lat="38.931685" lon="113.517084">
				<speed>0.979297</speed>
				<ele>2255.000000</ele>
				<time>2025-09-29T08:50:15Z</time>
			</trkpt>
			<trkpt lat="38.931768" lon="113.517139">
				<speed>1.061423</speed>
				<ele>2255.000000</ele>
				<time>2025-09-29T08:50:24Z</time>
			</trkpt>
			<trkpt lat="38.931850" lon="113.517190">
				<speed>1.124603</speed>
				<ele>2254.000000</ele>
				<time>2025-09-29T08:50:33Z</time>
			</trkpt>
			<trkpt lat="38.931940" lon="113.517224">
				<speed>0.463112</speed>
				<ele>2254.000000</ele>
				<time>2025-09-29T08:50:44Z</time>
			</trkpt>
			<trkpt lat="38.932036" lon="113.517241">
				<speed>1.151695</speed>
				<ele>2255.000000</ele>
				<time>2025-09-29T08:50:53Z</time>
			</trkpt>
			<trkpt lat="38.932132" lon="113.517251">
				<speed>1.036059</speed>
				<ele>2256.000000</ele>
				<time>2025-09-29T08:51:04Z</time>
			</trkpt>
			<trkpt lat="38.932222" lon="113.517276">
				<speed>1.179161</speed>
				<ele>2256.000000</ele>
				<time>2025-09-29T08:51:13Z</time>
			</trkpt>
			<trkpt lat="38.932318" lon="113.517300">
				<speed>1.048060</speed>
				<ele>2256.000000</ele>
				<time>2025-09-29T08:51:23Z</time>
			</trkpt>
			<trkpt lat="38.932413" lon="113.517317">
				<speed>1.191124</speed>
				<ele>2255.000000</ele>
				<time>2025-09-29T08:51:32Z</time>
			</trkpt>
			<trkpt lat="38.932504" lon="113.517334">
				<speed>1.220995</speed>
				<ele>2254.000000</ele>
				<time>2025-09-29T08:51:40Z</time>
			</trkpt>
			<trkpt lat="38.932598" lon="113.517365">
				<speed>0.966932</speed>
				<ele>2255.000000</ele>
				<time>2025-09-29T08:51:50Z</time>
			</trkpt>
			<trkpt lat="38.932688" lon="113.517374">
				<speed>1.142077</speed>
				<ele>2255.000000</ele>
				<time>2025-09-29T08:51:59Z</time>
			</trkpt>
			<trkpt lat="38.932778" lon="113.517413">
				<speed>1.011487</speed>
				<ele>2254.000000</ele>
				<time>2025-09-29T08:52:08Z</time>
			</trkpt>
			<trkpt lat="38.932866" lon="113.517449">
				<speed>0.951147</speed>
				<ele>2255.000000</ele>
				<time>2025-09-29T08:52:17Z</time>
			</trkpt>
			<trkpt lat="38.932950" lon="113.517491">
				<speed>1.015241</speed>
				<ele>2254.000000</ele>
				<time>2025-09-29T08:52:26Z</time>
			</trkpt>
			<trkpt lat="38.933040" lon="113.517509">
				<speed>0.986772</speed>
				<ele>2253.000000</ele>
				<time>2025-09-29T08:52:35Z</time>
			</trkpt>
			<trkpt lat="38.933137" lon="113.517522">
				<speed>1.030978</speed>
				<ele>2252.000000</ele>
				<time>2025-09-29T08:52:45Z</time>
			</trkpt>
			<trkpt lat="38.933236" lon="113.517528">
				<speed>0.849959</speed>
				<ele>2252.000000</ele>
				<time>2025-09-29T08:52:56Z</time>
			</trkpt>
			<trkpt lat="38.933332" lon="113.517529">
				<speed>1.175148</speed>
				<ele>2252.000000</ele>
				<time>2025-09-29T08:53:05Z</time>
			</trkpt>
			<trkpt lat="38.933424" lon="113.517532">
				<speed>1.166682</speed>
				<ele>2251.000000</ele>
				<time>2025-09-29T08:53:15Z</time>
			</trkpt>
			<trkpt lat="38.933523" lon="113.517511">
				<speed>1.308394</speed>
				<ele>2251.000000</ele>
				<time>2025-09-29T08:53:24Z</time>
			</trkpt>
			<trkpt lat="38.933615" lon="113.517488">
				<speed>1.136767</speed>
				<ele>2250.000000</ele>
				<time>2025-09-29T08:53:33Z</time>
			</trkpt>
			<trkpt lat="38.933703" lon="113.517461">
				<speed>0.853423</speed>
				<ele>2250.000000</ele>
				<time>2025-09-29T08:53:42Z</time>
			</trkpt>
			<trkpt lat="38.933796" lon="113.517437">
				<speed>0.919046</speed>
				<ele>2249.000000</ele>
				<time>2025-09-29T08:53:51Z</time>
			</trkpt>
			<trkpt lat="38.933894" lon="113.517425">
				<speed>1.129959</speed>
				<ele>2249.000000</ele>
				<time>2025-09-29T08:54:01Z</time>
			</trkpt>
			<trkpt lat="38.933988" lon="113.517423">
				<speed>1.013625</speed>
				<ele>2249.000000</ele>
				<time>2025-09-29T08:54:12Z</time>
			</trkpt>
			<trkpt lat="38.934075" lon="113.517388">
				<speed>0.862805</speed>
				<ele>2246.000000</ele>
				<time>2025-09-29T08:54:31Z</time>
			</trkpt>
			<trkpt lat="38.934176" lon="113.517388">
				<speed>1.231280</speed>
				<ele>2246.000000</ele>
				<time>2025-09-29T08:54:40Z</time>
			</trkpt>
			<trkpt lat="38.934260" lon="113.517346">
				<speed>0.976199</speed>
				<ele>2244.000000</ele>
				<time>2025-09-29T08:54:51Z</time>
			</trkpt>
			<trkpt lat="38.934348" lon="113.517317">
				<speed>0.953021</speed>
				<ele>2243.000000</ele>
				<time>2025-09-29T08:55:00Z</time>
			</trkpt>
			<trkpt lat="38.934431" lon="113.517264">
				<speed>0.959791</speed>
				<ele>2241.000000</ele>
				<time>2025-09-29T08:55:12Z</time>
			</trkpt>
			<trkpt lat="38.934511" lon="113.517202">
				<speed>0.899924</speed>
				<ele>2241.000000</ele>
				<time>2025-09-29T08:55:23Z</time>
			</trkpt>
			<trkpt lat="38.934593" lon="113.517128">
				<speed>1.033582</speed>
				<ele>2239.000000</ele>
				<time>2025-09-29T08:55:32Z</time>
			</trkpt>
			<trkpt lat="38.934672" lon="113.517067">
				<speed>1.176112</speed>
				<ele>2238.000000</ele>
				<time>2025-09-29T08:55:41Z</time>
			</trkpt>
			<trkpt lat="38.934759" lon="113.517003">
				<speed>1.235429</speed>
				<ele>2236.000000</ele>
				<time>2025-09-29T08:55:50Z</time>
			</trkpt>
			<trkpt lat="38.934834" lon="113.516935">
				<speed>1.067241</speed>
				<ele>2235.000000</ele>
				<time>2025-09-29T08:56:00Z</time>
			</trkpt>
			<trkpt lat="38.934905" lon="113.516863">
				<speed>0.973118</speed>
				<ele>2234.000000</ele>
				<time>2025-09-29T08:56:09Z</time>
			</trkpt>
			<trkpt lat="38.934957" lon="113.516757">
				<speed>1.174346</speed>
				<ele>2232.000000</ele>
				<time>2025-09-29T08:56:19Z</time>
			</trkpt>
			<trkpt lat="38.935000" lon="113.516655">
				<speed>0.357890</speed>
				<ele>2230.000000</ele>
				<time>2025-09-29T08:56:32Z</time>
			</trkpt>
			<trkpt lat="38.935089" lon="113.516592">
				<speed>1.069740</speed>
				<ele>2228.000000</ele>
				<time>2025-09-29T08:56:45Z</time>
			</trkpt>
			<trkpt lat="38.935140" lon="113.516488">
				<speed>0.944455</speed>
				<ele>2227.000000</ele>
				<time>2025-09-29T08:57:12Z</time>
			</trkpt>
			<trkpt lat="38.935197" lon="113.516388">
				<speed>1.125422</speed>
				<ele>2226.000000</ele>
				<time>2025-09-29T08:57:24Z</time>
			</trkpt>
			<trkpt lat="38.935246" lon="113.516285">
				<speed>1.031896</speed>
				<ele>2226.000000</ele>
				<time>2025-09-29T08:57:35Z</time>
			</trkpt>
			<trkpt lat="38.935319" lon="113.516203">
				<speed>1.285439</speed>
				<ele>2225.000000</ele>
				<time>2025-09-29T08:57:44Z</time>
			</trkpt>
			<trkpt lat="38.935390" lon="113.516122">
				<speed>1.265907</speed>
				<ele>2224.000000</ele>
				<time>2025-09-29T08:57:53Z</time>
			</trkpt>
			<trkpt lat="38.935476" lon="113.516059">
				<speed>1.259187</speed>
				<ele>2223.000000</ele>
				<time>2025-09-29T08:58:15Z</time>
			</trkpt>
			<trkpt lat="38.935540" lon="113.515970">
				<speed>1.078215</speed>
				<ele>2223.000000</ele>
				<time>2025-09-29T08:58:43Z</time>
			</trkpt>
			<trkpt lat="38.935600" lon="113.515881">
				<speed>1.153188</speed>
				<ele>2221.000000</ele>
				<time>2025-09-29T08:58:52Z</time>
			</trkpt>
			<trkpt lat="38.935665" lon="113.515791">
				<speed>1.163922</speed>
				<ele>2220.000000</ele>
				<time>2025-09-29T08:59:01Z</time>
			</trkpt>
			<trkpt lat="38.935723" lon="113.515699">
				<speed>1.252478</speed>
				<ele>2220.000000</ele>
				<time>2025-09-29T08:59:10Z</time>
			</trkpt>
			<trkpt lat="38.935802" lon="113.515642">
				<speed>1.017287</speed>
				<ele>2219.000000</ele>
				<time>2025-09-29T08:59:19Z</time>
			</trkpt>
			<trkpt lat="38.935862" lon="113.515549">
				<speed>1.149354</speed>
				<ele>2217.000000</ele>
				<time>2025-09-29T08:59:30Z</time>
			</trkpt>
			<trkpt lat="38.935900" lon="113.515444">
				<speed>0.602249</speed>
				<ele>2217.000000</ele>
				<time>2025-09-29T08:59:41Z</time>
			</trkpt>
			<trkpt lat="38.935950" lon="113.515334">
				<speed>0.985719</speed>
				<ele>2214.000000</ele>
				<time>2025-09-29T09:00:04Z</time>
			</trkpt>
			<trkpt lat="38.936001" lon="113.515234">
				<speed>0.885140</speed>
				<ele>2213.000000</ele>
				<time>2025-09-29T09:00:15Z</time>
			</trkpt>
			<trkpt lat="38.936069" lon="113.515147">
				<speed>1.235709</speed>
				<ele>2211.000000</ele>
				<time>2025-09-29T09:00:43Z</time>
			</trkpt>
			<trkpt lat="38.936154" lon="113.515081">
				<speed>1.163373</speed>
				<ele>2211.000000</ele>
				<time>2025-09-29T09:00:54Z</time>
			</trkpt>
			<trkpt lat="38.936238" lon="113.515001">
				<speed>1.359894</speed>
				<ele>2209.000000</ele>
				<time>2025-09-29T09:01:04Z</time>
			</trkpt>
			<trkpt lat="38.936329" lon="113.514953">
				<speed>1.249501</speed>
				<ele>2208.000000</ele>
				<time>2025-09-29T09:01:15Z</time>
			</trkpt>
			<trkpt lat="38.936414" lon="113.514910">
				<speed>1.122382</speed>
				<ele>2207.000000</ele>
				<time>2025-09-29T09:01:25Z</time>
			</trkpt>
			<trkpt lat="38.936495" lon="113.514856">
				<speed>0.941342</speed>
				<ele>2205.000000</ele>
				<time>2025-09-29T09:01:38Z</time>
			</trkpt>
			<trkpt lat="38.936589" lon="113.514817">
				<speed>1.278762</speed>
				<ele>2204.000000</ele>
				<time>2025-09-29T09:01:48Z</time>
			</trkpt>
			<trkpt lat="38.936663" lon="113.514747">
				<speed>1.053687</speed>
				<ele>2202.000000</ele>
				<time>2025-09-29T09:01:59Z</time>
			</trkpt>
			<trkpt lat="38.936744" lon="113.514675">
				<speed>1.012382</speed>
				<ele>2200.000000</ele>
				<time>2025-09-29T09:02:12Z</time>
			</trkpt>
			<trkpt lat="38.936833" lon="113.514652">
				<speed>1.077778</speed>
				<ele>2199.000000</ele>
				<time>2025-09-29T09:02:24Z</time>
			</trkpt>
			<trkpt lat="38.936907" lon="113.514583">
				<speed>0.975013</speed>
				<ele>2197.000000</ele>
				<time>2025-09-29T09:02:35Z</time>
			</trkpt>
			<trkpt lat="38.936983" lon="113.514509">
				<speed>0.858033</speed>
				<ele>2194.000000</ele>
				<time>2025-09-29T09:02:47Z</time>
			</trkpt>
			<trkpt lat="38.937052" lon="113.514426">
				<speed>1.019223</speed>
				<ele>2193.000000</ele>
				<time>2025-09-29T09:02:58Z</time>
			</trkpt>
			<trkpt lat="38.937129" lon="113.514366">
				<speed>0.967792</speed>
				<ele>2191.000000</ele>
				<time>2025-09-29T09:03:15Z</time>
			</trkpt>
			<trkpt lat="38.937210" lon="113.514299">
				<speed>1.013663</speed>
				<ele>2189.000000</ele>
				<time>2025-09-29T09:03:25Z</time>
			</trkpt>
			<trkpt lat="38.937296" lon="113.514258">
				<speed>1.017748</speed>
				<ele>2188.000000</ele>
				<time>2025-09-29T09:03:34Z</time>
			</trkpt>
			<trkpt lat="38.937387" lon="113.514240">
				<speed>0.959856</speed>
				<ele>2188.000000</ele>
				<time>2025-09-29T09:03:45Z</time>
			</trkpt>
			<trkpt lat="38.937477" lon="113.514210">
				<speed>0.957130</speed>
				<ele>2187.000000</ele>
				<time>2025-09-29T09:03:55Z</time>
			</trkpt>
			<trkpt lat="38.937567" lon="113.514198">
				<speed>1.176756</speed>
				<ele>2188.000000</ele>
				<time>2025-09-29T09:04:03Z</time>
			</trkpt>
			<trkpt lat="38.937663" lon="113.514218">
				<speed>1.115170</speed>
				<ele>2186.000000</ele>
				<time>2025-09-29T09:04:15Z</time>
			</trkpt>
			<trkpt lat="38.937751" lon="113.514164">
				<speed>1.135306</speed>
				<ele>2185.000000</ele>
				<time>2025-09-29T09:04:24Z</time>
			</trkpt>
			<trkpt lat="38.937838" lon="113.514123">
				<speed>0.938083</speed>
				<ele>2184.000000</ele>
				<time>2025-09-29T09:04:35Z</time>
			</trkpt>
			<trkpt lat="38.937925" lon="113.514080">
				<speed>0.952471</speed>
				<ele>2184.000000</ele>
				<time>2025-09-29T09:05:10Z</time>
			</trkpt>
			<trkpt lat="38.938016" lon="113.514058">
				<speed>1.066182</speed>
				<ele>2183.000000</ele>
				<time>2025-09-29T09:05:20Z</time>
			</trkpt>
			<trkpt lat="38.938102" lon="113.514022">
				<speed>0.652991</speed>
				<ele>2182.000000</ele>
				<time>2025-09-29T09:05:29Z</time>
			</trkpt>
			<trkpt lat="38.938186" lon="113.513975">
				<speed>1.537472</speed>
				<ele>2182.000000</ele>
				<time>2025-09-29T09:05:37Z</time>
			</trkpt>
			<trkpt lat="38.938273" lon="113.513915">
				<speed>1.115759</speed>
				<ele>2181.000000</ele>
				<time>2025-09-29T09:05:47Z</time>
			</trkpt>
			<trkpt lat="38.938371" lon="113.513885">
				<speed>1.103547</speed>
				<ele>2182.000000</ele>
				<time>2025-09-29T09:05:57Z</time>
			</trkpt>
			<trkpt lat="38.938459" lon="113.513853">
				<speed>0.820462</speed>
				<ele>2182.000000</ele>
				<time>2025-09-29T09:06:07Z</time>
			</trkpt>
			<trkpt lat="38.938550" lon="113.513811">
				<speed>1.118189</speed>
				<ele>2181.000000</ele>
				<time>2025-09-29T09:06:16Z</time>
			</trkpt>
			<trkpt lat="38.938643" lon="113.513778">
				<speed>1.236055</speed>
				<ele>2181.000000</ele>
				<time>2025-09-29T09:06:25Z</time>
			</trkpt>
			<trkpt lat="38.938728" lon="113.513733">
				<speed>1.158899</speed>
				<ele>2181.000000</ele>
				<time>2025-09-29T09:06:34Z</time>
			</trkpt>
			<trkpt lat="38.938816" lon="113.513693">
				<speed>0.913121</speed>
				<ele>2181.000000</ele>
				<time>2025-09-29T09:06:44Z</time>
			</trkpt>
			<trkpt lat="38.938904" lon="113.513652">
				<speed>1.252431</speed>
				<ele>2181.000000</ele>
				<time>2025-09-29T09:06:53Z</time>
			</trkpt>
			<trkpt lat="38.938996" lon="113.513612">
				<speed>0.998570</speed>
				<ele>2181.000000</ele>
				<time>2025-09-29T09:07:03Z</time>
			</trkpt>
			<trkpt lat="38.939086" lon="113.513560">
				<speed>1.136161</speed>
				<ele>2181.000000</ele>
				<time>2025-09-29T09:07:13Z</time>
			</trkpt>
			<trkpt lat="38.939183" lon="113.513515">
				<speed>1.487182</speed>
				<ele>2181.000000</ele>
				<time>2025-09-29T09:07:23Z</time>
			</trkpt>
			<trkpt lat="38.939269" lon="113.513473">
				<speed>1.318865</speed>
				<ele>2181.000000</ele>
				<time>2025-09-29T09:07:32Z</time>
			</trkpt>
			<trkpt lat="38.939360" lon="113.513440">
				<speed>1.542692</speed>
				<ele>2181.000000</ele>
				<time>2025-09-29T09:07:41Z</time>
			</trkpt>
			<trkpt lat="38.939453" lon="113.513401">
				<speed>1.396086</speed>
				<ele>2182.000000</ele>
				<time>2025-09-29T09:07:50Z</time>
			</trkpt>
			<trkpt lat="38.939543" lon="113.513349">
				<speed>1.360248</speed>
				<ele>2182.000000</ele>
				<time>2025-09-29T09:08:00Z</time>
			</trkpt>
			<trkpt lat="38.939638" lon="113.513306">
				<speed>1.417762</speed>
				<ele>2182.000000</ele>
				<time>2025-09-29T09:08:10Z</time>
			</trkpt>
			<trkpt lat="38.939720" lon="113.513256">
				<speed>1.415663</speed>
				<ele>2182.000000</ele>
				<time>2025-09-29T09:08:19Z</time>
			</trkpt>
			<trkpt lat="38.939806" lon="113.513189">
				<speed>1.025463</speed>
				<ele>2181.000000</ele>
				<time>2025-09-29T09:08:36Z</time>
			</trkpt>
			<trkpt lat="38.939897" lon="113.513144">
				<speed>1.107578</speed>
				<ele>2181.000000</ele>
				<time>2025-09-29T09:08:46Z</time>
			</trkpt>
			<trkpt lat="38.939984" lon="113.513095">
				<speed>1.066402</speed>
				<ele>2182.000000</ele>
				<time>2025-09-29T09:08:56Z</time>
			</trkpt>
			<trkpt lat="38.940075" lon="113.513050">
				<speed>1.051875</speed>
				<ele>2181.000000</ele>
				<time>2025-09-29T09:09:06Z</time>
			</trkpt>
			<trkpt lat="38.940173" lon="113.513027">
				<speed>1.247718</speed>
				<ele>2181.000000</ele>
				<time>2025-09-29T09:09:15Z</time>
			</trkpt>
			<trkpt lat="38.940268" lon="113.512979">
				<speed>1.379495</speed>
				<ele>2181.000000</ele>
				<time>2025-09-29T09:09:24Z</time>
			</trkpt>
			<trkpt lat="38.940344" lon="113.512909">
				<speed>1.094041</speed>
				<ele>2181.000000</ele>
				<time>2025-09-29T09:09:33Z</time>
			</trkpt>
			<trkpt lat="38.940427" lon="113.512847">
				<speed>1.311888</speed>
				<ele>2182.000000</ele>
				<time>2025-09-29T09:09:42Z</time>
			</trkpt>
			<trkpt lat="38.940499" lon="113.512768">
				<speed>1.288826</speed>
				<ele>2182.000000</ele>
				<time>2025-09-29T09:09:51Z</time>
			</trkpt>
			<trkpt lat="38.940578" lon="113.512689">
				<speed>1.300770</speed>
				<ele>2182.000000</ele>
				<time>2025-09-29T09:10:00Z</time>
			</trkpt>
			<trkpt lat="38.940655" lon="113.512617">
				<speed>1.076743</speed>
				<ele>2182.000000</ele>
				<time>2025-09-29T09:10:09Z</time>
			</trkpt>
			<trkpt lat="38.940730" lon="113.512546">
				<speed>1.129308</speed>
				<ele>2183.000000</ele>
				<time>2025-09-29T09:10:17Z</time>
			</trkpt>
			<trkpt lat="38.940812" lon="113.512473">
				<speed>1.229506</speed>
				<ele>2182.000000</ele>
				<time>2025-09-29T09:10:26Z</time>
			</trkpt>
			<trkpt lat="38.940894" lon="113.512401">
				<speed>1.133519</speed>
				<ele>2182.000000</ele>
				<time>2025-09-29T09:10:35Z</time>
			</trkpt>
			<trkpt lat="38.940969" lon="113.512335">
				<speed>1.186509</speed>
				<ele>2182.000000</ele>
				<time>2025-09-29T09:10:43Z</time>
			</trkpt>
			<trkpt lat="38.941051" lon="113.512268">
				<speed>1.121098</speed>
				<ele>2182.000000</ele>
				<time>2025-09-29T09:10:52Z</time>
			</trkpt>
			<trkpt lat="38.941134" lon="113.512198">
				<speed>1.173026</speed>
				<ele>2182.000000</ele>
				<time>2025-09-29T09:11:01Z</time>
			</trkpt>
			<trkpt lat="38.941214" lon="113.512140">
				<speed>1.013396</speed>
				<ele>2182.000000</ele>
				<time>2025-09-29T09:11:10Z</time>
			</trkpt>
			<trkpt lat="38.941304" lon="113.512082">
				<speed>1.122352</speed>
				<ele>2182.000000</ele>
				<time>2025-09-29T09:11:20Z</time>
			</trkpt>
			<trkpt lat="38.941394" lon="113.512041">
				<speed>1.152631</speed>
				<ele>2182.000000</ele>
				<time>2025-09-29T09:11:29Z</time>
			</trkpt>
			<trkpt lat="38.941489" lon="113.512008">
				<speed>1.284989</speed>
				<ele>2183.000000</ele>
				<time>2025-09-29T09:11:38Z</time>
			</trkpt>
			<trkpt lat="38.941580" lon="113.511972">
				<speed>1.204652</speed>
				<ele>2182.000000</ele>
				<time>2025-09-29T09:11:47Z</time>
			</trkpt>
			<trkpt lat="38.941675" lon="113.511950">
				<speed>1.163374</speed>
				<ele>2182.000000</ele>
				<time>2025-09-29T09:11:56Z</time>
			</trkpt>
			<trkpt lat="38.941772" lon="113.511926">
				<speed>1.172481</speed>
				<ele>2182.000000</ele>
				<time>2025-09-29T09:12:04Z</time>
			</trkpt>
			<trkpt lat="38.941863" lon="113.511904">
				<speed>1.227894</speed>
				<ele>2181.000000</ele>
				<time>2025-09-29T09:12:12Z</time>
			</trkpt>
			<trkpt lat="38.941957" lon="113.511863">
				<speed>1.146943</speed>
				<ele>2181.000000</ele>
				<time>2025-09-29T09:12:21Z</time>
			</trkpt>
			<trkpt lat="38.942051" lon="113.511819">
				<speed>1.167248</speed>
				<ele>2181.000000</ele>
				<time>2025-09-29T09:12:30Z</time>
			</trkpt>
			<trkpt lat="38.942141" lon="113.511779">
				<speed>1.340904</speed>
				<ele>2181.000000</ele>
				<time>2025-09-29T09:12:38Z</time>
			</trkpt>
			<trkpt lat="38.942229" lon="113.511729">
				<speed>1.161487</speed>
				<ele>2180.000000</ele>
				<time>2025-09-29T09:12:47Z</time>
			</trkpt>
			<trkpt lat="38.942323" lon="113.511684">
				<speed>1.189369</speed>
				<ele>2180.000000</ele>
				<time>2025-09-29T09:12:56Z</time>
			</trkpt>
			<trkpt lat="38.942412" lon="113.511648">
				<speed>1.319644</speed>
				<ele>2180.000000</ele>
				<time>2025-09-29T09:13:04Z</time>
			</trkpt>
			<trkpt lat="38.942503" lon="113.511619">
				<speed>1.291506</speed>
				<ele>2181.000000</ele>
				<time>2025-09-29T09:13:12Z</time>
			</trkpt>
			<trkpt lat="38.942598" lon="113.511594">
				<speed>1.132968</speed>
				<ele>2181.000000</ele>
				<time>2025-09-29T09:13:21Z</time>
			</trkpt>
			<trkpt lat="38.942686" lon="113.511559">
				<speed>1.259268</speed>
				<ele>2180.000000</ele>
				<time>2025-09-29T09:13:29Z</time>
			</trkpt>
			<trkpt lat="38.942770" lon="113.511517">
				<speed>1.310083</speed>
				<ele>2179.000000</ele>
				<time>2025-09-29T09:13:37Z</time>
			</trkpt>
			<trkpt lat="38.942858" lon="113.511458">
				<speed>1.274447</speed>
				<ele>2178.000000</ele>
				<time>2025-09-29T09:13:46Z</time>
			</trkpt>
			<trkpt lat="38.942954" lon="113.511396">
				<speed>1.585437</speed>
				<ele>2179.000000</ele>
				<time>2025-09-29T09:13:55Z</time>
			</trkpt>
			<trkpt lat="38.943033" lon="113.511320">
				<speed>1.257839</speed>
				<ele>2180.000000</ele>
				<time>2025-09-29T09:14:04Z</time>
			</trkpt>
			<trkpt lat="38.943120" lon="113.511254">
				<speed>1.337861</speed>
				<ele>2180.000000</ele>
				<time>2025-09-29T09:14:14Z</time>
			</trkpt>
			<trkpt lat="38.943188" lon="113.511177">
				<speed>1.235450</speed>
				<ele>2180.000000</ele>
				<time>2025-09-29T09:14:22Z</time>
			</trkpt>
			<trkpt lat="38.943259" lon="113.511106">
				<speed>1.273299</speed>
				<ele>2180.000000</ele>
				<time>2025-09-29T09:14:29Z</time>
			</trkpt>
			<trkpt lat="38.943327" lon="113.511030">
				<speed>1.245058</speed>
				<ele>2180.000000</ele>
				<time>2025-09-29T09:14:37Z</time>
			</trkpt>
			<trkpt lat="38.943399" lon="113.510938">
				<speed>1.253337</speed>
				<ele>2179.000000</ele>
				<time>2025-09-29T09:14:46Z</time>
			</trkpt>
			<trkpt lat="38.943453" lon="113.510845">
				<speed>1.215644</speed>
				<ele>2179.000000</ele>
				<time>2025-09-29T09:14:59Z</time>
			</trkpt>
			<trkpt lat="38.943525" lon="113.510773">
				<speed>1.136388</speed>
				<ele>2179.000000</ele>
				<time>2025-09-29T09:15:07Z</time>
			</trkpt>
			<trkpt lat="38.943599" lon="113.510691">
				<speed>1.201346</speed>
				<ele>2179.000000</ele>
				<time>2025-09-29T09:15:16Z</time>
			</trkpt>
			<trkpt lat="38.943673" lon="113.510612">
				<speed>1.213939</speed>
				<ele>2179.000000</ele>
				<time>2025-09-29T09:15:25Z</time>
			</trkpt>
			<trkpt lat="38.943744" lon="113.510529">
				<speed>1.144187</speed>
				<ele>2180.000000</ele>
				<time>2025-09-29T09:15:34Z</time>
			</trkpt>
			<trkpt lat="38.943816" lon="113.510455">
				<speed>1.500153</speed>
				<ele>2180.000000</ele>
				<time>2025-09-29T09:15:42Z</time>
			</trkpt>
			<trkpt lat="38.943883" lon="113.510373">
				<speed>1.355346</speed>
				<ele>2180.000000</ele>
				<time>2025-09-29T09:15:50Z</time>
			</trkpt>
			<trkpt lat="38.943959" lon="113.510296">
				<speed>1.239865</speed>
				<ele>2179.000000</ele>
				<time>2025-09-29T09:15:59Z</time>
			</trkpt>
			<trkpt lat="38.944029" lon="113.510214">
				<speed>1.506532</speed>
				<ele>2179.000000</ele>
				<time>2025-09-29T09:16:07Z</time>
			</trkpt>
			<trkpt lat="38.944103" lon="113.510130">
				<speed>1.193395</speed>
				<ele>2179.000000</ele>
				<time>2025-09-29T09:16:16Z</time>
			</trkpt>
			<trkpt lat="38.944175" lon="113.510050">
				<speed>1.307407</speed>
				<ele>2180.000000</ele>
				<time>2025-09-29T09:16:25Z</time>
			</trkpt>
			<trkpt lat="38.944241" lon="113.509965">
				<speed>1.242206</speed>
				<ele>2179.000000</ele>
				<time>2025-09-29T09:16:32Z</time>
			</trkpt>
			<trkpt lat="38.944312" lon="113.509873">
				<speed>1.316478</speed>
				<ele>2179.000000</ele>
				<time>2025-09-29T09:16:41Z</time>
			</trkpt>
			<trkpt lat="38.944378" lon="113.509784">
				<speed>1.094120</speed>
				<ele>2180.000000</ele>
				<time>2025-09-29T09:16:50Z</time>
			</trkpt>
			<trkpt lat="38.944444" lon="113.509699">
				<speed>1.347795</speed>
				<ele>2180.000000</ele>
				<time>2025-09-29T09:16:58Z</time>
			</trkpt>
			<trkpt lat="38.944499" lon="113.509605">
				<speed>1.256871</speed>
				<ele>2177.000000</ele>
				<time>2025-09-29T09:17:40Z</time>
			</trkpt>
			<trkpt lat="38.944579" lon="113.509546">
				<speed>1.295952</speed>
				<ele>2177.000000</ele>
				<time>2025-09-29T09:17:49Z</time>
			</trkpt>
			<trkpt lat="38.944648" lon="113.509470">
				<speed>1.115703</speed>
				<ele>2178.000000</ele>
				<time>2025-09-29T09:17:57Z</time>
			</trkpt>
			<trkpt lat="38.944732" lon="113.509405">
				<speed>1.304895</speed>
				<ele>2177.000000</ele>
				<time>2025-09-29T09:18:06Z</time>
			</trkpt>
			<trkpt lat="38.944801" lon="113.509317">
				<speed>1.237440</speed>
				<ele>2178.000000</ele>
				<time>2025-09-29T09:18:15Z</time>
			</trkpt>
			<trkpt lat="38.944863" lon="113.509228">
				<speed>1.367475</speed>
				<ele>2178.000000</ele>
				<time>2025-09-29T09:18:23Z</time>
			</trkpt>
			<trkpt lat="38.944935" lon="113.509142">
				<speed>1.234630</speed>
				<ele>2178.000000</ele>
				<time>2025-09-29T09:18:32Z</time>
			</trkpt>
			<trkpt lat="38.945002" lon="113.509048">
				<speed>1.242230</speed>
				<ele>2179.000000</ele>
				<time>2025-09-29T09:18:41Z</time>
			</trkpt>
			<trkpt lat="38.945072" lon="113.508959">
				<speed>1.222900</speed>
				<ele>2179.000000</ele>
				<time>2025-09-29T09:18:50Z</time>
			</trkpt>
			<trkpt lat="38.945154" lon="113.508887">
				<speed>1.384996</speed>
				<ele>2179.000000</ele>
				<time>2025-09-29T09:18:58Z</time>
			</trkpt>
			<trkpt lat="38.945211" lon="113.508795">
				<speed>1.164416</speed>
				<ele>2179.000000</ele>
				<time>2025-09-29T09:19:06Z</time>
			</trkpt>
			<trkpt lat="38.945272" lon="113.508709">
				<speed>1.443177</speed>
				<ele>2179.000000</ele>
				<time>2025-09-29T09:19:13Z</time>
			</trkpt>
			<trkpt lat="38.945346" lon="113.508641">
				<speed>0.559312</speed>
				<ele>2179.000000</ele>
				<time>2025-09-29T09:19:21Z</time>
			</trkpt>
			<trkpt lat="38.945397" lon="113.508541">
				<speed>1.066187</speed>
				<ele>2179.000000</ele>
				<time>2025-09-29T09:19:30Z</time>
			</trkpt>
			<trkpt lat="38.945444" lon="113.508437">
				<speed>1.065621</speed>
				<ele>2179.000000</ele>
				<time>2025-09-29T09:19:40Z</time>
			</trkpt>
			<trkpt lat="38.945519" lon="113.508351">
				<speed>0.983090</speed>
				<ele>2179.000000</ele>
				<time>2025-09-29T09:19:56Z</time>
			</trkpt>
			<trkpt lat="38.945573" lon="113.508246">
				<speed>0.919741</speed>
				<ele>2178.000000</ele>
				<time>2025-09-29T09:20:08Z</time>
			</trkpt>
			<trkpt lat="38.945622" lon="113.508142">
				<speed>0.983908</speed>
				<ele>2177.000000</ele>
				<time>2025-09-29T09:20:18Z</time>
			</trkpt>
			<trkpt lat="38.945634" lon="113.508018">
				<speed>0.707114</speed>
				<ele>2178.000000</ele>
				<time>2025-09-29T09:20:30Z</time>
			</trkpt>
			<trkpt lat="38.945677" lon="113.507909">
				<speed>0.948984</speed>
				<ele>2178.000000</ele>
				<time>2025-09-29T09:20:40Z</time>
			</trkpt>
			<trkpt lat="38.945731" lon="113.507816">
				<speed>0.709746</speed>
				<ele>2179.000000</ele>
				<time>2025-09-29T09:20:49Z</time>
			</trkpt>
			<trkpt lat="38.945809" lon="113.507752">
				<speed>1.154065</speed>
				<ele>2179.000000</ele>
				<time>2025-09-29T09:20:59Z</time>
			</trkpt>
			<trkpt lat="38.945897" lon="113.507718">
				<speed>0.928283</speed>
				<ele>2178.000000</ele>
				<time>2025-09-29T09:21:09Z</time>
			</trkpt>
			<trkpt lat="38.945950" lon="113.507609">
				<speed>0.742779</speed>
				<ele>2177.000000</ele>
				<time>2025-09-29T09:21:19Z</time>
			</trkpt>
			<trkpt lat="38.946015" lon="113.507516">
				<speed>0.854647</speed>
				<ele>2177.000000</ele>
				<time>2025-09-29T09:21:29Z</time>
			</trkpt>
			<trkpt lat="38.946080" lon="113.507430">
				<speed>0.916374</speed>
				<ele>2175.000000</ele>
				<time>2025-09-29T09:21:38Z</time>
			</trkpt>
			<trkpt lat="38.946151" lon="113.507335">
				<speed>1.184244</speed>
				<ele>2176.000000</ele>
				<time>2025-09-29T09:21:47Z</time>
			</trkpt>
			<trkpt lat="38.946208" lon="113.507244">
				<speed>0.982197</speed>
				<ele>2175.000000</ele>
				<time>2025-09-29T09:21:56Z</time>
			</trkpt>
			<trkpt lat="38.946254" lon="113.507136">
				<speed>0.917909</speed>
				<ele>2175.000000</ele>
				<time>2025-09-29T09:22:05Z</time>
			</trkpt>
			<trkpt lat="38.946323" lon="113.507051">
				<speed>0.806144</speed>
				<ele>2175.000000</ele>
				<time>2025-09-29T09:22:15Z</time>
			</trkpt>
			<trkpt lat="38.946401" lon="113.506968">
				<speed>0.700741</speed>
				<ele>2174.000000</ele>
				<time>2025-09-29T09:22:25Z</time>
			</trkpt>
			<trkpt lat="38.946487" lon="113.506919">
				<speed>0.742250</speed>
				<ele>2171.000000</ele>
				<time>2025-09-29T09:22:35Z</time>
			</trkpt>
			<trkpt lat="38.946541" lon="113.506825">
				<speed>0.952160</speed>
				<ele>2172.000000</ele>
				<time>2025-09-29T09:22:44Z</time>
			</trkpt>
			<trkpt lat="38.946598" lon="113.506727">
				<speed>0.764302</speed>
				<ele>2172.000000</ele>
				<time>2025-09-29T09:22:54Z</time>
			</trkpt>
			<trkpt lat="38.946667" lon="113.506652">
				<speed>1.297168</speed>
				<ele>2173.000000</ele>
				<time>2025-09-29T09:23:02Z</time>
			</trkpt>
			<trkpt lat="38.946754" lon="113.506597">
				<speed>0.717396</speed>
				<ele>2172.000000</ele>
				<time>2025-09-29T09:23:13Z</time>
			</trkpt>
			<trkpt lat="38.946833" lon="113.506656">
				<speed>0.914956</speed>
				<ele>2169.000000</ele>
				<time>2025-09-29T09:23:28Z</time>
			</trkpt>
			<trkpt lat="38.946923" lon="113.506652">
				<speed>0.887181</speed>
				<ele>2168.000000</ele>
				<time>2025-09-29T09:23:37Z</time>
			</trkpt>
			<trkpt lat="38.947016" lon="113.506635">
				<speed>1.282370</speed>
				<ele>2166.000000</ele>
				<time>2025-09-29T09:23:47Z</time>
			</trkpt>
			<trkpt lat="38.947088" lon="113.506563">
				<speed>0.978619</speed>
				<ele>2163.000000</ele>
				<time>2025-09-29T09:23:57Z</time>
			</trkpt>
			<trkpt lat="38.947162" lon="113.506475">
				<speed>0.956175</speed>
				<ele>2163.000000</ele>
				<time>2025-09-29T09:24:08Z</time>
			</trkpt>
			<trkpt lat="38.947248" lon="113.506429">
				<speed>0.775305</speed>
				<ele>2161.000000</ele>
				<time>2025-09-29T09:24:18Z</time>
			</trkpt>
			<trkpt lat="38.947329" lon="113.506373">
				<speed>0.730104</speed>
				<ele>2159.000000</ele>
				<time>2025-09-29T09:24:28Z</time>
			</trkpt>
			<trkpt lat="38.947408" lon="113.506310">
				<speed>0.970298</speed>
				<ele>2160.000000</ele>
				<time>2025-09-29T09:24:38Z</time>
			</trkpt>
			<trkpt lat="38.947497" lon="113.506261">
				<speed>0.819608</speed>
				<ele>2159.000000</ele>
				<time>2025-09-29T09:24:51Z</time>
			</trkpt>
			<trkpt lat="38.947577" lon="113.506191">
				<speed>0.834855</speed>
				<ele>2156.000000</ele>
				<time>2025-09-29T09:25:02Z</time>
			</trkpt>
			<trkpt lat="38.947650" lon="113.506111">
				<speed>0.722889</speed>
				<ele>2153.000000</ele>
				<time>2025-09-29T09:25:13Z</time>
			</trkpt>
			<trkpt lat="38.947715" lon="113.506019">
				<speed>0.874114</speed>
				<ele>2152.000000</ele>
				<time>2025-09-29T09:25:23Z</time>
			</trkpt>
			<trkpt lat="38.947787" lon="113.505936">
				<speed>1.002451</speed>
				<ele>2151.000000</ele>
				<time>2025-09-29T09:25:33Z</time>
			</trkpt>
			<trkpt lat="38.947850" lon="113.505847">
				<speed>0.591494</speed>
				<ele>2152.000000</ele>
				<time>2025-09-29T09:25:44Z</time>
			</trkpt>
			<trkpt lat="38.947915" lon="113.505765">
				<speed>0.605722</speed>
				<ele>2149.000000</ele>
				<time>2025-09-29T09:25:55Z</time>
			</trkpt>
			<trkpt lat="38.947995" lon="113.505705">
				<speed>0.706092</speed>
				<ele>2150.000000</ele>
				<time>2025-09-29T09:26:06Z</time>
			</trkpt>
			<trkpt lat="38.948079" lon="113.505661">
				<speed>1.080931</speed>
				<ele>2147.000000</ele>
				<time>2025-09-29T09:26:16Z</time>
			</trkpt>
			<trkpt lat="38.948151" lon="113.505581">
				<speed>0.872133</speed>
				<ele>2143.000000</ele>
				<time>2025-09-29T09:26:26Z</time>
			</trkpt>
			<trkpt lat="38.948226" lon="113.505507">
				<speed>0.715339</speed>
				<ele>2143.000000</ele>
				<time>2025-09-29T09:26:36Z</time>
			</trkpt>
			<trkpt lat="38.948315" lon="113.505470">
				<speed>1.043138</speed>
				<ele>2138.000000</ele>
				<time>2025-09-29T09:26:48Z</time>
			</trkpt>
			<trkpt lat="38.948389" lon="113.505398">
				<speed>1.166197</speed>
				<ele>2137.000000</ele>
				<time>2025-09-29T09:26:56Z</time>
			</trkpt>
			<trkpt lat="38.948473" lon="113.505331">
				<speed>1.247154</speed>
				<ele>2137.000000</ele>
				<time>2025-09-29T09:27:05Z</time>
			</trkpt>
			<trkpt lat="38.948566" lon="113.505338">
				<speed>0.441455</speed>
				<ele>2137.000000</ele>
				<time>2025-09-29T09:27:36Z</time>
			</trkpt>
			<trkpt lat="38.948666" lon="113.505357">
				<speed>0.636695</speed>
				<ele>2133.000000</ele>
				<time>2025-09-29T09:27:52Z</time>
			</trkpt>
			<trkpt lat="38.948751" lon="113.505403">
				<speed>0.451001</speed>
				<ele>2131.000000</ele>
				<time>2025-09-29T09:28:02Z</time>
			</trkpt>
			<trkpt lat="38.948825" lon="113.505475">
				<speed>0.646177</speed>
				<ele>2129.000000</ele>
				<time>2025-09-29T09:28:13Z</time>
			</trkpt>
			<trkpt lat="38.948895" lon="113.505552">
				<speed>0.444504</speed>
				<ele>2126.000000</ele>
				<time>2025-09-29T09:28:24Z</time>
			</trkpt>
			<trkpt lat="38.948988" lon="113.505577">
				<speed>0.588321</speed>
				<ele>2126.000000</ele>
				<time>2025-09-29T09:29:06Z</time>
			</trkpt>
			<trkpt lat="38.949080" lon="113.505588">
				<speed>0.573359</speed>
				<ele>2126.000000</ele>
				<time>2025-09-29T09:29:17Z</time>
			</trkpt>
			<trkpt lat="38.949173" lon="113.505622">
				<speed>0.393840</speed>
				<ele>2123.000000</ele>
				<time>2025-09-29T09:29:34Z</time>
			</trkpt>
			<trkpt lat="38.949270" lon="113.505628">
				<speed>0.318998</speed>
				<ele>2122.000000</ele>
				<time>2025-09-29T09:29:49Z</time>
			</trkpt>
			<trkpt lat="38.949363" lon="113.505631">
				<speed>0.446514</speed>
				<ele>2119.000000</ele>
				<time>2025-09-29T09:30:00Z</time>
			</trkpt>
			<trkpt lat="38.949466" lon="113.505633">
				<speed>0.592588</speed>
				<ele>2118.000000</ele>
				<time>2025-09-29T09:30:11Z</time>
			</trkpt>
			<trkpt lat="38.949557" lon="113.505613">
				<speed>0.287667</speed>
				<ele>2117.000000</ele>
				<time>2025-09-29T09:30:21Z</time>
			</trkpt>
			<trkpt lat="38.949647" lon="113.505582">
				<speed>0.521637</speed>
				<ele>2116.000000</ele>
				<time>2025-09-29T09:30:31Z</time>
			</trkpt>
			<trkpt lat="38.949741" lon="113.505581">
				<speed>0.170327</speed>
				<ele>2116.000000</ele>
				<time>2025-09-29T09:30:41Z</time>
			</trkpt>
			<trkpt lat="38.949842" lon="113.505582">
				<speed>0.939319</speed>
				<ele>2118.000000</ele>
				<time>2025-09-29T09:31:02Z</time>
			</trkpt>
			<trkpt lat="38.949936" lon="113.505598">
				<speed>0.933312</speed>
				<ele>2117.000000</ele>
				<time>2025-09-29T09:31:14Z</time>
			</trkpt>
			<trkpt lat="38.950015" lon="113.505668">
				<speed>0.777661</speed>
				<ele>2117.000000</ele>
				<time>2025-09-29T09:31:26Z</time>
			</trkpt>
			<trkpt lat="38.950098" lon="113.505739">
				<speed>1.215039</speed>
				<ele>2113.000000</ele>
				<time>2025-09-29T09:31:35Z</time>
			</trkpt>
			<trkpt lat="38.950149" lon="113.505843">
				<speed>0.738366</speed>
				<ele>2110.000000</ele>
				<time>2025-09-29T09:31:46Z</time>
			</trkpt>
			<trkpt lat="38.950164" lon="113.505963">
				<speed>0.405522</speed>
				<ele>2107.000000</ele>
				<time>2025-09-29T09:31:58Z</time>
			</trkpt>
			<trkpt lat="38.950221" lon="113.506061">
				<speed>1.041705</speed>
				<ele>2104.000000</ele>
				<time>2025-09-29T09:32:09Z</time>
			</trkpt>
			<trkpt lat="38.950260" lon="113.506171">
				<speed>0.840998</speed>
				<ele>2104.000000</ele>
				<time>2025-09-29T09:32:20Z</time>
			</trkpt>
			<trkpt lat="38.950304" lon="113.506274">
				<speed>0.700982</speed>
				<ele>2104.000000</ele>
				<time>2025-09-29T09:32:30Z</time>
			</trkpt>
			<trkpt lat="38.950349" lon="113.506382">
				<speed>0.640204</speed>
				<ele>2102.000000</ele>
				<time>2025-09-29T09:32:40Z</time>
			</trkpt>
			<trkpt lat="38.950423" lon="113.506452">
				<speed>0.980663</speed>
				<ele>2100.000000</ele>
				<time>2025-09-29T09:32:51Z</time>
			</trkpt>
			<trkpt lat="38.950506" lon="113.506500">
				<speed>0.213545</speed>
				<ele>2100.000000</ele>
				<time>2025-09-29T09:33:04Z</time>
			</trkpt>
			<trkpt lat="38.950590" lon="113.506555">
				<speed>0.790815</speed>
				<ele>2097.000000</ele>
				<time>2025-09-29T09:33:21Z</time>
			</trkpt>
			<trkpt lat="38.950678" lon="113.506587">
				<speed>0.704113</speed>
				<ele>2096.000000</ele>
				<time>2025-09-29T09:33:30Z</time>
			</trkpt>
			<trkpt lat="38.950776" lon="113.506625">
				<speed>0.760783</speed>
				<ele>2096.000000</ele>
				<time>2025-09-29T09:33:38Z</time>
			</trkpt>
			<trkpt lat="38.950870" lon="113.506655">
				<speed>0.594011</speed>
				<ele>2093.000000</ele>
				<time>2025-09-29T09:33:49Z</time>
			</trkpt>
			<trkpt lat="38.950954" lon="113.506707">
				<speed>0.581123</speed>
				<ele>2092.000000</ele>
				<time>2025-09-29T09:34:01Z</time>
			</trkpt>
			<trkpt lat="38.951045" lon="113.506743">
				<speed>0.397417</speed>
				<ele>2089.000000</ele>
				<time>2025-09-29T09:34:17Z</time>
			</trkpt>
			<trkpt lat="38.951133" lon="113.506776">
				<speed>0.566653</speed>
				<ele>2085.000000</ele>
				<time>2025-09-29T09:34:31Z</time>
			</trkpt>
			<trkpt lat="38.951215" lon="113.506838">
				<speed>0.528201</speed>
				<ele>2082.000000</ele>
				<time>2025-09-29T09:34:43Z</time>
			</trkpt>
			<trkpt lat="38.951294" lon="113.506911">
				<speed>0.745220</speed>
				<ele>2081.000000</ele>
				<time>2025-09-29T09:34:54Z</time>
			</trkpt>
			<trkpt lat="38.951389" lon="113.506936">
				<speed>0.624070</speed>
				<ele>2078.000000</ele>
				<time>2025-09-29T09:35:10Z</time>
			</trkpt>
			<trkpt lat="38.951479" lon="113.506964">
				<speed>0.383112</speed>
				<ele>2076.000000</ele>
				<time>2025-09-29T09:35:21Z</time>
			</trkpt>
			<trkpt lat="38.951550" lon="113.507046">
				<speed>0.760099</speed>
				<ele>2071.000000</ele>
				<time>2025-09-29T09:35:34Z</time>
			</trkpt>
			<trkpt lat="38.951626" lon="113.507113">
				<speed>0.470715</speed>
				<ele>2070.000000</ele>
				<time>2025-09-29T09:35:46Z</time>
			</trkpt>
			<trkpt lat="38.951713" lon="113.507157">
				<speed>0.769777</speed>
				<ele>2068.000000</ele>
				<time>2025-09-29T09:35:57Z</time>
			</trkpt>
			<trkpt lat="38.951735" lon="113.507269">
				<speed>1.045474</speed>
				<ele>2066.000000</ele>
				<time>2025-09-29T09:36:08Z</time>
			</trkpt>
			<trkpt lat="38.951806" lon="113.507345">
				<speed>0.897152</speed>
				<ele>2064.000000</ele>
				<time>2025-09-29T09:36:21Z</time>
			</trkpt>
			<trkpt lat="38.951899" lon="113.507293">
				<speed>1.187271</speed>
				<ele>2061.000000</ele>
				<time>2025-09-29T09:36:32Z</time>
			</trkpt>
			<trkpt lat="38.951992" lon="113.507251">
				<speed>1.107121</speed>
				<ele>2059.000000</ele>
				<time>2025-09-29T09:36:44Z</time>
			</trkpt>
			<trkpt lat="38.952082" lon="113.507201">
				<speed>1.027242</speed>
				<ele>2058.000000</ele>
				<time>2025-09-29T09:36:54Z</time>
			</trkpt>
			<trkpt lat="38.952166" lon="113.507134">
				<speed>0.910938</speed>
				<ele>2057.000000</ele>
				<time>2025-09-29T09:37:06Z</time>
			</trkpt>
			<trkpt lat="38.952246" lon="113.507079">
				<speed>0.595039</speed>
				<ele>2057.000000</ele>
				<time>2025-09-29T09:37:19Z</time>
			</trkpt>
			<trkpt lat="38.952334" lon="113.507056">
				<speed>0.633322</speed>
				<ele>2056.000000</ele>
				<time>2025-09-29T09:37:32Z</time>
			</trkpt>
			<trkpt lat="38.952420" lon="113.507008">
				<speed>0.481310</speed>
				<ele>2054.000000</ele>
				<time>2025-09-29T09:37:42Z</time>
			</trkpt>
			<trkpt lat="38.952510" lon="113.506982">
				<speed>0.699357</speed>
				<ele>2052.000000</ele>
				<time>2025-09-29T09:37:53Z</time>
			</trkpt>
			<trkpt lat="38.952595" lon="113.506943">
				<speed>0.849732</speed>
				<ele>2050.000000</ele>
				<time>2025-09-29T09:38:05Z</time>
			</trkpt>
			<trkpt lat="38.952691" lon="113.506929">
				<speed>0.868856</speed>
				<ele>2047.000000</ele>
				<time>2025-09-29T09:38:16Z</time>
			</trkpt>
			<trkpt lat="38.952786" lon="113.506933">
				<speed>0.523411</speed>
				<ele>2045.000000</ele>
				<time>2025-09-29T09:38:30Z</time>
			</trkpt>
			<trkpt lat="38.952882" lon="113.506938">
				<speed>0.777835</speed>
				<ele>2040.000000</ele>
				<time>2025-09-29T09:38:44Z</time>
			</trkpt>
			<trkpt lat="38.952970" lon="113.506907">
				<speed>0.113276</speed>
				<ele>2038.000000</ele>
				<time>2025-09-29T09:38:57Z</time>
			</trkpt>
			<trkpt lat="38.953034" lon="113.506997">
				<speed>0.495962</speed>
				<ele>2035.000000</ele>
				<time>2025-09-29T09:39:11Z</time>
			</trkpt>
			<trkpt lat="38.953120" lon="113.507032">
				<speed>0.595949</speed>
				<ele>2032.000000</ele>
				<time>2025-09-29T09:39:29Z</time>
			</trkpt>
			<trkpt lat="38.953219" lon="113.507035">
				<speed>0.688592</speed>
				<ele>2033.000000</ele>
				<time>2025-09-29T09:39:40Z</time>
			</trkpt>
			<trkpt lat="38.953310" lon="113.507049">
				<speed>0.614353</speed>
				<ele>2030.000000</ele>
				<time>2025-09-29T09:39:52Z</time>
			</trkpt>
			<trkpt lat="38.953399" lon="113.507030">
				<speed>0.528191</speed>
				<ele>2028.000000</ele>
				<time>2025-09-29T09:40:05Z</time>
			</trkpt>
			<trkpt lat="38.953492" lon="113.507005">
				<speed>0.440379</speed>
				<ele>2025.000000</ele>
				<time>2025-09-29T09:40:17Z</time>
			</trkpt>
			<trkpt lat="38.953581" lon="113.506978">
				<speed>0.549140</speed>
				<ele>2024.000000</ele>
				<time>2025-09-29T09:40:27Z</time>
			</trkpt>
			<trkpt lat="38.953679" lon="113.506961">
				<speed>0.899667</speed>
				<ele>2021.000000</ele>
				<time>2025-09-29T09:40:47Z</time>
			</trkpt>
			<trkpt lat="38.953777" lon="113.506952">
				<speed>0.412551</speed>
				<ele>2018.000000</ele>
				<time>2025-09-29T09:41:01Z</time>
			</trkpt>
			<trkpt lat="38.953864" lon="113.506912">
				<speed>0.382304</speed>
				<ele>2017.000000</ele>
				<time>2025-09-29T09:41:13Z</time>
			</trkpt>
			<trkpt lat="38.953909" lon="113.507016">
				<speed>0.554489</speed>
				<ele>2014.000000</ele>
				<time>2025-09-29T09:41:23Z</time>
			</trkpt>
			<trkpt lat="38.953972" lon="113.507104">
				<speed>0.437526</speed>
				<ele>2011.000000</ele>
				<time>2025-09-29T09:41:37Z</time>
			</trkpt>
			<trkpt lat="38.954045" lon="113.507177">
				<speed>0.406965</speed>
				<ele>2009.000000</ele>
				<time>2025-09-29T09:41:49Z</time>
			</trkpt>
			<trkpt lat="38.954129" lon="113.507237">
				<speed>0.560187</speed>
				<ele>2006.000000</ele>
				<time>2025-09-29T09:42:04Z</time>
			</trkpt>
			<trkpt lat="38.954223" lon="113.507243">
				<speed>0.610320</speed>
				<ele>2006.000000</ele>
				<time>2025-09-29T09:42:26Z</time>
			</trkpt>
			<trkpt lat="38.954306" lon="113.507196">
				<speed>0.811117</speed>
				<ele>2004.000000</ele>
				<time>2025-09-29T09:42:44Z</time>
			</trkpt>
			<trkpt lat="38.954402" lon="113.507190">
				<speed>0.786912</speed>
				<ele>2003.000000</ele>
				<time>2025-09-29T09:42:57Z</time>
			</trkpt>
			<trkpt lat="38.954492" lon="113.507175">
				<speed>0.799929</speed>
				<ele>2000.000000</ele>
				<time>2025-09-29T09:43:17Z</time>
			</trkpt>
			<trkpt lat="38.954590" lon="113.507169">
				<speed>0.659246</speed>
				<ele>1998.000000</ele>
				<time>2025-09-29T09:43:33Z</time>
			</trkpt>
			<trkpt lat="38.954685" lon="113.507126">
				<speed>1.020105</speed>
				<ele>1998.000000</ele>
				<time>2025-09-29T09:43:46Z</time>
			</trkpt>
			<trkpt lat="38.954753" lon="113.507048">
				<speed>0.712761</speed>
				<ele>1996.000000</ele>
				<time>2025-09-29T09:43:57Z</time>
			</trkpt>
			<trkpt lat="38.954825" lon="113.506970">
				<speed>0.542076</speed>
				<ele>1994.000000</ele>
				<time>2025-09-29T09:44:09Z</time>
			</trkpt>
			<trkpt lat="38.954914" lon="113.506919">
				<speed>0.642400</speed>
				<ele>1994.000000</ele>
				<time>2025-09-29T09:44:21Z</time>
			</trkpt>
			<trkpt lat="38.955001" lon="113.506882">
				<speed>0.566115</speed>
				<ele>1991.000000</ele>
				<time>2025-09-29T09:44:33Z</time>
			</trkpt>
			<trkpt lat="38.955094" lon="113.506856">
				<speed>1.341982</speed>
				<ele>1990.000000</ele>
				<time>2025-09-29T09:44:45Z</time>
			</trkpt>
			<trkpt lat="38.955153" lon="113.506754">
				<speed>0.794499</speed>
				<ele>1988.000000</ele>
				<time>2025-09-29T09:44:57Z</time>
			</trkpt>
			<trkpt lat="38.955241" lon="113.506730">
				<speed>0.369010</speed>
				<ele>1985.000000</ele>
				<time>2025-09-29T09:45:08Z</time>
			</trkpt>
			<trkpt lat="38.955326" lon="113.506681">
				<speed>0.764755</speed>
				<ele>1984.000000</ele>
				<time>2025-09-29T09:45:20Z</time>
			</trkpt>
			<trkpt lat="38.955400" lon="113.506603">
				<speed>1.012400</speed>
				<ele>1983.000000</ele>
				<time>2025-09-29T09:45:31Z</time>
			</trkpt>
			<trkpt lat="38.955465" lon="113.506519">
				<speed>0.746519</speed>
				<ele>1982.000000</ele>
				<time>2025-09-29T09:45:41Z</time>
			</trkpt>
			<trkpt lat="38.955550" lon="113.506469">
				<speed>0.557364</speed>
				<ele>1979.000000</ele>
				<time>2025-09-29T09:45:53Z</time>
			</trkpt>
			<trkpt lat="38.955639" lon="113.506446">
				<speed>0.498281</speed>
				<ele>1978.000000</ele>
				<time>2025-09-29T09:46:03Z</time>
			</trkpt>
			<trkpt lat="38.955731" lon="113.506397">
				<speed>0.628434</speed>
				<ele>1976.000000</ele>
				<time>2025-09-29T09:46:15Z</time>
			</trkpt>
			<trkpt lat="38.955822" lon="113.506362">
				<speed>1.173882</speed>
				<ele>1973.000000</ele>
				<time>2025-09-29T09:46:25Z</time>
			</trkpt>
			<trkpt lat="38.955910" lon="113.506329">
				<speed>0.632983</speed>
				<ele>1972.000000</ele>
				<time>2025-09-29T09:46:36Z</time>
			</trkpt>
			<trkpt lat="38.955997" lon="113.506297">
				<speed>0.852077</speed>
				<ele>1969.000000</ele>
				<time>2025-09-29T09:46:46Z</time>
			</trkpt>
			<trkpt lat="38.956089" lon="113.506279">
				<speed>0.363856</speed>
				<ele>1966.000000</ele>
				<time>2025-09-29T09:46:57Z</time>
			</trkpt>
			<trkpt lat="38.956179" lon="113.506275">
				<speed>0.772611</speed>
				<ele>1964.000000</ele>
				<time>2025-09-29T09:47:07Z</time>
			</trkpt>
			<trkpt lat="38.956271" lon="113.506248">
				<speed>0.670891</speed>
				<ele>1964.000000</ele>
				<time>2025-09-29T09:47:19Z</time>
			</trkpt>
			<trkpt lat="38.956366" lon="113.506234">
				<speed>0.615942</speed>
				<ele>1962.000000</ele>
				<time>2025-09-29T09:47:30Z</time>
			</trkpt>
			<trkpt lat="38.956458" lon="113.506200">
				<speed>0.505660</speed>
				<ele>1958.000000</ele>
				<time>2025-09-29T09:47:42Z</time>
			</trkpt>
			<trkpt lat="38.956537" lon="113.506145">
				<speed>0.499642</speed>
				<ele>1957.000000</ele>
				<time>2025-09-29T09:47:53Z</time>
			</trkpt>
			<trkpt lat="38.956623" lon="113.506104">
				<speed>0.755921</speed>
				<ele>1956.000000</ele>
				<time>2025-09-29T09:48:05Z</time>
			</trkpt>
			<trkpt lat="38.956711" lon="113.506050">
				<speed>0.747286</speed>
				<ele>1954.000000</ele>
				<time>2025-09-29T09:48:16Z</time>
			</trkpt>
			<trkpt lat="38.956786" lon="113.505971">
				<speed>0.636114</speed>
				<ele>1955.000000</ele>
				<time>2025-09-29T09:48:27Z</time>
			</trkpt>
			<trkpt lat="38.956871" lon="113.505932">
				<speed>0.462313</speed>
				<ele>1953.000000</ele>
				<time>2025-09-29T09:48:38Z</time>
			</trkpt>
			<trkpt lat="38.956963" lon="113.505913">
				<speed>0.720160</speed>
				<ele>1950.000000</ele>
				<time>2025-09-29T09:48:50Z</time>
			</trkpt>
			<trkpt lat="38.957023" lon="113.505822">
				<speed>0.451936</speed>
				<ele>1949.000000</ele>
				<time>2025-09-29T09:49:00Z</time>
			</trkpt>
			<trkpt lat="38.957095" lon="113.505741">
				<speed>0.335379</speed>
				<ele>1946.000000</ele>
				<time>2025-09-29T09:49:26Z</time>
			</trkpt>
			<trkpt lat="38.957188" lon="113.505704">
				<speed>1.105551</speed>
				<ele>1945.000000</ele>
				<time>2025-09-29T09:49:37Z</time>
			</trkpt>
			<trkpt lat="38.957274" lon="113.505638">
				<speed>0.523680</speed>
				<ele>1944.000000</ele>
				<time>2025-09-29T09:49:50Z</time>
			</trkpt>
			<trkpt lat="38.957349" lon="113.505561">
				<speed>0.246791</speed>
				<ele>1944.000000</ele>
				<time>2025-09-29T09:50:00Z</time>
			</trkpt>
			<trkpt lat="38.957416" lon="113.505481">
				<speed>0.390592</speed>
				<ele>1942.000000</ele>
				<time>2025-09-29T09:50:10Z</time>
			</trkpt>
			<trkpt lat="38.957506" lon="113.505438">
				<speed>0.978759</speed>
				<ele>1940.000000</ele>
				<time>2025-09-29T09:50:20Z</time>
			</trkpt>
			<trkpt lat="38.957584" lon="113.505368">
				<speed>0.657650</speed>
				<ele>1941.000000</ele>
				<time>2025-09-29T09:50:31Z</time>
			</trkpt>
			<trkpt lat="38.957666" lon="113.505319">
				<speed>0.605641</speed>
				<ele>1939.000000</ele>
				<time>2025-09-29T09:50:44Z</time>
			</trkpt>
			<trkpt lat="38.957748" lon="113.505258">
				<speed>0.875654</speed>
				<ele>1940.000000</ele>
				<time>2025-09-29T09:50:56Z</time>
			</trkpt>
			<trkpt lat="38.957830" lon="113.505181">
				<speed>0.816483</speed>
				<ele>1939.000000</ele>
				<time>2025-09-29T09:51:09Z</time>
			</trkpt>
			<trkpt lat="38.957916" lon="113.505139">
				<speed>0.647764</speed>
				<ele>1938.000000</ele>
				<time>2025-09-29T09:51:20Z</time>
			</trkpt>
			<trkpt lat="38.958006" lon="113.505099">
				<speed>0.864980</speed>
				<ele>1939.000000</ele>
				<time>2025-09-29T09:51:30Z</time>
			</trkpt>
			<trkpt lat="38.958096" lon="113.505062">
				<speed>1.133194</speed>
				<ele>1938.000000</ele>
				<time>2025-09-29T09:51:39Z</time>
			</trkpt>
			<trkpt lat="38.958188" lon="113.505041">
				<speed>1.058533</speed>
				<ele>1939.000000</ele>
				<time>2025-09-29T09:51:53Z</time>
			</trkpt>
			<trkpt lat="38.958285" lon="113.505008">
				<speed>0.897810</speed>
				<ele>1939.000000</ele>
				<time>2025-09-29T09:52:02Z</time>
			</trkpt>
			<trkpt lat="38.958374" lon="113.504979">
				<speed>0.431990</speed>
				<ele>1937.000000</ele>
				<time>2025-09-29T09:52:14Z</time>
			</trkpt>
			<trkpt lat="38.958469" lon="113.504962">
				<speed>1.536701</speed>
				<ele>1937.000000</ele>
				<time>2025-09-29T09:52:22Z</time>
			</trkpt>
			<trkpt lat="38.958562" lon="113.504937">
				<speed>1.493889</speed>
				<ele>1935.000000</ele>
				<time>2025-09-29T09:52:29Z</time>
			</trkpt>
			<trkpt lat="38.958658" lon="113.504905">
				<speed>1.050294</speed>
				<ele>1933.000000</ele>
				<time>2025-09-29T09:52:40Z</time>
			</trkpt>
			<trkpt lat="38.958749" lon="113.504872">
				<speed>0.425611</speed>
				<ele>1931.000000</ele>
				<time>2025-09-29T09:52:56Z</time>
			</trkpt>
			<trkpt lat="38.958784" lon="113.504755">
				<speed>0.587815</speed>
				<ele>1927.000000</ele>
				<time>2025-09-29T09:53:28Z</time>
			</trkpt>
			<trkpt lat="38.958876" lon="113.504700">
				<speed>1.062072</speed>
				<ele>1926.000000</ele>
				<time>2025-09-29T09:53:42Z</time>
			</trkpt>
			<trkpt lat="38.958967" lon="113.504672">
				<speed>0.739112</speed>
				<ele>1924.000000</ele>
				<time>2025-09-29T09:53:52Z</time>
			</trkpt>
			<trkpt lat="38.959045" lon="113.504614">
				<speed>1.575244</speed>
				<ele>1922.000000</ele>
				<time>2025-09-29T09:54:01Z</time>
			</trkpt>
			<trkpt lat="38.959125" lon="113.504545">
				<speed>1.139397</speed>
				<ele>1923.000000</ele>
				<time>2025-09-29T09:54:36Z</time>
			</trkpt>
			<trkpt lat="38.959206" lon="113.504598">
				<speed>0.825835</speed>
				<ele>1922.000000</ele>
				<time>2025-09-29T09:54:48Z</time>
			</trkpt>
			<trkpt lat="38.959273" lon="113.504681">
				<speed>0.655564</speed>
				<ele>1923.000000</ele>
				<time>2025-09-29T09:55:01Z</time>
			</trkpt>
			<trkpt lat="38.959356" lon="113.504732">
				<speed>1.035930</speed>
				<ele>1922.000000</ele>
				<time>2025-09-29T09:55:13Z</time>
			</trkpt>
			<trkpt lat="38.959453" lon="113.504756">
				<speed>0.929391</speed>
				<ele>1922.000000</ele>
				<time>2025-09-29T09:55:24Z</time>
			</trkpt>
			<trkpt lat="38.959547" lon="113.504776">
				<speed>0.751680</speed>
				<ele>1923.000000</ele>
				<time>2025-09-29T09:55:35Z</time>
			</trkpt>
			<trkpt lat="38.959633" lon="113.504813">
				<speed>0.836533</speed>
				<ele>1925.000000</ele>
				<time>2025-09-29T09:55:47Z</time>
			</trkpt>
			<trkpt lat="38.959730" lon="113.504848">
				<speed>1.088467</speed>
				<ele>1926.000000</ele>
				<time>2025-09-29T09:55:59Z</time>
			</trkpt>
			<trkpt lat="38.959818" lon="113.504877">
				<speed>0.891721</speed>
				<ele>1927.000000</ele>
				<time>2025-09-29T09:56:10Z</time>
			</trkpt>
			<trkpt lat="38.959901" lon="113.504924">
				<speed>0.924321</speed>
				<ele>1929.000000</ele>
				<time>2025-09-29T09:56:20Z</time>
			</trkpt>
			<trkpt lat="38.959957" lon="113.505016">
				<speed>0.764402</speed>
				<ele>1932.000000</ele>
				<time>2025-09-29T09:56:31Z</time>
			</trkpt>
			<trkpt lat="38.960047" lon="113.504975">
				<speed>0.737970</speed>
				<ele>1936.000000</ele>
				<time>2025-09-29T09:56:46Z</time>
			</trkpt>
			<trkpt lat="38.960101" lon="113.504875">
				<speed>0.301498</speed>
				<ele>1939.000000</ele>
				<time>2025-09-29T09:57:03Z</time>
			</trkpt>
			<trkpt lat="38.960152" lon="113.504772">
				<speed>0.713934</speed>
				<ele>1941.000000</ele>
				<time>2025-09-29T09:57:18Z</time>
			</trkpt>
			<trkpt lat="38.960142" lon="113.504655">
				<speed>0.623327</speed>
				<ele>1943.000000</ele>
				<time>2025-09-29T09:57:29Z</time>
			</trkpt>
			<trkpt lat="38.960151" lon="113.504535">
				<speed>0.642704</speed>
				<ele>1944.000000</ele>
				<time>2025-09-29T09:57:43Z</time>
			</trkpt>
			<trkpt lat="38.960153" lon="113.504413">
				<speed>0.797075</speed>
				<ele>1945.000000</ele>
				<time>2025-09-29T09:57:55Z</time>
			</trkpt>
			<trkpt lat="38.960148" lon="113.504295">
				<speed>0.691505</speed>
				<ele>1946.000000</ele>
				<time>2025-09-29T09:58:05Z</time>
			</trkpt>
			<trkpt lat="38.960208" lon="113.504198">
				<speed>0.787839</speed>
				<ele>1948.000000</ele>
				<time>2025-09-29T09:58:16Z</time>
			</trkpt>
			<trkpt lat="38.960305" lon="113.504196">
				<speed>0.861517</speed>
				<ele>1951.000000</ele>
				<time>2025-09-29T09:58:30Z</time>
			</trkpt>
			<trkpt lat="38.960399" lon="113.504193">
				<speed>0.760619</speed>
				<ele>1952.000000</ele>
				<time>2025-09-29T09:58:40Z</time>
			</trkpt>
			<trkpt lat="38.960487" lon="113.504229">
				<speed>0.618252</speed>
				<ele>1954.000000</ele>
				<time>2025-09-29T09:58:51Z</time>
			</trkpt>
			<trkpt lat="38.960561" lon="113.504301">
				<speed>0.887702</speed>
				<ele>1956.000000</ele>
				<time>2025-09-29T09:59:02Z</time>
			</trkpt>
			<trkpt lat="38.960638" lon="113.504362">
				<speed>0.707630</speed>
				<ele>1958.000000</ele>
				<time>2025-09-29T09:59:14Z</time>
			</trkpt>
			<trkpt lat="38.960709" lon="113.504435">
				<speed>0.697164</speed>
				<ele>1958.000000</ele>
				<time>2025-09-29T09:59:26Z</time>
			</trkpt>
			<trkpt lat="38.960798" lon="113.504408">
				<speed>0.809831</speed>
				<ele>1957.000000</ele>
				<time>2025-09-29T09:59:37Z</time>
			</trkpt>
			<trkpt lat="38.960850" lon="113.504508">
				<speed>0.798109</speed>
				<ele>1953.000000</ele>
				<time>2025-09-29T10:00:00Z</time>
			</trkpt>
			<trkpt lat="38.960879" lon="113.504621">
				<speed>0.997322</speed>
				<ele>1952.000000</ele>
				<time>2025-09-29T10:00:10Z</time>
			</trkpt>
			<trkpt lat="38.960909" lon="113.504733">
				<speed>0.843635</speed>
				<ele>1948.000000</ele>
				<time>2025-09-29T10:00:22Z</time>
			</trkpt>
			<trkpt lat="38.960855" lon="113.504837">
				<speed>0.926778</speed>
				<ele>1947.000000</ele>
				<time>2025-09-29T10:00:33Z</time>
			</trkpt>
			<trkpt lat="38.960757" lon="113.504863">
				<speed>1.169573</speed>
				<ele>1947.000000</ele>
				<time>2025-09-29T10:00:41Z</time>
			</trkpt>
			<trkpt lat="38.960660" lon="113.504859">
				<speed>1.112934</speed>
				<ele>1946.000000</ele>
				<time>2025-09-29T10:00:50Z</time>
			</trkpt>
			<trkpt lat="38.960559" lon="113.504835">
				<speed>1.304059</speed>
				<ele>1947.000000</ele>
				<time>2025-09-29T10:00:59Z</time>
			</trkpt>
			<trkpt lat="38.960485" lon="113.504767">
				<speed>0.427409</speed>
				<ele>1948.000000</ele>
				<time>2025-09-29T10:01:14Z</time>
			</trkpt>
			<trkpt lat="38.960579" lon="113.504776">
				<speed>0.800689</speed>
				<ele>1948.000000</ele>
				<time>2025-09-29T10:01:30Z</time>
			</trkpt>
			<trkpt lat="38.960600" lon="113.504663">
				<speed>1.277978</speed>
				<ele>1953.000000</ele>
				<time>2025-09-29T10:02:05Z</time>
			</trkpt>
			<trkpt lat="38.960616" lon="113.504783">
				<speed>0.718472</speed>
				<ele>1954.000000</ele>
				<time>2025-09-29T10:04:04Z</time>
			</trkpt>
			<trkpt lat="38.960687" lon="113.504873">
				<speed>1.152024</speed>
				<ele>1950.000000</ele>
				<time>2025-09-29T10:04:27Z</time>
			</trkpt>
			<trkpt lat="38.960782" lon="113.504870">
				<speed>1.319924</speed>
				<ele>1951.000000</ele>
				<time>2025-09-29T10:04:36Z</time>
			</trkpt>
			<trkpt lat="38.960882" lon="113.504872">
				<speed>1.378282</speed>
				<ele>1951.000000</ele>
				<time>2025-09-29T10:04:44Z</time>
			</trkpt>
			<trkpt lat="38.960917" lon="113.504762">
				<speed>0.856532</speed>
				<ele>1951.000000</ele>
				<time>2025-09-29T10:04:52Z</time>
			</trkpt>
			<trkpt lat="38.960911" lon="113.504646">
				<speed>0.795823</speed>
				<ele>1952.000000</ele>
				<time>2025-09-29T10:05:03Z</time>
			</trkpt>
			<trkpt lat="38.960968" lon="113.504551">
				<speed>0.000000</speed>
				<ele>1953.000000</ele>
				<time>2025-09-29T10:05:56Z</time>
			</trkpt>
			<trkpt lat="38.960903" lon="113.504638">
				<speed>0.275552</speed>
				<ele>1951.000000</ele>
				<time>2025-09-29T10:08:41Z</time>
			</trkpt>
			<trkpt lat="38.960917" lon="113.504753">
				<speed>0.161535</speed>
				<ele>1950.000000</ele>
				<time>2025-09-29T10:08:52Z</time>
			</trkpt>
			<trkpt lat="38.960857" lon="113.504843">
				<speed>0.211362</speed>
				<ele>1949.000000</ele>
				<time>2025-09-29T10:09:08Z</time>
			</trkpt>
			<trkpt lat="38.960764" lon="113.504867">
				<speed>0.963014</speed>
				<ele>1950.000000</ele>
				<time>2025-09-29T10:09:18Z</time>
			</trkpt>
			<trkpt lat="38.960669" lon="113.504866">
				<speed>0.912370</speed>
				<ele>1949.000000</ele>
				<time>2025-09-29T10:09:29Z</time>
			</trkpt>
			<trkpt lat="38.960577" lon="113.504839">
				<speed>1.124441</speed>
				<ele>1949.000000</ele>
				<time>2025-09-29T10:09:39Z</time>
			</trkpt>
			<trkpt lat="38.960616" lon="113.504730">
				<speed>0.639197</speed>
				<ele>1949.000000</ele>
				<time>2025-09-29T10:10:12Z</time>
			</trkpt>
			<trkpt lat="38.960638" lon="113.504618">
				<speed>0.787315</speed>
				<ele>1954.000000</ele>
				<time>2025-09-29T10:11:12Z</time>
			</trkpt>
			<trkpt lat="38.960891" lon="113.504666">
				<speed>0.598662</speed>
				<ele>1952.000000</ele>
				<time>2025-09-29T11:43:52Z</time>
			</trkpt>
			<trkpt lat="38.960907" lon="113.504781">
				<speed>0.560901</speed>
				<ele>1951.000000</ele>
				<time>2025-09-29T11:44:09Z</time>
			</trkpt>
			<trkpt lat="38.960833" lon="113.504849">
				<speed>0.581732</speed>
				<ele>1950.000000</ele>
				<time>2025-09-29T11:44:26Z</time>
			</trkpt>
			<trkpt lat="38.960741" lon="113.504860">
				<speed>0.742085</speed>
				<ele>1951.000000</ele>
				<time>2025-09-29T11:44:35Z</time>
			</trkpt>
			<trkpt lat="38.960651" lon="113.504864">
				<speed>1.686805</speed>
				<ele>1951.000000</ele>
				<time>2025-09-29T11:44:45Z</time>
			</trkpt>
			<trkpt lat="38.960556" lon="113.504846">
				<speed>0.899478</speed>
				<ele>1952.000000</ele>
				<time>2025-09-29T11:45:02Z</time>
			</trkpt>
			<trkpt lat="38.960595" lon="113.504736">
				<speed>0.840197</speed>
				<ele>1950.000000</ele>
				<time>2025-09-29T11:45:27Z</time>
			</trkpt>
			<trkpt lat="38.960610" lon="113.504622">
				<speed>0.483790</speed>
				<ele>1951.000000</ele>
				<time>2025-09-29T11:45:41Z</time>
			</trkpt>
		</trkseg>
	</trk>
	<extensions>
		<name>2025-09-29 04:44:40</name>
		<TrackTypeId>8</TrackTypeId>
		<SportType>18</SportType>
		<TrackTags><![CDATA[徒步]]></TrackTags>
		<BeginTime>1759092280000</BeginTime>
		<EndTime>1759146608814</EndTime>
		<PauseTime>2137</PauseTime>
		<StartDistrictId>0</StartDistrictId>
		<EndDistrictId>0</EndDistrictId>
		<CreaterId>56392261</CreaterId>
		<CreaterName><![CDATA[Andy 的游历]]></CreaterName>
		<OriginCreaterId>56392261</OriginCreaterId>
		<OriginCreaterName><![CDATA[Andy 的游历]]></OriginCreaterName>
		<Distance>35492.221461</Distance>
		<ElevationGain>1789.410000</ElevationGain>
		<ElevationLoss>2378.230000</ElevationLoss>
		<SportAvgSpeed>0.680042</SportAvgSpeed>
	</extensions>
</gpx>
