<?xml version="1.0" encoding="UTF-8"?>
<gpx xmlns="http://www.topografix.com/GPX/1/1" version="1.1" creator="GPSBabel - http://www.gpsbabel.org">
	<metadata>
		<author>
			<name><![CDATA[Andy 的游历]]></name>
		</author>
	</metadata>
	<trk>
		<trkseg>
			<trkpt lat="31.465031" lon="120.237083">
				<speed>0.000000</speed>
				<ele>27.000000</ele>
				<time>2025-12-07T01:21:04Z</time>
			</trkpt>
			<trkpt lat="31.464971" lon="120.237119">
				<speed>0.042570</speed>
				<ele>27.000000</ele>
				<time>2025-12-07T01:21:05Z</time>
			</trkpt>
			<trkpt lat="31.464963" lon="120.237144">
				<speed>0.056806</speed>
				<ele>27.000000</ele>
				<time>2025-12-07T01:22:32Z</time>
			</trkpt>
			<trkpt lat="31.464973" lon="120.237127">
				<speed>0.172921</speed>
				<ele>27.000000</ele>
				<time>2025-12-07T01:22:33Z</time>
			</trkpt>
			<trkpt lat="31.465037" lon="120.237065">
				<speed>0.500684</speed>
				<ele>27.000000</ele>
				<time>2025-12-07T01:24:30Z</time>
			</trkpt>
			<trkpt lat="31.464985" lon="120.237153">
				<speed>0.126201</speed>
				<ele>27.000000</ele>
				<time>2025-12-07T01:24:33Z</time>
			</trkpt>
			<trkpt lat="31.464978" lon="120.237144">
				<speed>0.078335</speed>
				<ele>27.000000</ele>
				<time>2025-12-07T01:24:34Z</time>
			</trkpt>
			<trkpt lat="31.464950" lon="120.237156">
				<speed>0.214802</speed>
				<ele>27.000000</ele>
				<time>2025-12-07T01:26:02Z</time>
			</trkpt>
			<trkpt lat="31.464987" lon="120.237131">
				<speed>0.094111</speed>
				<ele>27.000000</ele>
				<time>2025-12-07T01:26:06Z</time>
			</trkpt>
			<trkpt lat="31.464945" lon="120.237152">
				<speed>0.121207</speed>
				<ele>28.000000</ele>
				<time>2025-12-07T01:26:40Z</time>
			</trkpt>
			<trkpt lat="31.464962" lon="120.237192">
				<speed>0.000000</speed>
				<ele>27.000000</ele>
				<time>2025-12-07T01:27:29Z</time>
			</trkpt>
			<trkpt lat="31.464985" lon="120.237146">
				<speed>0.638858</speed>
				<ele>27.000000</ele>
				<time>2025-12-07T01:27:35Z</time>
			</trkpt>
			<trkpt lat="31.464936" lon="120.237144">
				<speed>0.103740</speed>
				<ele>28.000000</ele>
				<time>2025-12-07T01:28:27Z</time>
			</trkpt>
			<trkpt lat="31.464964" lon="120.237191">
				<speed>0.862554</speed>
				<ele>27.000000</ele>
				<time>2025-12-07T01:30:07Z</time>
			</trkpt>
			<trkpt lat="31.464981" lon="120.237244">
				<speed>0.942439</speed>
				<ele>26.000000</ele>
				<time>2025-12-07T01:30:12Z</time>
			</trkpt>
			<trkpt lat="31.464989" lon="120.237297">
				<speed>0.852478</speed>
				<ele>26.000000</ele>
				<time>2025-12-07T01:30:18Z</time>
			</trkpt>
			<trkpt lat="31.465003" lon="120.237357">
				<speed>1.134143</speed>
				<ele>27.000000</ele>
				<time>2025-12-07T01:30:23Z</time>
			</trkpt>
			<trkpt lat="31.465030" lon="120.237470">
				<speed>1.569055</speed>
				<ele>28.000000</ele>
				<time>2025-12-07T01:30:33Z</time>
			</trkpt>
			<trkpt lat="31.465050" lon="120.237535">
				<speed>1.802017</speed>
				<ele>28.000000</ele>
				<time>2025-12-07T01:30:36Z</time>
			</trkpt>
			<trkpt lat="31.465063" lon="120.237604">
				<speed>1.834001</speed>
				<ele>29.000000</ele>
				<time>2025-12-07T01:30:39Z</time>
			</trkpt>
			<trkpt lat="31.465067" lon="120.237668">
				<speed>1.900094</speed>
				<ele>29.000000</ele>
				<time>2025-12-07T01:30:42Z</time>
			</trkpt>
			<trkpt lat="31.465073" lon="120.237722">
				<speed>1.806655</speed>
				<ele>29.000000</ele>
				<time>2025-12-07T01:30:45Z</time>
			</trkpt>
			<trkpt lat="31.465086" lon="120.237789">
				<speed>1.586591</speed>
				<ele>30.000000</ele>
				<time>2025-12-07T01:30:50Z</time>
			</trkpt>
			<trkpt lat="31.465126" lon="120.237826">
				<speed>1.544592</speed>
				<ele>30.000000</ele>
				<time>2025-12-07T01:30:54Z</time>
			</trkpt>
			<trkpt lat="31.465169" lon="120.237806">
				<speed>1.595214</speed>
				<ele>30.000000</ele>
				<time>2025-12-07T01:30:56Z</time>
			</trkpt>
			<trkpt lat="31.465223" lon="120.237782">
				<speed>1.829129</speed>
				<ele>29.000000</ele>
				<time>2025-12-07T01:30:59Z</time>
			</trkpt>
			<trkpt lat="31.465283" lon="120.237777">
				<speed>1.886078</speed>
				<ele>29.000000</ele>
				<time>2025-12-07T01:31:03Z</time>
			</trkpt>
			<trkpt lat="31.465347" lon="120.237780">
				<speed>2.254905</speed>
				<ele>29.000000</ele>
				<time>2025-12-07T01:31:06Z</time>
			</trkpt>
			<trkpt lat="31.465405" lon="120.237767">
				<speed>2.093231</speed>
				<ele>29.000000</ele>
				<time>2025-12-07T01:31:09Z</time>
			</trkpt>
			<trkpt lat="31.465456" lon="120.237751">
				<speed>2.121955</speed>
				<ele>30.000000</ele>
				<time>2025-12-07T01:31:12Z</time>
			</trkpt>
			<trkpt lat="31.465514" lon="120.237739">
				<speed>2.179951</speed>
				<ele>30.000000</ele>
				<time>2025-12-07T01:31:15Z</time>
			</trkpt>
			<trkpt lat="31.465566" lon="120.237740">
				<speed>1.915850</speed>
				<ele>30.000000</ele>
				<time>2025-12-07T01:31:18Z</time>
			</trkpt>
			<trkpt lat="31.465611" lon="120.237733">
				<speed>2.170270</speed>
				<ele>31.000000</ele>
				<time>2025-12-07T01:31:20Z</time>
			</trkpt>
			<trkpt lat="31.465663" lon="120.237718">
				<speed>1.970493</speed>
				<ele>31.000000</ele>
				<time>2025-12-07T01:31:23Z</time>
			</trkpt>
			<trkpt lat="31.465723" lon="120.237714">
				<speed>2.232143</speed>
				<ele>31.000000</ele>
				<time>2025-12-07T01:31:26Z</time>
			</trkpt>
			<trkpt lat="31.465781" lon="120.237700">
				<speed>2.221955</speed>
				<ele>32.000000</ele>
				<time>2025-12-07T01:31:29Z</time>
			</trkpt>
			<trkpt lat="31.465836" lon="120.237703">
				<speed>2.031262</speed>
				<ele>32.000000</ele>
				<time>2025-12-07T01:31:32Z</time>
			</trkpt>
			<trkpt lat="31.465876" lon="120.237677">
				<speed>2.287170</speed>
				<ele>34.000000</ele>
				<time>2025-12-07T01:31:34Z</time>
			</trkpt>
			<trkpt lat="31.465917" lon="120.237646">
				<speed>2.589877</speed>
				<ele>34.000000</ele>
				<time>2025-12-07T01:31:36Z</time>
			</trkpt>
			<trkpt lat="31.465957" lon="120.237603">
				<speed>2.928753</speed>
				<ele>33.000000</ele>
				<time>2025-12-07T01:31:38Z</time>
			</trkpt>
			<trkpt lat="31.465998" lon="120.237576">
				<speed>2.662213</speed>
				<ele>33.000000</ele>
				<time>2025-12-07T01:31:40Z</time>
			</trkpt>
			<trkpt lat="31.466009" lon="120.237508">
				<speed>2.804385</speed>
				<ele>32.000000</ele>
				<time>2025-12-07T01:31:42Z</time>
			</trkpt>
			<trkpt lat="31.465998" lon="120.237444">
				<speed>2.907576</speed>
				<ele>32.000000</ele>
				<time>2025-12-07T01:31:44Z</time>
			</trkpt>
			<trkpt lat="31.465980" lon="120.237382">
				<speed>2.186884</speed>
				<ele>31.000000</ele>
				<time>2025-12-07T01:31:47Z</time>
			</trkpt>
			<trkpt lat="31.465954" lon="120.237316">
				<speed>2.300192</speed>
				<ele>30.000000</ele>
				<time>2025-12-07T01:31:50Z</time>
			</trkpt>
			<trkpt lat="31.465927" lon="120.237270">
				<speed>2.512472</speed>
				<ele>30.000000</ele>
				<time>2025-12-07T01:31:52Z</time>
			</trkpt>
			<trkpt lat="31.465895" lon="120.237199">
				<speed>2.671457</speed>
				<ele>30.000000</ele>
				<time>2025-12-07T01:31:55Z</time>
			</trkpt>
			<trkpt lat="31.465870" lon="120.237134">
				<speed>2.221539</speed>
				<ele>29.000000</ele>
				<time>2025-12-07T01:31:58Z</time>
			</trkpt>
			<trkpt lat="31.465833" lon="120.237066">
				<speed>2.383573</speed>
				<ele>29.000000</ele>
				<time>2025-12-07T01:32:01Z</time>
			</trkpt>
			<trkpt lat="31.465797" lon="120.237002">
				<speed>2.577836</speed>
				<ele>29.000000</ele>
				<time>2025-12-07T01:32:04Z</time>
			</trkpt>
			<trkpt lat="31.465767" lon="120.236942">
				<speed>2.287415</speed>
				<ele>29.000000</ele>
				<time>2025-12-07T01:32:07Z</time>
			</trkpt>
			<trkpt lat="31.465735" lon="120.236897">
				<speed>2.730897</speed>
				<ele>29.000000</ele>
				<time>2025-12-07T01:32:09Z</time>
			</trkpt>
			<trkpt lat="31.465724" lon="120.236846">
				<speed>2.589497</speed>
				<ele>29.000000</ele>
				<time>2025-12-07T01:32:11Z</time>
			</trkpt>
			<trkpt lat="31.465690" lon="120.236778">
				<speed>2.503191</speed>
				<ele>28.000000</ele>
				<time>2025-12-07T01:32:14Z</time>
			</trkpt>
			<trkpt lat="31.465657" lon="120.236703">
				<speed>2.773850</speed>
				<ele>29.000000</ele>
				<time>2025-12-07T01:32:17Z</time>
			</trkpt>
			<trkpt lat="31.465645" lon="120.236650">
				<speed>2.661883</speed>
				<ele>29.000000</ele>
				<time>2025-12-07T01:32:19Z</time>
			</trkpt>
			<trkpt lat="31.465626" lon="120.236602">
				<speed>2.500490</speed>
				<ele>28.000000</ele>
				<time>2025-12-07T01:32:21Z</time>
			</trkpt>
			<trkpt lat="31.465601" lon="120.236525">
				<speed>2.620734</speed>
				<ele>29.000000</ele>
				<time>2025-12-07T01:32:24Z</time>
			</trkpt>
			<trkpt lat="31.465585" lon="120.236475">
				<speed>2.769218</speed>
				<ele>29.000000</ele>
				<time>2025-12-07T01:32:26Z</time>
			</trkpt>
			<trkpt lat="31.465562" lon="120.236423">
				<speed>2.915053</speed>
				<ele>29.000000</ele>
				<time>2025-12-07T01:32:28Z</time>
			</trkpt>
			<trkpt lat="31.465535" lon="120.236361">
				<speed>3.083484</speed>
				<ele>29.000000</ele>
				<time>2025-12-07T01:32:30Z</time>
			</trkpt>
			<trkpt lat="31.465504" lon="120.236295">
				<speed>2.391507</speed>
				<ele>29.000000</ele>
				<time>2025-12-07T01:32:33Z</time>
			</trkpt>
			<trkpt lat="31.465491" lon="120.236245">
				<speed>2.429515</speed>
				<ele>29.000000</ele>
				<time>2025-12-07T01:32:35Z</time>
			</trkpt>
			<trkpt lat="31.465463" lon="120.236179">
				<speed>2.539503</speed>
				<ele>28.000000</ele>
				<time>2025-12-07T01:32:38Z</time>
			</trkpt>
			<trkpt lat="31.465440" lon="120.236123">
				<speed>2.830425</speed>
				<ele>28.000000</ele>
				<time>2025-12-07T01:32:40Z</time>
			</trkpt>
			<trkpt lat="31.465415" lon="120.236055">
				<speed>2.489960</speed>
				<ele>28.000000</ele>
				<time>2025-12-07T01:32:43Z</time>
			</trkpt>
			<trkpt lat="31.465397" lon="120.236006">
				<speed>2.417837</speed>
				<ele>29.000000</ele>
				<time>2025-12-07T01:32:45Z</time>
			</trkpt>
			<trkpt lat="31.465373" lon="120.235960">
				<speed>2.529160</speed>
				<ele>29.000000</ele>
				<time>2025-12-07T01:32:47Z</time>
			</trkpt>
			<trkpt lat="31.465350" lon="120.235915">
				<speed>2.591902</speed>
				<ele>28.000000</ele>
				<time>2025-12-07T01:32:49Z</time>
			</trkpt>
			<trkpt lat="31.465340" lon="120.235862">
				<speed>2.583753</speed>
				<ele>29.000000</ele>
				<time>2025-12-07T01:32:51Z</time>
			</trkpt>
			<trkpt lat="31.465311" lon="120.235800">
				<speed>2.403007</speed>
				<ele>29.000000</ele>
				<time>2025-12-07T01:32:54Z</time>
			</trkpt>
			<trkpt lat="31.465268" lon="120.235780">
				<speed>1.840449</speed>
				<ele>30.000000</ele>
				<time>2025-12-07T01:32:57Z</time>
			</trkpt>
			<trkpt lat="31.465224" lon="120.235798">
				<speed>1.802050</speed>
				<ele>31.000000</ele>
				<time>2025-12-07T01:33:00Z</time>
			</trkpt>
			<trkpt lat="31.465169" lon="120.235810">
				<speed>2.278913</speed>
				<ele>33.000000</ele>
				<time>2025-12-07T01:33:03Z</time>
			</trkpt>
			<trkpt lat="31.465114" lon="120.235819">
				<speed>2.145847</speed>
				<ele>33.000000</ele>
				<time>2025-12-07T01:33:06Z</time>
			</trkpt>
			<trkpt lat="31.465068" lon="120.235836">
				<speed>2.441146</speed>
				<ele>33.000000</ele>
				<time>2025-12-07T01:33:08Z</time>
			</trkpt>
			<trkpt lat="31.465027" lon="120.235863">
				<speed>2.418583</speed>
				<ele>33.000000</ele>
				<time>2025-12-07T01:33:10Z</time>
			</trkpt>
			<trkpt lat="31.464990" lon="120.235895">
				<speed>1.777324</speed>
				<ele>34.000000</ele>
				<time>2025-12-07T01:33:13Z</time>
			</trkpt>
			<trkpt lat="31.464951" lon="120.235949">
				<speed>1.850755</speed>
				<ele>34.000000</ele>
				<time>2025-12-07T01:33:18Z</time>
			</trkpt>
			<trkpt lat="31.464896" lon="120.235961">
				<speed>1.415387</speed>
				<ele>33.000000</ele>
				<time>2025-12-07T01:33:22Z</time>
			</trkpt>
			<trkpt lat="31.464848" lon="120.235996">
				<speed>1.607276</speed>
				<ele>33.000000</ele>
				<time>2025-12-07T01:33:26Z</time>
			</trkpt>
			<trkpt lat="31.464807" lon="120.236032">
				<speed>1.647004</speed>
				<ele>33.000000</ele>
				<time>2025-12-07T01:33:30Z</time>
			</trkpt>
			<trkpt lat="31.464771" lon="120.236065">
				<speed>1.669807</speed>
				<ele>33.000000</ele>
				<time>2025-12-07T01:33:33Z</time>
			</trkpt>
			<trkpt lat="31.464723" lon="120.236082">
				<speed>1.702808</speed>
				<ele>32.000000</ele>
				<time>2025-12-07T01:33:36Z</time>
			</trkpt>
			<trkpt lat="31.464663" lon="120.236086">
				<speed>1.722945</speed>
				<ele>31.000000</ele>
				<time>2025-12-07T01:33:39Z</time>
			</trkpt>
			<trkpt lat="31.464605" lon="120.236090">
				<speed>1.732566</speed>
				<ele>31.000000</ele>
				<time>2025-12-07T01:33:42Z</time>
			</trkpt>
			<trkpt lat="31.464543" lon="120.236099">
				<speed>1.730945</speed>
				<ele>30.000000</ele>
				<time>2025-12-07T01:33:45Z</time>
			</trkpt>
			<trkpt lat="31.464488" lon="120.236110">
				<speed>2.845928</speed>
				<ele>30.000000</ele>
				<time>2025-12-07T01:33:47Z</time>
			</trkpt>
			<trkpt lat="31.464439" lon="120.236113">
				<speed>2.704454</speed>
				<ele>31.000000</ele>
				<time>2025-12-07T01:33:49Z</time>
			</trkpt>
			<trkpt lat="31.464394" lon="120.236123">
				<speed>1.582506</speed>
				<ele>31.000000</ele>
				<time>2025-12-07T01:33:52Z</time>
			</trkpt>
			<trkpt lat="31.464192" lon="120.236153">
				<speed>2.656612</speed>
				<ele>31.000000</ele>
				<time>2025-12-07T01:34:02Z</time>
			</trkpt>
			<trkpt lat="31.464131" lon="120.236155">
				<speed>2.256274</speed>
				<ele>31.000000</ele>
				<time>2025-12-07T01:34:05Z</time>
			</trkpt>
			<trkpt lat="31.464071" lon="120.236148">
				<speed>2.238595</speed>
				<ele>30.000000</ele>
				<time>2025-12-07T01:34:08Z</time>
			</trkpt>
			<trkpt lat="31.464024" lon="120.236141">
				<speed>1.991812</speed>
				<ele>30.000000</ele>
				<time>2025-12-07T01:34:11Z</time>
			</trkpt>
			<trkpt lat="31.463965" lon="120.236141">
				<speed>1.847958</speed>
				<ele>30.000000</ele>
				<time>2025-12-07T01:34:15Z</time>
			</trkpt>
			<trkpt lat="31.463906" lon="120.236117">
				<speed>1.987644</speed>
				<ele>29.000000</ele>
				<time>2025-12-07T01:34:18Z</time>
			</trkpt>
			<trkpt lat="31.463849" lon="120.236099">
				<speed>1.901561</speed>
				<ele>29.000000</ele>
				<time>2025-12-07T01:34:21Z</time>
			</trkpt>
			<trkpt lat="31.463790" lon="120.236064">
				<speed>1.988117</speed>
				<ele>29.000000</ele>
				<time>2025-12-07T01:34:24Z</time>
			</trkpt>
			<trkpt lat="31.463749" lon="120.236039">
				<speed>1.841084</speed>
				<ele>29.000000</ele>
				<time>2025-12-07T01:34:26Z</time>
			</trkpt>
			<trkpt lat="31.463714" lon="120.236000">
				<speed>2.149461</speed>
				<ele>29.000000</ele>
				<time>2025-12-07T01:34:28Z</time>
			</trkpt>
			<trkpt lat="31.463679" lon="120.235965">
				<speed>1.885736</speed>
				<ele>29.000000</ele>
				<time>2025-12-07T01:34:30Z</time>
			</trkpt>
			<trkpt lat="31.463669" lon="120.235907">
				<speed>1.934396</speed>
				<ele>29.000000</ele>
				<time>2025-12-07T01:34:32Z</time>
			</trkpt>
			<trkpt lat="31.463653" lon="120.235831">
				<speed>2.617706</speed>
				<ele>30.000000</ele>
				<time>2025-12-07T01:34:35Z</time>
			</trkpt>
			<trkpt lat="31.463640" lon="120.235779">
				<speed>2.343055</speed>
				<ele>29.000000</ele>
				<time>2025-12-07T01:34:37Z</time>
			</trkpt>
			<trkpt lat="31.463622" lon="120.235710">
				<speed>2.229276</speed>
				<ele>30.000000</ele>
				<time>2025-12-07T01:34:40Z</time>
			</trkpt>
			<trkpt lat="31.463611" lon="120.235643">
				<speed>2.054186</speed>
				<ele>31.000000</ele>
				<time>2025-12-07T01:34:43Z</time>
			</trkpt>
			<trkpt lat="31.463603" lon="120.235590">
				<speed>2.379618</speed>
				<ele>32.000000</ele>
				<time>2025-12-07T01:34:45Z</time>
			</trkpt>
			<trkpt lat="31.463560" lon="120.235531">
				<speed>2.215164</speed>
				<ele>32.000000</ele>
				<time>2025-12-07T01:34:49Z</time>
			</trkpt>
			<trkpt lat="31.463513" lon="120.235492">
				<speed>2.248161</speed>
				<ele>32.000000</ele>
				<time>2025-12-07T01:34:52Z</time>
			</trkpt>
			<trkpt lat="31.463464" lon="120.235458">
				<speed>1.931504</speed>
				<ele>32.000000</ele>
				<time>2025-12-07T01:34:55Z</time>
			</trkpt>
			<trkpt lat="31.463417" lon="120.235417">
				<speed>2.052270</speed>
				<ele>31.000000</ele>
				<time>2025-12-07T01:34:58Z</time>
			</trkpt>
			<trkpt lat="31.463375" lon="120.235379">
				<speed>1.886023</speed>
				<ele>31.000000</ele>
				<time>2025-12-07T01:35:01Z</time>
			</trkpt>
			<trkpt lat="31.463330" lon="120.235337">
				<speed>2.083964</speed>
				<ele>30.000000</ele>
				<time>2025-12-07T01:35:04Z</time>
			</trkpt>
			<trkpt lat="31.463282" lon="120.235317">
				<speed>2.001651</speed>
				<ele>31.000000</ele>
				<time>2025-12-07T01:35:07Z</time>
			</trkpt>
			<trkpt lat="31.463233" lon="120.235292">
				<speed>1.981704</speed>
				<ele>32.000000</ele>
				<time>2025-12-07T01:35:10Z</time>
			</trkpt>
			<trkpt lat="31.463180" lon="120.235261">
				<speed>2.067792</speed>
				<ele>33.000000</ele>
				<time>2025-12-07T01:35:13Z</time>
			</trkpt>
			<trkpt lat="31.463125" lon="120.235251">
				<speed>2.080985</speed>
				<ele>35.000000</ele>
				<time>2025-12-07T01:35:16Z</time>
			</trkpt>
			<trkpt lat="31.463076" lon="120.235249">
				<speed>2.040965</speed>
				<ele>36.000000</ele>
				<time>2025-12-07T01:35:19Z</time>
			</trkpt>
			<trkpt lat="31.463027" lon="120.235260">
				<speed>1.915549</speed>
				<ele>37.000000</ele>
				<time>2025-12-07T01:35:23Z</time>
			</trkpt>
			<trkpt lat="31.463017" lon="120.235316">
				<speed>2.008733</speed>
				<ele>38.000000</ele>
				<time>2025-12-07T01:35:26Z</time>
			</trkpt>
			<trkpt lat="31.463005" lon="120.235373">
				<speed>2.118364</speed>
				<ele>38.000000</ele>
				<time>2025-12-07T01:35:29Z</time>
			</trkpt>
			<trkpt lat="31.462984" lon="120.235421">
				<speed>1.885029</speed>
				<ele>39.000000</ele>
				<time>2025-12-07T01:35:32Z</time>
			</trkpt>
			<trkpt lat="31.462966" lon="120.235484">
				<speed>2.374367</speed>
				<ele>38.000000</ele>
				<time>2025-12-07T01:35:35Z</time>
			</trkpt>
			<trkpt lat="31.462932" lon="120.235546">
				<speed>2.332584</speed>
				<ele>37.000000</ele>
				<time>2025-12-07T01:35:38Z</time>
			</trkpt>
			<trkpt lat="31.462893" lon="120.235603">
				<speed>1.951065</speed>
				<ele>37.000000</ele>
				<time>2025-12-07T01:35:42Z</time>
			</trkpt>
			<trkpt lat="31.462857" lon="120.235662">
				<speed>2.244870</speed>
				<ele>37.000000</ele>
				<time>2025-12-07T01:35:45Z</time>
			</trkpt>
			<trkpt lat="31.462819" lon="120.235719">
				<speed>2.171967</speed>
				<ele>36.000000</ele>
				<time>2025-12-07T01:35:48Z</time>
			</trkpt>
			<trkpt lat="31.462768" lon="120.235757">
				<speed>2.076042</speed>
				<ele>35.000000</ele>
				<time>2025-12-07T01:35:51Z</time>
			</trkpt>
			<trkpt lat="31.462717" lon="120.235793">
				<speed>2.045848</speed>
				<ele>34.000000</ele>
				<time>2025-12-07T01:35:54Z</time>
			</trkpt>
			<trkpt lat="31.462658" lon="120.235833">
				<speed>2.459806</speed>
				<ele>34.000000</ele>
				<time>2025-12-07T01:35:57Z</time>
			</trkpt>
			<trkpt lat="31.462607" lon="120.235845">
				<speed>2.037130</speed>
				<ele>33.000000</ele>
				<time>2025-12-07T01:36:00Z</time>
			</trkpt>
			<trkpt lat="31.462542" lon="120.235849">
				<speed>2.347362</speed>
				<ele>32.000000</ele>
				<time>2025-12-07T01:36:03Z</time>
			</trkpt>
			<trkpt lat="31.462496" lon="120.235843">
				<speed>2.368678</speed>
				<ele>32.000000</ele>
				<time>2025-12-07T01:36:05Z</time>
			</trkpt>
			<trkpt lat="31.462441" lon="120.235815">
				<speed>2.066806</speed>
				<ele>31.000000</ele>
				<time>2025-12-07T01:36:08Z</time>
			</trkpt>
			<trkpt lat="31.462395" lon="120.235775">
				<speed>2.012170</speed>
				<ele>30.000000</ele>
				<time>2025-12-07T01:36:11Z</time>
			</trkpt>
			<trkpt lat="31.462353" lon="120.235754">
				<speed>2.357204</speed>
				<ele>30.000000</ele>
				<time>2025-12-07T01:36:13Z</time>
			</trkpt>
			<trkpt lat="31.462325" lon="120.235712">
				<speed>2.305738</speed>
				<ele>30.000000</ele>
				<time>2025-12-07T01:36:15Z</time>
			</trkpt>
			<trkpt lat="31.462306" lon="120.235628">
				<speed>2.501947</speed>
				<ele>29.000000</ele>
				<time>2025-12-07T01:36:18Z</time>
			</trkpt>
			<trkpt lat="31.462296" lon="120.235559">
				<speed>2.084722</speed>
				<ele>30.000000</ele>
				<time>2025-12-07T01:36:21Z</time>
			</trkpt>
			<trkpt lat="31.462282" lon="120.235505">
				<speed>2.395056</speed>
				<ele>30.000000</ele>
				<time>2025-12-07T01:36:23Z</time>
			</trkpt>
			<trkpt lat="31.462260" lon="120.235443">
				<speed>2.212842</speed>
				<ele>30.000000</ele>
				<time>2025-12-07T01:36:26Z</time>
			</trkpt>
			<trkpt lat="31.462239" lon="120.235388">
				<speed>1.995766</speed>
				<ele>29.000000</ele>
				<time>2025-12-07T01:36:29Z</time>
			</trkpt>
			<trkpt lat="31.462231" lon="120.235300">
				<speed>2.460304</speed>
				<ele>29.000000</ele>
				<time>2025-12-07T01:36:32Z</time>
			</trkpt>
			<trkpt lat="31.462225" lon="120.235227">
				<speed>2.248590</speed>
				<ele>28.000000</ele>
				<time>2025-12-07T01:36:35Z</time>
			</trkpt>
			<trkpt lat="31.462214" lon="120.235167">
				<speed>2.233199</speed>
				<ele>28.000000</ele>
				<time>2025-12-07T01:36:38Z</time>
			</trkpt>
			<trkpt lat="31.462229" lon="120.235099">
				<speed>2.196729</speed>
				<ele>28.000000</ele>
				<time>2025-12-07T01:36:41Z</time>
			</trkpt>
			<trkpt lat="31.462248" lon="120.235025">
				<speed>2.260705</speed>
				<ele>28.000000</ele>
				<time>2025-12-07T01:36:44Z</time>
			</trkpt>
			<trkpt lat="31.462262" lon="120.234950">
				<speed>2.372595</speed>
				<ele>28.000000</ele>
				<time>2025-12-07T01:36:47Z</time>
			</trkpt>
			<trkpt lat="31.462283" lon="120.234889">
				<speed>2.147706</speed>
				<ele>28.000000</ele>
				<time>2025-12-07T01:36:50Z</time>
			</trkpt>
			<trkpt lat="31.462294" lon="120.234830">
				<speed>1.941502</speed>
				<ele>29.000000</ele>
				<time>2025-12-07T01:36:53Z</time>
			</trkpt>
			<trkpt lat="31.462310" lon="120.234758">
				<speed>2.382463</speed>
				<ele>29.000000</ele>
				<time>2025-12-07T01:36:56Z</time>
			</trkpt>
			<trkpt lat="31.462320" lon="120.234690">
				<speed>2.263324</speed>
				<ele>29.000000</ele>
				<time>2025-12-07T01:36:59Z</time>
			</trkpt>
			<trkpt lat="31.462333" lon="120.234628">
				<speed>1.958057</speed>
				<ele>30.000000</ele>
				<time>2025-12-07T01:37:02Z</time>
			</trkpt>
			<trkpt lat="31.462334" lon="120.234567">
				<speed>1.796883</speed>
				<ele>31.000000</ele>
				<time>2025-12-07T01:37:06Z</time>
			</trkpt>
			<trkpt lat="31.462324" lon="120.234502">
				<speed>1.996005</speed>
				<ele>31.000000</ele>
				<time>2025-12-07T01:37:11Z</time>
			</trkpt>
			<trkpt lat="31.462296" lon="120.234444">
				<speed>2.212269</speed>
				<ele>32.000000</ele>
				<time>2025-12-07T01:37:14Z</time>
			</trkpt>
			<trkpt lat="31.462261" lon="120.234382">
				<speed>2.323403</speed>
				<ele>32.000000</ele>
				<time>2025-12-07T01:37:17Z</time>
			</trkpt>
			<trkpt lat="31.462206" lon="120.234353">
				<speed>2.380778</speed>
				<ele>32.000000</ele>
				<time>2025-12-07T01:37:20Z</time>
			</trkpt>
			<trkpt lat="31.462163" lon="120.234321">
				<speed>2.784561</speed>
				<ele>31.000000</ele>
				<time>2025-12-07T01:37:22Z</time>
			</trkpt>
			<trkpt lat="31.462101" lon="120.234299">
				<speed>2.743046</speed>
				<ele>31.000000</ele>
				<time>2025-12-07T01:37:24Z</time>
			</trkpt>
			<trkpt lat="31.462056" lon="120.234344">
				<speed>2.351977</speed>
				<ele>32.000000</ele>
				<time>2025-12-07T01:37:26Z</time>
			</trkpt>
			<trkpt lat="31.462006" lon="120.234375">
				<speed>1.983796</speed>
				<ele>32.000000</ele>
				<time>2025-12-07T01:37:29Z</time>
			</trkpt>
			<trkpt lat="31.461952" lon="120.234396">
				<speed>1.924115</speed>
				<ele>33.000000</ele>
				<time>2025-12-07T01:37:32Z</time>
			</trkpt>
			<trkpt lat="31.461904" lon="120.234425">
				<speed>1.245440</speed>
				<ele>33.000000</ele>
				<time>2025-12-07T01:37:37Z</time>
			</trkpt>
			<trkpt lat="31.461843" lon="120.234451">
				<speed>2.421604</speed>
				<ele>33.000000</ele>
				<time>2025-12-07T01:37:40Z</time>
			</trkpt>
			<trkpt lat="31.461783" lon="120.234474">
				<speed>2.476985</speed>
				<ele>34.000000</ele>
				<time>2025-12-07T01:37:43Z</time>
			</trkpt>
			<trkpt lat="31.461718" lon="120.234486">
				<speed>2.369312</speed>
				<ele>34.000000</ele>
				<time>2025-12-07T01:37:46Z</time>
			</trkpt>
			<trkpt lat="31.461657" lon="120.234497">
				<speed>2.204373</speed>
				<ele>33.000000</ele>
				<time>2025-12-07T01:37:49Z</time>
			</trkpt>
			<trkpt lat="31.461595" lon="120.234514">
				<speed>2.513566</speed>
				<ele>34.000000</ele>
				<time>2025-12-07T01:37:52Z</time>
			</trkpt>
			<trkpt lat="31.461528" lon="120.234512">
				<speed>2.435649</speed>
				<ele>33.000000</ele>
				<time>2025-12-07T01:37:55Z</time>
			</trkpt>
			<trkpt lat="31.461481" lon="120.234503">
				<speed>2.495374</speed>
				<ele>33.000000</ele>
				<time>2025-12-07T01:37:57Z</time>
			</trkpt>
			<trkpt lat="31.461451" lon="120.234462">
				<speed>2.314527</speed>
				<ele>34.000000</ele>
				<time>2025-12-07T01:37:59Z</time>
			</trkpt>
			<trkpt lat="31.461459" lon="120.234389">
				<speed>2.141186</speed>
				<ele>34.000000</ele>
				<time>2025-12-07T01:38:02Z</time>
			</trkpt>
			<trkpt lat="31.461451" lon="120.234330">
				<speed>2.587096</speed>
				<ele>34.000000</ele>
				<time>2025-12-07T01:38:04Z</time>
			</trkpt>
			<trkpt lat="31.461452" lon="120.234264">
				<speed>2.107616</speed>
				<ele>33.000000</ele>
				<time>2025-12-07T01:38:07Z</time>
			</trkpt>
			<trkpt lat="31.461459" lon="120.234202">
				<speed>2.452090</speed>
				<ele>33.000000</ele>
				<time>2025-12-07T01:38:09Z</time>
			</trkpt>
			<trkpt lat="31.461465" lon="120.234136">
				<speed>2.764725</speed>
				<ele>32.000000</ele>
				<time>2025-12-07T01:38:11Z</time>
			</trkpt>
			<trkpt lat="31.461469" lon="120.234067">
				<speed>2.972149</speed>
				<ele>33.000000</ele>
				<time>2025-12-07T01:38:13Z</time>
			</trkpt>
			<trkpt lat="31.461469" lon="120.233994">
				<speed>3.028661</speed>
				<ele>32.000000</ele>
				<time>2025-12-07T01:38:16Z</time>
			</trkpt>
			<trkpt lat="31.461469" lon="120.233923">
				<speed>3.137418</speed>
				<ele>33.000000</ele>
				<time>2025-12-07T01:38:18Z</time>
			</trkpt>
			<trkpt lat="31.461471" lon="120.233850">
				<speed>3.087072</speed>
				<ele>32.000000</ele>
				<time>2025-12-07T01:38:20Z</time>
			</trkpt>
			<trkpt lat="31.461461" lon="120.233783">
				<speed>3.201930</speed>
				<ele>32.000000</ele>
				<time>2025-12-07T01:38:22Z</time>
			</trkpt>
			<trkpt lat="31.461462" lon="120.233727">
				<speed>2.835695</speed>
				<ele>31.000000</ele>
				<time>2025-12-07T01:38:24Z</time>
			</trkpt>
			<trkpt lat="31.461458" lon="120.233648">
				<speed>2.585571</speed>
				<ele>31.000000</ele>
				<time>2025-12-07T01:38:27Z</time>
			</trkpt>
			<trkpt lat="31.461446" lon="120.233596">
				<speed>2.482075</speed>
				<ele>31.000000</ele>
				<time>2025-12-07T01:38:29Z</time>
			</trkpt>
			<trkpt lat="31.461440" lon="120.233538">
				<speed>2.639395</speed>
				<ele>30.000000</ele>
				<time>2025-12-07T01:38:31Z</time>
			</trkpt>
			<trkpt lat="31.461410" lon="120.233479">
				<speed>3.003287</speed>
				<ele>31.000000</ele>
				<time>2025-12-07T01:38:33Z</time>
			</trkpt>
			<trkpt lat="31.461374" lon="120.233438">
				<speed>3.178228</speed>
				<ele>30.000000</ele>
				<time>2025-12-07T01:38:35Z</time>
			</trkpt>
			<trkpt lat="31.461318" lon="120.233427">
				<speed>2.452717</speed>
				<ele>31.000000</ele>
				<time>2025-12-07T01:38:38Z</time>
			</trkpt>
			<trkpt lat="31.461285" lon="120.233482">
				<speed>2.143895</speed>
				<ele>30.000000</ele>
				<time>2025-12-07T01:38:41Z</time>
			</trkpt>
			<trkpt lat="31.461261" lon="120.233531">
				<speed>2.589841</speed>
				<ele>31.000000</ele>
				<time>2025-12-07T01:38:43Z</time>
			</trkpt>
			<trkpt lat="31.461218" lon="120.233578">
				<speed>2.528968</speed>
				<ele>30.000000</ele>
				<time>2025-12-07T01:38:46Z</time>
			</trkpt>
			<trkpt lat="31.461187" lon="120.233619">
				<speed>2.732152</speed>
				<ele>30.000000</ele>
				<time>2025-12-07T01:38:48Z</time>
			</trkpt>
			<trkpt lat="31.461156" lon="120.233680">
				<speed>3.189564</speed>
				<ele>29.000000</ele>
				<time>2025-12-07T01:38:50Z</time>
			</trkpt>
			<trkpt lat="31.461121" lon="120.233719">
				<speed>2.726663</speed>
				<ele>28.000000</ele>
				<time>2025-12-07T01:38:52Z</time>
			</trkpt>
			<trkpt lat="31.461073" lon="120.233780">
				<speed>2.755325</speed>
				<ele>28.000000</ele>
				<time>2025-12-07T01:38:55Z</time>
			</trkpt>
			<trkpt lat="31.461036" lon="120.233817">
				<speed>2.861687</speed>
				<ele>28.000000</ele>
				<time>2025-12-07T01:38:57Z</time>
			</trkpt>
			<trkpt lat="31.461008" lon="120.233867">
				<speed>2.829730</speed>
				<ele>27.000000</ele>
				<time>2025-12-07T01:38:59Z</time>
			</trkpt>
			<trkpt lat="31.460969" lon="120.233914">
				<speed>2.952472</speed>
				<ele>27.000000</ele>
				<time>2025-12-07T01:39:01Z</time>
			</trkpt>
			<trkpt lat="31.460932" lon="120.233959">
				<speed>2.913762</speed>
				<ele>28.000000</ele>
				<time>2025-12-07T01:39:03Z</time>
			</trkpt>
			<trkpt lat="31.460899" lon="120.234013">
				<speed>3.135481</speed>
				<ele>26.000000</ele>
				<time>2025-12-07T01:39:05Z</time>
			</trkpt>
			<trkpt lat="31.460853" lon="120.234056">
				<speed>3.237596</speed>
				<ele>25.000000</ele>
				<time>2025-12-07T01:39:07Z</time>
			</trkpt>
			<trkpt lat="31.460812" lon="120.234097">
				<speed>3.102702</speed>
				<ele>25.000000</ele>
				<time>2025-12-07T01:39:09Z</time>
			</trkpt>
			<trkpt lat="31.460767" lon="120.234126">
				<speed>3.034823</speed>
				<ele>24.000000</ele>
				<time>2025-12-07T01:39:10Z</time>
			</trkpt>
			<trkpt lat="31.460719" lon="120.234176">
				<speed>3.417964</speed>
				<ele>24.000000</ele>
				<time>2025-12-07T01:39:12Z</time>
			</trkpt>
			<trkpt lat="31.460678" lon="120.234226">
				<speed>3.244975</speed>
				<ele>24.000000</ele>
				<time>2025-12-07T01:39:14Z</time>
			</trkpt>
			<trkpt lat="31.460635" lon="120.234252">
				<speed>2.889825</speed>
				<ele>23.000000</ele>
				<time>2025-12-07T01:39:16Z</time>
			</trkpt>
			<trkpt lat="31.460586" lon="120.234301">
				<speed>3.324085</speed>
				<ele>23.000000</ele>
				<time>2025-12-07T01:39:18Z</time>
			</trkpt>
			<trkpt lat="31.460548" lon="120.234340">
				<speed>3.040418</speed>
				<ele>23.000000</ele>
				<time>2025-12-07T01:39:20Z</time>
			</trkpt>
			<trkpt lat="31.460504" lon="120.234372">
				<speed>2.916420</speed>
				<ele>23.000000</ele>
				<time>2025-12-07T01:39:22Z</time>
			</trkpt>
			<trkpt lat="31.460464" lon="120.234420">
				<speed>3.048141</speed>
				<ele>24.000000</ele>
				<time>2025-12-07T01:39:24Z</time>
			</trkpt>
			<trkpt lat="31.460426" lon="120.234464">
				<speed>3.022489</speed>
				<ele>23.000000</ele>
				<time>2025-12-07T01:39:26Z</time>
			</trkpt>
			<trkpt lat="31.460373" lon="120.234503">
				<speed>3.362797</speed>
				<ele>23.000000</ele>
				<time>2025-12-07T01:39:28Z</time>
			</trkpt>
			<trkpt lat="31.460331" lon="120.234542">
				<speed>3.010376</speed>
				<ele>23.000000</ele>
				<time>2025-12-07T01:39:30Z</time>
			</trkpt>
			<trkpt lat="31.460301" lon="120.234595">
				<speed>2.908259</speed>
				<ele>23.000000</ele>
				<time>2025-12-07T01:39:32Z</time>
			</trkpt>
			<trkpt lat="31.460253" lon="120.234638">
				<speed>3.290447</speed>
				<ele>22.000000</ele>
				<time>2025-12-07T01:39:34Z</time>
			</trkpt>
			<trkpt lat="31.460225" lon="120.234689">
				<speed>2.918876</speed>
				<ele>21.000000</ele>
				<time>2025-12-07T01:39:36Z</time>
			</trkpt>
			<trkpt lat="31.460175" lon="120.234733">
				<speed>2.342127</speed>
				<ele>20.000000</ele>
				<time>2025-12-07T01:39:39Z</time>
			</trkpt>
			<trkpt lat="31.460127" lon="120.234777">
				<speed>3.232039</speed>
				<ele>21.000000</ele>
				<time>2025-12-07T01:39:41Z</time>
			</trkpt>
			<trkpt lat="31.460095" lon="120.234826">
				<speed>3.325685</speed>
				<ele>20.000000</ele>
				<time>2025-12-07T01:39:43Z</time>
			</trkpt>
			<trkpt lat="31.460060" lon="120.234872">
				<speed>3.155709</speed>
				<ele>20.000000</ele>
				<time>2025-12-07T01:39:45Z</time>
			</trkpt>
			<trkpt lat="31.460015" lon="120.234905">
				<speed>3.151228</speed>
				<ele>20.000000</ele>
				<time>2025-12-07T01:39:47Z</time>
			</trkpt>
			<trkpt lat="31.459972" lon="120.234928">
				<speed>2.818929</speed>
				<ele>20.000000</ele>
				<time>2025-12-07T01:39:49Z</time>
			</trkpt>
			<trkpt lat="31.459944" lon="120.234982">
				<speed>2.944971</speed>
				<ele>19.000000</ele>
				<time>2025-12-07T01:39:51Z</time>
			</trkpt>
			<trkpt lat="31.459906" lon="120.235029">
				<speed>3.218498</speed>
				<ele>19.000000</ele>
				<time>2025-12-07T01:39:53Z</time>
			</trkpt>
			<trkpt lat="31.459885" lon="120.235076">
				<speed>2.835177</speed>
				<ele>19.000000</ele>
				<time>2025-12-07T01:39:55Z</time>
			</trkpt>
			<trkpt lat="31.459844" lon="120.235117">
				<speed>3.008158</speed>
				<ele>19.000000</ele>
				<time>2025-12-07T01:39:57Z</time>
			</trkpt>
			<trkpt lat="31.459802" lon="120.235176">
				<speed>2.726105</speed>
				<ele>20.000000</ele>
				<time>2025-12-07T01:40:00Z</time>
			</trkpt>
			<trkpt lat="31.459777" lon="120.235223">
				<speed>2.623414</speed>
				<ele>21.000000</ele>
				<time>2025-12-07T01:40:02Z</time>
			</trkpt>
			<trkpt lat="31.459731" lon="120.235265">
				<speed>3.186111</speed>
				<ele>21.000000</ele>
				<time>2025-12-07T01:40:04Z</time>
			</trkpt>
			<trkpt lat="31.459695" lon="120.235316">
				<speed>2.190082</speed>
				<ele>21.000000</ele>
				<time>2025-12-07T01:40:07Z</time>
			</trkpt>
			<trkpt lat="31.459647" lon="120.235328">
				<speed>2.549312</speed>
				<ele>20.000000</ele>
				<time>2025-12-07T01:40:09Z</time>
			</trkpt>
			<trkpt lat="31.459595" lon="120.235359">
				<speed>3.128777</speed>
				<ele>20.000000</ele>
				<time>2025-12-07T01:40:11Z</time>
			</trkpt>
			<trkpt lat="31.459527" lon="120.235372">
				<speed>2.661799</speed>
				<ele>20.000000</ele>
				<time>2025-12-07T01:40:14Z</time>
			</trkpt>
			<trkpt lat="31.459462" lon="120.235386">
				<speed>2.446477</speed>
				<ele>20.000000</ele>
				<time>2025-12-07T01:40:17Z</time>
			</trkpt>
			<trkpt lat="31.459411" lon="120.235381">
				<speed>2.303626</speed>
				<ele>20.000000</ele>
				<time>2025-12-07T01:40:19Z</time>
			</trkpt>
			<trkpt lat="31.459379" lon="120.235322">
				<speed>2.517141</speed>
				<ele>21.000000</ele>
				<time>2025-12-07T01:40:22Z</time>
			</trkpt>
			<trkpt lat="31.459371" lon="120.235259">
				<speed>2.814511</speed>
				<ele>21.000000</ele>
				<time>2025-12-07T01:40:24Z</time>
			</trkpt>
			<trkpt lat="31.459351" lon="120.235191">
				<speed>2.378228</speed>
				<ele>21.000000</ele>
				<time>2025-12-07T01:40:27Z</time>
			</trkpt>
			<trkpt lat="31.459344" lon="120.235111">
				<speed>2.578799</speed>
				<ele>22.000000</ele>
				<time>2025-12-07T01:40:30Z</time>
			</trkpt>
			<trkpt lat="31.459340" lon="120.235058">
				<speed>2.645806</speed>
				<ele>22.000000</ele>
				<time>2025-12-07T01:40:32Z</time>
			</trkpt>
			<trkpt lat="31.459326" lon="120.234984">
				<speed>2.555971</speed>
				<ele>23.000000</ele>
				<time>2025-12-07T01:40:35Z</time>
			</trkpt>
			<trkpt lat="31.459320" lon="120.234925">
				<speed>2.782201</speed>
				<ele>24.000000</ele>
				<time>2025-12-07T01:40:37Z</time>
			</trkpt>
			<trkpt lat="31.459323" lon="120.234866">
				<speed>2.930899</speed>
				<ele>24.000000</ele>
				<time>2025-12-07T01:40:39Z</time>
			</trkpt>
			<trkpt lat="31.459318" lon="120.234811">
				<speed>2.813322</speed>
				<ele>23.000000</ele>
				<time>2025-12-07T01:40:41Z</time>
			</trkpt>
			<trkpt lat="31.459326" lon="120.234758">
				<speed>2.713151</speed>
				<ele>24.000000</ele>
				<time>2025-12-07T01:40:43Z</time>
			</trkpt>
			<trkpt lat="31.459334" lon="120.234704">
				<speed>2.816399</speed>
				<ele>24.000000</ele>
				<time>2025-12-07T01:40:45Z</time>
			</trkpt>
			<trkpt lat="31.459352" lon="120.234631">
				<speed>2.424191</speed>
				<ele>23.000000</ele>
				<time>2025-12-07T01:40:48Z</time>
			</trkpt>
			<trkpt lat="31.459366" lon="120.234579">
				<speed>2.559331</speed>
				<ele>24.000000</ele>
				<time>2025-12-07T01:40:50Z</time>
			</trkpt>
			<trkpt lat="31.459382" lon="120.234504">
				<speed>2.644606</speed>
				<ele>24.000000</ele>
				<time>2025-12-07T01:40:53Z</time>
			</trkpt>
			<trkpt lat="31.459390" lon="120.234425">
				<speed>2.494255</speed>
				<ele>24.000000</ele>
				<time>2025-12-07T01:40:56Z</time>
			</trkpt>
			<trkpt lat="31.459408" lon="120.234373">
				<speed>2.517570</speed>
				<ele>24.000000</ele>
				<time>2025-12-07T01:40:58Z</time>
			</trkpt>
			<trkpt lat="31.459411" lon="120.234317">
				<speed>2.745752</speed>
				<ele>24.000000</ele>
				<time>2025-12-07T01:41:00Z</time>
			</trkpt>
			<trkpt lat="31.459437" lon="120.234259">
				<speed>2.228446</speed>
				<ele>24.000000</ele>
				<time>2025-12-07T01:41:03Z</time>
			</trkpt>
			<trkpt lat="31.459449" lon="120.234204">
				<speed>2.418780</speed>
				<ele>24.000000</ele>
				<time>2025-12-07T01:41:04Z</time>
			</trkpt>
			<trkpt lat="31.459472" lon="120.234130">
				<speed>2.525795</speed>
				<ele>25.000000</ele>
				<time>2025-12-07T01:41:07Z</time>
			</trkpt>
			<trkpt lat="31.459483" lon="120.234077">
				<speed>2.635993</speed>
				<ele>24.000000</ele>
				<time>2025-12-07T01:41:09Z</time>
			</trkpt>
			<trkpt lat="31.459492" lon="120.234005">
				<speed>2.342460</speed>
				<ele>24.000000</ele>
				<time>2025-12-07T01:41:12Z</time>
			</trkpt>
			<trkpt lat="31.459510" lon="120.233949">
				<speed>2.724664</speed>
				<ele>25.000000</ele>
				<time>2025-12-07T01:41:14Z</time>
			</trkpt>
			<trkpt lat="31.459526" lon="120.233881">
				<speed>2.327739</speed>
				<ele>24.000000</ele>
				<time>2025-12-07T01:41:17Z</time>
			</trkpt>
			<trkpt lat="31.459541" lon="120.233813">
				<speed>2.222935</speed>
				<ele>24.000000</ele>
				<time>2025-12-07T01:41:20Z</time>
			</trkpt>
			<trkpt lat="31.459555" lon="120.233728">
				<speed>2.781641</speed>
				<ele>24.000000</ele>
				<time>2025-12-07T01:41:23Z</time>
			</trkpt>
			<trkpt lat="31.459567" lon="120.233658">
				<speed>2.584204</speed>
				<ele>24.000000</ele>
				<time>2025-12-07T01:41:26Z</time>
			</trkpt>
			<trkpt lat="31.459596" lon="120.233597">
				<speed>2.143497</speed>
				<ele>24.000000</ele>
				<time>2025-12-07T01:41:29Z</time>
			</trkpt>
			<trkpt lat="31.459608" lon="120.233544">
				<speed>2.386178</speed>
				<ele>24.000000</ele>
				<time>2025-12-07T01:41:31Z</time>
			</trkpt>
			<trkpt lat="31.459645" lon="120.233472">
				<speed>2.703568</speed>
				<ele>24.000000</ele>
				<time>2025-12-07T01:41:34Z</time>
			</trkpt>
			<trkpt lat="31.459676" lon="120.233406">
				<speed>2.626475</speed>
				<ele>25.000000</ele>
				<time>2025-12-07T01:41:37Z</time>
			</trkpt>
			<trkpt lat="31.459712" lon="120.233345">
				<speed>2.300320</speed>
				<ele>25.000000</ele>
				<time>2025-12-07T01:41:40Z</time>
			</trkpt>
			<trkpt lat="31.459731" lon="120.233297">
				<speed>2.453537</speed>
				<ele>25.000000</ele>
				<time>2025-12-07T01:41:42Z</time>
			</trkpt>
			<trkpt lat="31.459754" lon="120.233250">
				<speed>2.653183</speed>
				<ele>25.000000</ele>
				<time>2025-12-07T01:41:44Z</time>
			</trkpt>
			<trkpt lat="31.459784" lon="120.233197">
				<speed>1.755231</speed>
				<ele>25.000000</ele>
				<time>2025-12-07T01:41:48Z</time>
			</trkpt>
			<trkpt lat="31.459811" lon="120.233135">
				<speed>1.943999</speed>
				<ele>25.000000</ele>
				<time>2025-12-07T01:41:52Z</time>
			</trkpt>
			<trkpt lat="31.459839" lon="120.233078">
				<speed>1.832686</speed>
				<ele>26.000000</ele>
				<time>2025-12-07T01:41:56Z</time>
			</trkpt>
			<trkpt lat="31.459871" lon="120.233026">
				<speed>1.823081</speed>
				<ele>26.000000</ele>
				<time>2025-12-07T01:42:00Z</time>
			</trkpt>
			<trkpt lat="31.459889" lon="120.232967">
				<speed>1.759260</speed>
				<ele>27.000000</ele>
				<time>2025-12-07T01:42:04Z</time>
			</trkpt>
			<trkpt lat="31.459921" lon="120.232916">
				<speed>1.588420</speed>
				<ele>28.000000</ele>
				<time>2025-12-07T01:42:08Z</time>
			</trkpt>
			<trkpt lat="31.459965" lon="120.232870">
				<speed>1.810037</speed>
				<ele>29.000000</ele>
				<time>2025-12-07T01:42:11Z</time>
			</trkpt>
			<trkpt lat="31.459998" lon="120.232823">
				<speed>1.706300</speed>
				<ele>29.000000</ele>
				<time>2025-12-07T01:42:14Z</time>
			</trkpt>
			<trkpt lat="31.460024" lon="120.232775">
				<speed>1.434793</speed>
				<ele>29.000000</ele>
				<time>2025-12-07T01:42:17Z</time>
			</trkpt>
			<trkpt lat="31.460058" lon="120.232739">
				<speed>1.365606</speed>
				<ele>30.000000</ele>
				<time>2025-12-07T01:42:20Z</time>
			</trkpt>
			<trkpt lat="31.460084" lon="120.232693">
				<speed>0.949174</speed>
				<ele>30.000000</ele>
				<time>2025-12-07T01:42:24Z</time>
			</trkpt>
			<trkpt lat="31.460108" lon="120.232646">
				<speed>1.453548</speed>
				<ele>30.000000</ele>
				<time>2025-12-07T01:42:28Z</time>
			</trkpt>
			<trkpt lat="31.460135" lon="120.232602">
				<speed>1.683083</speed>
				<ele>31.000000</ele>
				<time>2025-12-07T01:42:31Z</time>
			</trkpt>
			<trkpt lat="31.460159" lon="120.232532">
				<speed>2.140913</speed>
				<ele>31.000000</ele>
				<time>2025-12-07T01:42:35Z</time>
			</trkpt>
			<trkpt lat="31.460166" lon="120.232476">
				<speed>1.378900</speed>
				<ele>31.000000</ele>
				<time>2025-12-07T01:42:39Z</time>
			</trkpt>
			<trkpt lat="31.460189" lon="120.232421">
				<speed>2.004153</speed>
				<ele>32.000000</ele>
				<time>2025-12-07T01:42:42Z</time>
			</trkpt>
			<trkpt lat="31.460223" lon="120.232373">
				<speed>1.821015</speed>
				<ele>32.000000</ele>
				<time>2025-12-07T01:42:46Z</time>
			</trkpt>
			<trkpt lat="31.460231" lon="120.232303">
				<speed>1.833364</speed>
				<ele>32.000000</ele>
				<time>2025-12-07T01:42:50Z</time>
			</trkpt>
			<trkpt lat="31.460223" lon="120.232235">
				<speed>1.864842</speed>
				<ele>32.000000</ele>
				<time>2025-12-07T01:42:53Z</time>
			</trkpt>
			<trkpt lat="31.460212" lon="120.232166">
				<speed>1.857889</speed>
				<ele>34.000000</ele>
				<time>2025-12-07T01:42:56Z</time>
			</trkpt>
			<trkpt lat="31.460187" lon="120.232094">
				<speed>1.958652</speed>
				<ele>33.000000</ele>
				<time>2025-12-07T01:42:59Z</time>
			</trkpt>
			<trkpt lat="31.460155" lon="120.232015">
				<speed>2.642537</speed>
				<ele>33.000000</ele>
				<time>2025-12-07T01:43:02Z</time>
			</trkpt>
			<trkpt lat="31.460147" lon="120.231954">
				<speed>1.759739</speed>
				<ele>33.000000</ele>
				<time>2025-12-07T01:43:05Z</time>
			</trkpt>
			<trkpt lat="31.460112" lon="120.231902">
				<speed>2.317982</speed>
				<ele>33.000000</ele>
				<time>2025-12-07T01:43:07Z</time>
			</trkpt>
			<trkpt lat="31.460087" lon="120.231854">
				<speed>2.718386</speed>
				<ele>33.000000</ele>
				<time>2025-12-07T01:43:09Z</time>
			</trkpt>
			<trkpt lat="31.460075" lon="120.231775">
				<speed>2.622208</speed>
				<ele>32.000000</ele>
				<time>2025-12-07T01:43:11Z</time>
			</trkpt>
			<trkpt lat="31.460064" lon="120.231702">
				<speed>2.494761</speed>
				<ele>32.000000</ele>
				<time>2025-12-07T01:43:14Z</time>
			</trkpt>
			<trkpt lat="31.460058" lon="120.231641">
				<speed>2.748606</speed>
				<ele>32.000000</ele>
				<time>2025-12-07T01:43:16Z</time>
			</trkpt>
			<trkpt lat="31.460070" lon="120.231588">
				<speed>2.675990</speed>
				<ele>32.000000</ele>
				<time>2025-12-07T01:43:18Z</time>
			</trkpt>
			<trkpt lat="31.460092" lon="120.231526">
				<speed>2.150666</speed>
				<ele>31.000000</ele>
				<time>2025-12-07T01:43:21Z</time>
			</trkpt>
			<trkpt lat="31.460128" lon="120.231464">
				<speed>3.025658</speed>
				<ele>31.000000</ele>
				<time>2025-12-07T01:43:23Z</time>
			</trkpt>
			<trkpt lat="31.460159" lon="120.231414">
				<speed>2.803954</speed>
				<ele>31.000000</ele>
				<time>2025-12-07T01:43:25Z</time>
			</trkpt>
			<trkpt lat="31.460195" lon="120.231347">
				<speed>2.529394</speed>
				<ele>31.000000</ele>
				<time>2025-12-07T01:43:28Z</time>
			</trkpt>
			<trkpt lat="31.460237" lon="120.231289">
				<speed>2.476632</speed>
				<ele>31.000000</ele>
				<time>2025-12-07T01:43:31Z</time>
			</trkpt>
			<trkpt lat="31.460272" lon="120.231243">
				<speed>2.176571</speed>
				<ele>31.000000</ele>
				<time>2025-12-07T01:43:34Z</time>
			</trkpt>
			<trkpt lat="31.460312" lon="120.231216">
				<speed>2.412383</speed>
				<ele>31.000000</ele>
				<time>2025-12-07T01:43:36Z</time>
			</trkpt>
			<trkpt lat="31.460358" lon="120.231183">
				<speed>2.661177</speed>
				<ele>31.000000</ele>
				<time>2025-12-07T01:43:38Z</time>
			</trkpt>
			<trkpt lat="31.460420" lon="120.231157">
				<speed>2.384493</speed>
				<ele>32.000000</ele>
				<time>2025-12-07T01:43:41Z</time>
			</trkpt>
			<trkpt lat="31.460475" lon="120.231157">
				<speed>2.639552</speed>
				<ele>33.000000</ele>
				<time>2025-12-07T01:43:43Z</time>
			</trkpt>
			<trkpt lat="31.460527" lon="120.231144">
				<speed>2.979838</speed>
				<ele>33.000000</ele>
				<time>2025-12-07T01:43:45Z</time>
			</trkpt>
			<trkpt lat="31.460572" lon="120.231121">
				<speed>2.727252</speed>
				<ele>34.000000</ele>
				<time>2025-12-07T01:43:47Z</time>
			</trkpt>
			<trkpt lat="31.460623" lon="120.231079">
				<speed>1.976823</speed>
				<ele>36.000000</ele>
				<time>2025-12-07T01:43:50Z</time>
			</trkpt>
			<trkpt lat="31.460673" lon="120.231043">
				<speed>1.610693</speed>
				<ele>37.000000</ele>
				<time>2025-12-07T01:43:54Z</time>
			</trkpt>
			<trkpt lat="31.460712" lon="120.231015">
				<speed>1.782797</speed>
				<ele>38.000000</ele>
				<time>2025-12-07T01:43:57Z</time>
			</trkpt>
			<trkpt lat="31.460758" lon="120.230981">
				<speed>1.313684</speed>
				<ele>37.000000</ele>
				<time>2025-12-07T01:44:02Z</time>
			</trkpt>
			<trkpt lat="31.460808" lon="120.230972">
				<speed>1.282873</speed>
				<ele>36.000000</ele>
				<time>2025-12-07T01:44:06Z</time>
			</trkpt>
			<trkpt lat="31.460861" lon="120.230944">
				<speed>1.531309</speed>
				<ele>36.000000</ele>
				<time>2025-12-07T01:44:10Z</time>
			</trkpt>
			<trkpt lat="31.460902" lon="120.230923">
				<speed>1.595461</speed>
				<ele>37.000000</ele>
				<time>2025-12-07T01:44:13Z</time>
			</trkpt>
			<trkpt lat="31.460956" lon="120.230921">
				<speed>1.388976</speed>
				<ele>38.000000</ele>
				<time>2025-12-07T01:44:17Z</time>
			</trkpt>
			<trkpt lat="31.460998" lon="120.230867">
				<speed>1.819897</speed>
				<ele>38.000000</ele>
				<time>2025-12-07T01:44:21Z</time>
			</trkpt>
			<trkpt lat="31.461033" lon="120.230823">
				<speed>1.714240</speed>
				<ele>38.000000</ele>
				<time>2025-12-07T01:44:24Z</time>
			</trkpt>
			<trkpt lat="31.461064" lon="120.230769">
				<speed>1.722859</speed>
				<ele>37.000000</ele>
				<time>2025-12-07T01:44:27Z</time>
			</trkpt>
			<trkpt lat="31.461046" lon="120.230710">
				<speed>1.777270</speed>
				<ele>37.000000</ele>
				<time>2025-12-07T01:44:29Z</time>
			</trkpt>
			<trkpt lat="31.460997" lon="120.230666">
				<speed>2.246335</speed>
				<ele>36.000000</ele>
				<time>2025-12-07T01:44:33Z</time>
			</trkpt>
			<trkpt lat="31.460955" lon="120.230644">
				<speed>2.452030</speed>
				<ele>36.000000</ele>
				<time>2025-12-07T01:44:35Z</time>
			</trkpt>
			<trkpt lat="31.460901" lon="120.230597">
				<speed>2.548978</speed>
				<ele>36.000000</ele>
				<time>2025-12-07T01:44:38Z</time>
			</trkpt>
			<trkpt lat="31.460887" lon="120.230540">
				<speed>2.084617</speed>
				<ele>37.000000</ele>
				<time>2025-12-07T01:44:41Z</time>
			</trkpt>
			<trkpt lat="31.460885" lon="120.230471">
				<speed>2.280126</speed>
				<ele>37.000000</ele>
				<time>2025-12-07T01:44:44Z</time>
			</trkpt>
			<trkpt lat="31.460881" lon="120.230370">
				<speed>3.825986</speed>
				<ele>37.000000</ele>
				<time>2025-12-07T01:44:47Z</time>
			</trkpt>
			<trkpt lat="31.460854" lon="120.230294">
				<speed>4.209808</speed>
				<ele>37.000000</ele>
				<time>2025-12-07T01:44:49Z</time>
			</trkpt>
			<trkpt lat="31.460789" lon="120.230271">
				<speed>2.419940</speed>
				<ele>39.000000</ele>
				<time>2025-12-07T01:44:52Z</time>
			</trkpt>
			<trkpt lat="31.460744" lon="120.230273">
				<speed>2.422270</speed>
				<ele>38.000000</ele>
				<time>2025-12-07T01:44:54Z</time>
			</trkpt>
			<trkpt lat="31.460685" lon="120.230297">
				<speed>2.893923</speed>
				<ele>37.000000</ele>
				<time>2025-12-07T01:44:56Z</time>
			</trkpt>
			<trkpt lat="31.460609" lon="120.230304">
				<speed>3.653111</speed>
				<ele>37.000000</ele>
				<time>2025-12-07T01:44:58Z</time>
			</trkpt>
			<trkpt lat="31.460547" lon="120.230326">
				<speed>3.380326</speed>
				<ele>36.000000</ele>
				<time>2025-12-07T01:45:00Z</time>
			</trkpt>
			<trkpt lat="31.460479" lon="120.230333">
				<speed>3.378559</speed>
				<ele>36.000000</ele>
				<time>2025-12-07T01:45:02Z</time>
			</trkpt>
			<trkpt lat="31.460433" lon="120.230314">
				<speed>2.563644</speed>
				<ele>35.000000</ele>
				<time>2025-12-07T01:45:04Z</time>
			</trkpt>
			<trkpt lat="31.460387" lon="120.230293">
				<speed>2.408237</speed>
				<ele>35.000000</ele>
				<time>2025-12-07T01:45:06Z</time>
			</trkpt>
			<trkpt lat="31.460343" lon="120.230273">
				<speed>2.321790</speed>
				<ele>35.000000</ele>
				<time>2025-12-07T01:45:08Z</time>
			</trkpt>
			<trkpt lat="31.460292" lon="120.230267">
				<speed>2.621623</speed>
				<ele>36.000000</ele>
				<time>2025-12-07T01:45:10Z</time>
			</trkpt>
			<trkpt lat="31.460249" lon="120.230215">
				<speed>2.230343</speed>
				<ele>35.000000</ele>
				<time>2025-12-07T01:45:12Z</time>
			</trkpt>
			<trkpt lat="31.460207" lon="120.230182">
				<speed>2.634579</speed>
				<ele>35.000000</ele>
				<time>2025-12-07T01:45:14Z</time>
			</trkpt>
			<trkpt lat="31.460162" lon="120.230155">
				<speed>2.595381</speed>
				<ele>35.000000</ele>
				<time>2025-12-07T01:45:16Z</time>
			</trkpt>
			<trkpt lat="31.460102" lon="120.230110">
				<speed>2.514959</speed>
				<ele>34.000000</ele>
				<time>2025-12-07T01:45:19Z</time>
			</trkpt>
			<trkpt lat="31.460054" lon="120.230056">
				<speed>2.439883</speed>
				<ele>34.000000</ele>
				<time>2025-12-07T01:45:22Z</time>
			</trkpt>
			<trkpt lat="31.460002" lon="120.230012">
				<speed>2.192554</speed>
				<ele>33.000000</ele>
				<time>2025-12-07T01:45:25Z</time>
			</trkpt>
			<trkpt lat="31.459962" lon="120.229947">
				<speed>2.555205</speed>
				<ele>34.000000</ele>
				<time>2025-12-07T01:45:28Z</time>
			</trkpt>
			<trkpt lat="31.459926" lon="120.229887">
				<speed>2.408500</speed>
				<ele>34.000000</ele>
				<time>2025-12-07T01:45:31Z</time>
			</trkpt>
			<trkpt lat="31.459906" lon="120.229839">
				<speed>2.678392</speed>
				<ele>34.000000</ele>
				<time>2025-12-07T01:45:33Z</time>
			</trkpt>
			<trkpt lat="31.459916" lon="120.229768">
				<speed>2.975010</speed>
				<ele>35.000000</ele>
				<time>2025-12-07T01:45:35Z</time>
			</trkpt>
			<trkpt lat="31.459903" lon="120.229714">
				<speed>2.655205</speed>
				<ele>36.000000</ele>
				<time>2025-12-07T01:45:37Z</time>
			</trkpt>
			<trkpt lat="31.459904" lon="120.229651">
				<speed>2.575899</speed>
				<ele>36.000000</ele>
				<time>2025-12-07T01:45:39Z</time>
			</trkpt>
			<trkpt lat="31.459900" lon="120.229594">
				<speed>2.497622</speed>
				<ele>37.000000</ele>
				<time>2025-12-07T01:45:41Z</time>
			</trkpt>
			<trkpt lat="31.459917" lon="120.229545">
				<speed>2.402740</speed>
				<ele>37.000000</ele>
				<time>2025-12-07T01:45:43Z</time>
			</trkpt>
			<trkpt lat="31.459940" lon="120.229500">
				<speed>2.556399</speed>
				<ele>38.000000</ele>
				<time>2025-12-07T01:45:45Z</time>
			</trkpt>
			<trkpt lat="31.459956" lon="120.229446">
				<speed>1.869287</speed>
				<ele>38.000000</ele>
				<time>2025-12-07T01:45:48Z</time>
			</trkpt>
			<trkpt lat="31.459980" lon="120.229399">
				<speed>1.782660</speed>
				<ele>37.000000</ele>
				<time>2025-12-07T01:45:51Z</time>
			</trkpt>
			<trkpt lat="31.460031" lon="120.229345">
				<speed>2.215573</speed>
				<ele>38.000000</ele>
				<time>2025-12-07T01:45:55Z</time>
			</trkpt>
			<trkpt lat="31.460074" lon="120.229287">
				<speed>2.312371</speed>
				<ele>39.000000</ele>
				<time>2025-12-07T01:45:58Z</time>
			</trkpt>
			<trkpt lat="31.460123" lon="120.229245">
				<speed>2.442978</speed>
				<ele>39.000000</ele>
				<time>2025-12-07T01:46:01Z</time>
			</trkpt>
			<trkpt lat="31.460176" lon="120.229204">
				<speed>2.170328</speed>
				<ele>39.000000</ele>
				<time>2025-12-07T01:46:04Z</time>
			</trkpt>
			<trkpt lat="31.460217" lon="120.229152">
				<speed>2.144509</speed>
				<ele>39.000000</ele>
				<time>2025-12-07T01:46:07Z</time>
			</trkpt>
			<trkpt lat="31.460256" lon="120.229107">
				<speed>1.370255</speed>
				<ele>40.000000</ele>
				<time>2025-12-07T01:46:11Z</time>
			</trkpt>
			<trkpt lat="31.460300" lon="120.229080">
				<speed>1.558340</speed>
				<ele>41.000000</ele>
				<time>2025-12-07T01:46:14Z</time>
			</trkpt>
			<trkpt lat="31.460340" lon="120.229051">
				<speed>1.569081</speed>
				<ele>41.000000</ele>
				<time>2025-12-07T01:46:17Z</time>
			</trkpt>
			<trkpt lat="31.460374" lon="120.229002">
				<speed>1.513386</speed>
				<ele>42.000000</ele>
				<time>2025-12-07T01:46:21Z</time>
			</trkpt>
			<trkpt lat="31.460416" lon="120.228979">
				<speed>1.671456</speed>
				<ele>42.000000</ele>
				<time>2025-12-07T01:46:24Z</time>
			</trkpt>
			<trkpt lat="31.460470" lon="120.228962">
				<speed>1.600950</speed>
				<ele>41.000000</ele>
				<time>2025-12-07T01:46:28Z</time>
			</trkpt>
			<trkpt lat="31.460513" lon="120.228945">
				<speed>1.618684</speed>
				<ele>41.000000</ele>
				<time>2025-12-07T01:46:32Z</time>
			</trkpt>
			<trkpt lat="31.460557" lon="120.228918">
				<speed>1.696112</speed>
				<ele>42.000000</ele>
				<time>2025-12-07T01:46:35Z</time>
			</trkpt>
			<trkpt lat="31.460611" lon="120.228878">
				<speed>1.750863</speed>
				<ele>43.000000</ele>
				<time>2025-12-07T01:46:39Z</time>
			</trkpt>
			<trkpt lat="31.460640" lon="120.228836">
				<speed>1.758498</speed>
				<ele>44.000000</ele>
				<time>2025-12-07T01:46:41Z</time>
			</trkpt>
			<trkpt lat="31.460666" lon="120.228793">
				<speed>1.777160</speed>
				<ele>44.000000</ele>
				<time>2025-12-07T01:46:43Z</time>
			</trkpt>
			<trkpt lat="31.460707" lon="120.228728">
				<speed>2.956771</speed>
				<ele>44.000000</ele>
				<time>2025-12-07T01:46:45Z</time>
			</trkpt>
			<trkpt lat="31.460753" lon="120.228667">
				<speed>3.205051</speed>
				<ele>45.000000</ele>
				<time>2025-12-07T01:46:47Z</time>
			</trkpt>
			<trkpt lat="31.460798" lon="120.228617">
				<speed>1.964713</speed>
				<ele>45.000000</ele>
				<time>2025-12-07T01:46:50Z</time>
			</trkpt>
			<trkpt lat="31.460795" lon="120.228550">
				<speed>2.315624</speed>
				<ele>45.000000</ele>
				<time>2025-12-07T01:46:53Z</time>
			</trkpt>
			<trkpt lat="31.460797" lon="120.228492">
				<speed>2.157615</speed>
				<ele>44.000000</ele>
				<time>2025-12-07T01:46:56Z</time>
			</trkpt>
			<trkpt lat="31.460809" lon="120.228424">
				<speed>2.121645</speed>
				<ele>46.000000</ele>
				<time>2025-12-07T01:46:59Z</time>
			</trkpt>
			<trkpt lat="31.460785" lon="120.228370">
				<speed>2.741271</speed>
				<ele>45.000000</ele>
				<time>2025-12-07T01:47:01Z</time>
			</trkpt>
			<trkpt lat="31.460747" lon="120.228335">
				<speed>2.599062</speed>
				<ele>46.000000</ele>
				<time>2025-12-07T01:47:03Z</time>
			</trkpt>
			<trkpt lat="31.460705" lon="120.228314">
				<speed>1.953817</speed>
				<ele>45.000000</ele>
				<time>2025-12-07T01:47:07Z</time>
			</trkpt>
			<trkpt lat="31.460668" lon="120.228269">
				<speed>1.390393</speed>
				<ele>45.000000</ele>
				<time>2025-12-07T01:47:12Z</time>
			</trkpt>
			<trkpt lat="31.460627" lon="120.228238">
				<speed>1.873513</speed>
				<ele>44.000000</ele>
				<time>2025-12-07T01:47:15Z</time>
			</trkpt>
			<trkpt lat="31.460588" lon="120.228181">
				<speed>2.409589</speed>
				<ele>43.000000</ele>
				<time>2025-12-07T01:47:18Z</time>
			</trkpt>
			<trkpt lat="31.460542" lon="120.228159">
				<speed>2.545638</speed>
				<ele>44.000000</ele>
				<time>2025-12-07T01:47:20Z</time>
			</trkpt>
			<trkpt lat="31.460517" lon="120.228110">
				<speed>1.794853</speed>
				<ele>43.000000</ele>
				<time>2025-12-07T01:47:23Z</time>
			</trkpt>
			<trkpt lat="31.460499" lon="120.228047">
				<speed>1.464702</speed>
				<ele>43.000000</ele>
				<time>2025-12-07T01:47:27Z</time>
			</trkpt>
			<trkpt lat="31.460501" lon="120.227972">
				<speed>1.368127</speed>
				<ele>45.000000</ele>
				<time>2025-12-07T01:47:32Z</time>
			</trkpt>
			<trkpt lat="31.460541" lon="120.227930">
				<speed>1.048974</speed>
				<ele>46.000000</ele>
				<time>2025-12-07T01:47:36Z</time>
			</trkpt>
			<trkpt lat="31.460578" lon="120.227879">
				<speed>1.031380</speed>
				<ele>47.000000</ele>
				<time>2025-12-07T01:47:41Z</time>
			</trkpt>
			<trkpt lat="31.460589" lon="120.227808">
				<speed>1.787517</speed>
				<ele>48.000000</ele>
				<time>2025-12-07T01:47:44Z</time>
			</trkpt>
			<trkpt lat="31.460600" lon="120.227751">
				<speed>1.710828</speed>
				<ele>50.000000</ele>
				<time>2025-12-07T01:47:49Z</time>
			</trkpt>
			<trkpt lat="31.460621" lon="120.227695">
				<speed>1.660484</speed>
				<ele>53.000000</ele>
				<time>2025-12-07T01:47:54Z</time>
			</trkpt>
			<trkpt lat="31.460660" lon="120.227665">
				<speed>1.899594</speed>
				<ele>53.000000</ele>
				<time>2025-12-07T01:47:57Z</time>
			</trkpt>
			<trkpt lat="31.460668" lon="120.227613">
				<speed>1.815513</speed>
				<ele>54.000000</ele>
				<time>2025-12-07T01:48:00Z</time>
			</trkpt>
			<trkpt lat="31.460672" lon="120.227555">
				<speed>1.621720</speed>
				<ele>56.000000</ele>
				<time>2025-12-07T01:48:04Z</time>
			</trkpt>
			<trkpt lat="31.460715" lon="120.227529">
				<speed>1.214501</speed>
				<ele>57.000000</ele>
				<time>2025-12-07T01:48:10Z</time>
			</trkpt>
			<trkpt lat="31.460757" lon="120.227488">
				<speed>0.873732</speed>
				<ele>58.000000</ele>
				<time>2025-12-07T01:48:21Z</time>
			</trkpt>
			<trkpt lat="31.460789" lon="120.227450">
				<speed>0.751851</speed>
				<ele>61.000000</ele>
				<time>2025-12-07T01:48:26Z</time>
			</trkpt>
			<trkpt lat="31.460832" lon="120.227411">
				<speed>0.748752</speed>
				<ele>64.000000</ele>
				<time>2025-12-07T01:48:35Z</time>
			</trkpt>
			<trkpt lat="31.460873" lon="120.227376">
				<speed>0.809031</speed>
				<ele>66.000000</ele>
				<time>2025-12-07T01:48:46Z</time>
			</trkpt>
			<trkpt lat="31.460915" lon="120.227352">
				<speed>0.510092</speed>
				<ele>69.000000</ele>
				<time>2025-12-07T01:48:54Z</time>
			</trkpt>
			<trkpt lat="31.460938" lon="120.227299">
				<speed>0.492237</speed>
				<ele>69.000000</ele>
				<time>2025-12-07T01:49:01Z</time>
			</trkpt>
			<trkpt lat="31.460967" lon="120.227254">
				<speed>0.533072</speed>
				<ele>70.000000</ele>
				<time>2025-12-07T01:49:08Z</time>
			</trkpt>
			<trkpt lat="31.460992" lon="120.227205">
				<speed>0.637791</speed>
				<ele>72.000000</ele>
				<time>2025-12-07T01:49:15Z</time>
			</trkpt>
			<trkpt lat="31.461011" lon="120.227156">
				<speed>0.642995</speed>
				<ele>75.000000</ele>
				<time>2025-12-07T01:49:24Z</time>
			</trkpt>
			<trkpt lat="31.461049" lon="120.227120">
				<speed>0.555893</speed>
				<ele>75.000000</ele>
				<time>2025-12-07T01:49:30Z</time>
			</trkpt>
			<trkpt lat="31.461063" lon="120.227060">
				<speed>0.654377</speed>
				<ele>78.000000</ele>
				<time>2025-12-07T01:49:40Z</time>
			</trkpt>
			<trkpt lat="31.461082" lon="120.227001">
				<speed>0.571746</speed>
				<ele>79.000000</ele>
				<time>2025-12-07T01:49:48Z</time>
			</trkpt>
			<trkpt lat="31.461109" lon="120.226954">
				<speed>1.018726</speed>
				<ele>81.000000</ele>
				<time>2025-12-07T01:49:55Z</time>
			</trkpt>
			<trkpt lat="31.461150" lon="120.226915">
				<speed>0.605682</speed>
				<ele>83.000000</ele>
				<time>2025-12-07T01:50:03Z</time>
			</trkpt>
			<trkpt lat="31.461173" lon="120.226866">
				<speed>0.595833</speed>
				<ele>84.000000</ele>
				<time>2025-12-07T01:50:09Z</time>
			</trkpt>
			<trkpt lat="31.461186" lon="120.226814">
				<speed>0.803441</speed>
				<ele>84.000000</ele>
				<time>2025-12-07T01:50:14Z</time>
			</trkpt>
			<trkpt lat="31.461205" lon="120.226764">
				<speed>1.056400</speed>
				<ele>84.000000</ele>
				<time>2025-12-07T01:50:18Z</time>
			</trkpt>
			<trkpt lat="31.461187" lon="120.226703">
				<speed>0.746557</speed>
				<ele>85.000000</ele>
				<time>2025-12-07T01:50:25Z</time>
			</trkpt>
			<trkpt lat="31.461165" lon="120.226651">
				<speed>0.348786</speed>
				<ele>85.000000</ele>
				<time>2025-12-07T01:50:31Z</time>
			</trkpt>
			<trkpt lat="31.461162" lon="120.226592">
				<speed>1.295347</speed>
				<ele>86.000000</ele>
				<time>2025-12-07T01:50:36Z</time>
			</trkpt>
			<trkpt lat="31.461158" lon="120.226535">
				<speed>0.748433</speed>
				<ele>84.000000</ele>
				<time>2025-12-07T01:50:40Z</time>
			</trkpt>
			<trkpt lat="31.461145" lon="120.226468">
				<speed>1.244019</speed>
				<ele>83.000000</ele>
				<time>2025-12-07T01:50:45Z</time>
			</trkpt>
			<trkpt lat="31.461136" lon="120.226405">
				<speed>0.902176</speed>
				<ele>82.000000</ele>
				<time>2025-12-07T01:50:55Z</time>
			</trkpt>
			<trkpt lat="31.461112" lon="120.226346">
				<speed>1.533487</speed>
				<ele>81.000000</ele>
				<time>2025-12-07T01:50:59Z</time>
			</trkpt>
			<trkpt lat="31.461110" lon="120.226292">
				<speed>1.939680</speed>
				<ele>79.000000</ele>
				<time>2025-12-07T01:51:01Z</time>
			</trkpt>
			<trkpt lat="31.461102" lon="120.226222">
				<speed>1.796653</speed>
				<ele>78.000000</ele>
				<time>2025-12-07T01:51:04Z</time>
			</trkpt>
			<trkpt lat="31.461070" lon="120.226183">
				<speed>0.748802</speed>
				<ele>76.000000</ele>
				<time>2025-12-07T01:51:10Z</time>
			</trkpt>
			<trkpt lat="31.461046" lon="120.226122">
				<speed>1.103864</speed>
				<ele>74.000000</ele>
				<time>2025-12-07T01:51:15Z</time>
			</trkpt>
			<trkpt lat="31.461010" lon="120.226081">
				<speed>1.071250</speed>
				<ele>75.000000</ele>
				<time>2025-12-07T01:51:19Z</time>
			</trkpt>
			<trkpt lat="31.460990" lon="120.226033">
				<speed>1.249578</speed>
				<ele>73.000000</ele>
				<time>2025-12-07T01:51:23Z</time>
			</trkpt>
			<trkpt lat="31.460961" lon="120.225990">
				<speed>0.842609</speed>
				<ele>73.000000</ele>
				<time>2025-12-07T01:51:27Z</time>
			</trkpt>
			<trkpt lat="31.460919" lon="120.225959">
				<speed>1.126306</speed>
				<ele>73.000000</ele>
				<time>2025-12-07T01:51:31Z</time>
			</trkpt>
			<trkpt lat="31.460885" lon="120.225904">
				<speed>1.708531</speed>
				<ele>72.000000</ele>
				<time>2025-12-07T01:51:35Z</time>
			</trkpt>
			<trkpt lat="31.460833" lon="120.225875">
				<speed>1.871866</speed>
				<ele>72.000000</ele>
				<time>2025-12-07T01:51:38Z</time>
			</trkpt>
			<trkpt lat="31.460789" lon="120.225854">
				<speed>1.149523</speed>
				<ele>72.000000</ele>
				<time>2025-12-07T01:51:42Z</time>
			</trkpt>
			<trkpt lat="31.460748" lon="120.225823">
				<speed>0.962180</speed>
				<ele>73.000000</ele>
				<time>2025-12-07T01:51:46Z</time>
			</trkpt>
			<trkpt lat="31.460702" lon="120.225801">
				<speed>0.958678</speed>
				<ele>74.000000</ele>
				<time>2025-12-07T01:51:51Z</time>
			</trkpt>
			<trkpt lat="31.460655" lon="120.225789">
				<speed>1.630201</speed>
				<ele>75.000000</ele>
				<time>2025-12-07T01:51:54Z</time>
			</trkpt>
			<trkpt lat="31.460604" lon="120.225784">
				<speed>1.664245</speed>
				<ele>76.000000</ele>
				<time>2025-12-07T01:51:58Z</time>
			</trkpt>
			<trkpt lat="31.460561" lon="120.225749">
				<speed>1.503757</speed>
				<ele>77.000000</ele>
				<time>2025-12-07T01:52:02Z</time>
			</trkpt>
			<trkpt lat="31.460522" lon="120.225719">
				<speed>1.563058</speed>
				<ele>78.000000</ele>
				<time>2025-12-07T01:52:05Z</time>
			</trkpt>
			<trkpt lat="31.460474" lon="120.225705">
				<speed>1.622182</speed>
				<ele>79.000000</ele>
				<time>2025-12-07T01:52:09Z</time>
			</trkpt>
			<trkpt lat="31.460422" lon="120.225698">
				<speed>0.869758</speed>
				<ele>80.000000</ele>
				<time>2025-12-07T01:52:14Z</time>
			</trkpt>
			<trkpt lat="31.460369" lon="120.225689">
				<speed>0.738693</speed>
				<ele>81.000000</ele>
				<time>2025-12-07T01:52:20Z</time>
			</trkpt>
			<trkpt lat="31.460321" lon="120.225668">
				<speed>0.974092</speed>
				<ele>81.000000</ele>
				<time>2025-12-07T01:52:24Z</time>
			</trkpt>
			<trkpt lat="31.460289" lon="120.225625">
				<speed>0.576007</speed>
				<ele>82.000000</ele>
				<time>2025-12-07T01:52:30Z</time>
			</trkpt>
			<trkpt lat="31.460253" lon="120.225585">
				<speed>0.775069</speed>
				<ele>80.000000</ele>
				<time>2025-12-07T01:52:34Z</time>
			</trkpt>
			<trkpt lat="31.460216" lon="120.225540">
				<speed>0.935694</speed>
				<ele>79.000000</ele>
				<time>2025-12-07T01:52:38Z</time>
			</trkpt>
			<trkpt lat="31.460203" lon="120.225477">
				<speed>1.412977</speed>
				<ele>77.000000</ele>
				<time>2025-12-07T01:52:42Z</time>
			</trkpt>
			<trkpt lat="31.460185" lon="120.225412">
				<speed>1.750721</speed>
				<ele>75.000000</ele>
				<time>2025-12-07T01:52:45Z</time>
			</trkpt>
			<trkpt lat="31.460170" lon="120.225356">
				<speed>1.775446</speed>
				<ele>73.000000</ele>
				<time>2025-12-07T01:52:48Z</time>
			</trkpt>
			<trkpt lat="31.460191" lon="120.225293">
				<speed>1.657485</speed>
				<ele>69.000000</ele>
				<time>2025-12-07T01:52:51Z</time>
			</trkpt>
			<trkpt lat="31.460196" lon="120.225230">
				<speed>1.816329</speed>
				<ele>67.000000</ele>
				<time>2025-12-07T01:52:55Z</time>
			</trkpt>
			<trkpt lat="31.460216" lon="120.225177">
				<speed>1.978975</speed>
				<ele>66.000000</ele>
				<time>2025-12-07T01:52:57Z</time>
			</trkpt>
			<trkpt lat="31.460223" lon="120.225118">
				<speed>1.768849</speed>
				<ele>65.000000</ele>
				<time>2025-12-07T01:53:00Z</time>
			</trkpt>
			<trkpt lat="31.460228" lon="120.225061">
				<speed>1.195766</speed>
				<ele>64.000000</ele>
				<time>2025-12-07T01:53:04Z</time>
			</trkpt>
			<trkpt lat="31.460247" lon="120.225004">
				<speed>1.263535</speed>
				<ele>62.000000</ele>
				<time>2025-12-07T01:53:09Z</time>
			</trkpt>
			<trkpt lat="31.460270" lon="120.224943">
				<speed>1.209779</speed>
				<ele>60.000000</ele>
				<time>2025-12-07T01:53:13Z</time>
			</trkpt>
			<trkpt lat="31.460295" lon="120.224892">
				<speed>2.112889</speed>
				<ele>60.000000</ele>
				<time>2025-12-07T01:53:15Z</time>
			</trkpt>
			<trkpt lat="31.460315" lon="120.224833">
				<speed>2.261671</speed>
				<ele>59.000000</ele>
				<time>2025-12-07T01:53:17Z</time>
			</trkpt>
			<trkpt lat="31.460309" lon="120.224763">
				<speed>1.945427</speed>
				<ele>60.000000</ele>
				<time>2025-12-07T01:53:20Z</time>
			</trkpt>
			<trkpt lat="31.460318" lon="120.224708">
				<speed>1.898927</speed>
				<ele>58.000000</ele>
				<time>2025-12-07T01:53:22Z</time>
			</trkpt>
			<trkpt lat="31.460295" lon="120.224655">
				<speed>2.059594</speed>
				<ele>57.000000</ele>
				<time>2025-12-07T01:53:24Z</time>
			</trkpt>
			<trkpt lat="31.460273" lon="120.224604">
				<speed>1.620398</speed>
				<ele>55.000000</ele>
				<time>2025-12-07T01:53:28Z</time>
			</trkpt>
			<trkpt lat="31.460245" lon="120.224555">
				<speed>2.026998</speed>
				<ele>54.000000</ele>
				<time>2025-12-07T01:53:31Z</time>
			</trkpt>
			<trkpt lat="31.460204" lon="120.224529">
				<speed>0.668797</speed>
				<ele>53.000000</ele>
				<time>2025-12-07T01:53:37Z</time>
			</trkpt>
			<trkpt lat="31.460158" lon="120.224509">
				<speed>0.547370</speed>
				<ele>51.000000</ele>
				<time>2025-12-07T01:53:46Z</time>
			</trkpt>
			<trkpt lat="31.460110" lon="120.224524">
				<speed>1.088002</speed>
				<ele>50.000000</ele>
				<time>2025-12-07T01:53:51Z</time>
			</trkpt>
			<trkpt lat="31.460063" lon="120.224495">
				<speed>1.126632</speed>
				<ele>47.000000</ele>
				<time>2025-12-07T01:53:56Z</time>
			</trkpt>
			<trkpt lat="31.460019" lon="120.224504">
				<speed>0.979104</speed>
				<ele>47.000000</ele>
				<time>2025-12-07T01:54:00Z</time>
			</trkpt>
			<trkpt lat="31.459968" lon="120.224504">
				<speed>0.889744</speed>
				<ele>45.000000</ele>
				<time>2025-12-07T01:54:06Z</time>
			</trkpt>
			<trkpt lat="31.459931" lon="120.224536">
				<speed>1.576716</speed>
				<ele>47.000000</ele>
				<time>2025-12-07T01:54:09Z</time>
			</trkpt>
			<trkpt lat="31.459894" lon="120.224575">
				<speed>2.178222</speed>
				<ele>47.000000</ele>
				<time>2025-12-07T01:54:11Z</time>
			</trkpt>
			<trkpt lat="31.459849" lon="120.224608">
				<speed>2.236979</speed>
				<ele>47.000000</ele>
				<time>2025-12-07T01:54:13Z</time>
			</trkpt>
			<trkpt lat="31.459826" lon="120.224664">
				<speed>2.210426</speed>
				<ele>47.000000</ele>
				<time>2025-12-07T01:54:15Z</time>
			</trkpt>
			<trkpt lat="31.459794" lon="120.224706">
				<speed>2.129312</speed>
				<ele>47.000000</ele>
				<time>2025-12-07T01:54:17Z</time>
			</trkpt>
			<trkpt lat="31.459759" lon="120.224752">
				<speed>2.323717</speed>
				<ele>46.000000</ele>
				<time>2025-12-07T01:54:19Z</time>
			</trkpt>
			<trkpt lat="31.459713" lon="120.224798">
				<speed>2.891700</speed>
				<ele>46.000000</ele>
				<time>2025-12-07T01:54:21Z</time>
			</trkpt>
			<trkpt lat="31.459667" lon="120.224831">
				<speed>2.700442</speed>
				<ele>47.000000</ele>
				<time>2025-12-07T01:54:23Z</time>
			</trkpt>
			<trkpt lat="31.459617" lon="120.224878">
				<speed>3.061127</speed>
				<ele>48.000000</ele>
				<time>2025-12-07T01:54:25Z</time>
			</trkpt>
			<trkpt lat="31.459573" lon="120.224906">
				<speed>2.893597</speed>
				<ele>49.000000</ele>
				<time>2025-12-07T01:54:27Z</time>
			</trkpt>
			<trkpt lat="31.459526" lon="120.224932">
				<speed>2.868502</speed>
				<ele>49.000000</ele>
				<time>2025-12-07T01:54:29Z</time>
			</trkpt>
			<trkpt lat="31.459474" lon="120.224944">
				<speed>2.887153</speed>
				<ele>49.000000</ele>
				<time>2025-12-07T01:54:31Z</time>
			</trkpt>
			<trkpt lat="31.459420" lon="120.224970">
				<speed>3.142625</speed>
				<ele>50.000000</ele>
				<time>2025-12-07T01:54:33Z</time>
			</trkpt>
			<trkpt lat="31.459358" lon="120.224975">
				<speed>2.421267</speed>
				<ele>50.000000</ele>
				<time>2025-12-07T01:54:36Z</time>
			</trkpt>
			<trkpt lat="31.459310" lon="120.224978">
				<speed>2.685353</speed>
				<ele>49.000000</ele>
				<time>2025-12-07T01:54:38Z</time>
			</trkpt>
			<trkpt lat="31.459267" lon="120.224996">
				<speed>2.703634</speed>
				<ele>50.000000</ele>
				<time>2025-12-07T01:54:40Z</time>
			</trkpt>
			<trkpt lat="31.459206" lon="120.224995">
				<speed>2.341348</speed>
				<ele>50.000000</ele>
				<time>2025-12-07T01:54:43Z</time>
			</trkpt>
			<trkpt lat="31.459160" lon="120.225018">
				<speed>2.576248</speed>
				<ele>51.000000</ele>
				<time>2025-12-07T01:54:45Z</time>
			</trkpt>
			<trkpt lat="31.459102" lon="120.225021">
				<speed>2.385348</speed>
				<ele>51.000000</ele>
				<time>2025-12-07T01:54:48Z</time>
			</trkpt>
			<trkpt lat="31.459057" lon="120.225035">
				<speed>2.619788</speed>
				<ele>52.000000</ele>
				<time>2025-12-07T01:54:50Z</time>
			</trkpt>
			<trkpt lat="31.458993" lon="120.225041">
				<speed>2.492836</speed>
				<ele>53.000000</ele>
				<time>2025-12-07T01:54:53Z</time>
			</trkpt>
			<trkpt lat="31.458948" lon="120.225053">
				<speed>2.454602</speed>
				<ele>53.000000</ele>
				<time>2025-12-07T01:54:55Z</time>
			</trkpt>
			<trkpt lat="31.458892" lon="120.225056">
				<speed>2.121616</speed>
				<ele>53.000000</ele>
				<time>2025-12-07T01:54:58Z</time>
			</trkpt>
			<trkpt lat="31.458830" lon="120.225078">
				<speed>2.548981</speed>
				<ele>54.000000</ele>
				<time>2025-12-07T01:55:01Z</time>
			</trkpt>
			<trkpt lat="31.458776" lon="120.225093">
				<speed>2.420935</speed>
				<ele>57.000000</ele>
				<time>2025-12-07T01:55:04Z</time>
			</trkpt>
			<trkpt lat="31.458718" lon="120.225108">
				<speed>2.267860</speed>
				<ele>58.000000</ele>
				<time>2025-12-07T01:55:07Z</time>
			</trkpt>
			<trkpt lat="31.458672" lon="120.225124">
				<speed>2.634144</speed>
				<ele>58.000000</ele>
				<time>2025-12-07T01:55:09Z</time>
			</trkpt>
			<trkpt lat="31.458621" lon="120.225142">
				<speed>2.258182</speed>
				<ele>59.000000</ele>
				<time>2025-12-07T01:55:12Z</time>
			</trkpt>
			<trkpt lat="31.458562" lon="120.225152">
				<speed>2.429649</speed>
				<ele>59.000000</ele>
				<time>2025-12-07T01:55:15Z</time>
			</trkpt>
			<trkpt lat="31.458504" lon="120.225157">
				<speed>2.188912</speed>
				<ele>59.000000</ele>
				<time>2025-12-07T01:55:18Z</time>
			</trkpt>
			<trkpt lat="31.458442" lon="120.225160">
				<speed>2.198110</speed>
				<ele>59.000000</ele>
				<time>2025-12-07T01:55:21Z</time>
			</trkpt>
			<trkpt lat="31.458380" lon="120.225175">
				<speed>2.527681</speed>
				<ele>60.000000</ele>
				<time>2025-12-07T01:55:24Z</time>
			</trkpt>
			<trkpt lat="31.458328" lon="120.225185">
				<speed>2.258345</speed>
				<ele>60.000000</ele>
				<time>2025-12-07T01:55:27Z</time>
			</trkpt>
			<trkpt lat="31.458273" lon="120.225198">
				<speed>2.125304</speed>
				<ele>61.000000</ele>
				<time>2025-12-07T01:55:30Z</time>
			</trkpt>
			<trkpt lat="31.458212" lon="120.225226">
				<speed>2.471327</speed>
				<ele>61.000000</ele>
				<time>2025-12-07T01:55:33Z</time>
			</trkpt>
			<trkpt lat="31.458161" lon="120.225219">
				<speed>2.136742</speed>
				<ele>60.000000</ele>
				<time>2025-12-07T01:55:36Z</time>
			</trkpt>
			<trkpt lat="31.458107" lon="120.225226">
				<speed>2.042691</speed>
				<ele>60.000000</ele>
				<time>2025-12-07T01:55:40Z</time>
			</trkpt>
			<trkpt lat="31.458050" lon="120.225247">
				<speed>2.094599</speed>
				<ele>60.000000</ele>
				<time>2025-12-07T01:55:44Z</time>
			</trkpt>
			<trkpt lat="31.458001" lon="120.225264">
				<speed>1.639170</speed>
				<ele>60.000000</ele>
				<time>2025-12-07T01:55:48Z</time>
			</trkpt>
			<trkpt lat="31.457951" lon="120.225272">
				<speed>1.511268</speed>
				<ele>60.000000</ele>
				<time>2025-12-07T01:55:52Z</time>
			</trkpt>
			<trkpt lat="31.457895" lon="120.225276">
				<speed>1.529784</speed>
				<ele>60.000000</ele>
				<time>2025-12-07T01:55:56Z</time>
			</trkpt>
			<trkpt lat="31.457837" lon="120.225292">
				<speed>1.684306</speed>
				<ele>60.000000</ele>
				<time>2025-12-07T01:56:00Z</time>
			</trkpt>
			<trkpt lat="31.457787" lon="120.225299">
				<speed>1.335781</speed>
				<ele>62.000000</ele>
				<time>2025-12-07T01:56:04Z</time>
			</trkpt>
			<trkpt lat="31.457735" lon="120.225298">
				<speed>0.960530</speed>
				<ele>62.000000</ele>
				<time>2025-12-07T01:56:08Z</time>
			</trkpt>
			<trkpt lat="31.457687" lon="120.225302">
				<speed>1.461768</speed>
				<ele>62.000000</ele>
				<time>2025-12-07T01:56:11Z</time>
			</trkpt>
			<trkpt lat="31.457632" lon="120.225315">
				<speed>1.328265</speed>
				<ele>63.000000</ele>
				<time>2025-12-07T01:56:15Z</time>
			</trkpt>
			<trkpt lat="31.457582" lon="120.225300">
				<speed>0.966151</speed>
				<ele>63.000000</ele>
				<time>2025-12-07T01:56:19Z</time>
			</trkpt>
			<trkpt lat="31.457533" lon="120.225303">
				<speed>1.403340</speed>
				<ele>64.000000</ele>
				<time>2025-12-07T01:56:22Z</time>
			</trkpt>
			<trkpt lat="31.457482" lon="120.225282">
				<speed>1.653131</speed>
				<ele>64.000000</ele>
				<time>2025-12-07T01:56:25Z</time>
			</trkpt>
			<trkpt lat="31.457438" lon="120.225257">
				<speed>1.200947</speed>
				<ele>64.000000</ele>
				<time>2025-12-07T01:56:29Z</time>
			</trkpt>
			<trkpt lat="31.457395" lon="120.225235">
				<speed>1.582773</speed>
				<ele>64.000000</ele>
				<time>2025-12-07T01:56:32Z</time>
			</trkpt>
			<trkpt lat="31.457346" lon="120.225204">
				<speed>1.072746</speed>
				<ele>64.000000</ele>
				<time>2025-12-07T01:56:36Z</time>
			</trkpt>
			<trkpt lat="31.457298" lon="120.225180">
				<speed>1.314798</speed>
				<ele>64.000000</ele>
				<time>2025-12-07T01:56:39Z</time>
			</trkpt>
			<trkpt lat="31.457245" lon="120.225165">
				<speed>1.745513</speed>
				<ele>64.000000</ele>
				<time>2025-12-07T01:56:42Z</time>
			</trkpt>
			<trkpt lat="31.457198" lon="120.225152">
				<speed>1.686185</speed>
				<ele>65.000000</ele>
				<time>2025-12-07T01:56:45Z</time>
			</trkpt>
			<trkpt lat="31.457153" lon="120.225138">
				<speed>1.715326</speed>
				<ele>65.000000</ele>
				<time>2025-12-07T01:56:48Z</time>
			</trkpt>
			<trkpt lat="31.457109" lon="120.225120">
				<speed>1.708933</speed>
				<ele>66.000000</ele>
				<time>2025-12-07T01:56:51Z</time>
			</trkpt>
			<trkpt lat="31.457073" lon="120.225087">
				<speed>1.725602</speed>
				<ele>66.000000</ele>
				<time>2025-12-07T01:56:54Z</time>
			</trkpt>
			<trkpt lat="31.457031" lon="120.225064">
				<speed>1.742113</speed>
				<ele>66.000000</ele>
				<time>2025-12-07T01:56:57Z</time>
			</trkpt>
			<trkpt lat="31.456989" lon="120.225040">
				<speed>1.760514</speed>
				<ele>66.000000</ele>
				<time>2025-12-07T01:57:00Z</time>
			</trkpt>
			<trkpt lat="31.456959" lon="120.225000">
				<speed>1.735267</speed>
				<ele>66.000000</ele>
				<time>2025-12-07T01:57:03Z</time>
			</trkpt>
			<trkpt lat="31.456940" lon="120.224943">
				<speed>1.714600</speed>
				<ele>66.000000</ele>
				<time>2025-12-07T01:57:06Z</time>
			</trkpt>
			<trkpt lat="31.456919" lon="120.224889">
				<speed>1.772642</speed>
				<ele>65.000000</ele>
				<time>2025-12-07T01:57:09Z</time>
			</trkpt>
			<trkpt lat="31.456905" lon="120.224830">
				<speed>1.759382</speed>
				<ele>65.000000</ele>
				<time>2025-12-07T01:57:12Z</time>
			</trkpt>
			<trkpt lat="31.456905" lon="120.224769">
				<speed>1.756133</speed>
				<ele>66.000000</ele>
				<time>2025-12-07T01:57:15Z</time>
			</trkpt>
			<trkpt lat="31.456903" lon="120.224715">
				<speed>1.712612</speed>
				<ele>66.000000</ele>
				<time>2025-12-07T01:57:18Z</time>
			</trkpt>
			<trkpt lat="31.456885" lon="120.224665">
				<speed>1.303820</speed>
				<ele>70.000000</ele>
				<time>2025-12-07T01:57:24Z</time>
			</trkpt>
			<trkpt lat="31.456835" lon="120.224656">
				<speed>1.162101</speed>
				<ele>71.000000</ele>
				<time>2025-12-07T01:57:33Z</time>
			</trkpt>
			<trkpt lat="31.456804" lon="120.224617">
				<speed>0.654419</speed>
				<ele>72.000000</ele>
				<time>2025-12-07T01:57:41Z</time>
			</trkpt>
			<trkpt lat="31.456769" lon="120.224578">
				<speed>0.736292</speed>
				<ele>75.000000</ele>
				<time>2025-12-07T01:57:50Z</time>
			</trkpt>
			<trkpt lat="31.456730" lon="120.224549">
				<speed>0.488270</speed>
				<ele>76.000000</ele>
				<time>2025-12-07T01:57:58Z</time>
			</trkpt>
			<trkpt lat="31.456706" lon="120.224502">
				<speed>0.945473</speed>
				<ele>78.000000</ele>
				<time>2025-12-07T01:58:04Z</time>
			</trkpt>
			<trkpt lat="31.456664" lon="120.224467">
				<speed>0.686759</speed>
				<ele>81.000000</ele>
				<time>2025-12-07T01:58:14Z</time>
			</trkpt>
			<trkpt lat="31.456619" lon="120.224438">
				<speed>0.600359</speed>
				<ele>83.000000</ele>
				<time>2025-12-07T01:58:21Z</time>
			</trkpt>
			<trkpt lat="31.456570" lon="120.224415">
				<speed>0.808027</speed>
				<ele>86.000000</ele>
				<time>2025-12-07T01:58:28Z</time>
			</trkpt>
			<trkpt lat="31.456526" lon="120.224389">
				<speed>0.932212</speed>
				<ele>87.000000</ele>
				<time>2025-12-07T01:58:35Z</time>
			</trkpt>
			<trkpt lat="31.456480" lon="120.224378">
				<speed>0.786826</speed>
				<ele>88.000000</ele>
				<time>2025-12-07T01:58:41Z</time>
			</trkpt>
			<trkpt lat="31.456436" lon="120.224358">
				<speed>0.983702</speed>
				<ele>88.000000</ele>
				<time>2025-12-07T01:58:46Z</time>
			</trkpt>
			<trkpt lat="31.456388" lon="120.224352">
				<speed>0.899025</speed>
				<ele>90.000000</ele>
				<time>2025-12-07T01:58:51Z</time>
			</trkpt>
			<trkpt lat="31.456335" lon="120.224340">
				<speed>1.121036</speed>
				<ele>91.000000</ele>
				<time>2025-12-07T01:58:57Z</time>
			</trkpt>
			<trkpt lat="31.456286" lon="120.224316">
				<speed>1.087624</speed>
				<ele>90.000000</ele>
				<time>2025-12-07T01:59:02Z</time>
			</trkpt>
			<trkpt lat="31.456246" lon="120.224275">
				<speed>1.397452</speed>
				<ele>91.000000</ele>
				<time>2025-12-07T01:59:06Z</time>
			</trkpt>
			<trkpt lat="31.456199" lon="120.224256">
				<speed>0.785259</speed>
				<ele>92.000000</ele>
				<time>2025-12-07T01:59:11Z</time>
			</trkpt>
			<trkpt lat="31.456166" lon="120.224211">
				<speed>0.948072</speed>
				<ele>93.000000</ele>
				<time>2025-12-07T01:59:15Z</time>
			</trkpt>
			<trkpt lat="31.456151" lon="120.224147">
				<speed>1.144246</speed>
				<ele>92.000000</ele>
				<time>2025-12-07T01:59:19Z</time>
			</trkpt>
			<trkpt lat="31.456143" lon="120.224091">
				<speed>0.490414</speed>
				<ele>95.000000</ele>
				<time>2025-12-07T01:59:24Z</time>
			</trkpt>
			<trkpt lat="31.456108" lon="120.224047">
				<speed>0.513854</speed>
				<ele>96.000000</ele>
				<time>2025-12-07T01:59:30Z</time>
			</trkpt>
			<trkpt lat="31.456072" lon="120.224001">
				<speed>0.807204</speed>
				<ele>98.000000</ele>
				<time>2025-12-07T01:59:36Z</time>
			</trkpt>
			<trkpt lat="31.456050" lon="120.223949">
				<speed>0.791337</speed>
				<ele>98.000000</ele>
				<time>2025-12-07T01:59:42Z</time>
			</trkpt>
			<trkpt lat="31.456017" lon="120.223909">
				<speed>0.811851</speed>
				<ele>100.000000</ele>
				<time>2025-12-07T01:59:47Z</time>
			</trkpt>
			<trkpt lat="31.455987" lon="120.223863">
				<speed>0.847549</speed>
				<ele>101.000000</ele>
				<time>2025-12-07T01:59:53Z</time>
			</trkpt>
			<trkpt lat="31.455959" lon="120.223813">
				<speed>0.912761</speed>
				<ele>102.000000</ele>
				<time>2025-12-07T01:59:59Z</time>
			</trkpt>
			<trkpt lat="31.455931" lon="120.223770">
				<speed>1.037377</speed>
				<ele>103.000000</ele>
				<time>2025-12-07T02:00:04Z</time>
			</trkpt>
			<trkpt lat="31.455898" lon="120.223728">
				<speed>1.353268</speed>
				<ele>105.000000</ele>
				<time>2025-12-07T02:00:09Z</time>
			</trkpt>
			<trkpt lat="31.455879" lon="120.223676">
				<speed>0.714397</speed>
				<ele>106.000000</ele>
				<time>2025-12-07T02:00:15Z</time>
			</trkpt>
			<trkpt lat="31.455839" lon="120.223638">
				<speed>0.699416</speed>
				<ele>108.000000</ele>
				<time>2025-12-07T02:00:22Z</time>
			</trkpt>
			<trkpt lat="31.455808" lon="120.223588">
				<speed>0.900209</speed>
				<ele>110.000000</ele>
				<time>2025-12-07T02:00:27Z</time>
			</trkpt>
			<trkpt lat="31.455771" lon="120.223543">
				<speed>1.058346</speed>
				<ele>112.000000</ele>
				<time>2025-12-07T02:00:33Z</time>
			</trkpt>
			<trkpt lat="31.455735" lon="120.223496">
				<speed>0.677206</speed>
				<ele>113.000000</ele>
				<time>2025-12-07T02:00:41Z</time>
			</trkpt>
			<trkpt lat="31.455698" lon="120.223452">
				<speed>0.882584</speed>
				<ele>114.000000</ele>
				<time>2025-12-07T02:00:47Z</time>
			</trkpt>
			<trkpt lat="31.455668" lon="120.223397">
				<speed>0.977209</speed>
				<ele>116.000000</ele>
				<time>2025-12-07T02:00:55Z</time>
			</trkpt>
			<trkpt lat="31.455639" lon="120.223348">
				<speed>0.828532</speed>
				<ele>120.000000</ele>
				<time>2025-12-07T02:01:07Z</time>
			</trkpt>
			<trkpt lat="31.455615" lon="120.223294">
				<speed>0.605735</speed>
				<ele>121.000000</ele>
				<time>2025-12-07T02:01:16Z</time>
			</trkpt>
			<trkpt lat="31.455581" lon="120.223255">
				<speed>0.418476</speed>
				<ele>123.000000</ele>
				<time>2025-12-07T02:01:25Z</time>
			</trkpt>
			<trkpt lat="31.455539" lon="120.223234">
				<speed>0.628746</speed>
				<ele>125.000000</ele>
				<time>2025-12-07T02:01:35Z</time>
			</trkpt>
			<trkpt lat="31.455515" lon="120.223186">
				<speed>0.731314</speed>
				<ele>127.000000</ele>
				<time>2025-12-07T02:01:41Z</time>
			</trkpt>
			<trkpt lat="31.455473" lon="120.223156">
				<speed>0.522985</speed>
				<ele>129.000000</ele>
				<time>2025-12-07T02:01:55Z</time>
			</trkpt>
			<trkpt lat="31.455445" lon="120.223111">
				<speed>0.734965</speed>
				<ele>131.000000</ele>
				<time>2025-12-07T02:02:05Z</time>
			</trkpt>
			<trkpt lat="31.455408" lon="120.223074">
				<speed>0.541342</speed>
				<ele>133.000000</ele>
				<time>2025-12-07T02:02:15Z</time>
			</trkpt>
			<trkpt lat="31.455375" lon="120.223036">
				<speed>0.562107</speed>
				<ele>136.000000</ele>
				<time>2025-12-07T02:02:26Z</time>
			</trkpt>
			<trkpt lat="31.455345" lon="120.222989">
				<speed>0.558426</speed>
				<ele>137.000000</ele>
				<time>2025-12-07T02:02:35Z</time>
			</trkpt>
			<trkpt lat="31.455309" lon="120.222956">
				<speed>0.411537</speed>
				<ele>140.000000</ele>
				<time>2025-12-07T02:02:45Z</time>
			</trkpt>
			<trkpt lat="31.455268" lon="120.222929">
				<speed>0.534420</speed>
				<ele>143.000000</ele>
				<time>2025-12-07T02:02:54Z</time>
			</trkpt>
			<trkpt lat="31.455237" lon="120.222881">
				<speed>0.749354</speed>
				<ele>144.000000</ele>
				<time>2025-12-07T02:03:01Z</time>
			</trkpt>
			<trkpt lat="31.455194" lon="120.222854">
				<speed>0.879493</speed>
				<ele>146.000000</ele>
				<time>2025-12-07T02:03:10Z</time>
			</trkpt>
			<trkpt lat="31.455153" lon="120.222823">
				<speed>0.446491</speed>
				<ele>149.000000</ele>
				<time>2025-12-07T02:03:22Z</time>
			</trkpt>
			<trkpt lat="31.455110" lon="120.222797">
				<speed>0.634874</speed>
				<ele>150.000000</ele>
				<time>2025-12-07T02:03:31Z</time>
			</trkpt>
			<trkpt lat="31.455064" lon="120.222784">
				<speed>0.507327</speed>
				<ele>152.000000</ele>
				<time>2025-12-07T02:03:40Z</time>
			</trkpt>
			<trkpt lat="31.455026" lon="120.222754">
				<speed>0.487343</speed>
				<ele>153.000000</ele>
				<time>2025-12-07T02:03:47Z</time>
			</trkpt>
			<trkpt lat="31.454975" lon="120.222741">
				<speed>0.741100</speed>
				<ele>156.000000</ele>
				<time>2025-12-07T02:03:56Z</time>
			</trkpt>
			<trkpt lat="31.454927" lon="120.222745">
				<speed>0.706318</speed>
				<ele>157.000000</ele>
				<time>2025-12-07T02:04:03Z</time>
			</trkpt>
			<trkpt lat="31.454886" lon="120.222719">
				<speed>0.694559</speed>
				<ele>158.000000</ele>
				<time>2025-12-07T02:04:10Z</time>
			</trkpt>
			<trkpt lat="31.454838" lon="120.222722">
				<speed>0.367344</speed>
				<ele>160.000000</ele>
				<time>2025-12-07T02:04:18Z</time>
			</trkpt>
			<trkpt lat="31.454790" lon="120.222713">
				<speed>0.737204</speed>
				<ele>161.000000</ele>
				<time>2025-12-07T02:04:25Z</time>
			</trkpt>
			<trkpt lat="31.454745" lon="120.222718">
				<speed>0.780588</speed>
				<ele>163.000000</ele>
				<time>2025-12-07T02:04:31Z</time>
			</trkpt>
			<trkpt lat="31.454706" lon="120.222684">
				<speed>0.759998</speed>
				<ele>165.000000</ele>
				<time>2025-12-07T02:04:39Z</time>
			</trkpt>
			<trkpt lat="31.454662" lon="120.222667">
				<speed>0.820754</speed>
				<ele>166.000000</ele>
				<time>2025-12-07T02:04:46Z</time>
			</trkpt>
			<trkpt lat="31.454618" lon="120.222636">
				<speed>0.727883</speed>
				<ele>168.000000</ele>
				<time>2025-12-07T02:04:54Z</time>
			</trkpt>
			<trkpt lat="31.454567" lon="120.222627">
				<speed>0.690704</speed>
				<ele>170.000000</ele>
				<time>2025-12-07T02:05:01Z</time>
			</trkpt>
			<trkpt lat="31.454526" lon="120.222587">
				<speed>0.993588</speed>
				<ele>170.000000</ele>
				<time>2025-12-07T02:05:06Z</time>
			</trkpt>
			<trkpt lat="31.454481" lon="120.222576">
				<speed>0.641028</speed>
				<ele>172.000000</ele>
				<time>2025-12-07T02:05:14Z</time>
			</trkpt>
			<trkpt lat="31.454450" lon="120.222536">
				<speed>0.815978</speed>
				<ele>173.000000</ele>
				<time>2025-12-07T02:05:19Z</time>
			</trkpt>
			<trkpt lat="31.454410" lon="120.222500">
				<speed>0.906443</speed>
				<ele>174.000000</ele>
				<time>2025-12-07T02:05:24Z</time>
			</trkpt>
			<trkpt lat="31.454374" lon="120.222455">
				<speed>0.709502</speed>
				<ele>174.000000</ele>
				<time>2025-12-07T02:05:30Z</time>
			</trkpt>
			<trkpt lat="31.454330" lon="120.222437">
				<speed>1.216375</speed>
				<ele>176.000000</ele>
				<time>2025-12-07T02:05:34Z</time>
			</trkpt>
			<trkpt lat="31.454310" lon="120.222386">
				<speed>0.750629</speed>
				<ele>175.000000</ele>
				<time>2025-12-07T02:05:39Z</time>
			</trkpt>
			<trkpt lat="31.454269" lon="120.222350">
				<speed>1.144971</speed>
				<ele>176.000000</ele>
				<time>2025-12-07T02:05:43Z</time>
			</trkpt>
			<trkpt lat="31.454216" lon="120.222325">
				<speed>1.049262</speed>
				<ele>177.000000</ele>
				<time>2025-12-07T02:05:50Z</time>
			</trkpt>
			<trkpt lat="31.454180" lon="120.222276">
				<speed>1.024330</speed>
				<ele>177.000000</ele>
				<time>2025-12-07T02:05:55Z</time>
			</trkpt>
			<trkpt lat="31.454137" lon="120.222253">
				<speed>0.793208</speed>
				<ele>179.000000</ele>
				<time>2025-12-07T02:06:01Z</time>
			</trkpt>
			<trkpt lat="31.454105" lon="120.222211">
				<speed>0.568914</speed>
				<ele>179.000000</ele>
				<time>2025-12-07T02:06:06Z</time>
			</trkpt>
			<trkpt lat="31.454067" lon="120.222181">
				<speed>0.900441</speed>
				<ele>180.000000</ele>
				<time>2025-12-07T02:06:11Z</time>
			</trkpt>
			<trkpt lat="31.454038" lon="120.222137">
				<speed>0.728437</speed>
				<ele>181.000000</ele>
				<time>2025-12-07T02:06:17Z</time>
			</trkpt>
			<trkpt lat="31.453994" lon="120.222104">
				<speed>0.746325</speed>
				<ele>182.000000</ele>
				<time>2025-12-07T02:06:24Z</time>
			</trkpt>
			<trkpt lat="31.453946" lon="120.222087">
				<speed>0.968116</speed>
				<ele>183.000000</ele>
				<time>2025-12-07T02:06:29Z</time>
			</trkpt>
			<trkpt lat="31.453901" lon="120.222054">
				<speed>0.853188</speed>
				<ele>183.000000</ele>
				<time>2025-12-07T02:06:35Z</time>
			</trkpt>
			<trkpt lat="31.453850" lon="120.222052">
				<speed>1.137292</speed>
				<ele>184.000000</ele>
				<time>2025-12-07T02:06:40Z</time>
			</trkpt>
			<trkpt lat="31.453800" lon="120.222024">
				<speed>1.058604</speed>
				<ele>184.000000</ele>
				<time>2025-12-07T02:06:45Z</time>
			</trkpt>
			<trkpt lat="31.453764" lon="120.221986">
				<speed>0.797735</speed>
				<ele>185.000000</ele>
				<time>2025-12-07T02:06:50Z</time>
			</trkpt>
			<trkpt lat="31.453710" lon="120.221970">
				<speed>1.171914</speed>
				<ele>186.000000</ele>
				<time>2025-12-07T02:06:55Z</time>
			</trkpt>
			<trkpt lat="31.453672" lon="120.221937">
				<speed>0.922493</speed>
				<ele>186.000000</ele>
				<time>2025-12-07T02:06:59Z</time>
			</trkpt>
			<trkpt lat="31.453624" lon="120.221905">
				<speed>1.117311</speed>
				<ele>187.000000</ele>
				<time>2025-12-07T02:07:04Z</time>
			</trkpt>
			<trkpt lat="31.453582" lon="120.221870">
				<speed>0.808772</speed>
				<ele>188.000000</ele>
				<time>2025-12-07T02:07:10Z</time>
			</trkpt>
			<trkpt lat="31.453535" lon="120.221858">
				<speed>0.831970</speed>
				<ele>189.000000</ele>
				<time>2025-12-07T02:07:14Z</time>
			</trkpt>
			<trkpt lat="31.453494" lon="120.221831">
				<speed>1.043047</speed>
				<ele>190.000000</ele>
				<time>2025-12-07T02:07:19Z</time>
			</trkpt>
			<trkpt lat="31.453458" lon="120.221799">
				<speed>0.807011</speed>
				<ele>192.000000</ele>
				<time>2025-12-07T02:07:26Z</time>
			</trkpt>
			<trkpt lat="31.453417" lon="120.221758">
				<speed>1.080949</speed>
				<ele>193.000000</ele>
				<time>2025-12-07T02:07:32Z</time>
			</trkpt>
			<trkpt lat="31.453386" lon="120.221716">
				<speed>0.976070</speed>
				<ele>194.000000</ele>
				<time>2025-12-07T02:07:37Z</time>
			</trkpt>
			<trkpt lat="31.453345" lon="120.221688">
				<speed>0.663728</speed>
				<ele>195.000000</ele>
				<time>2025-12-07T02:07:42Z</time>
			</trkpt>
			<trkpt lat="31.453303" lon="120.221664">
				<speed>1.225433</speed>
				<ele>196.000000</ele>
				<time>2025-12-07T02:07:46Z</time>
			</trkpt>
			<trkpt lat="31.453255" lon="120.221648">
				<speed>0.913308</speed>
				<ele>197.000000</ele>
				<time>2025-12-07T02:07:52Z</time>
			</trkpt>
			<trkpt lat="31.453207" lon="120.221641">
				<speed>0.878340</speed>
				<ele>198.000000</ele>
				<time>2025-12-07T02:07:56Z</time>
			</trkpt>
			<trkpt lat="31.453158" lon="120.221629">
				<speed>0.912883</speed>
				<ele>199.000000</ele>
				<time>2025-12-07T02:08:02Z</time>
			</trkpt>
			<trkpt lat="31.453110" lon="120.221651">
				<speed>1.395370</speed>
				<ele>200.000000</ele>
				<time>2025-12-07T02:08:07Z</time>
			</trkpt>
			<trkpt lat="31.453064" lon="120.221664">
				<speed>0.776242</speed>
				<ele>202.000000</ele>
				<time>2025-12-07T02:08:14Z</time>
			</trkpt>
			<trkpt lat="31.453020" lon="120.221682">
				<speed>0.885089</speed>
				<ele>204.000000</ele>
				<time>2025-12-07T02:08:20Z</time>
			</trkpt>
			<trkpt lat="31.452977" lon="120.221654">
				<speed>0.713998</speed>
				<ele>205.000000</ele>
				<time>2025-12-07T02:08:25Z</time>
			</trkpt>
			<trkpt lat="31.452930" lon="120.221671">
				<speed>0.656209</speed>
				<ele>206.000000</ele>
				<time>2025-12-07T02:08:32Z</time>
			</trkpt>
			<trkpt lat="31.452885" lon="120.221697">
				<speed>0.816759</speed>
				<ele>207.000000</ele>
				<time>2025-12-07T02:08:38Z</time>
			</trkpt>
			<trkpt lat="31.452837" lon="120.221707">
				<speed>0.896136</speed>
				<ele>209.000000</ele>
				<time>2025-12-07T02:08:44Z</time>
			</trkpt>
			<trkpt lat="31.452790" lon="120.221696">
				<speed>0.937873</speed>
				<ele>209.000000</ele>
				<time>2025-12-07T02:08:49Z</time>
			</trkpt>
			<trkpt lat="31.452742" lon="120.221699">
				<speed>0.643183</speed>
				<ele>211.000000</ele>
				<time>2025-12-07T02:08:55Z</time>
			</trkpt>
			<trkpt lat="31.452690" lon="120.221731">
				<speed>0.900721</speed>
				<ele>213.000000</ele>
				<time>2025-12-07T02:09:05Z</time>
			</trkpt>
			<trkpt lat="31.452644" lon="120.221748">
				<speed>0.889631</speed>
				<ele>214.000000</ele>
				<time>2025-12-07T02:09:09Z</time>
			</trkpt>
			<trkpt lat="31.452584" lon="120.221747">
				<speed>1.075609</speed>
				<ele>216.000000</ele>
				<time>2025-12-07T02:09:16Z</time>
			</trkpt>
			<trkpt lat="31.452541" lon="120.221729">
				<speed>0.411682</speed>
				<ele>217.000000</ele>
				<time>2025-12-07T02:09:23Z</time>
			</trkpt>
			<trkpt lat="31.452495" lon="120.221700">
				<speed>0.754652</speed>
				<ele>218.000000</ele>
				<time>2025-12-07T02:09:29Z</time>
			</trkpt>
			<trkpt lat="31.452450" lon="120.221688">
				<speed>0.693795</speed>
				<ele>221.000000</ele>
				<time>2025-12-07T02:09:36Z</time>
			</trkpt>
			<trkpt lat="31.452406" lon="120.221703">
				<speed>0.811670</speed>
				<ele>223.000000</ele>
				<time>2025-12-07T02:09:43Z</time>
			</trkpt>
			<trkpt lat="31.452357" lon="120.221693">
				<speed>0.708756</speed>
				<ele>224.000000</ele>
				<time>2025-12-07T02:09:50Z</time>
			</trkpt>
			<trkpt lat="31.452302" lon="120.221668">
				<speed>1.000786</speed>
				<ele>224.000000</ele>
				<time>2025-12-07T02:09:56Z</time>
			</trkpt>
			<trkpt lat="31.452261" lon="120.221636">
				<speed>0.908459</speed>
				<ele>225.000000</ele>
				<time>2025-12-07T02:10:02Z</time>
			</trkpt>
			<trkpt lat="31.452214" lon="120.221643">
				<speed>1.293470</speed>
				<ele>225.000000</ele>
				<time>2025-12-07T02:10:06Z</time>
			</trkpt>
			<trkpt lat="31.452164" lon="120.221616">
				<speed>1.050816</speed>
				<ele>228.000000</ele>
				<time>2025-12-07T02:10:12Z</time>
			</trkpt>
			<trkpt lat="31.452131" lon="120.221579">
				<speed>0.937982</speed>
				<ele>227.000000</ele>
				<time>2025-12-07T02:10:16Z</time>
			</trkpt>
			<trkpt lat="31.452096" lon="120.221545">
				<speed>1.034284</speed>
				<ele>227.000000</ele>
				<time>2025-12-07T02:10:20Z</time>
			</trkpt>
			<trkpt lat="31.452062" lon="120.221494">
				<speed>1.047983</speed>
				<ele>227.000000</ele>
				<time>2025-12-07T02:10:25Z</time>
			</trkpt>
			<trkpt lat="31.452025" lon="120.221445">
				<speed>1.083646</speed>
				<ele>228.000000</ele>
				<time>2025-12-07T02:10:30Z</time>
			</trkpt>
			<trkpt lat="31.451987" lon="120.221409">
				<speed>1.273565</speed>
				<ele>229.000000</ele>
				<time>2025-12-07T02:10:34Z</time>
			</trkpt>
			<trkpt lat="31.451937" lon="120.221424">
				<speed>1.048911</speed>
				<ele>229.000000</ele>
				<time>2025-12-07T02:10:39Z</time>
			</trkpt>
			<trkpt lat="31.451883" lon="120.221395">
				<speed>1.502590</speed>
				<ele>229.000000</ele>
				<time>2025-12-07T02:10:43Z</time>
			</trkpt>
			<trkpt lat="31.451847" lon="120.221358">
				<speed>0.969019</speed>
				<ele>230.000000</ele>
				<time>2025-12-07T02:10:47Z</time>
			</trkpt>
			<trkpt lat="31.451811" lon="120.221316">
				<speed>1.318592</speed>
				<ele>229.000000</ele>
				<time>2025-12-07T02:10:51Z</time>
			</trkpt>
			<trkpt lat="31.451765" lon="120.221310">
				<speed>1.284146</speed>
				<ele>230.000000</ele>
				<time>2025-12-07T02:10:55Z</time>
			</trkpt>
			<trkpt lat="31.451715" lon="120.221290">
				<speed>1.290825</speed>
				<ele>230.000000</ele>
				<time>2025-12-07T02:10:59Z</time>
			</trkpt>
			<trkpt lat="31.451665" lon="120.221272">
				<speed>1.431474</speed>
				<ele>229.000000</ele>
				<time>2025-12-07T02:11:03Z</time>
			</trkpt>
			<trkpt lat="31.451610" lon="120.221278">
				<speed>1.312432</speed>
				<ele>231.000000</ele>
				<time>2025-12-07T02:11:08Z</time>
			</trkpt>
			<trkpt lat="31.451564" lon="120.221276">
				<speed>0.867524</speed>
				<ele>232.000000</ele>
				<time>2025-12-07T02:11:12Z</time>
			</trkpt>
			<trkpt lat="31.451510" lon="120.221285">
				<speed>1.118875</speed>
				<ele>232.000000</ele>
				<time>2025-12-07T02:11:17Z</time>
			</trkpt>
			<trkpt lat="31.451467" lon="120.221250">
				<speed>1.034808</speed>
				<ele>233.000000</ele>
				<time>2025-12-07T02:11:21Z</time>
			</trkpt>
			<trkpt lat="31.451414" lon="120.221224">
				<speed>1.105249</speed>
				<ele>234.000000</ele>
				<time>2025-12-07T02:11:26Z</time>
			</trkpt>
			<trkpt lat="31.451376" lon="120.221194">
				<speed>1.024749</speed>
				<ele>235.000000</ele>
				<time>2025-12-07T02:11:30Z</time>
			</trkpt>
			<trkpt lat="31.451330" lon="120.221179">
				<speed>0.889213</speed>
				<ele>238.000000</ele>
				<time>2025-12-07T02:11:34Z</time>
			</trkpt>
			<trkpt lat="31.451285" lon="120.221156">
				<speed>1.226508</speed>
				<ele>238.000000</ele>
				<time>2025-12-07T02:11:38Z</time>
			</trkpt>
			<trkpt lat="31.451224" lon="120.221144">
				<speed>1.463924</speed>
				<ele>240.000000</ele>
				<time>2025-12-07T02:11:43Z</time>
			</trkpt>
			<trkpt lat="31.451201" lon="120.221095">
				<speed>0.941740</speed>
				<ele>240.000000</ele>
				<time>2025-12-07T02:11:47Z</time>
			</trkpt>
			<trkpt lat="31.451156" lon="120.221077">
				<speed>1.090554</speed>
				<ele>241.000000</ele>
				<time>2025-12-07T02:11:51Z</time>
			</trkpt>
			<trkpt lat="31.451107" lon="120.221082">
				<speed>0.948867</speed>
				<ele>242.000000</ele>
				<time>2025-12-07T02:11:55Z</time>
			</trkpt>
			<trkpt lat="31.451071" lon="120.221116">
				<speed>1.080533</speed>
				<ele>243.000000</ele>
				<time>2025-12-07T02:12:00Z</time>
			</trkpt>
			<trkpt lat="31.451033" lon="120.221152">
				<speed>1.244420</speed>
				<ele>242.000000</ele>
				<time>2025-12-07T02:12:04Z</time>
			</trkpt>
			<trkpt lat="31.450990" lon="120.221177">
				<speed>1.695767</speed>
				<ele>241.000000</ele>
				<time>2025-12-07T02:12:07Z</time>
			</trkpt>
			<trkpt lat="31.450945" lon="120.221205">
				<speed>1.123785</speed>
				<ele>242.000000</ele>
				<time>2025-12-07T02:12:11Z</time>
			</trkpt>
			<trkpt lat="31.450900" lon="120.221227">
				<speed>1.399465</speed>
				<ele>241.000000</ele>
				<time>2025-12-07T02:12:14Z</time>
			</trkpt>
			<trkpt lat="31.450849" lon="120.221270">
				<speed>1.725505</speed>
				<ele>241.000000</ele>
				<time>2025-12-07T02:12:18Z</time>
			</trkpt>
			<trkpt lat="31.450799" lon="120.221317">
				<speed>1.861371</speed>
				<ele>240.000000</ele>
				<time>2025-12-07T02:12:21Z</time>
			</trkpt>
			<trkpt lat="31.450739" lon="120.221341">
				<speed>1.910543</speed>
				<ele>239.000000</ele>
				<time>2025-12-07T02:12:24Z</time>
			</trkpt>
			<trkpt lat="31.450675" lon="120.221350">
				<speed>1.933371</speed>
				<ele>238.000000</ele>
				<time>2025-12-07T02:12:27Z</time>
			</trkpt>
			<trkpt lat="31.450628" lon="120.221342">
				<speed>2.138875</speed>
				<ele>237.000000</ele>
				<time>2025-12-07T02:12:29Z</time>
			</trkpt>
			<trkpt lat="31.450578" lon="120.221380">
				<speed>2.535580</speed>
				<ele>237.000000</ele>
				<time>2025-12-07T02:12:31Z</time>
			</trkpt>
			<trkpt lat="31.450523" lon="120.221410">
				<speed>1.948706</speed>
				<ele>237.000000</ele>
				<time>2025-12-07T02:12:35Z</time>
			</trkpt>
			<trkpt lat="31.450471" lon="120.221449">
				<speed>2.094906</speed>
				<ele>236.000000</ele>
				<time>2025-12-07T02:12:40Z</time>
			</trkpt>
			<trkpt lat="31.450431" lon="120.221497">
				<speed>1.736793</speed>
				<ele>236.000000</ele>
				<time>2025-12-07T02:12:43Z</time>
			</trkpt>
			<trkpt lat="31.450431" lon="120.221561">
				<speed>1.641632</speed>
				<ele>234.000000</ele>
				<time>2025-12-07T02:12:47Z</time>
			</trkpt>
			<trkpt lat="31.450417" lon="120.221621">
				<speed>1.629818</speed>
				<ele>233.000000</ele>
				<time>2025-12-07T02:12:51Z</time>
			</trkpt>
			<trkpt lat="31.450407" lon="120.221682">
				<speed>1.761220</speed>
				<ele>231.000000</ele>
				<time>2025-12-07T02:12:55Z</time>
			</trkpt>
			<trkpt lat="31.450397" lon="120.221745">
				<speed>1.596339</speed>
				<ele>229.000000</ele>
				<time>2025-12-07T02:12:59Z</time>
			</trkpt>
			<trkpt lat="31.450381" lon="120.221822">
				<speed>2.258511</speed>
				<ele>230.000000</ele>
				<time>2025-12-07T02:13:02Z</time>
			</trkpt>
			<trkpt lat="31.450379" lon="120.221878">
				<speed>2.618174</speed>
				<ele>228.000000</ele>
				<time>2025-12-07T02:13:04Z</time>
			</trkpt>
			<trkpt lat="31.450347" lon="120.221940">
				<speed>2.673958</speed>
				<ele>228.000000</ele>
				<time>2025-12-07T02:13:06Z</time>
			</trkpt>
			<trkpt lat="31.450313" lon="120.221993">
				<speed>2.409963</speed>
				<ele>227.000000</ele>
				<time>2025-12-07T02:13:08Z</time>
			</trkpt>
			<trkpt lat="31.450282" lon="120.222042">
				<speed>2.660627</speed>
				<ele>225.000000</ele>
				<time>2025-12-07T02:13:10Z</time>
			</trkpt>
			<trkpt lat="31.450245" lon="120.222107">
				<speed>3.215446</speed>
				<ele>224.000000</ele>
				<time>2025-12-07T02:13:12Z</time>
			</trkpt>
			<trkpt lat="31.450232" lon="120.222161">
				<speed>2.919315</speed>
				<ele>223.000000</ele>
				<time>2025-12-07T02:13:14Z</time>
			</trkpt>
			<trkpt lat="31.450206" lon="120.222217">
				<speed>3.036608</speed>
				<ele>223.000000</ele>
				<time>2025-12-07T02:13:16Z</time>
			</trkpt>
			<trkpt lat="31.450183" lon="120.222274">
				<speed>2.303524</speed>
				<ele>222.000000</ele>
				<time>2025-12-07T02:13:19Z</time>
			</trkpt>
			<trkpt lat="31.450150" lon="120.222310">
				<speed>2.680369</speed>
				<ele>220.000000</ele>
				<time>2025-12-07T02:13:21Z</time>
			</trkpt>
			<trkpt lat="31.450110" lon="120.222362">
				<speed>3.079004</speed>
				<ele>218.000000</ele>
				<time>2025-12-07T02:13:23Z</time>
			</trkpt>
			<trkpt lat="31.450105" lon="120.222418">
				<speed>2.379008</speed>
				<ele>217.000000</ele>
				<time>2025-12-07T02:13:25Z</time>
			</trkpt>
			<trkpt lat="31.450101" lon="120.222476">
				<speed>2.446735</speed>
				<ele>217.000000</ele>
				<time>2025-12-07T02:13:27Z</time>
			</trkpt>
			<trkpt lat="31.450055" lon="120.222536">
				<speed>2.470782</speed>
				<ele>216.000000</ele>
				<time>2025-12-07T02:13:30Z</time>
			</trkpt>
			<trkpt lat="31.450011" lon="120.222571">
				<speed>2.256060</speed>
				<ele>214.000000</ele>
				<time>2025-12-07T02:13:33Z</time>
			</trkpt>
			<trkpt lat="31.449993" lon="120.222619">
				<speed>2.480577</speed>
				<ele>213.000000</ele>
				<time>2025-12-07T02:13:35Z</time>
			</trkpt>
			<trkpt lat="31.449956" lon="120.222676">
				<speed>2.624386</speed>
				<ele>212.000000</ele>
				<time>2025-12-07T02:13:38Z</time>
			</trkpt>
			<trkpt lat="31.449916" lon="120.222738">
				<speed>2.774704</speed>
				<ele>210.000000</ele>
				<time>2025-12-07T02:13:41Z</time>
			</trkpt>
			<trkpt lat="31.449884" lon="120.222775">
				<speed>2.636724</speed>
				<ele>208.000000</ele>
				<time>2025-12-07T02:13:43Z</time>
			</trkpt>
			<trkpt lat="31.449853" lon="120.222838">
				<speed>2.491658</speed>
				<ele>208.000000</ele>
				<time>2025-12-07T02:13:46Z</time>
			</trkpt>
			<trkpt lat="31.449807" lon="120.222896">
				<speed>2.819442</speed>
				<ele>207.000000</ele>
				<time>2025-12-07T02:13:49Z</time>
			</trkpt>
			<trkpt lat="31.449784" lon="120.222946">
				<speed>2.653258</speed>
				<ele>205.000000</ele>
				<time>2025-12-07T02:13:51Z</time>
			</trkpt>
			<trkpt lat="31.449783" lon="120.223006">
				<speed>2.719707</speed>
				<ele>204.000000</ele>
				<time>2025-12-07T02:13:53Z</time>
			</trkpt>
			<trkpt lat="31.449787" lon="120.223082">
				<speed>3.276845</speed>
				<ele>203.000000</ele>
				<time>2025-12-07T02:13:55Z</time>
			</trkpt>
			<trkpt lat="31.449761" lon="120.223150">
				<speed>3.357580</speed>
				<ele>204.000000</ele>
				<time>2025-12-07T02:13:57Z</time>
			</trkpt>
			<trkpt lat="31.449746" lon="120.223201">
				<speed>2.727931</speed>
				<ele>204.000000</ele>
				<time>2025-12-07T02:13:59Z</time>
			</trkpt>
			<trkpt lat="31.449733" lon="120.223255">
				<speed>2.659008</speed>
				<ele>204.000000</ele>
				<time>2025-12-07T02:14:01Z</time>
			</trkpt>
			<trkpt lat="31.449716" lon="120.223308">
				<speed>2.652325</speed>
				<ele>203.000000</ele>
				<time>2025-12-07T02:14:03Z</time>
			</trkpt>
			<trkpt lat="31.449690" lon="120.223357">
				<speed>2.691120</speed>
				<ele>201.000000</ele>
				<time>2025-12-07T02:14:05Z</time>
			</trkpt>
			<trkpt lat="31.449687" lon="120.223430">
				<speed>2.451833</speed>
				<ele>200.000000</ele>
				<time>2025-12-07T02:14:08Z</time>
			</trkpt>
			<trkpt lat="31.449685" lon="120.223502">
				<speed>2.325221</speed>
				<ele>201.000000</ele>
				<time>2025-12-07T02:14:11Z</time>
			</trkpt>
			<trkpt lat="31.449686" lon="120.223574">
				<speed>1.848677</speed>
				<ele>200.000000</ele>
				<time>2025-12-07T02:14:19Z</time>
			</trkpt>
			<trkpt lat="31.449682" lon="120.223646">
				<speed>1.717553</speed>
				<ele>199.000000</ele>
				<time>2025-12-07T02:14:22Z</time>
			</trkpt>
			<trkpt lat="31.449677" lon="120.223721">
				<speed>1.997374</speed>
				<ele>199.000000</ele>
				<time>2025-12-07T02:14:25Z</time>
			</trkpt>
			<trkpt lat="31.449655" lon="120.223778">
				<speed>2.556801</speed>
				<ele>198.000000</ele>
				<time>2025-12-07T02:14:27Z</time>
			</trkpt>
			<trkpt lat="31.449629" lon="120.223840">
				<speed>2.057780</speed>
				<ele>195.000000</ele>
				<time>2025-12-07T02:14:30Z</time>
			</trkpt>
			<trkpt lat="31.449623" lon="120.223910">
				<speed>2.992211</speed>
				<ele>195.000000</ele>
				<time>2025-12-07T02:14:32Z</time>
			</trkpt>
			<trkpt lat="31.449589" lon="120.223947">
				<speed>1.753874</speed>
				<ele>194.000000</ele>
				<time>2025-12-07T02:14:35Z</time>
			</trkpt>
			<trkpt lat="31.449569" lon="120.223996">
				<speed>1.971447</speed>
				<ele>194.000000</ele>
				<time>2025-12-07T02:14:38Z</time>
			</trkpt>
			<trkpt lat="31.449522" lon="120.224025">
				<speed>2.137231</speed>
				<ele>192.000000</ele>
				<time>2025-12-07T02:14:41Z</time>
			</trkpt>
			<trkpt lat="31.449481" lon="120.224055">
				<speed>1.569944</speed>
				<ele>189.000000</ele>
				<time>2025-12-07T02:14:45Z</time>
			</trkpt>
			<trkpt lat="31.449458" lon="120.224106">
				<speed>2.036404</speed>
				<ele>188.000000</ele>
				<time>2025-12-07T02:14:48Z</time>
			</trkpt>
			<trkpt lat="31.449421" lon="120.224157">
				<speed>1.277125</speed>
				<ele>186.000000</ele>
				<time>2025-12-07T02:14:54Z</time>
			</trkpt>
			<trkpt lat="31.449378" lon="120.224198">
				<speed>2.235818</speed>
				<ele>185.000000</ele>
				<time>2025-12-07T02:14:57Z</time>
			</trkpt>
			<trkpt lat="31.449340" lon="120.224238">
				<speed>1.505153</speed>
				<ele>181.000000</ele>
				<time>2025-12-07T02:15:01Z</time>
			</trkpt>
			<trkpt lat="31.449341" lon="120.224293">
				<speed>1.038670</speed>
				<ele>180.000000</ele>
				<time>2025-12-07T02:15:06Z</time>
			</trkpt>
			<trkpt lat="31.449299" lon="120.224326">
				<speed>1.381315</speed>
				<ele>179.000000</ele>
				<time>2025-12-07T02:15:11Z</time>
			</trkpt>
			<trkpt lat="31.449257" lon="120.224368">
				<speed>1.920751</speed>
				<ele>177.000000</ele>
				<time>2025-12-07T02:15:14Z</time>
			</trkpt>
			<trkpt lat="31.449218" lon="120.224421">
				<speed>2.089478</speed>
				<ele>175.000000</ele>
				<time>2025-12-07T02:15:17Z</time>
			</trkpt>
			<trkpt lat="31.449169" lon="120.224478">
				<speed>2.244638</speed>
				<ele>175.000000</ele>
				<time>2025-12-07T02:15:20Z</time>
			</trkpt>
			<trkpt lat="31.449110" lon="120.224513">
				<speed>2.188857</speed>
				<ele>173.000000</ele>
				<time>2025-12-07T02:15:23Z</time>
			</trkpt>
			<trkpt lat="31.449048" lon="120.224552">
				<speed>2.469681</speed>
				<ele>170.000000</ele>
				<time>2025-12-07T02:15:26Z</time>
			</trkpt>
			<trkpt lat="31.449022" lon="120.224602">
				<speed>2.759465</speed>
				<ele>168.000000</ele>
				<time>2025-12-07T02:15:28Z</time>
			</trkpt>
			<trkpt lat="31.448997" lon="120.224662">
				<speed>3.202559</speed>
				<ele>168.000000</ele>
				<time>2025-12-07T02:15:30Z</time>
			</trkpt>
			<trkpt lat="31.448961" lon="120.224712">
				<speed>2.618134</speed>
				<ele>165.000000</ele>
				<time>2025-12-07T02:15:33Z</time>
			</trkpt>
			<trkpt lat="31.448931" lon="120.224757">
				<speed>2.145562</speed>
				<ele>165.000000</ele>
				<time>2025-12-07T02:15:36Z</time>
			</trkpt>
			<trkpt lat="31.448894" lon="120.224797">
				<speed>2.238656</speed>
				<ele>164.000000</ele>
				<time>2025-12-07T02:15:38Z</time>
			</trkpt>
			<trkpt lat="31.448871" lon="120.224856">
				<speed>2.079649</speed>
				<ele>162.000000</ele>
				<time>2025-12-07T02:15:41Z</time>
			</trkpt>
			<trkpt lat="31.448841" lon="120.224909">
				<speed>1.989206</speed>
				<ele>160.000000</ele>
				<time>2025-12-07T02:15:46Z</time>
			</trkpt>
			<trkpt lat="31.448793" lon="120.224941">
				<speed>1.819781</speed>
				<ele>159.000000</ele>
				<time>2025-12-07T02:15:49Z</time>
			</trkpt>
			<trkpt lat="31.448763" lon="120.225002">
				<speed>1.956892</speed>
				<ele>156.000000</ele>
				<time>2025-12-07T02:15:52Z</time>
			</trkpt>
			<trkpt lat="31.448739" lon="120.225067">
				<speed>2.069042</speed>
				<ele>155.000000</ele>
				<time>2025-12-07T02:15:55Z</time>
			</trkpt>
			<trkpt lat="31.448711" lon="120.225127">
				<speed>2.176815</speed>
				<ele>154.000000</ele>
				<time>2025-12-07T02:15:58Z</time>
			</trkpt>
			<trkpt lat="31.448674" lon="120.225194">
				<speed>2.261154</speed>
				<ele>153.000000</ele>
				<time>2025-12-07T02:16:01Z</time>
			</trkpt>
			<trkpt lat="31.448649" lon="120.225242">
				<speed>2.392768</speed>
				<ele>152.000000</ele>
				<time>2025-12-07T02:16:03Z</time>
			</trkpt>
			<trkpt lat="31.448616" lon="120.225287">
				<speed>2.382534</speed>
				<ele>150.000000</ele>
				<time>2025-12-07T02:16:05Z</time>
			</trkpt>
			<trkpt lat="31.448578" lon="120.225319">
				<speed>2.378834</speed>
				<ele>149.000000</ele>
				<time>2025-12-07T02:16:07Z</time>
			</trkpt>
			<trkpt lat="31.448548" lon="120.225363">
				<speed>2.200332</speed>
				<ele>148.000000</ele>
				<time>2025-12-07T02:16:09Z</time>
			</trkpt>
			<trkpt lat="31.448518" lon="120.225406">
				<speed>2.386321</speed>
				<ele>147.000000</ele>
				<time>2025-12-07T02:16:11Z</time>
			</trkpt>
			<trkpt lat="31.448495" lon="120.225455">
				<speed>2.186248</speed>
				<ele>145.000000</ele>
				<time>2025-12-07T02:16:13Z</time>
			</trkpt>
			<trkpt lat="31.448470" lon="120.225510">
				<speed>2.009413</speed>
				<ele>144.000000</ele>
				<time>2025-12-07T02:16:16Z</time>
			</trkpt>
			<trkpt lat="31.448421" lon="120.225547">
				<speed>2.201283</speed>
				<ele>143.000000</ele>
				<time>2025-12-07T02:16:19Z</time>
			</trkpt>
			<trkpt lat="31.448395" lon="120.225591">
				<speed>2.525497</speed>
				<ele>142.000000</ele>
				<time>2025-12-07T02:16:21Z</time>
			</trkpt>
			<trkpt lat="31.448360" lon="120.225635">
				<speed>2.255626</speed>
				<ele>140.000000</ele>
				<time>2025-12-07T02:16:24Z</time>
			</trkpt>
			<trkpt lat="31.448321" lon="120.225686">
				<speed>2.021066</speed>
				<ele>139.000000</ele>
				<time>2025-12-07T02:16:27Z</time>
			</trkpt>
			<trkpt lat="31.448261" lon="120.225726">
				<speed>2.644737</speed>
				<ele>138.000000</ele>
				<time>2025-12-07T02:16:30Z</time>
			</trkpt>
			<trkpt lat="31.448209" lon="120.225751">
				<speed>2.084915</speed>
				<ele>136.000000</ele>
				<time>2025-12-07T02:16:33Z</time>
			</trkpt>
			<trkpt lat="31.448172" lon="120.225782">
				<speed>2.444644</speed>
				<ele>137.000000</ele>
				<time>2025-12-07T02:16:35Z</time>
			</trkpt>
			<trkpt lat="31.448127" lon="120.225802">
				<speed>1.895241</speed>
				<ele>135.000000</ele>
				<time>2025-12-07T02:16:38Z</time>
			</trkpt>
			<trkpt lat="31.448093" lon="120.225845">
				<speed>2.471451</speed>
				<ele>136.000000</ele>
				<time>2025-12-07T02:16:40Z</time>
			</trkpt>
			<trkpt lat="31.448078" lon="120.225908">
				<speed>2.383200</speed>
				<ele>134.000000</ele>
				<time>2025-12-07T02:16:43Z</time>
			</trkpt>
			<trkpt lat="31.448052" lon="120.225967">
				<speed>2.197585</speed>
				<ele>132.000000</ele>
				<time>2025-12-07T02:16:46Z</time>
			</trkpt>
			<trkpt lat="31.448027" lon="120.226025">
				<speed>1.616945</speed>
				<ele>130.000000</ele>
				<time>2025-12-07T02:16:51Z</time>
			</trkpt>
			<trkpt lat="31.447999" lon="120.226075">
				<speed>2.023641</speed>
				<ele>128.000000</ele>
				<time>2025-12-07T02:16:54Z</time>
			</trkpt>
			<trkpt lat="31.447954" lon="120.226123">
				<speed>1.909288</speed>
				<ele>128.000000</ele>
				<time>2025-12-07T02:16:58Z</time>
			</trkpt>
			<trkpt lat="31.447918" lon="120.226177">
				<speed>1.908265</speed>
				<ele>126.000000</ele>
				<time>2025-12-07T02:17:02Z</time>
			</trkpt>
			<trkpt lat="31.447889" lon="120.226225">
				<speed>1.994064</speed>
				<ele>125.000000</ele>
				<time>2025-12-07T02:17:05Z</time>
			</trkpt>
			<trkpt lat="31.447840" lon="120.226275">
				<speed>1.843405</speed>
				<ele>124.000000</ele>
				<time>2025-12-07T02:17:09Z</time>
			</trkpt>
			<trkpt lat="31.447822" lon="120.226332">
				<speed>1.794553</speed>
				<ele>122.000000</ele>
				<time>2025-12-07T02:17:13Z</time>
			</trkpt>
			<trkpt lat="31.447771" lon="120.226369">
				<speed>1.899439</speed>
				<ele>121.000000</ele>
				<time>2025-12-07T02:17:17Z</time>
			</trkpt>
			<trkpt lat="31.447727" lon="120.226345">
				<speed>2.026649</speed>
				<ele>121.000000</ele>
				<time>2025-12-07T02:17:19Z</time>
			</trkpt>
			<trkpt lat="31.447678" lon="120.226342">
				<speed>2.171632</speed>
				<ele>120.000000</ele>
				<time>2025-12-07T02:17:21Z</time>
			</trkpt>
			<trkpt lat="31.447642" lon="120.226374">
				<speed>2.168403</speed>
				<ele>119.000000</ele>
				<time>2025-12-07T02:17:23Z</time>
			</trkpt>
			<trkpt lat="31.447624" lon="120.226430">
				<speed>2.330629</speed>
				<ele>117.000000</ele>
				<time>2025-12-07T02:17:25Z</time>
			</trkpt>
			<trkpt lat="31.447624" lon="120.226485">
				<speed>1.653392</speed>
				<ele>115.000000</ele>
				<time>2025-12-07T02:17:28Z</time>
			</trkpt>
			<trkpt lat="31.447657" lon="120.226532">
				<speed>2.877011</speed>
				<ele>113.000000</ele>
				<time>2025-12-07T02:17:30Z</time>
			</trkpt>
			<trkpt lat="31.447621" lon="120.226573">
				<speed>1.550451</speed>
				<ele>112.000000</ele>
				<time>2025-12-07T02:17:33Z</time>
			</trkpt>
			<trkpt lat="31.447606" lon="120.226638">
				<speed>1.782672</speed>
				<ele>112.000000</ele>
				<time>2025-12-07T02:17:37Z</time>
			</trkpt>
			<trkpt lat="31.447594" lon="120.226690">
				<speed>1.859097</speed>
				<ele>112.000000</ele>
				<time>2025-12-07T02:17:40Z</time>
			</trkpt>
			<trkpt lat="31.447562" lon="120.226738">
				<speed>1.815738</speed>
				<ele>110.000000</ele>
				<time>2025-12-07T02:17:43Z</time>
			</trkpt>
			<trkpt lat="31.447501" lon="120.226779">
				<speed>2.485729</speed>
				<ele>108.000000</ele>
				<time>2025-12-07T02:17:46Z</time>
			</trkpt>
			<trkpt lat="31.447475" lon="120.226831">
				<speed>2.710767</speed>
				<ele>107.000000</ele>
				<time>2025-12-07T02:17:48Z</time>
			</trkpt>
			<trkpt lat="31.447431" lon="120.226877">
				<speed>1.807672</speed>
				<ele>104.000000</ele>
				<time>2025-12-07T02:17:51Z</time>
			</trkpt>
			<trkpt lat="31.447395" lon="120.226910">
				<speed>2.343132</speed>
				<ele>103.000000</ele>
				<time>2025-12-07T02:17:53Z</time>
			</trkpt>
			<trkpt lat="31.447371" lon="120.226955">
				<speed>2.292713</speed>
				<ele>102.000000</ele>
				<time>2025-12-07T02:17:55Z</time>
			</trkpt>
			<trkpt lat="31.447346" lon="120.227009">
				<speed>1.860539</speed>
				<ele>101.000000</ele>
				<time>2025-12-07T02:17:58Z</time>
			</trkpt>
			<trkpt lat="31.447329" lon="120.227068">
				<speed>2.233546</speed>
				<ele>101.000000</ele>
				<time>2025-12-07T02:18:01Z</time>
			</trkpt>
			<trkpt lat="31.447308" lon="120.227139">
				<speed>2.359168</speed>
				<ele>99.000000</ele>
				<time>2025-12-07T02:18:04Z</time>
			</trkpt>
			<trkpt lat="31.447275" lon="120.227207">
				<speed>2.167298</speed>
				<ele>98.000000</ele>
				<time>2025-12-07T02:18:07Z</time>
			</trkpt>
			<trkpt lat="31.447267" lon="120.227275">
				<speed>2.587852</speed>
				<ele>97.000000</ele>
				<time>2025-12-07T02:18:09Z</time>
			</trkpt>
			<trkpt lat="31.447237" lon="120.227350">
				<speed>2.653634</speed>
				<ele>97.000000</ele>
				<time>2025-12-07T02:18:12Z</time>
			</trkpt>
			<trkpt lat="31.447217" lon="120.227411">
				<speed>2.888058</speed>
				<ele>96.000000</ele>
				<time>2025-12-07T02:18:14Z</time>
			</trkpt>
			<trkpt lat="31.447196" lon="120.227474">
				<speed>3.022227</speed>
				<ele>96.000000</ele>
				<time>2025-12-07T02:18:16Z</time>
			</trkpt>
			<trkpt lat="31.447174" lon="120.227556">
				<speed>3.047861</speed>
				<ele>94.000000</ele>
				<time>2025-12-07T02:18:20Z</time>
			</trkpt>
			<trkpt lat="31.447172" lon="120.227615">
				<speed>3.016550</speed>
				<ele>94.000000</ele>
				<time>2025-12-07T02:18:22Z</time>
			</trkpt>
			<trkpt lat="31.447172" lon="120.227689">
				<speed>2.776092</speed>
				<ele>94.000000</ele>
				<time>2025-12-07T02:18:25Z</time>
			</trkpt>
			<trkpt lat="31.447164" lon="120.227744">
				<speed>2.795137</speed>
				<ele>92.000000</ele>
				<time>2025-12-07T02:18:27Z</time>
			</trkpt>
			<trkpt lat="31.447173" lon="120.227802">
				<speed>2.514387</speed>
				<ele>92.000000</ele>
				<time>2025-12-07T02:18:29Z</time>
			</trkpt>
			<trkpt lat="31.447174" lon="120.227874">
				<speed>2.809632</speed>
				<ele>92.000000</ele>
				<time>2025-12-07T02:18:31Z</time>
			</trkpt>
			<trkpt lat="31.447174" lon="120.227941">
				<speed>3.270581</speed>
				<ele>90.000000</ele>
				<time>2025-12-07T02:18:33Z</time>
			</trkpt>
			<trkpt lat="31.447179" lon="120.228004">
				<speed>3.158818</speed>
				<ele>90.000000</ele>
				<time>2025-12-07T02:18:35Z</time>
			</trkpt>
			<trkpt lat="31.447185" lon="120.228077">
				<speed>2.485358</speed>
				<ele>88.000000</ele>
				<time>2025-12-07T02:18:38Z</time>
			</trkpt>
			<trkpt lat="31.447173" lon="120.228151">
				<speed>3.142673</speed>
				<ele>87.000000</ele>
				<time>2025-12-07T02:18:40Z</time>
			</trkpt>
			<trkpt lat="31.447192" lon="120.228236">
				<speed>3.663564</speed>
				<ele>86.000000</ele>
				<time>2025-12-07T02:18:42Z</time>
			</trkpt>
			<trkpt lat="31.447208" lon="120.228333">
				<speed>4.428831</speed>
				<ele>86.000000</ele>
				<time>2025-12-07T02:18:44Z</time>
			</trkpt>
			<trkpt lat="31.447231" lon="120.228410">
				<speed>3.821478</speed>
				<ele>85.000000</ele>
				<time>2025-12-07T02:18:46Z</time>
			</trkpt>
			<trkpt lat="31.447257" lon="120.228489">
				<speed>3.787997</speed>
				<ele>86.000000</ele>
				<time>2025-12-07T02:18:48Z</time>
			</trkpt>
			<trkpt lat="31.447282" lon="120.228560">
				<speed>3.386768</speed>
				<ele>84.000000</ele>
				<time>2025-12-07T02:18:50Z</time>
			</trkpt>
			<trkpt lat="31.447305" lon="120.228623">
				<speed>1.946777</speed>
				<ele>82.000000</ele>
				<time>2025-12-07T02:18:53Z</time>
			</trkpt>
			<trkpt lat="31.447317" lon="120.228688">
				<speed>2.565003</speed>
				<ele>82.000000</ele>
				<time>2025-12-07T02:18:55Z</time>
			</trkpt>
			<trkpt lat="31.447333" lon="120.228754">
				<speed>2.194921</speed>
				<ele>81.000000</ele>
				<time>2025-12-07T02:18:58Z</time>
			</trkpt>
			<trkpt lat="31.447347" lon="120.228812">
				<speed>2.764058</speed>
				<ele>80.000000</ele>
				<time>2025-12-07T02:19:00Z</time>
			</trkpt>
			<trkpt lat="31.447366" lon="120.228866">
				<speed>2.573466</speed>
				<ele>79.000000</ele>
				<time>2025-12-07T02:19:01Z</time>
			</trkpt>
			<trkpt lat="31.447402" lon="120.228945">
				<speed>2.792774</speed>
				<ele>79.000000</ele>
				<time>2025-12-07T02:19:04Z</time>
			</trkpt>
			<trkpt lat="31.447419" lon="120.228994">
				<speed>2.513793</speed>
				<ele>78.000000</ele>
				<time>2025-12-07T02:19:06Z</time>
			</trkpt>
			<trkpt lat="31.447439" lon="120.229063">
				<speed>2.390608</speed>
				<ele>76.000000</ele>
				<time>2025-12-07T02:19:09Z</time>
			</trkpt>
			<trkpt lat="31.447417" lon="120.229116">
				<speed>2.374418</speed>
				<ele>75.000000</ele>
				<time>2025-12-07T02:19:11Z</time>
			</trkpt>
			<trkpt lat="31.447431" lon="120.229173">
				<speed>2.640830</speed>
				<ele>74.000000</ele>
				<time>2025-12-07T02:19:13Z</time>
			</trkpt>
			<trkpt lat="31.447448" lon="120.229228">
				<speed>2.714604</speed>
				<ele>73.000000</ele>
				<time>2025-12-07T02:19:15Z</time>
			</trkpt>
			<trkpt lat="31.447434" lon="120.229287">
				<speed>1.656040</speed>
				<ele>72.000000</ele>
				<time>2025-12-07T02:19:18Z</time>
			</trkpt>
			<trkpt lat="31.447408" lon="120.229345">
				<speed>1.945113</speed>
				<ele>70.000000</ele>
				<time>2025-12-07T02:19:21Z</time>
			</trkpt>
			<trkpt lat="31.447404" lon="120.229422">
				<speed>2.392689</speed>
				<ele>68.000000</ele>
				<time>2025-12-07T02:19:24Z</time>
			</trkpt>
			<trkpt lat="31.447387" lon="120.229497">
				<speed>2.307634</speed>
				<ele>67.000000</ele>
				<time>2025-12-07T02:19:27Z</time>
			</trkpt>
			<trkpt lat="31.447394" lon="120.229557">
				<speed>1.067571</speed>
				<ele>66.000000</ele>
				<time>2025-12-07T02:19:32Z</time>
			</trkpt>
			<trkpt lat="31.447352" lon="120.229595">
				<speed>1.025074</speed>
				<ele>64.000000</ele>
				<time>2025-12-07T02:19:36Z</time>
			</trkpt>
			<trkpt lat="31.447355" lon="120.229669">
				<speed>2.151041</speed>
				<ele>63.000000</ele>
				<time>2025-12-07T02:19:39Z</time>
			</trkpt>
			<trkpt lat="31.447380" lon="120.229717">
				<speed>1.921535</speed>
				<ele>62.000000</ele>
				<time>2025-12-07T02:19:42Z</time>
			</trkpt>
			<trkpt lat="31.447391" lon="120.229780">
				<speed>1.872605</speed>
				<ele>61.000000</ele>
				<time>2025-12-07T02:19:45Z</time>
			</trkpt>
			<trkpt lat="31.447394" lon="120.229834">
				<speed>1.616285</speed>
				<ele>59.000000</ele>
				<time>2025-12-07T02:19:48Z</time>
			</trkpt>
			<trkpt lat="31.447404" lon="120.229886">
				<speed>1.366302</speed>
				<ele>55.000000</ele>
				<time>2025-12-07T02:19:52Z</time>
			</trkpt>
			<trkpt lat="31.447366" lon="120.229927">
				<speed>1.733208</speed>
				<ele>54.000000</ele>
				<time>2025-12-07T02:19:55Z</time>
			</trkpt>
			<trkpt lat="31.447383" lon="120.229978">
				<speed>1.696580</speed>
				<ele>53.000000</ele>
				<time>2025-12-07T02:19:58Z</time>
			</trkpt>
			<trkpt lat="31.447341" lon="120.230027">
				<speed>1.795822</speed>
				<ele>53.000000</ele>
				<time>2025-12-07T02:20:01Z</time>
			</trkpt>
			<trkpt lat="31.447350" lon="120.230084">
				<speed>1.718607</speed>
				<ele>51.000000</ele>
				<time>2025-12-07T02:20:04Z</time>
			</trkpt>
			<trkpt lat="31.447333" lon="120.230142">
				<speed>1.654062</speed>
				<ele>49.000000</ele>
				<time>2025-12-07T02:20:07Z</time>
			</trkpt>
			<trkpt lat="31.447321" lon="120.230198">
				<speed>1.764468</speed>
				<ele>47.000000</ele>
				<time>2025-12-07T02:20:10Z</time>
			</trkpt>
			<trkpt lat="31.447312" lon="120.230253">
				<speed>1.698128</speed>
				<ele>46.000000</ele>
				<time>2025-12-07T02:20:14Z</time>
			</trkpt>
			<trkpt lat="31.447303" lon="120.230321">
				<speed>1.513676</speed>
				<ele>43.000000</ele>
				<time>2025-12-07T02:20:18Z</time>
			</trkpt>
			<trkpt lat="31.447291" lon="120.230375">
				<speed>1.744366</speed>
				<ele>41.000000</ele>
				<time>2025-12-07T02:20:21Z</time>
			</trkpt>
			<trkpt lat="31.447278" lon="120.230437">
				<speed>1.870445</speed>
				<ele>40.000000</ele>
				<time>2025-12-07T02:20:25Z</time>
			</trkpt>
			<trkpt lat="31.447247" lon="120.230477">
				<speed>1.768142</speed>
				<ele>38.000000</ele>
				<time>2025-12-07T02:20:28Z</time>
			</trkpt>
			<trkpt lat="31.447227" lon="120.230529">
				<speed>1.946843</speed>
				<ele>37.000000</ele>
				<time>2025-12-07T02:20:31Z</time>
			</trkpt>
			<trkpt lat="31.447227" lon="120.230587">
				<speed>1.417783</speed>
				<ele>34.000000</ele>
				<time>2025-12-07T02:20:35Z</time>
			</trkpt>
			<trkpt lat="31.447221" lon="120.230657">
				<speed>1.220502</speed>
				<ele>33.000000</ele>
				<time>2025-12-07T02:20:41Z</time>
			</trkpt>
			<trkpt lat="31.447205" lon="120.230718">
				<speed>1.907239</speed>
				<ele>32.000000</ele>
				<time>2025-12-07T02:20:44Z</time>
			</trkpt>
			<trkpt lat="31.447202" lon="120.230777">
				<speed>1.559819</speed>
				<ele>29.000000</ele>
				<time>2025-12-07T02:20:47Z</time>
			</trkpt>
			<trkpt lat="31.447198" lon="120.230842">
				<speed>1.657867</speed>
				<ele>26.000000</ele>
				<time>2025-12-07T02:20:51Z</time>
			</trkpt>
			<trkpt lat="31.447184" lon="120.230895">
				<speed>1.996886</speed>
				<ele>26.000000</ele>
				<time>2025-12-07T02:20:54Z</time>
			</trkpt>
			<trkpt lat="31.447186" lon="120.230959">
				<speed>1.881401</speed>
				<ele>26.000000</ele>
				<time>2025-12-07T02:20:57Z</time>
			</trkpt>
			<trkpt lat="31.447166" lon="120.231022">
				<speed>1.817232</speed>
				<ele>24.000000</ele>
				<time>2025-12-07T02:21:01Z</time>
			</trkpt>
			<trkpt lat="31.447167" lon="120.231100">
				<speed>2.161999</speed>
				<ele>24.000000</ele>
				<time>2025-12-07T02:21:05Z</time>
			</trkpt>
			<trkpt lat="31.447151" lon="120.231170">
				<speed>2.148092</speed>
				<ele>24.000000</ele>
				<time>2025-12-07T02:21:08Z</time>
			</trkpt>
			<trkpt lat="31.447127" lon="120.231259">
				<speed>2.532712</speed>
				<ele>23.000000</ele>
				<time>2025-12-07T02:21:10Z</time>
			</trkpt>
			<trkpt lat="31.447102" lon="120.231307">
				<speed>2.422345</speed>
				<ele>24.000000</ele>
				<time>2025-12-07T02:21:12Z</time>
			</trkpt>
			<trkpt lat="31.447080" lon="120.231358">
				<speed>2.407449</speed>
				<ele>23.000000</ele>
				<time>2025-12-07T02:21:14Z</time>
			</trkpt>
			<trkpt lat="31.447057" lon="120.231414">
				<speed>1.561225</speed>
				<ele>21.000000</ele>
				<time>2025-12-07T02:21:18Z</time>
			</trkpt>
			<trkpt lat="31.447043" lon="120.231466">
				<speed>1.587878</speed>
				<ele>21.000000</ele>
				<time>2025-12-07T02:21:22Z</time>
			</trkpt>
			<trkpt lat="31.447019" lon="120.231527">
				<speed>1.799203</speed>
				<ele>20.000000</ele>
				<time>2025-12-07T02:21:26Z</time>
			</trkpt>
			<trkpt lat="31.447038" lon="120.231600">
				<speed>2.763046</speed>
				<ele>19.000000</ele>
				<time>2025-12-07T02:21:29Z</time>
			</trkpt>
			<trkpt lat="31.447084" lon="120.231654">
				<speed>2.698187</speed>
				<ele>19.000000</ele>
				<time>2025-12-07T02:21:32Z</time>
			</trkpt>
			<trkpt lat="31.447106" lon="120.231700">
				<speed>2.646377</speed>
				<ele>19.000000</ele>
				<time>2025-12-07T02:21:34Z</time>
			</trkpt>
			<trkpt lat="31.447120" lon="120.231754">
				<speed>1.061956</speed>
				<ele>18.000000</ele>
				<time>2025-12-07T02:21:37Z</time>
			</trkpt>
			<trkpt lat="31.447127" lon="120.231807">
				<speed>1.905571</speed>
				<ele>18.000000</ele>
				<time>2025-12-07T02:21:39Z</time>
			</trkpt>
			<trkpt lat="31.447130" lon="120.231860">
				<speed>1.735750</speed>
				<ele>18.000000</ele>
				<time>2025-12-07T02:21:41Z</time>
			</trkpt>
			<trkpt lat="31.447130" lon="120.231941">
				<speed>2.123533</speed>
				<ele>19.000000</ele>
				<time>2025-12-07T02:21:44Z</time>
			</trkpt>
			<trkpt lat="31.447132" lon="120.232006">
				<speed>2.950494</speed>
				<ele>18.000000</ele>
				<time>2025-12-07T02:21:46Z</time>
			</trkpt>
			<trkpt lat="31.447130" lon="120.232076">
				<speed>2.271875</speed>
				<ele>17.000000</ele>
				<time>2025-12-07T02:21:49Z</time>
			</trkpt>
			<trkpt lat="31.447131" lon="120.232153">
				<speed>1.795347</speed>
				<ele>17.000000</ele>
				<time>2025-12-07T02:21:52Z</time>
			</trkpt>
			<trkpt lat="31.447128" lon="120.232214">
				<speed>2.627530</speed>
				<ele>17.000000</ele>
				<time>2025-12-07T02:21:54Z</time>
			</trkpt>
			<trkpt lat="31.447134" lon="120.232285">
				<speed>2.061508</speed>
				<ele>16.000000</ele>
				<time>2025-12-07T02:21:57Z</time>
			</trkpt>
			<trkpt lat="31.447140" lon="120.232358">
				<speed>1.546456</speed>
				<ele>16.000000</ele>
				<time>2025-12-07T02:22:00Z</time>
			</trkpt>
			<trkpt lat="31.447153" lon="120.232431">
				<speed>1.551211</speed>
				<ele>17.000000</ele>
				<time>2025-12-07T02:22:03Z</time>
			</trkpt>
			<trkpt lat="31.447157" lon="120.232484">
				<speed>1.536216</speed>
				<ele>17.000000</ele>
				<time>2025-12-07T02:22:05Z</time>
			</trkpt>
			<trkpt lat="31.447178" lon="120.232556">
				<speed>1.614485</speed>
				<ele>17.000000</ele>
				<time>2025-12-07T02:22:08Z</time>
			</trkpt>
			<trkpt lat="31.447190" lon="120.232633">
				<speed>1.597870</speed>
				<ele>17.000000</ele>
				<time>2025-12-07T02:22:11Z</time>
			</trkpt>
			<trkpt lat="31.447206" lon="120.232708">
				<speed>1.552703</speed>
				<ele>17.000000</ele>
				<time>2025-12-07T02:22:14Z</time>
			</trkpt>
			<trkpt lat="31.447222" lon="120.232783">
				<speed>1.595491</speed>
				<ele>17.000000</ele>
				<time>2025-12-07T02:22:17Z</time>
			</trkpt>
			<trkpt lat="31.447237" lon="120.232853">
				<speed>1.547726</speed>
				<ele>17.000000</ele>
				<time>2025-12-07T02:22:21Z</time>
			</trkpt>
			<trkpt lat="31.447250" lon="120.232928">
				<speed>1.555936</speed>
				<ele>17.000000</ele>
				<time>2025-12-07T02:22:24Z</time>
			</trkpt>
			<trkpt lat="31.447271" lon="120.232998">
				<speed>1.800141</speed>
				<ele>17.000000</ele>
				<time>2025-12-07T02:22:27Z</time>
			</trkpt>
			<trkpt lat="31.447287" lon="120.233072">
				<speed>1.596638</speed>
				<ele>17.000000</ele>
				<time>2025-12-07T02:22:30Z</time>
			</trkpt>
			<trkpt lat="31.447305" lon="120.233149">
				<speed>1.964726</speed>
				<ele>18.000000</ele>
				<time>2025-12-07T02:22:33Z</time>
			</trkpt>
			<trkpt lat="31.447317" lon="120.233200">
				<speed>3.404464</speed>
				<ele>18.000000</ele>
				<time>2025-12-07T02:22:34Z</time>
			</trkpt>
			<trkpt lat="31.447331" lon="120.233274">
				<speed>1.918360</speed>
				<ele>17.000000</ele>
				<time>2025-12-07T02:22:37Z</time>
			</trkpt>
			<trkpt lat="31.447360" lon="120.233355">
				<speed>3.560788</speed>
				<ele>17.000000</ele>
				<time>2025-12-07T02:22:39Z</time>
			</trkpt>
			<trkpt lat="31.447384" lon="120.233410">
				<speed>2.433779</speed>
				<ele>17.000000</ele>
				<time>2025-12-07T02:22:41Z</time>
			</trkpt>
			<trkpt lat="31.447413" lon="120.233460">
				<speed>2.400641</speed>
				<ele>17.000000</ele>
				<time>2025-12-07T02:22:43Z</time>
			</trkpt>
			<trkpt lat="31.447448" lon="120.233511">
				<speed>2.538770</speed>
				<ele>17.000000</ele>
				<time>2025-12-07T02:22:45Z</time>
			</trkpt>
			<trkpt lat="31.447482" lon="120.233557">
				<speed>2.344188</speed>
				<ele>17.000000</ele>
				<time>2025-12-07T02:22:47Z</time>
			</trkpt>
			<trkpt lat="31.447515" lon="120.233604">
				<speed>2.419057</speed>
				<ele>17.000000</ele>
				<time>2025-12-07T02:22:49Z</time>
			</trkpt>
			<trkpt lat="31.447549" lon="120.233648">
				<speed>2.490679</speed>
				<ele>17.000000</ele>
				<time>2025-12-07T02:22:51Z</time>
			</trkpt>
			<trkpt lat="31.447592" lon="120.233692">
				<speed>2.880704</speed>
				<ele>16.000000</ele>
				<time>2025-12-07T02:22:53Z</time>
			</trkpt>
			<trkpt lat="31.447633" lon="120.233718">
				<speed>2.515270</speed>
				<ele>17.000000</ele>
				<time>2025-12-07T02:22:55Z</time>
			</trkpt>
			<trkpt lat="31.447671" lon="120.233749">
				<speed>2.525870</speed>
				<ele>17.000000</ele>
				<time>2025-12-07T02:22:57Z</time>
			</trkpt>
			<trkpt lat="31.447719" lon="120.233759">
				<speed>2.549900</speed>
				<ele>16.000000</ele>
				<time>2025-12-07T02:22:59Z</time>
			</trkpt>
			<trkpt lat="31.447760" lon="120.233785">
				<speed>2.678151</speed>
				<ele>16.000000</ele>
				<time>2025-12-07T02:23:01Z</time>
			</trkpt>
			<trkpt lat="31.447814" lon="120.233828">
				<speed>2.434855</speed>
				<ele>16.000000</ele>
				<time>2025-12-07T02:23:03Z</time>
			</trkpt>
			<trkpt lat="31.447852" lon="120.233862">
				<speed>2.483082</speed>
				<ele>16.000000</ele>
				<time>2025-12-07T02:23:05Z</time>
			</trkpt>
			<trkpt lat="31.447902" lon="120.233913">
				<speed>2.369040</speed>
				<ele>16.000000</ele>
				<time>2025-12-07T02:23:08Z</time>
			</trkpt>
			<trkpt lat="31.447954" lon="120.233949">
				<speed>2.088595</speed>
				<ele>16.000000</ele>
				<time>2025-12-07T02:23:11Z</time>
			</trkpt>
			<trkpt lat="31.447997" lon="120.233975">
				<speed>2.436619</speed>
				<ele>16.000000</ele>
				<time>2025-12-07T02:23:13Z</time>
			</trkpt>
			<trkpt lat="31.448045" lon="120.234011">
				<speed>2.115319</speed>
				<ele>16.000000</ele>
				<time>2025-12-07T02:23:16Z</time>
			</trkpt>
			<trkpt lat="31.448096" lon="120.234048">
				<speed>2.291557</speed>
				<ele>15.000000</ele>
				<time>2025-12-07T02:23:19Z</time>
			</trkpt>
			<trkpt lat="31.448147" lon="120.234093">
				<speed>2.499490</speed>
				<ele>15.000000</ele>
				<time>2025-12-07T02:23:22Z</time>
			</trkpt>
			<trkpt lat="31.448200" lon="120.234151">
				<speed>2.670146</speed>
				<ele>14.000000</ele>
				<time>2025-12-07T02:23:25Z</time>
			</trkpt>
			<trkpt lat="31.448245" lon="120.234204">
				<speed>1.760930</speed>
				<ele>15.000000</ele>
				<time>2025-12-07T02:23:28Z</time>
			</trkpt>
			<trkpt lat="31.448305" lon="120.234248">
				<speed>2.625339</speed>
				<ele>16.000000</ele>
				<time>2025-12-07T02:23:31Z</time>
			</trkpt>
			<trkpt lat="31.448366" lon="120.234291">
				<speed>3.484526</speed>
				<ele>16.000000</ele>
				<time>2025-12-07T02:23:33Z</time>
			</trkpt>
			<trkpt lat="31.448408" lon="120.234318">
				<speed>2.788544</speed>
				<ele>16.000000</ele>
				<time>2025-12-07T02:23:35Z</time>
			</trkpt>
			<trkpt lat="31.448443" lon="120.234355">
				<speed>2.724998</speed>
				<ele>16.000000</ele>
				<time>2025-12-07T02:23:37Z</time>
			</trkpt>
			<trkpt lat="31.448481" lon="120.234390">
				<speed>2.529715</speed>
				<ele>16.000000</ele>
				<time>2025-12-07T02:23:39Z</time>
			</trkpt>
			<trkpt lat="31.448530" lon="120.234419">
				<speed>2.734005</speed>
				<ele>15.000000</ele>
				<time>2025-12-07T02:23:41Z</time>
			</trkpt>
			<trkpt lat="31.448570" lon="120.234452">
				<speed>2.566220</speed>
				<ele>15.000000</ele>
				<time>2025-12-07T02:23:43Z</time>
			</trkpt>
			<trkpt lat="31.448615" lon="120.234491">
				<speed>2.760417</speed>
				<ele>15.000000</ele>
				<time>2025-12-07T02:23:45Z</time>
			</trkpt>
			<trkpt lat="31.448669" lon="120.234535">
				<speed>2.386770</speed>
				<ele>15.000000</ele>
				<time>2025-12-07T02:23:48Z</time>
			</trkpt>
			<trkpt lat="31.448707" lon="120.234564">
				<speed>2.353127</speed>
				<ele>15.000000</ele>
				<time>2025-12-07T02:23:50Z</time>
			</trkpt>
			<trkpt lat="31.448760" lon="120.234614">
				<speed>2.521152</speed>
				<ele>15.000000</ele>
				<time>2025-12-07T02:23:53Z</time>
			</trkpt>
			<trkpt lat="31.448809" lon="120.234651">
				<speed>2.221607</speed>
				<ele>14.000000</ele>
				<time>2025-12-07T02:23:56Z</time>
			</trkpt>
			<trkpt lat="31.448862" lon="120.234696">
				<speed>2.414206</speed>
				<ele>14.000000</ele>
				<time>2025-12-07T02:23:59Z</time>
			</trkpt>
			<trkpt lat="31.448914" lon="120.234735">
				<speed>2.321882</speed>
				<ele>14.000000</ele>
				<time>2025-12-07T02:24:02Z</time>
			</trkpt>
			<trkpt lat="31.448972" lon="120.234774">
				<speed>2.481038</speed>
				<ele>15.000000</ele>
				<time>2025-12-07T02:24:05Z</time>
			</trkpt>
			<trkpt lat="31.449012" lon="120.234800">
				<speed>2.483392</speed>
				<ele>15.000000</ele>
				<time>2025-12-07T02:24:07Z</time>
			</trkpt>
			<trkpt lat="31.449067" lon="120.234840">
				<speed>2.384720</speed>
				<ele>15.000000</ele>
				<time>2025-12-07T02:24:10Z</time>
			</trkpt>
			<trkpt lat="31.449106" lon="120.234869">
				<speed>2.527365</speed>
				<ele>16.000000</ele>
				<time>2025-12-07T02:24:12Z</time>
			</trkpt>
			<trkpt lat="31.449161" lon="120.234906">
				<speed>2.412867</speed>
				<ele>16.000000</ele>
				<time>2025-12-07T02:24:15Z</time>
			</trkpt>
			<trkpt lat="31.449212" lon="120.234953">
				<speed>2.489477</speed>
				<ele>16.000000</ele>
				<time>2025-12-07T02:24:18Z</time>
			</trkpt>
			<trkpt lat="31.449274" lon="120.234970">
				<speed>2.249124</speed>
				<ele>16.000000</ele>
				<time>2025-12-07T02:24:21Z</time>
			</trkpt>
			<trkpt lat="31.449319" lon="120.234931">
				<speed>2.668652</speed>
				<ele>15.000000</ele>
				<time>2025-12-07T02:24:23Z</time>
			</trkpt>
			<trkpt lat="31.449364" lon="120.234912">
				<speed>2.516999</speed>
				<ele>16.000000</ele>
				<time>2025-12-07T02:24:26Z</time>
			</trkpt>
			<trkpt lat="31.449409" lon="120.234893">
				<speed>2.587346</speed>
				<ele>16.000000</ele>
				<time>2025-12-07T02:24:28Z</time>
			</trkpt>
			<trkpt lat="31.449462" lon="120.234857">
				<speed>2.212001</speed>
				<ele>16.000000</ele>
				<time>2025-12-07T02:24:31Z</time>
			</trkpt>
			<trkpt lat="31.449490" lon="120.234810">
				<speed>2.450321</speed>
				<ele>16.000000</ele>
				<time>2025-12-07T02:24:33Z</time>
			</trkpt>
			<trkpt lat="31.449525" lon="120.234749">
				<speed>2.404038</speed>
				<ele>16.000000</ele>
				<time>2025-12-07T02:24:36Z</time>
			</trkpt>
			<trkpt lat="31.449545" lon="120.234699">
				<speed>2.503402</speed>
				<ele>17.000000</ele>
				<time>2025-12-07T02:24:38Z</time>
			</trkpt>
			<trkpt lat="31.449579" lon="120.234636">
				<speed>2.299280</speed>
				<ele>17.000000</ele>
				<time>2025-12-07T02:24:41Z</time>
			</trkpt>
			<trkpt lat="31.449613" lon="120.234576">
				<speed>2.378373</speed>
				<ele>18.000000</ele>
				<time>2025-12-07T02:24:44Z</time>
			</trkpt>
			<trkpt lat="31.449643" lon="120.234514">
				<speed>2.376692</speed>
				<ele>18.000000</ele>
				<time>2025-12-07T02:24:47Z</time>
			</trkpt>
			<trkpt lat="31.449678" lon="120.234455">
				<speed>2.254786</speed>
				<ele>18.000000</ele>
				<time>2025-12-07T02:24:50Z</time>
			</trkpt>
			<trkpt lat="31.449702" lon="120.234409">
				<speed>2.369162</speed>
				<ele>17.000000</ele>
				<time>2025-12-07T02:24:52Z</time>
			</trkpt>
			<trkpt lat="31.449739" lon="120.234349">
				<speed>2.403787</speed>
				<ele>17.000000</ele>
				<time>2025-12-07T02:24:55Z</time>
			</trkpt>
			<trkpt lat="31.449773" lon="120.234289">
				<speed>2.431541</speed>
				<ele>18.000000</ele>
				<time>2025-12-07T02:24:58Z</time>
			</trkpt>
			<trkpt lat="31.449809" lon="120.234227">
				<speed>2.249008</speed>
				<ele>18.000000</ele>
				<time>2025-12-07T02:25:01Z</time>
			</trkpt>
			<trkpt lat="31.449838" lon="120.234161">
				<speed>2.282122</speed>
				<ele>19.000000</ele>
				<time>2025-12-07T02:25:04Z</time>
			</trkpt>
			<trkpt lat="31.449863" lon="120.234106">
				<speed>2.196951</speed>
				<ele>18.000000</ele>
				<time>2025-12-07T02:25:07Z</time>
			</trkpt>
			<trkpt lat="31.449889" lon="120.234049">
				<speed>1.471256</speed>
				<ele>18.000000</ele>
				<time>2025-12-07T02:25:09Z</time>
			</trkpt>
			<trkpt lat="31.449921" lon="120.233986">
				<speed>2.182894</speed>
				<ele>18.000000</ele>
				<time>2025-12-07T02:25:12Z</time>
			</trkpt>
			<trkpt lat="31.449954" lon="120.233943">
				<speed>1.395274</speed>
				<ele>18.000000</ele>
				<time>2025-12-07T02:25:15Z</time>
			</trkpt>
			<trkpt lat="31.449982" lon="120.233876">
				<speed>2.928782</speed>
				<ele>18.000000</ele>
				<time>2025-12-07T02:25:17Z</time>
			</trkpt>
			<trkpt lat="31.450015" lon="120.233836">
				<speed>1.960616</speed>
				<ele>17.000000</ele>
				<time>2025-12-07T02:25:20Z</time>
			</trkpt>
			<trkpt lat="31.450037" lon="120.233778">
				<speed>2.565858</speed>
				<ele>18.000000</ele>
				<time>2025-12-07T02:25:22Z</time>
			</trkpt>
			<trkpt lat="31.450072" lon="120.233723">
				<speed>2.784868</speed>
				<ele>19.000000</ele>
				<time>2025-12-07T02:25:24Z</time>
			</trkpt>
			<trkpt lat="31.450090" lon="120.233673">
				<speed>2.493846</speed>
				<ele>19.000000</ele>
				<time>2025-12-07T02:25:26Z</time>
			</trkpt>
			<trkpt lat="31.450121" lon="120.233635">
				<speed>2.413895</speed>
				<ele>20.000000</ele>
				<time>2025-12-07T02:25:28Z</time>
			</trkpt>
			<trkpt lat="31.450154" lon="120.233577">
				<speed>2.547931</speed>
				<ele>18.000000</ele>
				<time>2025-12-07T02:25:30Z</time>
			</trkpt>
			<trkpt lat="31.450158" lon="120.233573">
				<speed>2.390105</speed>
				<ele>20.000000</ele>
				<time>2025-12-07T02:25:31Z</time>
			</trkpt>
			<trkpt lat="31.450174" lon="120.233520">
				<speed>2.400135</speed>
				<ele>20.000000</ele>
				<time>2025-12-07T02:25:33Z</time>
			</trkpt>
			<trkpt lat="31.450207" lon="120.233481">
				<speed>2.529415</speed>
				<ele>20.000000</ele>
				<time>2025-12-07T02:25:35Z</time>
			</trkpt>
			<trkpt lat="31.450243" lon="120.233431">
				<speed>1.614817</speed>
				<ele>20.000000</ele>
				<time>2025-12-07T02:25:38Z</time>
			</trkpt>
			<trkpt lat="31.450281" lon="120.233366">
				<speed>2.336862</speed>
				<ele>21.000000</ele>
				<time>2025-12-07T02:25:41Z</time>
			</trkpt>
			<trkpt lat="31.450319" lon="120.233316">
				<speed>2.437939</speed>
				<ele>22.000000</ele>
				<time>2025-12-07T02:25:43Z</time>
			</trkpt>
			<trkpt lat="31.450357" lon="120.233263">
				<speed>2.111299</speed>
				<ele>22.000000</ele>
				<time>2025-12-07T02:25:46Z</time>
			</trkpt>
			<trkpt lat="31.450385" lon="120.233212">
				<speed>2.541532</speed>
				<ele>23.000000</ele>
				<time>2025-12-07T02:25:48Z</time>
			</trkpt>
			<trkpt lat="31.450414" lon="120.233162">
				<speed>2.729020</speed>
				<ele>23.000000</ele>
				<time>2025-12-07T02:25:50Z</time>
			</trkpt>
			<trkpt lat="31.450449" lon="120.233100">
				<speed>2.309572</speed>
				<ele>24.000000</ele>
				<time>2025-12-07T02:25:53Z</time>
			</trkpt>
			<trkpt lat="31.450487" lon="120.233046">
				<speed>2.127706</speed>
				<ele>24.000000</ele>
				<time>2025-12-07T02:25:56Z</time>
			</trkpt>
			<trkpt lat="31.450518" lon="120.233008">
				<speed>2.461550</speed>
				<ele>24.000000</ele>
				<time>2025-12-07T02:25:58Z</time>
			</trkpt>
			<trkpt lat="31.450548" lon="120.232966">
				<speed>2.589240</speed>
				<ele>24.000000</ele>
				<time>2025-12-07T02:26:00Z</time>
			</trkpt>
			<trkpt lat="31.450589" lon="120.232911">
				<speed>2.380129</speed>
				<ele>24.000000</ele>
				<time>2025-12-07T02:26:03Z</time>
			</trkpt>
			<trkpt lat="31.450634" lon="120.232853">
				<speed>2.445616</speed>
				<ele>25.000000</ele>
				<time>2025-12-07T02:26:06Z</time>
			</trkpt>
			<trkpt lat="31.450669" lon="120.232790">
				<speed>2.201831</speed>
				<ele>26.000000</ele>
				<time>2025-12-07T02:26:09Z</time>
			</trkpt>
			<trkpt lat="31.450707" lon="120.232739">
				<speed>2.278388</speed>
				<ele>26.000000</ele>
				<time>2025-12-07T02:26:12Z</time>
			</trkpt>
			<trkpt lat="31.450741" lon="120.232681">
				<speed>2.228489</speed>
				<ele>27.000000</ele>
				<time>2025-12-07T02:26:15Z</time>
			</trkpt>
			<trkpt lat="31.450779" lon="120.232622">
				<speed>2.296929</speed>
				<ele>27.000000</ele>
				<time>2025-12-07T02:26:18Z</time>
			</trkpt>
			<trkpt lat="31.450819" lon="120.232563">
				<speed>2.355128</speed>
				<ele>27.000000</ele>
				<time>2025-12-07T02:26:21Z</time>
			</trkpt>
			<trkpt lat="31.450856" lon="120.232512">
				<speed>2.230066</speed>
				<ele>27.000000</ele>
				<time>2025-12-07T02:26:24Z</time>
			</trkpt>
			<trkpt lat="31.450892" lon="120.232465">
				<speed>1.925625</speed>
				<ele>26.000000</ele>
				<time>2025-12-07T02:26:27Z</time>
			</trkpt>
			<trkpt lat="31.450919" lon="120.232410">
				<speed>1.600126</speed>
				<ele>27.000000</ele>
				<time>2025-12-07T02:26:32Z</time>
			</trkpt>
			<trkpt lat="31.450955" lon="120.232358">
				<speed>1.820784</speed>
				<ele>27.000000</ele>
				<time>2025-12-07T02:26:36Z</time>
			</trkpt>
			<trkpt lat="31.450990" lon="120.232312">
				<speed>1.444676</speed>
				<ele>28.000000</ele>
				<time>2025-12-07T02:26:40Z</time>
			</trkpt>
			<trkpt lat="31.450992" lon="120.232269">
				<speed>1.733639</speed>
				<ele>28.000000</ele>
				<time>2025-12-07T02:26:41Z</time>
			</trkpt>
			<trkpt lat="31.451008" lon="120.232284">
				<speed>1.476412</speed>
				<ele>28.000000</ele>
				<time>2025-12-07T02:26:42Z</time>
			</trkpt>
			<trkpt lat="31.451041" lon="120.232237">
				<speed>1.539882</speed>
				<ele>27.000000</ele>
				<time>2025-12-07T02:26:46Z</time>
			</trkpt>
			<trkpt lat="31.451080" lon="120.232186">
				<speed>1.570149</speed>
				<ele>28.000000</ele>
				<time>2025-12-07T02:26:50Z</time>
			</trkpt>
			<trkpt lat="31.451123" lon="120.232141">
				<speed>1.556987</speed>
				<ele>29.000000</ele>
				<time>2025-12-07T02:26:54Z</time>
			</trkpt>
			<trkpt lat="31.451150" lon="120.232095">
				<speed>1.578363</speed>
				<ele>28.000000</ele>
				<time>2025-12-07T02:26:57Z</time>
			</trkpt>
			<trkpt lat="31.451180" lon="120.232037">
				<speed>1.780040</speed>
				<ele>29.000000</ele>
				<time>2025-12-07T02:27:01Z</time>
			</trkpt>
			<trkpt lat="31.451213" lon="120.231976">
				<speed>1.871558</speed>
				<ele>29.000000</ele>
				<time>2025-12-07T02:27:05Z</time>
			</trkpt>
			<trkpt lat="31.451246" lon="120.231922">
				<speed>1.774678</speed>
				<ele>28.000000</ele>
				<time>2025-12-07T02:27:09Z</time>
			</trkpt>
			<trkpt lat="31.451284" lon="120.231879">
				<speed>1.896106</speed>
				<ele>29.000000</ele>
				<time>2025-12-07T02:27:12Z</time>
			</trkpt>
			<trkpt lat="31.451325" lon="120.231828">
				<speed>1.913951</speed>
				<ele>29.000000</ele>
				<time>2025-12-07T02:27:15Z</time>
			</trkpt>
			<trkpt lat="31.451368" lon="120.231776">
				<speed>1.942050</speed>
				<ele>30.000000</ele>
				<time>2025-12-07T02:27:18Z</time>
			</trkpt>
			<trkpt lat="31.451412" lon="120.231718">
				<speed>2.535345</speed>
				<ele>30.000000</ele>
				<time>2025-12-07T02:27:20Z</time>
			</trkpt>
			<trkpt lat="31.451453" lon="120.231659">
				<speed>2.512441</speed>
				<ele>30.000000</ele>
				<time>2025-12-07T02:27:23Z</time>
			</trkpt>
			<trkpt lat="31.451489" lon="120.231603">
				<speed>2.288040</speed>
				<ele>31.000000</ele>
				<time>2025-12-07T02:27:26Z</time>
			</trkpt>
			<trkpt lat="31.451529" lon="120.231547">
				<speed>2.365648</speed>
				<ele>30.000000</ele>
				<time>2025-12-07T02:27:29Z</time>
			</trkpt>
			<trkpt lat="31.451576" lon="120.231488">
				<speed>2.629223</speed>
				<ele>30.000000</ele>
				<time>2025-12-07T02:27:32Z</time>
			</trkpt>
			<trkpt lat="31.451608" lon="120.231437">
				<speed>2.292311</speed>
				<ele>29.000000</ele>
				<time>2025-12-07T02:27:35Z</time>
			</trkpt>
			<trkpt lat="31.451635" lon="120.231395">
				<speed>2.550982</speed>
				<ele>30.000000</ele>
				<time>2025-12-07T02:27:37Z</time>
			</trkpt>
			<trkpt lat="31.451676" lon="120.231338">
				<speed>2.484904</speed>
				<ele>29.000000</ele>
				<time>2025-12-07T02:27:40Z</time>
			</trkpt>
			<trkpt lat="31.451713" lon="120.231284">
				<speed>2.281733</speed>
				<ele>28.000000</ele>
				<time>2025-12-07T02:27:43Z</time>
			</trkpt>
			<trkpt lat="31.451753" lon="120.231240">
				<speed>2.022274</speed>
				<ele>28.000000</ele>
				<time>2025-12-07T02:27:46Z</time>
			</trkpt>
			<trkpt lat="31.451800" lon="120.231246">
				<speed>0.313237</speed>
				<ele>29.000000</ele>
				<time>2025-12-07T02:28:07Z</time>
			</trkpt>
			<trkpt lat="31.451840" lon="120.231284">
				<speed>0.622395</speed>
				<ele>33.000000</ele>
				<time>2025-12-07T02:28:44Z</time>
			</trkpt>
			<trkpt lat="31.451889" lon="120.231310">
				<speed>1.068179</speed>
				<ele>33.000000</ele>
				<time>2025-12-07T02:28:49Z</time>
			</trkpt>
			<trkpt lat="31.451922" lon="120.231272">
				<speed>0.949885</speed>
				<ele>34.000000</ele>
				<time>2025-12-07T02:28:54Z</time>
			</trkpt>
			<trkpt lat="31.451967" lon="120.231295">
				<speed>0.797553</speed>
				<ele>35.000000</ele>
				<time>2025-12-07T02:28:59Z</time>
			</trkpt>
			<trkpt lat="31.451996" lon="120.231352">
				<speed>0.787104</speed>
				<ele>38.000000</ele>
				<time>2025-12-07T02:29:07Z</time>
			</trkpt>
			<trkpt lat="31.452040" lon="120.231369">
				<speed>0.830207</speed>
				<ele>39.000000</ele>
				<time>2025-12-07T02:29:12Z</time>
			</trkpt>
			<trkpt lat="31.452084" lon="120.231406">
				<speed>0.721775</speed>
				<ele>41.000000</ele>
				<time>2025-12-07T02:29:17Z</time>
			</trkpt>
			<trkpt lat="31.452112" lon="120.231449">
				<speed>0.775571</speed>
				<ele>43.000000</ele>
				<time>2025-12-07T02:29:21Z</time>
			</trkpt>
			<trkpt lat="31.452149" lon="120.231485">
				<speed>0.663787</speed>
				<ele>44.000000</ele>
				<time>2025-12-07T02:29:27Z</time>
			</trkpt>
			<trkpt lat="31.452191" lon="120.231520">
				<speed>0.692644</speed>
				<ele>45.000000</ele>
				<time>2025-12-07T02:29:32Z</time>
			</trkpt>
			<trkpt lat="31.452235" lon="120.231564">
				<speed>1.066835</speed>
				<ele>45.000000</ele>
				<time>2025-12-07T02:29:37Z</time>
			</trkpt>
			<trkpt lat="31.452278" lon="120.231594">
				<speed>0.996917</speed>
				<ele>45.000000</ele>
				<time>2025-12-07T02:29:42Z</time>
			</trkpt>
			<trkpt lat="31.452294" lon="120.231540">
				<speed>1.167799</speed>
				<ele>45.000000</ele>
				<time>2025-12-07T02:29:46Z</time>
			</trkpt>
			<trkpt lat="31.452307" lon="120.231483">
				<speed>0.758143</speed>
				<ele>46.000000</ele>
				<time>2025-12-07T02:29:51Z</time>
			</trkpt>
			<trkpt lat="31.452332" lon="120.231439">
				<speed>1.184382</speed>
				<ele>47.000000</ele>
				<time>2025-12-07T02:29:54Z</time>
			</trkpt>
			<trkpt lat="31.452362" lon="120.231388">
				<speed>0.981240</speed>
				<ele>47.000000</ele>
				<time>2025-12-07T02:29:58Z</time>
			</trkpt>
			<trkpt lat="31.452380" lon="120.231328">
				<speed>0.954167</speed>
				<ele>48.000000</ele>
				<time>2025-12-07T02:30:03Z</time>
			</trkpt>
			<trkpt lat="31.452412" lon="120.231274">
				<speed>0.868515</speed>
				<ele>47.000000</ele>
				<time>2025-12-07T02:30:08Z</time>
			</trkpt>
			<trkpt lat="31.452437" lon="120.231227">
				<speed>1.335933</speed>
				<ele>48.000000</ele>
				<time>2025-12-07T02:30:11Z</time>
			</trkpt>
			<trkpt lat="31.452470" lon="120.231186">
				<speed>0.868987</speed>
				<ele>48.000000</ele>
				<time>2025-12-07T02:30:16Z</time>
			</trkpt>
			<trkpt lat="31.452504" lon="120.231131">
				<speed>1.207657</speed>
				<ele>49.000000</ele>
				<time>2025-12-07T02:30:20Z</time>
			</trkpt>
			<trkpt lat="31.452545" lon="120.231077">
				<speed>1.536494</speed>
				<ele>51.000000</ele>
				<time>2025-12-07T02:30:24Z</time>
			</trkpt>
			<trkpt lat="31.452581" lon="120.231028">
				<speed>1.496981</speed>
				<ele>50.000000</ele>
				<time>2025-12-07T02:30:28Z</time>
			</trkpt>
			<trkpt lat="31.452616" lon="120.230984">
				<speed>1.361590</speed>
				<ele>51.000000</ele>
				<time>2025-12-07T02:30:32Z</time>
			</trkpt>
			<trkpt lat="31.452662" lon="120.230960">
				<speed>0.881211</speed>
				<ele>54.000000</ele>
				<time>2025-12-07T02:30:38Z</time>
			</trkpt>
			<trkpt lat="31.452698" lon="120.230915">
				<speed>0.866644</speed>
				<ele>54.000000</ele>
				<time>2025-12-07T02:30:43Z</time>
			</trkpt>
			<trkpt lat="31.452734" lon="120.230881">
				<speed>0.921933</speed>
				<ele>54.000000</ele>
				<time>2025-12-07T02:30:47Z</time>
			</trkpt>
			<trkpt lat="31.452786" lon="120.230871">
				<speed>1.147371</speed>
				<ele>55.000000</ele>
				<time>2025-12-07T02:30:51Z</time>
			</trkpt>
			<trkpt lat="31.452823" lon="120.230822">
				<speed>1.018285</speed>
				<ele>56.000000</ele>
				<time>2025-12-07T02:30:56Z</time>
			</trkpt>
			<trkpt lat="31.452867" lon="120.230810">
				<speed>0.647580</speed>
				<ele>57.000000</ele>
				<time>2025-12-07T02:31:00Z</time>
			</trkpt>
			<trkpt lat="31.452916" lon="120.230803">
				<speed>0.733353</speed>
				<ele>57.000000</ele>
				<time>2025-12-07T02:31:06Z</time>
			</trkpt>
			<trkpt lat="31.452976" lon="120.230776">
				<speed>1.260998</speed>
				<ele>58.000000</ele>
				<time>2025-12-07T02:31:12Z</time>
			</trkpt>
			<trkpt lat="31.453024" lon="120.230750">
				<speed>0.716355</speed>
				<ele>60.000000</ele>
				<time>2025-12-07T02:31:17Z</time>
			</trkpt>
			<trkpt lat="31.453067" lon="120.230716">
				<speed>0.934178</speed>
				<ele>61.000000</ele>
				<time>2025-12-07T02:31:22Z</time>
			</trkpt>
			<trkpt lat="31.453109" lon="120.230673">
				<speed>0.936477</speed>
				<ele>62.000000</ele>
				<time>2025-12-07T02:31:27Z</time>
			</trkpt>
			<trkpt lat="31.453146" lon="120.230641">
				<speed>1.112328</speed>
				<ele>63.000000</ele>
				<time>2025-12-07T02:31:30Z</time>
			</trkpt>
			<trkpt lat="31.453195" lon="120.230623">
				<speed>0.830376</speed>
				<ele>63.000000</ele>
				<time>2025-12-07T02:31:35Z</time>
			</trkpt>
			<trkpt lat="31.453227" lon="120.230570">
				<speed>1.253333</speed>
				<ele>64.000000</ele>
				<time>2025-12-07T02:31:41Z</time>
			</trkpt>
			<trkpt lat="31.453254" lon="120.230527">
				<speed>0.983865</speed>
				<ele>64.000000</ele>
				<time>2025-12-07T02:31:45Z</time>
			</trkpt>
			<trkpt lat="31.453272" lon="120.230473">
				<speed>1.167583</speed>
				<ele>64.000000</ele>
				<time>2025-12-07T02:31:50Z</time>
			</trkpt>
			<trkpt lat="31.453309" lon="120.230427">
				<speed>1.548773</speed>
				<ele>65.000000</ele>
				<time>2025-12-07T02:31:53Z</time>
			</trkpt>
			<trkpt lat="31.453349" lon="120.230386">
				<speed>1.003624</speed>
				<ele>66.000000</ele>
				<time>2025-12-07T02:31:57Z</time>
			</trkpt>
			<trkpt lat="31.453391" lon="120.230339">
				<speed>1.197572</speed>
				<ele>67.000000</ele>
				<time>2025-12-07T02:32:01Z</time>
			</trkpt>
			<trkpt lat="31.453418" lon="120.230293">
				<speed>0.886217</speed>
				<ele>69.000000</ele>
				<time>2025-12-07T02:32:05Z</time>
			</trkpt>
			<trkpt lat="31.453456" lon="120.230244">
				<speed>0.927448</speed>
				<ele>70.000000</ele>
				<time>2025-12-07T02:32:12Z</time>
			</trkpt>
			<trkpt lat="31.453484" lon="120.230194">
				<speed>0.870003</speed>
				<ele>70.000000</ele>
				<time>2025-12-07T02:32:17Z</time>
			</trkpt>
			<trkpt lat="31.453512" lon="120.230143">
				<speed>1.388302</speed>
				<ele>71.000000</ele>
				<time>2025-12-07T02:32:22Z</time>
			</trkpt>
			<trkpt lat="31.453525" lon="120.230083">
				<speed>0.758787</speed>
				<ele>71.000000</ele>
				<time>2025-12-07T02:32:28Z</time>
			</trkpt>
			<trkpt lat="31.453553" lon="120.230040">
				<speed>1.017550</speed>
				<ele>71.000000</ele>
				<time>2025-12-07T02:32:32Z</time>
			</trkpt>
			<trkpt lat="31.453600" lon="120.229993">
				<speed>1.305828</speed>
				<ele>72.000000</ele>
				<time>2025-12-07T02:32:37Z</time>
			</trkpt>
			<trkpt lat="31.453620" lon="120.229938">
				<speed>1.183169</speed>
				<ele>73.000000</ele>
				<time>2025-12-07T02:32:42Z</time>
			</trkpt>
			<trkpt lat="31.453642" lon="120.229890">
				<speed>1.023095</speed>
				<ele>73.000000</ele>
				<time>2025-12-07T02:32:46Z</time>
			</trkpt>
			<trkpt lat="31.453662" lon="120.229832">
				<speed>0.672395</speed>
				<ele>75.000000</ele>
				<time>2025-12-07T02:32:52Z</time>
			</trkpt>
			<trkpt lat="31.453699" lon="120.229800">
				<speed>0.738751</speed>
				<ele>75.000000</ele>
				<time>2025-12-07T02:32:57Z</time>
			</trkpt>
			<trkpt lat="31.453721" lon="120.229747">
				<speed>0.654386</speed>
				<ele>75.000000</ele>
				<time>2025-12-07T02:33:02Z</time>
			</trkpt>
			<trkpt lat="31.453751" lon="120.229704">
				<speed>0.800227</speed>
				<ele>75.000000</ele>
				<time>2025-12-07T02:33:06Z</time>
			</trkpt>
			<trkpt lat="31.453761" lon="120.229653">
				<speed>1.142444</speed>
				<ele>76.000000</ele>
				<time>2025-12-07T02:33:10Z</time>
			</trkpt>
			<trkpt lat="31.453783" lon="120.229595">
				<speed>1.251452</speed>
				<ele>76.000000</ele>
				<time>2025-12-07T02:33:15Z</time>
			</trkpt>
			<trkpt lat="31.453812" lon="120.229541">
				<speed>0.810304</speed>
				<ele>76.000000</ele>
				<time>2025-12-07T02:33:20Z</time>
			</trkpt>
			<trkpt lat="31.453835" lon="120.229493">
				<speed>0.978774</speed>
				<ele>76.000000</ele>
				<time>2025-12-07T02:33:24Z</time>
			</trkpt>
			<trkpt lat="31.453842" lon="120.229439">
				<speed>0.823165</speed>
				<ele>76.000000</ele>
				<time>2025-12-07T02:33:28Z</time>
			</trkpt>
			<trkpt lat="31.453850" lon="120.229373">
				<speed>1.019276</speed>
				<ele>75.000000</ele>
				<time>2025-12-07T02:33:33Z</time>
			</trkpt>
			<trkpt lat="31.453875" lon="120.229319">
				<speed>1.577238</speed>
				<ele>75.000000</ele>
				<time>2025-12-07T02:33:36Z</time>
			</trkpt>
			<trkpt lat="31.453900" lon="120.229256">
				<speed>1.663158</speed>
				<ele>75.000000</ele>
				<time>2025-12-07T02:33:40Z</time>
			</trkpt>
			<trkpt lat="31.453921" lon="120.229195">
				<speed>1.670635</speed>
				<ele>76.000000</ele>
				<time>2025-12-07T02:33:44Z</time>
			</trkpt>
			<trkpt lat="31.453943" lon="120.229141">
				<speed>1.622357</speed>
				<ele>75.000000</ele>
				<time>2025-12-07T02:33:48Z</time>
			</trkpt>
			<trkpt lat="31.453970" lon="120.229095">
				<speed>1.643268</speed>
				<ele>75.000000</ele>
				<time>2025-12-07T02:33:52Z</time>
			</trkpt>
			<trkpt lat="31.454006" lon="120.229055">
				<speed>1.621827</speed>
				<ele>76.000000</ele>
				<time>2025-12-07T02:33:56Z</time>
			</trkpt>
			<trkpt lat="31.454041" lon="120.229007">
				<speed>1.617279</speed>
				<ele>75.000000</ele>
				<time>2025-12-07T02:34:01Z</time>
			</trkpt>
			<trkpt lat="31.454070" lon="120.228954">
				<speed>1.597116</speed>
				<ele>75.000000</ele>
				<time>2025-12-07T02:34:06Z</time>
			</trkpt>
			<trkpt lat="31.454078" lon="120.228894">
				<speed>1.025744</speed>
				<ele>75.000000</ele>
				<time>2025-12-07T02:34:16Z</time>
			</trkpt>
			<trkpt lat="31.454123" lon="120.228871">
				<speed>0.850876</speed>
				<ele>76.000000</ele>
				<time>2025-12-07T02:34:23Z</time>
			</trkpt>
			<trkpt lat="31.454156" lon="120.228828">
				<speed>0.117796</speed>
				<ele>77.000000</ele>
				<time>2025-12-07T02:34:29Z</time>
			</trkpt>
			<trkpt lat="31.454190" lon="120.228791">
				<speed>0.904954</speed>
				<ele>76.000000</ele>
				<time>2025-12-07T02:34:33Z</time>
			</trkpt>
			<trkpt lat="31.454230" lon="120.228761">
				<speed>1.089242</speed>
				<ele>78.000000</ele>
				<time>2025-12-07T02:34:38Z</time>
			</trkpt>
			<trkpt lat="31.454277" lon="120.228762">
				<speed>0.725800</speed>
				<ele>79.000000</ele>
				<time>2025-12-07T02:34:44Z</time>
			</trkpt>
			<trkpt lat="31.454322" lon="120.228751">
				<speed>0.775118</speed>
				<ele>79.000000</ele>
				<time>2025-12-07T02:34:48Z</time>
			</trkpt>
			<trkpt lat="31.454371" lon="120.228750">
				<speed>0.876899</speed>
				<ele>79.000000</ele>
				<time>2025-12-07T02:34:54Z</time>
			</trkpt>
			<trkpt lat="31.454420" lon="120.228745">
				<speed>0.950263</speed>
				<ele>80.000000</ele>
				<time>2025-12-07T02:34:59Z</time>
			</trkpt>
			<trkpt lat="31.454475" lon="120.228762">
				<speed>1.216121</speed>
				<ele>81.000000</ele>
				<time>2025-12-07T02:35:04Z</time>
			</trkpt>
			<trkpt lat="31.454521" lon="120.228795">
				<speed>1.157448</speed>
				<ele>83.000000</ele>
				<time>2025-12-07T02:35:08Z</time>
			</trkpt>
			<trkpt lat="31.454568" lon="120.228809">
				<speed>0.711120</speed>
				<ele>84.000000</ele>
				<time>2025-12-07T02:35:14Z</time>
			</trkpt>
			<trkpt lat="31.454604" lon="120.228843">
				<speed>0.902807</speed>
				<ele>85.000000</ele>
				<time>2025-12-07T02:35:18Z</time>
			</trkpt>
			<trkpt lat="31.454648" lon="120.228854">
				<speed>0.699729</speed>
				<ele>85.000000</ele>
				<time>2025-12-07T02:35:23Z</time>
			</trkpt>
			<trkpt lat="31.454700" lon="120.228865">
				<speed>0.844754</speed>
				<ele>85.000000</ele>
				<time>2025-12-07T02:35:30Z</time>
			</trkpt>
			<trkpt lat="31.454750" lon="120.228875">
				<speed>0.632847</speed>
				<ele>85.000000</ele>
				<time>2025-12-07T02:35:36Z</time>
			</trkpt>
			<trkpt lat="31.454795" lon="120.228912">
				<speed>0.890450</speed>
				<ele>86.000000</ele>
				<time>2025-12-07T02:35:41Z</time>
			</trkpt>
			<trkpt lat="31.454846" lon="120.228930">
				<speed>1.566224</speed>
				<ele>87.000000</ele>
				<time>2025-12-07T02:35:45Z</time>
			</trkpt>
			<trkpt lat="31.454897" lon="120.228965">
				<speed>0.939502</speed>
				<ele>88.000000</ele>
				<time>2025-12-07T02:35:51Z</time>
			</trkpt>
			<trkpt lat="31.454944" lon="120.228975">
				<speed>0.716860</speed>
				<ele>89.000000</ele>
				<time>2025-12-07T02:35:57Z</time>
			</trkpt>
			<trkpt lat="31.454987" lon="120.229005">
				<speed>1.340225</speed>
				<ele>90.000000</ele>
				<time>2025-12-07T02:36:01Z</time>
			</trkpt>
			<trkpt lat="31.455034" lon="120.229031">
				<speed>1.288705</speed>
				<ele>89.000000</ele>
				<time>2025-12-07T02:36:05Z</time>
			</trkpt>
			<trkpt lat="31.455080" lon="120.229031">
				<speed>0.499945</speed>
				<ele>90.000000</ele>
				<time>2025-12-07T02:36:12Z</time>
			</trkpt>
			<trkpt lat="31.455127" lon="120.229026">
				<speed>0.777694</speed>
				<ele>90.000000</ele>
				<time>2025-12-07T02:36:19Z</time>
			</trkpt>
			<trkpt lat="31.455179" lon="120.229048">
				<speed>1.066437</speed>
				<ele>90.000000</ele>
				<time>2025-12-07T02:36:23Z</time>
			</trkpt>
			<trkpt lat="31.455240" lon="120.229041">
				<speed>1.369004</speed>
				<ele>90.000000</ele>
				<time>2025-12-07T02:36:28Z</time>
			</trkpt>
			<trkpt lat="31.455290" lon="120.229055">
				<speed>0.971125</speed>
				<ele>90.000000</ele>
				<time>2025-12-07T02:36:33Z</time>
			</trkpt>
			<trkpt lat="31.455346" lon="120.229074">
				<speed>0.942089</speed>
				<ele>91.000000</ele>
				<time>2025-12-07T02:36:39Z</time>
			</trkpt>
			<trkpt lat="31.455404" lon="120.229074">
				<speed>1.102145</speed>
				<ele>90.000000</ele>
				<time>2025-12-07T02:36:45Z</time>
			</trkpt>
			<trkpt lat="31.455457" lon="120.229058">
				<speed>1.217144</speed>
				<ele>88.000000</ele>
				<time>2025-12-07T02:36:51Z</time>
			</trkpt>
			<trkpt lat="31.455506" lon="120.229049">
				<speed>1.780134</speed>
				<ele>87.000000</ele>
				<time>2025-12-07T02:36:54Z</time>
			</trkpt>
			<trkpt lat="31.455551" lon="120.229043">
				<speed>1.973520</speed>
				<ele>86.000000</ele>
				<time>2025-12-07T02:36:57Z</time>
			</trkpt>
			<trkpt lat="31.455616" lon="120.229027">
				<speed>1.961372</speed>
				<ele>88.000000</ele>
				<time>2025-12-07T02:37:00Z</time>
			</trkpt>
			<trkpt lat="31.455679" lon="120.229025">
				<speed>1.747653</speed>
				<ele>88.000000</ele>
				<time>2025-12-07T02:37:03Z</time>
			</trkpt>
			<trkpt lat="31.455732" lon="120.229020">
				<speed>2.306463</speed>
				<ele>88.000000</ele>
				<time>2025-12-07T02:37:05Z</time>
			</trkpt>
			<trkpt lat="31.455779" lon="120.228990">
				<speed>2.439550</speed>
				<ele>87.000000</ele>
				<time>2025-12-07T02:37:07Z</time>
			</trkpt>
			<trkpt lat="31.455829" lon="120.228965">
				<speed>1.736897</speed>
				<ele>88.000000</ele>
				<time>2025-12-07T02:37:10Z</time>
			</trkpt>
			<trkpt lat="31.455875" lon="120.228965">
				<speed>1.128473</speed>
				<ele>88.000000</ele>
				<time>2025-12-07T02:37:14Z</time>
			</trkpt>
			<trkpt lat="31.455920" lon="120.228967">
				<speed>0.899921</speed>
				<ele>88.000000</ele>
				<time>2025-12-07T02:37:18Z</time>
			</trkpt>
			<trkpt lat="31.455972" lon="120.228953">
				<speed>1.386456</speed>
				<ele>88.000000</ele>
				<time>2025-12-07T02:37:22Z</time>
			</trkpt>
			<trkpt lat="31.456021" lon="120.228939">
				<speed>0.781329</speed>
				<ele>89.000000</ele>
				<time>2025-12-07T02:37:27Z</time>
			</trkpt>
			<trkpt lat="31.456058" lon="120.228903">
				<speed>0.742758</speed>
				<ele>89.000000</ele>
				<time>2025-12-07T02:37:32Z</time>
			</trkpt>
			<trkpt lat="31.456103" lon="120.228863">
				<speed>0.989973</speed>
				<ele>89.000000</ele>
				<time>2025-12-07T02:37:36Z</time>
			</trkpt>
			<trkpt lat="31.456160" lon="120.228869">
				<speed>1.827340</speed>
				<ele>88.000000</ele>
				<time>2025-12-07T02:37:39Z</time>
			</trkpt>
			<trkpt lat="31.456205" lon="120.228905">
				<speed>1.620623</speed>
				<ele>88.000000</ele>
				<time>2025-12-07T02:37:42Z</time>
			</trkpt>
			<trkpt lat="31.456246" lon="120.228940">
				<speed>1.496024</speed>
				<ele>86.000000</ele>
				<time>2025-12-07T02:37:45Z</time>
			</trkpt>
			<trkpt lat="31.456290" lon="120.228954">
				<speed>1.611535</speed>
				<ele>86.000000</ele>
				<time>2025-12-07T02:37:48Z</time>
			</trkpt>
			<trkpt lat="31.456328" lon="120.228984">
				<speed>1.576716</speed>
				<ele>86.000000</ele>
				<time>2025-12-07T02:37:52Z</time>
			</trkpt>
			<trkpt lat="31.456338" lon="120.228928">
				<speed>1.724595</speed>
				<ele>83.000000</ele>
				<time>2025-12-07T02:37:57Z</time>
			</trkpt>
			<trkpt lat="31.456343" lon="120.228856">
				<speed>1.798092</speed>
				<ele>84.000000</ele>
				<time>2025-12-07T02:38:00Z</time>
			</trkpt>
			<trkpt lat="31.456370" lon="120.228793">
				<speed>1.683639</speed>
				<ele>84.000000</ele>
				<time>2025-12-07T02:38:03Z</time>
			</trkpt>
			<trkpt lat="31.456412" lon="120.228737">
				<speed>2.205696</speed>
				<ele>83.000000</ele>
				<time>2025-12-07T02:38:06Z</time>
			</trkpt>
			<trkpt lat="31.456419" lon="120.228672">
				<speed>2.673001</speed>
				<ele>83.000000</ele>
				<time>2025-12-07T02:38:08Z</time>
			</trkpt>
			<trkpt lat="31.456483" lon="120.228643">
				<speed>3.096254</speed>
				<ele>82.000000</ele>
				<time>2025-12-07T02:38:10Z</time>
			</trkpt>
			<trkpt lat="31.456526" lon="120.228612">
				<speed>2.602452</speed>
				<ele>81.000000</ele>
				<time>2025-12-07T02:38:12Z</time>
			</trkpt>
			<trkpt lat="31.456544" lon="120.228559">
				<speed>2.128895</speed>
				<ele>81.000000</ele>
				<time>2025-12-07T02:38:14Z</time>
			</trkpt>
			<trkpt lat="31.456566" lon="120.228475">
				<speed>2.873715</speed>
				<ele>81.000000</ele>
				<time>2025-12-07T02:38:17Z</time>
			</trkpt>
			<trkpt lat="31.456623" lon="120.228473">
				<speed>2.892180</speed>
				<ele>81.000000</ele>
				<time>2025-12-07T02:38:19Z</time>
			</trkpt>
			<trkpt lat="31.456664" lon="120.228426">
				<speed>2.620932</speed>
				<ele>82.000000</ele>
				<time>2025-12-07T02:38:21Z</time>
			</trkpt>
			<trkpt lat="31.456707" lon="120.228399">
				<speed>2.518562</speed>
				<ele>83.000000</ele>
				<time>2025-12-07T02:38:23Z</time>
			</trkpt>
			<trkpt lat="31.456732" lon="120.228351">
				<speed>1.807387</speed>
				<ele>84.000000</ele>
				<time>2025-12-07T02:38:26Z</time>
			</trkpt>
			<trkpt lat="31.456785" lon="120.228341">
				<speed>2.669348</speed>
				<ele>84.000000</ele>
				<time>2025-12-07T02:38:28Z</time>
			</trkpt>
			<trkpt lat="31.456765" lon="120.228285">
				<speed>1.453059</speed>
				<ele>86.000000</ele>
				<time>2025-12-07T02:38:31Z</time>
			</trkpt>
			<trkpt lat="31.456804" lon="120.228216">
				<speed>2.303367</speed>
				<ele>87.000000</ele>
				<time>2025-12-07T02:38:34Z</time>
			</trkpt>
			<trkpt lat="31.456846" lon="120.228191">
				<speed>2.461962</speed>
				<ele>87.000000</ele>
				<time>2025-12-07T02:38:36Z</time>
			</trkpt>
			<trkpt lat="31.456868" lon="120.228134">
				<speed>1.797872</speed>
				<ele>86.000000</ele>
				<time>2025-12-07T02:38:39Z</time>
			</trkpt>
			<trkpt lat="31.456882" lon="120.228063">
				<speed>2.107908</speed>
				<ele>87.000000</ele>
				<time>2025-12-07T02:38:42Z</time>
			</trkpt>
			<trkpt lat="31.456915" lon="120.228016">
				<speed>1.876109</speed>
				<ele>88.000000</ele>
				<time>2025-12-07T02:38:45Z</time>
			</trkpt>
			<trkpt lat="31.456945" lon="120.227973">
				<speed>1.729801</speed>
				<ele>90.000000</ele>
				<time>2025-12-07T02:38:49Z</time>
			</trkpt>
			<trkpt lat="31.456979" lon="120.227938">
				<speed>0.951958</speed>
				<ele>90.000000</ele>
				<time>2025-12-07T02:38:53Z</time>
			</trkpt>
			<trkpt lat="31.457010" lon="120.227898">
				<speed>1.040661</speed>
				<ele>90.000000</ele>
				<time>2025-12-07T02:38:57Z</time>
			</trkpt>
			<trkpt lat="31.457022" lon="120.227842">
				<speed>1.024651</speed>
				<ele>92.000000</ele>
				<time>2025-12-07T02:39:01Z</time>
			</trkpt>
			<trkpt lat="31.457028" lon="120.227776">
				<speed>1.158133</speed>
				<ele>93.000000</ele>
				<time>2025-12-07T02:39:05Z</time>
			</trkpt>
			<trkpt lat="31.457061" lon="120.227727">
				<speed>1.193155</speed>
				<ele>93.000000</ele>
				<time>2025-12-07T02:39:09Z</time>
			</trkpt>
			<trkpt lat="31.457089" lon="120.227669">
				<speed>1.247934</speed>
				<ele>94.000000</ele>
				<time>2025-12-07T02:39:13Z</time>
			</trkpt>
			<trkpt lat="31.457112" lon="120.227622">
				<speed>1.462524</speed>
				<ele>94.000000</ele>
				<time>2025-12-07T02:39:16Z</time>
			</trkpt>
			<trkpt lat="31.457116" lon="120.227562">
				<speed>1.259124</speed>
				<ele>95.000000</ele>
				<time>2025-12-07T02:39:21Z</time>
			</trkpt>
			<trkpt lat="31.457150" lon="120.227494">
				<speed>1.670642</speed>
				<ele>96.000000</ele>
				<time>2025-12-07T02:39:26Z</time>
			</trkpt>
			<trkpt lat="31.457137" lon="120.227439">
				<speed>0.633174</speed>
				<ele>97.000000</ele>
				<time>2025-12-07T02:39:31Z</time>
			</trkpt>
			<trkpt lat="31.457138" lon="120.227386">
				<speed>0.668260</speed>
				<ele>98.000000</ele>
				<time>2025-12-07T02:39:35Z</time>
			</trkpt>
			<trkpt lat="31.457149" lon="120.227327">
				<speed>1.090401</speed>
				<ele>98.000000</ele>
				<time>2025-12-07T02:39:39Z</time>
			</trkpt>
			<trkpt lat="31.457158" lon="120.227264">
				<speed>1.226176</speed>
				<ele>100.000000</ele>
				<time>2025-12-07T02:39:44Z</time>
			</trkpt>
			<trkpt lat="31.457174" lon="120.227203">
				<speed>1.433292</speed>
				<ele>101.000000</ele>
				<time>2025-12-07T02:39:48Z</time>
			</trkpt>
			<trkpt lat="31.457199" lon="120.227145">
				<speed>1.548262</speed>
				<ele>102.000000</ele>
				<time>2025-12-07T02:39:52Z</time>
			</trkpt>
			<trkpt lat="31.457220" lon="120.227087">
				<speed>1.339423</speed>
				<ele>103.000000</ele>
				<time>2025-12-07T02:39:56Z</time>
			</trkpt>
			<trkpt lat="31.457254" lon="120.227042">
				<speed>0.668592</speed>
				<ele>105.000000</ele>
				<time>2025-12-07T02:40:01Z</time>
			</trkpt>
			<trkpt lat="31.457251" lon="120.226989">
				<speed>1.239901</speed>
				<ele>106.000000</ele>
				<time>2025-12-07T02:40:05Z</time>
			</trkpt>
			<trkpt lat="31.457284" lon="120.226943">
				<speed>0.962933</speed>
				<ele>107.000000</ele>
				<time>2025-12-07T02:40:10Z</time>
			</trkpt>
			<trkpt lat="31.457289" lon="120.226890">
				<speed>0.703604</speed>
				<ele>108.000000</ele>
				<time>2025-12-07T02:40:15Z</time>
			</trkpt>
			<trkpt lat="31.457300" lon="120.226833">
				<speed>1.240350</speed>
				<ele>108.000000</ele>
				<time>2025-12-07T02:40:19Z</time>
			</trkpt>
			<trkpt lat="31.457309" lon="120.226777">
				<speed>1.025466</speed>
				<ele>110.000000</ele>
				<time>2025-12-07T02:40:24Z</time>
			</trkpt>
			<trkpt lat="31.457348" lon="120.226746">
				<speed>1.097023</speed>
				<ele>111.000000</ele>
				<time>2025-12-07T02:40:27Z</time>
			</trkpt>
			<trkpt lat="31.457393" lon="120.226706">
				<speed>1.270014</speed>
				<ele>111.000000</ele>
				<time>2025-12-07T02:40:31Z</time>
			</trkpt>
			<trkpt lat="31.457430" lon="120.226671">
				<speed>0.995173</speed>
				<ele>110.000000</ele>
				<time>2025-12-07T02:40:35Z</time>
			</trkpt>
			<trkpt lat="31.457467" lon="120.226620">
				<speed>0.829033</speed>
				<ele>111.000000</ele>
				<time>2025-12-07T02:40:40Z</time>
			</trkpt>
			<trkpt lat="31.457511" lon="120.226588">
				<speed>0.456403</speed>
				<ele>108.000000</ele>
				<time>2025-12-07T02:40:46Z</time>
			</trkpt>
			<trkpt lat="31.457524" lon="120.226530">
				<speed>0.511787</speed>
				<ele>106.000000</ele>
				<time>2025-12-07T02:40:53Z</time>
			</trkpt>
			<trkpt lat="31.457529" lon="120.226472">
				<speed>1.475791</speed>
				<ele>106.000000</ele>
				<time>2025-12-07T02:40:56Z</time>
			</trkpt>
			<trkpt lat="31.457560" lon="120.226433">
				<speed>0.501354</speed>
				<ele>102.000000</ele>
				<time>2025-12-07T02:41:01Z</time>
			</trkpt>
			<trkpt lat="31.457598" lon="120.226395">
				<speed>0.816951</speed>
				<ele>101.000000</ele>
				<time>2025-12-07T02:41:06Z</time>
			</trkpt>
			<trkpt lat="31.457642" lon="120.226371">
				<speed>0.767085</speed>
				<ele>101.000000</ele>
				<time>2025-12-07T02:41:11Z</time>
			</trkpt>
			<trkpt lat="31.457686" lon="120.226355">
				<speed>1.164878</speed>
				<ele>101.000000</ele>
				<time>2025-12-07T02:41:15Z</time>
			</trkpt>
			<trkpt lat="31.457727" lon="120.226311">
				<speed>1.645552</speed>
				<ele>99.000000</ele>
				<time>2025-12-07T02:41:19Z</time>
			</trkpt>
			<trkpt lat="31.457769" lon="120.226269">
				<speed>1.604632</speed>
				<ele>96.000000</ele>
				<time>2025-12-07T02:41:22Z</time>
			</trkpt>
			<trkpt lat="31.457793" lon="120.226212">
				<speed>1.598653</speed>
				<ele>95.000000</ele>
				<time>2025-12-07T02:41:25Z</time>
			</trkpt>
			<trkpt lat="31.457822" lon="120.226167">
				<speed>1.672053</speed>
				<ele>93.000000</ele>
				<time>2025-12-07T02:41:28Z</time>
			</trkpt>
			<trkpt lat="31.457867" lon="120.226150">
				<speed>1.578185</speed>
				<ele>92.000000</ele>
				<time>2025-12-07T02:41:31Z</time>
			</trkpt>
			<trkpt lat="31.457917" lon="120.226136">
				<speed>1.693181</speed>
				<ele>89.000000</ele>
				<time>2025-12-07T02:41:36Z</time>
			</trkpt>
			<trkpt lat="31.457948" lon="120.226074">
				<speed>1.521666</speed>
				<ele>88.000000</ele>
				<time>2025-12-07T02:41:41Z</time>
			</trkpt>
			<trkpt lat="31.457982" lon="120.226037">
				<speed>1.704561</speed>
				<ele>88.000000</ele>
				<time>2025-12-07T02:41:44Z</time>
			</trkpt>
			<trkpt lat="31.457993" lon="120.225985">
				<speed>1.729822</speed>
				<ele>88.000000</ele>
				<time>2025-12-07T02:41:47Z</time>
			</trkpt>
			<trkpt lat="31.458039" lon="120.225977">
				<speed>1.388761</speed>
				<ele>88.000000</ele>
				<time>2025-12-07T02:41:53Z</time>
			</trkpt>
			<trkpt lat="31.458077" lon="120.225935">
				<speed>1.792032</speed>
				<ele>88.000000</ele>
				<time>2025-12-07T02:41:57Z</time>
			</trkpt>
			<trkpt lat="31.458121" lon="120.225949">
				<speed>1.618912</speed>
				<ele>88.000000</ele>
				<time>2025-12-07T02:42:00Z</time>
			</trkpt>
			<trkpt lat="31.458173" lon="120.225973">
				<speed>1.569417</speed>
				<ele>88.000000</ele>
				<time>2025-12-07T02:42:04Z</time>
			</trkpt>
			<trkpt lat="31.458218" lon="120.225948">
				<speed>1.628587</speed>
				<ele>86.000000</ele>
				<time>2025-12-07T02:42:07Z</time>
			</trkpt>
			<trkpt lat="31.458278" lon="120.225960">
				<speed>1.695042</speed>
				<ele>85.000000</ele>
				<time>2025-12-07T02:42:10Z</time>
			</trkpt>
			<trkpt lat="31.458332" lon="120.225942">
				<speed>1.757676</speed>
				<ele>85.000000</ele>
				<time>2025-12-07T02:42:13Z</time>
			</trkpt>
			<trkpt lat="31.458386" lon="120.225932">
				<speed>1.787452</speed>
				<ele>83.000000</ele>
				<time>2025-12-07T02:42:16Z</time>
			</trkpt>
			<trkpt lat="31.458437" lon="120.225937">
				<speed>2.954091</speed>
				<ele>82.000000</ele>
				<time>2025-12-07T02:42:18Z</time>
			</trkpt>
			<trkpt lat="31.458490" lon="120.225938">
				<speed>1.323632</speed>
				<ele>82.000000</ele>
				<time>2025-12-07T02:42:23Z</time>
			</trkpt>
			<trkpt lat="31.458534" lon="120.225886">
				<speed>2.028988</speed>
				<ele>83.000000</ele>
				<time>2025-12-07T02:42:26Z</time>
			</trkpt>
			<trkpt lat="31.458592" lon="120.225896">
				<speed>1.897735</speed>
				<ele>86.000000</ele>
				<time>2025-12-07T02:42:29Z</time>
			</trkpt>
			<trkpt lat="31.458640" lon="120.225875">
				<speed>0.974620</speed>
				<ele>85.000000</ele>
				<time>2025-12-07T02:42:33Z</time>
			</trkpt>
			<trkpt lat="31.458682" lon="120.225852">
				<speed>1.192759</speed>
				<ele>86.000000</ele>
				<time>2025-12-07T02:42:36Z</time>
			</trkpt>
			<trkpt lat="31.458726" lon="120.225832">
				<speed>0.658499</speed>
				<ele>86.000000</ele>
				<time>2025-12-07T02:42:40Z</time>
			</trkpt>
			<trkpt lat="31.458786" lon="120.225843">
				<speed>2.023553</speed>
				<ele>86.000000</ele>
				<time>2025-12-07T02:42:43Z</time>
			</trkpt>
			<trkpt lat="31.458832" lon="120.225858">
				<speed>1.738165</speed>
				<ele>85.000000</ele>
				<time>2025-12-07T02:42:46Z</time>
			</trkpt>
			<trkpt lat="31.458875" lon="120.225891">
				<speed>1.732116</speed>
				<ele>85.000000</ele>
				<time>2025-12-07T02:42:49Z</time>
			</trkpt>
			<trkpt lat="31.458923" lon="120.225889">
				<speed>1.680417</speed>
				<ele>85.000000</ele>
				<time>2025-12-07T02:42:52Z</time>
			</trkpt>
			<trkpt lat="31.458980" lon="120.225902">
				<speed>1.761998</speed>
				<ele>85.000000</ele>
				<time>2025-12-07T02:42:56Z</time>
			</trkpt>
			<trkpt lat="31.459030" lon="120.225942">
				<speed>1.773072</speed>
				<ele>85.000000</ele>
				<time>2025-12-07T02:43:00Z</time>
			</trkpt>
			<trkpt lat="31.459061" lon="120.225991">
				<speed>1.824467</speed>
				<ele>85.000000</ele>
				<time>2025-12-07T02:43:03Z</time>
			</trkpt>
			<trkpt lat="31.459095" lon="120.226027">
				<speed>1.750952</speed>
				<ele>84.000000</ele>
				<time>2025-12-07T02:43:06Z</time>
			</trkpt>
			<trkpt lat="31.459147" lon="120.226057">
				<speed>1.920214</speed>
				<ele>84.000000</ele>
				<time>2025-12-07T02:43:10Z</time>
			</trkpt>
			<trkpt lat="31.459178" lon="120.226099">
				<speed>1.748067</speed>
				<ele>84.000000</ele>
				<time>2025-12-07T02:43:13Z</time>
			</trkpt>
			<trkpt lat="31.459235" lon="120.226108">
				<speed>1.766922</speed>
				<ele>85.000000</ele>
				<time>2025-12-07T02:43:17Z</time>
			</trkpt>
			<trkpt lat="31.459290" lon="120.226120">
				<speed>1.846864</speed>
				<ele>86.000000</ele>
				<time>2025-12-07T02:43:21Z</time>
			</trkpt>
			<trkpt lat="31.459319" lon="120.226166">
				<speed>1.716587</speed>
				<ele>86.000000</ele>
				<time>2025-12-07T02:43:24Z</time>
			</trkpt>
			<trkpt lat="31.459333" lon="120.226220">
				<speed>1.693460</speed>
				<ele>85.000000</ele>
				<time>2025-12-07T02:43:27Z</time>
			</trkpt>
			<trkpt lat="31.459341" lon="120.226277">
				<speed>1.733596</speed>
				<ele>85.000000</ele>
				<time>2025-12-07T02:43:30Z</time>
			</trkpt>
			<trkpt lat="31.459401" lon="120.226271">
				<speed>2.001763</speed>
				<ele>89.000000</ele>
				<time>2025-12-07T02:43:34Z</time>
			</trkpt>
			<trkpt lat="31.459448" lon="120.226253">
				<speed>1.593358</speed>
				<ele>87.000000</ele>
				<time>2025-12-07T02:43:37Z</time>
			</trkpt>
			<trkpt lat="31.459496" lon="120.226257">
				<speed>1.678422</speed>
				<ele>86.000000</ele>
				<time>2025-12-07T02:43:41Z</time>
			</trkpt>
			<trkpt lat="31.459540" lon="120.226238">
				<speed>1.677786</speed>
				<ele>89.000000</ele>
				<time>2025-12-07T02:43:45Z</time>
			</trkpt>
			<trkpt lat="31.459585" lon="120.226256">
				<speed>1.370800</speed>
				<ele>90.000000</ele>
				<time>2025-12-07T02:43:50Z</time>
			</trkpt>
			<trkpt lat="31.459631" lon="120.226245">
				<speed>0.726557</speed>
				<ele>92.000000</ele>
				<time>2025-12-07T02:43:58Z</time>
			</trkpt>
			<trkpt lat="31.459671" lon="120.226218">
				<speed>1.207548</speed>
				<ele>92.000000</ele>
				<time>2025-12-07T02:44:01Z</time>
			</trkpt>
			<trkpt lat="31.459720" lon="120.226231">
				<speed>0.770462</speed>
				<ele>93.000000</ele>
				<time>2025-12-07T02:44:06Z</time>
			</trkpt>
			<trkpt lat="31.459766" lon="120.226211">
				<speed>1.064910</speed>
				<ele>94.000000</ele>
				<time>2025-12-07T02:44:12Z</time>
			</trkpt>
			<trkpt lat="31.459812" lon="120.226236">
				<speed>0.691100</speed>
				<ele>94.000000</ele>
				<time>2025-12-07T02:44:17Z</time>
			</trkpt>
			<trkpt lat="31.459858" lon="120.226238">
				<speed>1.010435</speed>
				<ele>94.000000</ele>
				<time>2025-12-07T02:44:21Z</time>
			</trkpt>
			<trkpt lat="31.459910" lon="120.226222">
				<speed>1.163759</speed>
				<ele>95.000000</ele>
				<time>2025-12-07T02:44:26Z</time>
			</trkpt>
			<trkpt lat="31.459955" lon="120.226228">
				<speed>1.021908</speed>
				<ele>95.000000</ele>
				<time>2025-12-07T02:44:32Z</time>
			</trkpt>
			<trkpt lat="31.460007" lon="120.226193">
				<speed>1.153258</speed>
				<ele>95.000000</ele>
				<time>2025-12-07T02:44:37Z</time>
			</trkpt>
			<trkpt lat="31.460060" lon="120.226193">
				<speed>0.876160</speed>
				<ele>95.000000</ele>
				<time>2025-12-07T02:44:42Z</time>
			</trkpt>
			<trkpt lat="31.460102" lon="120.226216">
				<speed>0.876434</speed>
				<ele>95.000000</ele>
				<time>2025-12-07T02:44:46Z</time>
			</trkpt>
			<trkpt lat="31.460155" lon="120.226199">
				<speed>0.667584</speed>
				<ele>93.000000</ele>
				<time>2025-12-07T02:44:51Z</time>
			</trkpt>
			<trkpt lat="31.460201" lon="120.226179">
				<speed>1.298435</speed>
				<ele>92.000000</ele>
				<time>2025-12-07T02:44:54Z</time>
			</trkpt>
			<trkpt lat="31.460254" lon="120.226188">
				<speed>0.966700</speed>
				<ele>92.000000</ele>
				<time>2025-12-07T02:44:58Z</time>
			</trkpt>
			<trkpt lat="31.460294" lon="120.226214">
				<speed>0.800142</speed>
				<ele>93.000000</ele>
				<time>2025-12-07T02:45:03Z</time>
			</trkpt>
			<trkpt lat="31.460324" lon="120.226254">
				<speed>1.596386</speed>
				<ele>92.000000</ele>
				<time>2025-12-07T02:45:05Z</time>
			</trkpt>
			<trkpt lat="31.460370" lon="120.226293">
				<speed>1.771450</speed>
				<ele>92.000000</ele>
				<time>2025-12-07T02:45:08Z</time>
			</trkpt>
			<trkpt lat="31.460415" lon="120.226324">
				<speed>1.703492</speed>
				<ele>91.000000</ele>
				<time>2025-12-07T02:45:12Z</time>
			</trkpt>
			<trkpt lat="31.460469" lon="120.226339">
				<speed>1.789040</speed>
				<ele>89.000000</ele>
				<time>2025-12-07T02:45:16Z</time>
			</trkpt>
			<trkpt lat="31.460523" lon="120.226357">
				<speed>1.619321</speed>
				<ele>90.000000</ele>
				<time>2025-12-07T02:45:20Z</time>
			</trkpt>
			<trkpt lat="31.460577" lon="120.226365">
				<speed>1.563217</speed>
				<ele>89.000000</ele>
				<time>2025-12-07T02:45:25Z</time>
			</trkpt>
			<trkpt lat="31.460610" lon="120.226416">
				<speed>1.797025</speed>
				<ele>89.000000</ele>
				<time>2025-12-07T02:45:28Z</time>
			</trkpt>
			<trkpt lat="31.460657" lon="120.226455">
				<speed>1.804207</speed>
				<ele>88.000000</ele>
				<time>2025-12-07T02:45:32Z</time>
			</trkpt>
			<trkpt lat="31.460708" lon="120.226479">
				<speed>1.632275</speed>
				<ele>87.000000</ele>
				<time>2025-12-07T02:45:36Z</time>
			</trkpt>
			<trkpt lat="31.460751" lon="120.226521">
				<speed>1.644086</speed>
				<ele>86.000000</ele>
				<time>2025-12-07T02:45:40Z</time>
			</trkpt>
			<trkpt lat="31.460808" lon="120.226550">
				<speed>1.775810</speed>
				<ele>85.000000</ele>
				<time>2025-12-07T02:45:44Z</time>
			</trkpt>
			<trkpt lat="31.460857" lon="120.226588">
				<speed>1.704179</speed>
				<ele>85.000000</ele>
				<time>2025-12-07T02:45:48Z</time>
			</trkpt>
			<trkpt lat="31.460908" lon="120.226603">
				<speed>1.633072</speed>
				<ele>86.000000</ele>
				<time>2025-12-07T02:45:52Z</time>
			</trkpt>
			<trkpt lat="31.460951" lon="120.226628">
				<speed>1.712462</speed>
				<ele>85.000000</ele>
				<time>2025-12-07T02:45:56Z</time>
			</trkpt>
			<trkpt lat="31.461000" lon="120.226670">
				<speed>1.545248</speed>
				<ele>85.000000</ele>
				<time>2025-12-07T02:46:01Z</time>
			</trkpt>
			<trkpt lat="31.461040" lon="120.226701">
				<speed>1.664591</speed>
				<ele>86.000000</ele>
				<time>2025-12-07T02:46:04Z</time>
			</trkpt>
			<trkpt lat="31.461090" lon="120.226703">
				<speed>1.457348</speed>
				<ele>85.000000</ele>
				<time>2025-12-07T02:46:09Z</time>
			</trkpt>
			<trkpt lat="31.461096" lon="120.226767">
				<speed>1.320629</speed>
				<ele>86.000000</ele>
				<time>2025-12-07T02:46:18Z</time>
			</trkpt>
			<trkpt lat="31.461095" lon="120.226824">
				<speed>0.666030</speed>
				<ele>85.000000</ele>
				<time>2025-12-07T02:46:24Z</time>
			</trkpt>
			<trkpt lat="31.461126" lon="120.226865">
				<speed>1.282477</speed>
				<ele>83.000000</ele>
				<time>2025-12-07T02:46:28Z</time>
			</trkpt>
			<trkpt lat="31.461175" lon="120.226865">
				<speed>0.822970</speed>
				<ele>85.000000</ele>
				<time>2025-12-07T02:46:33Z</time>
			</trkpt>
			<trkpt lat="31.461218" lon="120.226837">
				<speed>0.714892</speed>
				<ele>85.000000</ele>
				<time>2025-12-07T02:46:37Z</time>
			</trkpt>
			<trkpt lat="31.461291" lon="120.226833">
				<speed>1.999985</speed>
				<ele>86.000000</ele>
				<time>2025-12-07T02:46:41Z</time>
			</trkpt>
			<trkpt lat="31.461338" lon="120.226851">
				<speed>1.780052</speed>
				<ele>86.000000</ele>
				<time>2025-12-07T02:46:43Z</time>
			</trkpt>
			<trkpt lat="31.461399" lon="120.226886">
				<speed>1.669947</speed>
				<ele>89.000000</ele>
				<time>2025-12-07T02:46:46Z</time>
			</trkpt>
			<trkpt lat="31.461429" lon="120.226929">
				<speed>1.684948</speed>
				<ele>90.000000</ele>
				<time>2025-12-07T02:46:48Z</time>
			</trkpt>
			<trkpt lat="31.461457" lon="120.226979">
				<speed>1.738158</speed>
				<ele>91.000000</ele>
				<time>2025-12-07T02:46:51Z</time>
			</trkpt>
			<trkpt lat="31.461506" lon="120.226995">
				<speed>1.650241</speed>
				<ele>92.000000</ele>
				<time>2025-12-07T02:46:54Z</time>
			</trkpt>
			<trkpt lat="31.461569" lon="120.226988">
				<speed>1.885136</speed>
				<ele>92.000000</ele>
				<time>2025-12-07T02:46:57Z</time>
			</trkpt>
			<trkpt lat="31.461630" lon="120.226968">
				<speed>2.059633</speed>
				<ele>93.000000</ele>
				<time>2025-12-07T02:47:00Z</time>
			</trkpt>
			<trkpt lat="31.461682" lon="120.226957">
				<speed>2.446503</speed>
				<ele>92.000000</ele>
				<time>2025-12-07T02:47:02Z</time>
			</trkpt>
			<trkpt lat="31.461713" lon="120.226998">
				<speed>2.198370</speed>
				<ele>94.000000</ele>
				<time>2025-12-07T02:47:04Z</time>
			</trkpt>
			<trkpt lat="31.461748" lon="120.227041">
				<speed>2.441658</speed>
				<ele>94.000000</ele>
				<time>2025-12-07T02:47:06Z</time>
			</trkpt>
			<trkpt lat="31.461776" lon="120.227099">
				<speed>2.102114</speed>
				<ele>96.000000</ele>
				<time>2025-12-07T02:47:09Z</time>
			</trkpt>
			<trkpt lat="31.461793" lon="120.227150">
				<speed>1.841844</speed>
				<ele>97.000000</ele>
				<time>2025-12-07T02:47:13Z</time>
			</trkpt>
			<trkpt lat="31.461853" lon="120.227183">
				<speed>2.279770</speed>
				<ele>97.000000</ele>
				<time>2025-12-07T02:47:16Z</time>
			</trkpt>
			<trkpt lat="31.461897" lon="120.227204">
				<speed>2.094619</speed>
				<ele>98.000000</ele>
				<time>2025-12-07T02:47:19Z</time>
			</trkpt>
			<trkpt lat="31.461950" lon="120.227215">
				<speed>2.089928</speed>
				<ele>99.000000</ele>
				<time>2025-12-07T02:47:22Z</time>
			</trkpt>
			<trkpt lat="31.462004" lon="120.227209">
				<speed>2.064133</speed>
				<ele>98.000000</ele>
				<time>2025-12-07T02:47:26Z</time>
			</trkpt>
			<trkpt lat="31.462066" lon="120.227208">
				<speed>2.378983</speed>
				<ele>98.000000</ele>
				<time>2025-12-07T02:47:29Z</time>
			</trkpt>
			<trkpt lat="31.462115" lon="120.227195">
				<speed>2.157473</speed>
				<ele>98.000000</ele>
				<time>2025-12-07T02:47:32Z</time>
			</trkpt>
			<trkpt lat="31.462146" lon="120.227138">
				<speed>2.691017</speed>
				<ele>97.000000</ele>
				<time>2025-12-07T02:47:34Z</time>
			</trkpt>
			<trkpt lat="31.462188" lon="120.227098">
				<speed>2.749844</speed>
				<ele>96.000000</ele>
				<time>2025-12-07T02:47:36Z</time>
			</trkpt>
			<trkpt lat="31.462215" lon="120.227046">
				<speed>2.477595</speed>
				<ele>96.000000</ele>
				<time>2025-12-07T02:47:38Z</time>
			</trkpt>
			<trkpt lat="31.462254" lon="120.227001">
				<speed>2.632939</speed>
				<ele>95.000000</ele>
				<time>2025-12-07T02:47:40Z</time>
			</trkpt>
			<trkpt lat="31.462298" lon="120.226968">
				<speed>2.592667</speed>
				<ele>96.000000</ele>
				<time>2025-12-07T02:47:42Z</time>
			</trkpt>
			<trkpt lat="31.462340" lon="120.226943">
				<speed>2.142757</speed>
				<ele>95.000000</ele>
				<time>2025-12-07T02:47:44Z</time>
			</trkpt>
			<trkpt lat="31.462359" lon="120.226874">
				<speed>3.005443</speed>
				<ele>94.000000</ele>
				<time>2025-12-07T02:47:46Z</time>
			</trkpt>
			<trkpt lat="31.462420" lon="120.226847">
				<speed>3.322143</speed>
				<ele>95.000000</ele>
				<time>2025-12-07T02:47:48Z</time>
			</trkpt>
			<trkpt lat="31.462468" lon="120.226858">
				<speed>2.411873</speed>
				<ele>95.000000</ele>
				<time>2025-12-07T02:47:50Z</time>
			</trkpt>
			<trkpt lat="31.462520" lon="120.226849">
				<speed>2.634856</speed>
				<ele>94.000000</ele>
				<time>2025-12-07T02:47:52Z</time>
			</trkpt>
			<trkpt lat="31.462570" lon="120.226879">
				<speed>2.589176</speed>
				<ele>93.000000</ele>
				<time>2025-12-07T02:47:54Z</time>
			</trkpt>
			<trkpt lat="31.462611" lon="120.226814">
				<speed>3.018155</speed>
				<ele>93.000000</ele>
				<time>2025-12-07T02:47:56Z</time>
			</trkpt>
			<trkpt lat="31.462659" lon="120.226830">
				<speed>2.055534</speed>
				<ele>92.000000</ele>
				<time>2025-12-07T02:47:58Z</time>
			</trkpt>
			<trkpt lat="31.462711" lon="120.226827">
				<speed>2.420236</speed>
				<ele>91.000000</ele>
				<time>2025-12-07T02:48:00Z</time>
			</trkpt>
			<trkpt lat="31.462762" lon="120.226791">
				<speed>3.008948</speed>
				<ele>88.000000</ele>
				<time>2025-12-07T02:48:02Z</time>
			</trkpt>
			<trkpt lat="31.462817" lon="120.226793">
				<speed>1.952886</speed>
				<ele>88.000000</ele>
				<time>2025-12-07T02:48:05Z</time>
			</trkpt>
			<trkpt lat="31.462866" lon="120.226755">
				<speed>2.109219</speed>
				<ele>87.000000</ele>
				<time>2025-12-07T02:48:08Z</time>
			</trkpt>
			<trkpt lat="31.462876" lon="120.226700">
				<speed>2.520507</speed>
				<ele>87.000000</ele>
				<time>2025-12-07T02:48:10Z</time>
			</trkpt>
			<trkpt lat="31.462914" lon="120.226668">
				<speed>2.098711</speed>
				<ele>87.000000</ele>
				<time>2025-12-07T02:48:12Z</time>
			</trkpt>
			<trkpt lat="31.462913" lon="120.226603">
				<speed>1.555171</speed>
				<ele>86.000000</ele>
				<time>2025-12-07T02:48:16Z</time>
			</trkpt>
			<trkpt lat="31.462909" lon="120.226549">
				<speed>1.707659</speed>
				<ele>86.000000</ele>
				<time>2025-12-07T02:48:19Z</time>
			</trkpt>
			<trkpt lat="31.462877" lon="120.226497">
				<speed>1.221731</speed>
				<ele>85.000000</ele>
				<time>2025-12-07T02:48:25Z</time>
			</trkpt>
			<trkpt lat="31.462867" lon="120.226436">
				<speed>1.122442</speed>
				<ele>83.000000</ele>
				<time>2025-12-07T02:48:30Z</time>
			</trkpt>
			<trkpt lat="31.462877" lon="120.226378">
				<speed>2.026577</speed>
				<ele>81.000000</ele>
				<time>2025-12-07T02:48:33Z</time>
			</trkpt>
			<trkpt lat="31.462906" lon="120.226327">
				<speed>2.262389</speed>
				<ele>80.000000</ele>
				<time>2025-12-07T02:48:35Z</time>
			</trkpt>
			<trkpt lat="31.462919" lon="120.226258">
				<speed>2.164856</speed>
				<ele>76.000000</ele>
				<time>2025-12-07T02:48:38Z</time>
			</trkpt>
			<trkpt lat="31.462943" lon="120.226197">
				<speed>1.869378</speed>
				<ele>74.000000</ele>
				<time>2025-12-07T02:48:41Z</time>
			</trkpt>
			<trkpt lat="31.462957" lon="120.226133">
				<speed>1.332365</speed>
				<ele>73.000000</ele>
				<time>2025-12-07T02:48:46Z</time>
			</trkpt>
			<trkpt lat="31.462999" lon="120.226104">
				<speed>1.468636</speed>
				<ele>70.000000</ele>
				<time>2025-12-07T02:48:50Z</time>
			</trkpt>
			<trkpt lat="31.462970" lon="120.226061">
				<speed>1.696211</speed>
				<ele>69.000000</ele>
				<time>2025-12-07T02:48:54Z</time>
			</trkpt>
			<trkpt lat="31.462987" lon="120.225989">
				<speed>2.026401</speed>
				<ele>66.000000</ele>
				<time>2025-12-07T02:48:58Z</time>
			</trkpt>
			<trkpt lat="31.462972" lon="120.225887">
				<speed>3.029511</speed>
				<ele>64.000000</ele>
				<time>2025-12-07T02:49:07Z</time>
			</trkpt>
			<trkpt lat="31.463017" lon="120.225859">
				<speed>2.099591</speed>
				<ele>63.000000</ele>
				<time>2025-12-07T02:49:09Z</time>
			</trkpt>
			<trkpt lat="31.463035" lon="120.225807">
				<speed>1.770923</speed>
				<ele>63.000000</ele>
				<time>2025-12-07T02:49:11Z</time>
			</trkpt>
			<trkpt lat="31.463088" lon="120.225745">
				<speed>2.410946</speed>
				<ele>61.000000</ele>
				<time>2025-12-07T02:49:14Z</time>
			</trkpt>
			<trkpt lat="31.463134" lon="120.225723">
				<speed>2.407749</speed>
				<ele>60.000000</ele>
				<time>2025-12-07T02:49:16Z</time>
			</trkpt>
			<trkpt lat="31.463176" lon="120.225699">
				<speed>2.339052</speed>
				<ele>60.000000</ele>
				<time>2025-12-07T02:49:18Z</time>
			</trkpt>
			<trkpt lat="31.463218" lon="120.225675">
				<speed>2.373339</speed>
				<ele>58.000000</ele>
				<time>2025-12-07T02:49:20Z</time>
			</trkpt>
			<trkpt lat="31.463261" lon="120.225646">
				<speed>2.483581</speed>
				<ele>59.000000</ele>
				<time>2025-12-07T02:49:22Z</time>
			</trkpt>
			<trkpt lat="31.463313" lon="120.225634">
				<speed>2.535515</speed>
				<ele>59.000000</ele>
				<time>2025-12-07T02:49:24Z</time>
			</trkpt>
			<trkpt lat="31.463361" lon="120.225607">
				<speed>2.535710</speed>
				<ele>59.000000</ele>
				<time>2025-12-07T02:49:26Z</time>
			</trkpt>
			<trkpt lat="31.463415" lon="120.225628">
				<speed>2.423524</speed>
				<ele>58.000000</ele>
				<time>2025-12-07T02:49:28Z</time>
			</trkpt>
			<trkpt lat="31.463474" lon="120.225606">
				<speed>2.252116</speed>
				<ele>59.000000</ele>
				<time>2025-12-07T02:49:31Z</time>
			</trkpt>
			<trkpt lat="31.463525" lon="120.225597">
				<speed>2.562448</speed>
				<ele>60.000000</ele>
				<time>2025-12-07T02:49:33Z</time>
			</trkpt>
			<trkpt lat="31.463586" lon="120.225598">
				<speed>2.282340</speed>
				<ele>60.000000</ele>
				<time>2025-12-07T02:49:36Z</time>
			</trkpt>
			<trkpt lat="31.463638" lon="120.225565">
				<speed>2.180095</speed>
				<ele>62.000000</ele>
				<time>2025-12-07T02:49:39Z</time>
			</trkpt>
			<trkpt lat="31.463684" lon="120.225567">
				<speed>0.837006</speed>
				<ele>62.000000</ele>
				<time>2025-12-07T02:49:44Z</time>
			</trkpt>
			<trkpt lat="31.463739" lon="120.225575">
				<speed>1.142567</speed>
				<ele>62.000000</ele>
				<time>2025-12-07T02:49:48Z</time>
			</trkpt>
			<trkpt lat="31.463785" lon="120.225593">
				<speed>1.134919</speed>
				<ele>62.000000</ele>
				<time>2025-12-07T02:49:52Z</time>
			</trkpt>
			<trkpt lat="31.463829" lon="120.225611">
				<speed>0.920740</speed>
				<ele>62.000000</ele>
				<time>2025-12-07T02:49:56Z</time>
			</trkpt>
			<trkpt lat="31.463880" lon="120.225620">
				<speed>1.108384</speed>
				<ele>63.000000</ele>
				<time>2025-12-07T02:50:01Z</time>
			</trkpt>
			<trkpt lat="31.463924" lon="120.225653">
				<speed>0.965436</speed>
				<ele>63.000000</ele>
				<time>2025-12-07T02:50:05Z</time>
			</trkpt>
			<trkpt lat="31.463973" lon="120.225679">
				<speed>1.294871</speed>
				<ele>65.000000</ele>
				<time>2025-12-07T02:50:10Z</time>
			</trkpt>
			<trkpt lat="31.463989" lon="120.225737">
				<speed>1.247694</speed>
				<ele>64.000000</ele>
				<time>2025-12-07T02:50:13Z</time>
			</trkpt>
			<trkpt lat="31.464020" lon="120.225797">
				<speed>1.424049</speed>
				<ele>64.000000</ele>
				<time>2025-12-07T02:50:16Z</time>
			</trkpt>
			<trkpt lat="31.464023" lon="120.225872">
				<speed>2.353942</speed>
				<ele>63.000000</ele>
				<time>2025-12-07T02:50:19Z</time>
			</trkpt>
			<trkpt lat="31.464026" lon="120.225940">
				<speed>1.962222</speed>
				<ele>64.000000</ele>
				<time>2025-12-07T02:50:22Z</time>
			</trkpt>
			<trkpt lat="31.464057" lon="120.226009">
				<speed>2.477467</speed>
				<ele>63.000000</ele>
				<time>2025-12-07T02:50:25Z</time>
			</trkpt>
			<trkpt lat="31.464073" lon="120.226080">
				<speed>2.287493</speed>
				<ele>64.000000</ele>
				<time>2025-12-07T02:50:28Z</time>
			</trkpt>
			<trkpt lat="31.464079" lon="120.226168">
				<speed>2.511935</speed>
				<ele>63.000000</ele>
				<time>2025-12-07T02:50:31Z</time>
			</trkpt>
			<trkpt lat="31.464098" lon="120.226233">
				<speed>2.369493</speed>
				<ele>64.000000</ele>
				<time>2025-12-07T02:50:34Z</time>
			</trkpt>
			<trkpt lat="31.464107" lon="120.226291">
				<speed>2.128986</speed>
				<ele>63.000000</ele>
				<time>2025-12-07T02:50:37Z</time>
			</trkpt>
			<trkpt lat="31.464120" lon="120.226342">
				<speed>2.351892</speed>
				<ele>63.000000</ele>
				<time>2025-12-07T02:50:39Z</time>
			</trkpt>
			<trkpt lat="31.464141" lon="120.226398">
				<speed>1.067894</speed>
				<ele>63.000000</ele>
				<time>2025-12-07T02:50:43Z</time>
			</trkpt>
			<trkpt lat="31.464159" lon="120.226458">
				<speed>1.818457</speed>
				<ele>63.000000</ele>
				<time>2025-12-07T02:50:46Z</time>
			</trkpt>
			<trkpt lat="31.464189" lon="120.226515">
				<speed>2.667029</speed>
				<ele>63.000000</ele>
				<time>2025-12-07T02:50:48Z</time>
			</trkpt>
			<trkpt lat="31.464220" lon="120.226569">
				<speed>2.349979</speed>
				<ele>62.000000</ele>
				<time>2025-12-07T02:50:51Z</time>
			</trkpt>
			<trkpt lat="31.464231" lon="120.226625">
				<speed>2.275923</speed>
				<ele>62.000000</ele>
				<time>2025-12-07T02:50:53Z</time>
			</trkpt>
			<trkpt lat="31.464250" lon="120.226693">
				<speed>2.136346</speed>
				<ele>61.000000</ele>
				<time>2025-12-07T02:50:56Z</time>
			</trkpt>
			<trkpt lat="31.464281" lon="120.226740">
				<speed>2.495340</speed>
				<ele>61.000000</ele>
				<time>2025-12-07T02:50:58Z</time>
			</trkpt>
			<trkpt lat="31.464302" lon="120.226799">
				<speed>1.827761</speed>
				<ele>61.000000</ele>
				<time>2025-12-07T02:51:01Z</time>
			</trkpt>
			<trkpt lat="31.464304" lon="120.226859">
				<speed>1.687186</speed>
				<ele>60.000000</ele>
				<time>2025-12-07T02:51:04Z</time>
			</trkpt>
			<trkpt lat="31.464306" lon="120.226916">
				<speed>1.669060</speed>
				<ele>60.000000</ele>
				<time>2025-12-07T02:51:07Z</time>
			</trkpt>
			<trkpt lat="31.464305" lon="120.226972">
				<speed>0.046625</speed>
				<ele>62.000000</ele>
				<time>2025-12-07T02:51:47Z</time>
			</trkpt>
			<trkpt lat="31.464319" lon="120.227041">
				<speed>0.896241</speed>
				<ele>61.000000</ele>
				<time>2025-12-07T02:52:35Z</time>
			</trkpt>
			<trkpt lat="31.464346" lon="120.227086">
				<speed>0.273088</speed>
				<ele>62.000000</ele>
				<time>2025-12-07T02:52:54Z</time>
			</trkpt>
			<trkpt lat="31.464393" lon="120.227099">
				<speed>1.099683</speed>
				<ele>65.000000</ele>
				<time>2025-12-07T02:53:06Z</time>
			</trkpt>
			<trkpt lat="31.464415" lon="120.227146">
				<speed>1.589948</speed>
				<ele>65.000000</ele>
				<time>2025-12-07T02:53:10Z</time>
			</trkpt>
			<trkpt lat="31.464444" lon="120.227189">
				<speed>1.631011</speed>
				<ele>66.000000</ele>
				<time>2025-12-07T02:53:13Z</time>
			</trkpt>
			<trkpt lat="31.464488" lon="120.227225">
				<speed>1.420369</speed>
				<ele>68.000000</ele>
				<time>2025-12-07T02:53:17Z</time>
			</trkpt>
			<trkpt lat="31.464502" lon="120.227283">
				<speed>1.251974</speed>
				<ele>69.000000</ele>
				<time>2025-12-07T02:53:21Z</time>
			</trkpt>
			<trkpt lat="31.464549" lon="120.227291">
				<speed>0.522340</speed>
				<ele>70.000000</ele>
				<time>2025-12-07T02:53:27Z</time>
			</trkpt>
			<trkpt lat="31.464593" lon="120.227305">
				<speed>0.738963</speed>
				<ele>71.000000</ele>
				<time>2025-12-07T02:53:32Z</time>
			</trkpt>
			<trkpt lat="31.464632" lon="120.227335">
				<speed>0.485627</speed>
				<ele>72.000000</ele>
				<time>2025-12-07T02:53:39Z</time>
			</trkpt>
			<trkpt lat="31.464671" lon="120.227364">
				<speed>0.689966</speed>
				<ele>74.000000</ele>
				<time>2025-12-07T02:53:45Z</time>
			</trkpt>
			<trkpt lat="31.464719" lon="120.227378">
				<speed>0.491658</speed>
				<ele>75.000000</ele>
				<time>2025-12-07T02:53:55Z</time>
			</trkpt>
			<trkpt lat="31.464753" lon="120.227416">
				<speed>0.557034</speed>
				<ele>76.000000</ele>
				<time>2025-12-07T02:54:04Z</time>
			</trkpt>
			<trkpt lat="31.464796" lon="120.227437">
				<speed>0.606755</speed>
				<ele>78.000000</ele>
				<time>2025-12-07T02:54:11Z</time>
			</trkpt>
			<trkpt lat="31.464836" lon="120.227472">
				<speed>0.791309</speed>
				<ele>79.000000</ele>
				<time>2025-12-07T02:54:20Z</time>
			</trkpt>
			<trkpt lat="31.464876" lon="120.227504">
				<speed>0.464499</speed>
				<ele>82.000000</ele>
				<time>2025-12-07T02:54:31Z</time>
			</trkpt>
			<trkpt lat="31.464906" lon="120.227546">
				<speed>0.582148</speed>
				<ele>83.000000</ele>
				<time>2025-12-07T02:54:40Z</time>
			</trkpt>
			<trkpt lat="31.464926" lon="120.227597">
				<speed>0.677265</speed>
				<ele>84.000000</ele>
				<time>2025-12-07T02:54:48Z</time>
			</trkpt>
			<trkpt lat="31.464963" lon="120.227633">
				<speed>0.712029</speed>
				<ele>85.000000</ele>
				<time>2025-12-07T02:54:55Z</time>
			</trkpt>
			<trkpt lat="31.465008" lon="120.227652">
				<speed>0.368596</speed>
				<ele>89.000000</ele>
				<time>2025-12-07T02:55:09Z</time>
			</trkpt>
			<trkpt lat="31.465058" lon="120.227682">
				<speed>0.996454</speed>
				<ele>91.000000</ele>
				<time>2025-12-07T02:55:19Z</time>
			</trkpt>
			<trkpt lat="31.465095" lon="120.227731">
				<speed>0.869452</speed>
				<ele>91.000000</ele>
				<time>2025-12-07T02:55:26Z</time>
			</trkpt>
			<trkpt lat="31.465144" lon="120.227740">
				<speed>0.682791</speed>
				<ele>92.000000</ele>
				<time>2025-12-07T02:55:33Z</time>
			</trkpt>
			<trkpt lat="31.465189" lon="120.227749">
				<speed>0.679283</speed>
				<ele>93.000000</ele>
				<time>2025-12-07T02:55:39Z</time>
			</trkpt>
			<trkpt lat="31.465235" lon="120.227753">
				<speed>0.671712</speed>
				<ele>95.000000</ele>
				<time>2025-12-07T02:55:45Z</time>
			</trkpt>
			<trkpt lat="31.465277" lon="120.227777">
				<speed>1.157888</speed>
				<ele>94.000000</ele>
				<time>2025-12-07T02:55:50Z</time>
			</trkpt>
			<trkpt lat="31.465323" lon="120.227824">
				<speed>1.323474</speed>
				<ele>95.000000</ele>
				<time>2025-12-07T02:55:56Z</time>
			</trkpt>
			<trkpt lat="31.465339" lon="120.227874">
				<speed>1.124550</speed>
				<ele>95.000000</ele>
				<time>2025-12-07T02:56:00Z</time>
			</trkpt>
			<trkpt lat="31.465374" lon="120.227923">
				<speed>1.467643</speed>
				<ele>95.000000</ele>
				<time>2025-12-07T02:56:04Z</time>
			</trkpt>
			<trkpt lat="31.465412" lon="120.227980">
				<speed>1.927263</speed>
				<ele>94.000000</ele>
				<time>2025-12-07T02:56:07Z</time>
			</trkpt>
			<trkpt lat="31.465450" lon="120.228025">
				<speed>1.788178</speed>
				<ele>93.000000</ele>
				<time>2025-12-07T02:56:10Z</time>
			</trkpt>
			<trkpt lat="31.465470" lon="120.228091">
				<speed>1.835889</speed>
				<ele>92.000000</ele>
				<time>2025-12-07T02:56:13Z</time>
			</trkpt>
			<trkpt lat="31.465470" lon="120.228153">
				<speed>2.020003</speed>
				<ele>93.000000</ele>
				<time>2025-12-07T02:56:16Z</time>
			</trkpt>
			<trkpt lat="31.465473" lon="120.228216">
				<speed>2.179153</speed>
				<ele>92.000000</ele>
				<time>2025-12-07T02:56:19Z</time>
			</trkpt>
			<trkpt lat="31.465508" lon="120.228259">
				<speed>1.422547</speed>
				<ele>93.000000</ele>
				<time>2025-12-07T02:56:23Z</time>
			</trkpt>
			<trkpt lat="31.465530" lon="120.228315">
				<speed>2.202404</speed>
				<ele>91.000000</ele>
				<time>2025-12-07T02:56:26Z</time>
			</trkpt>
			<trkpt lat="31.465558" lon="120.228359">
				<speed>1.091815</speed>
				<ele>91.000000</ele>
				<time>2025-12-07T02:56:31Z</time>
			</trkpt>
			<trkpt lat="31.465603" lon="120.228385">
				<speed>2.500022</speed>
				<ele>90.000000</ele>
				<time>2025-12-07T02:56:33Z</time>
			</trkpt>
			<trkpt lat="31.465648" lon="120.228419">
				<speed>2.068343</speed>
				<ele>90.000000</ele>
				<time>2025-12-07T02:56:36Z</time>
			</trkpt>
			<trkpt lat="31.465674" lon="120.228470">
				<speed>2.613308</speed>
				<ele>91.000000</ele>
				<time>2025-12-07T02:56:38Z</time>
			</trkpt>
			<trkpt lat="31.465718" lon="120.228490">
				<speed>2.371503</speed>
				<ele>92.000000</ele>
				<time>2025-12-07T02:56:40Z</time>
			</trkpt>
			<trkpt lat="31.465730" lon="120.228551">
				<speed>1.745738</speed>
				<ele>92.000000</ele>
				<time>2025-12-07T02:56:43Z</time>
			</trkpt>
			<trkpt lat="31.465743" lon="120.228603">
				<speed>1.358043</speed>
				<ele>93.000000</ele>
				<time>2025-12-07T02:56:49Z</time>
			</trkpt>
			<trkpt lat="31.465772" lon="120.228658">
				<speed>1.131684</speed>
				<ele>94.000000</ele>
				<time>2025-12-07T02:56:54Z</time>
			</trkpt>
			<trkpt lat="31.465789" lon="120.228707">
				<speed>1.265193</speed>
				<ele>94.000000</ele>
				<time>2025-12-07T02:56:58Z</time>
			</trkpt>
			<trkpt lat="31.465820" lon="120.228749">
				<speed>0.498982</speed>
				<ele>94.000000</ele>
				<time>2025-12-07T02:57:03Z</time>
			</trkpt>
			<trkpt lat="31.465858" lon="120.228780">
				<speed>1.268462</speed>
				<ele>95.000000</ele>
				<time>2025-12-07T02:57:06Z</time>
			</trkpt>
			<trkpt lat="31.465908" lon="120.228803">
				<speed>0.655322</speed>
				<ele>95.000000</ele>
				<time>2025-12-07T02:57:12Z</time>
			</trkpt>
			<trkpt lat="31.465946" lon="120.228843">
				<speed>0.764385</speed>
				<ele>97.000000</ele>
				<time>2025-12-07T02:57:20Z</time>
			</trkpt>
			<trkpt lat="31.465979" lon="120.228895">
				<speed>1.144301</speed>
				<ele>99.000000</ele>
				<time>2025-12-07T02:57:29Z</time>
			</trkpt>
			<trkpt lat="31.466003" lon="120.228947">
				<speed>0.910083</speed>
				<ele>100.000000</ele>
				<time>2025-12-07T02:57:35Z</time>
			</trkpt>
			<trkpt lat="31.466034" lon="120.228988">
				<speed>0.811456</speed>
				<ele>102.000000</ele>
				<time>2025-12-07T02:57:42Z</time>
			</trkpt>
			<trkpt lat="31.466058" lon="120.229033">
				<speed>0.807789</speed>
				<ele>102.000000</ele>
				<time>2025-12-07T02:57:48Z</time>
			</trkpt>
			<trkpt lat="31.466107" lon="120.229064">
				<speed>1.429201</speed>
				<ele>103.000000</ele>
				<time>2025-12-07T02:57:53Z</time>
			</trkpt>
			<trkpt lat="31.466160" lon="120.229073">
				<speed>1.002092</speed>
				<ele>104.000000</ele>
				<time>2025-12-07T02:57:58Z</time>
			</trkpt>
			<trkpt lat="31.466206" lon="120.229077">
				<speed>0.764216</speed>
				<ele>104.000000</ele>
				<time>2025-12-07T02:58:03Z</time>
			</trkpt>
			<trkpt lat="31.466252" lon="120.229077">
				<speed>0.848201</speed>
				<ele>105.000000</ele>
				<time>2025-12-07T02:58:09Z</time>
			</trkpt>
			<trkpt lat="31.466305" lon="120.229086">
				<speed>1.063344</speed>
				<ele>106.000000</ele>
				<time>2025-12-07T02:58:14Z</time>
			</trkpt>
			<trkpt lat="31.466359" lon="120.229083">
				<speed>1.161194</speed>
				<ele>106.000000</ele>
				<time>2025-12-07T02:58:21Z</time>
			</trkpt>
			<trkpt lat="31.466412" lon="120.229091">
				<speed>1.257046</speed>
				<ele>107.000000</ele>
				<time>2025-12-07T02:58:25Z</time>
			</trkpt>
			<trkpt lat="31.466464" lon="120.229084">
				<speed>1.005465</speed>
				<ele>108.000000</ele>
				<time>2025-12-07T02:58:30Z</time>
			</trkpt>
			<trkpt lat="31.466516" lon="120.229062">
				<speed>1.231855</speed>
				<ele>108.000000</ele>
				<time>2025-12-07T02:58:35Z</time>
			</trkpt>
			<trkpt lat="31.466567" lon="120.229064">
				<speed>1.251831</speed>
				<ele>108.000000</ele>
				<time>2025-12-07T02:58:38Z</time>
			</trkpt>
			<trkpt lat="31.466623" lon="120.229066">
				<speed>1.486119</speed>
				<ele>108.000000</ele>
				<time>2025-12-07T02:58:42Z</time>
			</trkpt>
			<trkpt lat="31.466667" lon="120.229082">
				<speed>1.009431</speed>
				<ele>109.000000</ele>
				<time>2025-12-07T02:58:47Z</time>
			</trkpt>
			<trkpt lat="31.466713" lon="120.229106">
				<speed>1.616990</speed>
				<ele>108.000000</ele>
				<time>2025-12-07T02:58:49Z</time>
			</trkpt>
			<trkpt lat="31.466767" lon="120.229109">
				<speed>1.563190</speed>
				<ele>109.000000</ele>
				<time>2025-12-07T02:58:52Z</time>
			</trkpt>
			<trkpt lat="31.466820" lon="120.229126">
				<speed>1.358486</speed>
				<ele>108.000000</ele>
				<time>2025-12-07T02:58:55Z</time>
			</trkpt>
			<trkpt lat="31.466885" lon="120.229154">
				<speed>2.642953</speed>
				<ele>108.000000</ele>
				<time>2025-12-07T02:58:58Z</time>
			</trkpt>
			<trkpt lat="31.466941" lon="120.229162">
				<speed>2.257097</speed>
				<ele>108.000000</ele>
				<time>2025-12-07T02:59:01Z</time>
			</trkpt>
			<trkpt lat="31.466977" lon="120.229207">
				<speed>1.678405</speed>
				<ele>109.000000</ele>
				<time>2025-12-07T02:59:04Z</time>
			</trkpt>
			<trkpt lat="31.467014" lon="120.229253">
				<speed>1.516893</speed>
				<ele>110.000000</ele>
				<time>2025-12-07T02:59:08Z</time>
			</trkpt>
			<trkpt lat="31.467048" lon="120.229296">
				<speed>1.793937</speed>
				<ele>110.000000</ele>
				<time>2025-12-07T02:59:11Z</time>
			</trkpt>
			<trkpt lat="31.467090" lon="120.229317">
				<speed>0.729270</speed>
				<ele>110.000000</ele>
				<time>2025-12-07T02:59:16Z</time>
			</trkpt>
			<trkpt lat="31.467147" lon="120.229332">
				<speed>1.054648</speed>
				<ele>112.000000</ele>
				<time>2025-12-07T02:59:22Z</time>
			</trkpt>
			<trkpt lat="31.467198" lon="120.229350">
				<speed>0.694349</speed>
				<ele>113.000000</ele>
				<time>2025-12-07T02:59:28Z</time>
			</trkpt>
			<trkpt lat="31.467239" lon="120.229384">
				<speed>0.885453</speed>
				<ele>114.000000</ele>
				<time>2025-12-07T02:59:33Z</time>
			</trkpt>
			<trkpt lat="31.467287" lon="120.229408">
				<speed>1.069018</speed>
				<ele>115.000000</ele>
				<time>2025-12-07T02:59:38Z</time>
			</trkpt>
			<trkpt lat="31.467334" lon="120.229409">
				<speed>0.703992</speed>
				<ele>117.000000</ele>
				<time>2025-12-07T02:59:42Z</time>
			</trkpt>
			<trkpt lat="31.467384" lon="120.229403">
				<speed>0.801500</speed>
				<ele>118.000000</ele>
				<time>2025-12-07T02:59:47Z</time>
			</trkpt>
			<trkpt lat="31.467430" lon="120.229410">
				<speed>0.569228</speed>
				<ele>119.000000</ele>
				<time>2025-12-07T02:59:51Z</time>
			</trkpt>
			<trkpt lat="31.467461" lon="120.229453">
				<speed>0.611237</speed>
				<ele>120.000000</ele>
				<time>2025-12-07T02:59:56Z</time>
			</trkpt>
			<trkpt lat="31.467482" lon="120.229513">
				<speed>1.568817</speed>
				<ele>121.000000</ele>
				<time>2025-12-07T03:00:01Z</time>
			</trkpt>
			<trkpt lat="31.467524" lon="120.229562">
				<speed>1.004928</speed>
				<ele>124.000000</ele>
				<time>2025-12-07T03:00:07Z</time>
			</trkpt>
			<trkpt lat="31.467578" lon="120.229569">
				<speed>0.768318</speed>
				<ele>124.000000</ele>
				<time>2025-12-07T03:00:12Z</time>
			</trkpt>
			<trkpt lat="31.467626" lon="120.229610">
				<speed>0.972985</speed>
				<ele>125.000000</ele>
				<time>2025-12-07T03:00:19Z</time>
			</trkpt>
			<trkpt lat="31.467668" lon="120.229640">
				<speed>1.014287</speed>
				<ele>126.000000</ele>
				<time>2025-12-07T03:00:24Z</time>
			</trkpt>
			<trkpt lat="31.467713" lon="120.229658">
				<speed>0.739306</speed>
				<ele>126.000000</ele>
				<time>2025-12-07T03:00:28Z</time>
			</trkpt>
			<trkpt lat="31.467763" lon="120.229650">
				<speed>0.914591</speed>
				<ele>126.000000</ele>
				<time>2025-12-07T03:00:32Z</time>
			</trkpt>
			<trkpt lat="31.467800" lon="120.229680">
				<speed>1.029644</speed>
				<ele>126.000000</ele>
				<time>2025-12-07T03:00:38Z</time>
			</trkpt>
			<trkpt lat="31.467823" lon="120.229728">
				<speed>1.057387</speed>
				<ele>127.000000</ele>
				<time>2025-12-07T03:00:43Z</time>
			</trkpt>
			<trkpt lat="31.467823" lon="120.229781">
				<speed>0.817342</speed>
				<ele>127.000000</ele>
				<time>2025-12-07T03:00:48Z</time>
			</trkpt>
			<trkpt lat="31.467835" lon="120.229835">
				<speed>0.990340</speed>
				<ele>128.000000</ele>
				<time>2025-12-07T03:00:52Z</time>
			</trkpt>
			<trkpt lat="31.467858" lon="120.229886">
				<speed>1.134786</speed>
				<ele>127.000000</ele>
				<time>2025-12-07T03:00:55Z</time>
			</trkpt>
			<trkpt lat="31.467881" lon="120.229935">
				<speed>0.903350</speed>
				<ele>127.000000</ele>
				<time>2025-12-07T03:00:59Z</time>
			</trkpt>
			<trkpt lat="31.467901" lon="120.229988">
				<speed>1.307896</speed>
				<ele>128.000000</ele>
				<time>2025-12-07T03:01:03Z</time>
			</trkpt>
			<trkpt lat="31.467909" lon="120.230056">
				<speed>1.339345</speed>
				<ele>128.000000</ele>
				<time>2025-12-07T03:01:10Z</time>
			</trkpt>
			<trkpt lat="31.467867" lon="120.230100">
				<speed>0.998911</speed>
				<ele>128.000000</ele>
				<time>2025-12-07T03:01:15Z</time>
			</trkpt>
			<trkpt lat="31.467848" lon="120.230163">
				<speed>1.381365</speed>
				<ele>128.000000</ele>
				<time>2025-12-07T03:01:19Z</time>
			</trkpt>
			<trkpt lat="31.467855" lon="120.230235">
				<speed>1.724477</speed>
				<ele>129.000000</ele>
				<time>2025-12-07T03:01:23Z</time>
			</trkpt>
			<trkpt lat="31.467864" lon="120.230291">
				<speed>1.702736</speed>
				<ele>128.000000</ele>
				<time>2025-12-07T03:01:27Z</time>
			</trkpt>
			<trkpt lat="31.467884" lon="120.230350">
				<speed>1.718860</speed>
				<ele>127.000000</ele>
				<time>2025-12-07T03:01:31Z</time>
			</trkpt>
			<trkpt lat="31.467896" lon="120.230412">
				<speed>1.747271</speed>
				<ele>127.000000</ele>
				<time>2025-12-07T03:01:35Z</time>
			</trkpt>
			<trkpt lat="31.467916" lon="120.230460">
				<speed>1.630282</speed>
				<ele>127.000000</ele>
				<time>2025-12-07T03:01:39Z</time>
			</trkpt>
			<trkpt lat="31.467948" lon="120.230499">
				<speed>1.671607</speed>
				<ele>127.000000</ele>
				<time>2025-12-07T03:01:43Z</time>
			</trkpt>
			<trkpt lat="31.467962" lon="120.230559">
				<speed>1.727768</speed>
				<ele>126.000000</ele>
				<time>2025-12-07T03:01:48Z</time>
			</trkpt>
			<trkpt lat="31.467996" lon="120.230598">
				<speed>1.757034</speed>
				<ele>127.000000</ele>
				<time>2025-12-07T03:01:51Z</time>
			</trkpt>
			<trkpt lat="31.468019" lon="120.230645">
				<speed>1.805922</speed>
				<ele>127.000000</ele>
				<time>2025-12-07T03:01:54Z</time>
			</trkpt>
			<trkpt lat="31.468054" lon="120.230684">
				<speed>1.712774</speed>
				<ele>125.000000</ele>
				<time>2025-12-07T03:01:57Z</time>
			</trkpt>
			<trkpt lat="31.468082" lon="120.230744">
				<speed>1.908651</speed>
				<ele>125.000000</ele>
				<time>2025-12-07T03:02:00Z</time>
			</trkpt>
			<trkpt lat="31.468140" lon="120.230765">
				<speed>2.081137</speed>
				<ele>124.000000</ele>
				<time>2025-12-07T03:02:03Z</time>
			</trkpt>
			<trkpt lat="31.468190" lon="120.230808">
				<speed>1.875581</speed>
				<ele>124.000000</ele>
				<time>2025-12-07T03:02:06Z</time>
			</trkpt>
			<trkpt lat="31.468243" lon="120.230814">
				<speed>1.517559</speed>
				<ele>122.000000</ele>
				<time>2025-12-07T03:02:10Z</time>
			</trkpt>
			<trkpt lat="31.468286" lon="120.230845">
				<speed>2.012192</speed>
				<ele>120.000000</ele>
				<time>2025-12-07T03:02:13Z</time>
			</trkpt>
			<trkpt lat="31.468332" lon="120.230863">
				<speed>2.557990</speed>
				<ele>121.000000</ele>
				<time>2025-12-07T03:02:15Z</time>
			</trkpt>
			<trkpt lat="31.468388" lon="120.230865">
				<speed>1.685382</speed>
				<ele>119.000000</ele>
				<time>2025-12-07T03:02:19Z</time>
			</trkpt>
			<trkpt lat="31.468449" lon="120.230873">
				<speed>2.573715</speed>
				<ele>116.000000</ele>
				<time>2025-12-07T03:02:22Z</time>
			</trkpt>
			<trkpt lat="31.468502" lon="120.230892">
				<speed>1.508931</speed>
				<ele>116.000000</ele>
				<time>2025-12-07T03:02:26Z</time>
			</trkpt>
			<trkpt lat="31.468559" lon="120.230905">
				<speed>1.425841</speed>
				<ele>114.000000</ele>
				<time>2025-12-07T03:02:30Z</time>
			</trkpt>
			<trkpt lat="31.468604" lon="120.230908">
				<speed>1.207053</speed>
				<ele>112.000000</ele>
				<time>2025-12-07T03:02:33Z</time>
			</trkpt>
			<trkpt lat="31.468652" lon="120.230912">
				<speed>1.465799</speed>
				<ele>110.000000</ele>
				<time>2025-12-07T03:02:37Z</time>
			</trkpt>
			<trkpt lat="31.468701" lon="120.230922">
				<speed>1.821121</speed>
				<ele>110.000000</ele>
				<time>2025-12-07T03:02:40Z</time>
			</trkpt>
			<trkpt lat="31.468756" lon="120.230928">
				<speed>2.550199</speed>
				<ele>111.000000</ele>
				<time>2025-12-07T03:02:42Z</time>
			</trkpt>
			<trkpt lat="31.468814" lon="120.230929">
				<speed>2.438954</speed>
				<ele>109.000000</ele>
				<time>2025-12-07T03:02:44Z</time>
			</trkpt>
			<trkpt lat="31.468859" lon="120.230946">
				<speed>2.179044</speed>
				<ele>108.000000</ele>
				<time>2025-12-07T03:02:46Z</time>
			</trkpt>
			<trkpt lat="31.468906" lon="120.230972">
				<speed>1.780114</speed>
				<ele>105.000000</ele>
				<time>2025-12-07T03:02:49Z</time>
			</trkpt>
			<trkpt lat="31.468949" lon="120.231026">
				<speed>2.284825</speed>
				<ele>105.000000</ele>
				<time>2025-12-07T03:02:52Z</time>
			</trkpt>
			<trkpt lat="31.468998" lon="120.231049">
				<speed>2.010880</speed>
				<ele>104.000000</ele>
				<time>2025-12-07T03:02:55Z</time>
			</trkpt>
			<trkpt lat="31.469008" lon="120.231106">
				<speed>2.460861</speed>
				<ele>105.000000</ele>
				<time>2025-12-07T03:02:57Z</time>
			</trkpt>
			<trkpt lat="31.469023" lon="120.231161">
				<speed>2.142216</speed>
				<ele>103.000000</ele>
				<time>2025-12-07T03:03:00Z</time>
			</trkpt>
			<trkpt lat="31.469053" lon="120.231225">
				<speed>2.476822</speed>
				<ele>104.000000</ele>
				<time>2025-12-07T03:03:03Z</time>
			</trkpt>
			<trkpt lat="31.469101" lon="120.231282">
				<speed>2.957413</speed>
				<ele>104.000000</ele>
				<time>2025-12-07T03:03:06Z</time>
			</trkpt>
			<trkpt lat="31.469154" lon="120.231319">
				<speed>2.978648</speed>
				<ele>103.000000</ele>
				<time>2025-12-07T03:03:08Z</time>
			</trkpt>
			<trkpt lat="31.469189" lon="120.231395">
				<speed>3.597706</speed>
				<ele>102.000000</ele>
				<time>2025-12-07T03:03:10Z</time>
			</trkpt>
			<trkpt lat="31.469229" lon="120.231444">
				<speed>3.000107</speed>
				<ele>102.000000</ele>
				<time>2025-12-07T03:03:11Z</time>
			</trkpt>
			<trkpt lat="31.469270" lon="120.231483">
				<speed>2.753663</speed>
				<ele>102.000000</ele>
				<time>2025-12-07T03:03:13Z</time>
			</trkpt>
			<trkpt lat="31.469302" lon="120.231529">
				<speed>2.699946</speed>
				<ele>101.000000</ele>
				<time>2025-12-07T03:03:15Z</time>
			</trkpt>
			<trkpt lat="31.469353" lon="120.231565">
				<speed>2.059268</speed>
				<ele>99.000000</ele>
				<time>2025-12-07T03:03:18Z</time>
			</trkpt>
			<trkpt lat="31.469393" lon="120.231599">
				<speed>2.496861</speed>
				<ele>99.000000</ele>
				<time>2025-12-07T03:03:20Z</time>
			</trkpt>
			<trkpt lat="31.469422" lon="120.231646">
				<speed>2.066985</speed>
				<ele>99.000000</ele>
				<time>2025-12-07T03:03:23Z</time>
			</trkpt>
			<trkpt lat="31.469463" lon="120.231683">
				<speed>2.209829</speed>
				<ele>99.000000</ele>
				<time>2025-12-07T03:03:26Z</time>
			</trkpt>
			<trkpt lat="31.469477" lon="120.231751">
				<speed>2.110754</speed>
				<ele>97.000000</ele>
				<time>2025-12-07T03:03:30Z</time>
			</trkpt>
			<trkpt lat="31.469523" lon="120.231804">
				<speed>2.183103</speed>
				<ele>97.000000</ele>
				<time>2025-12-07T03:03:33Z</time>
			</trkpt>
			<trkpt lat="31.469517" lon="120.231867">
				<speed>2.819609</speed>
				<ele>97.000000</ele>
				<time>2025-12-07T03:03:35Z</time>
			</trkpt>
			<trkpt lat="31.469555" lon="120.231911">
				<speed>1.820539</speed>
				<ele>97.000000</ele>
				<time>2025-12-07T03:03:38Z</time>
			</trkpt>
			<trkpt lat="31.469592" lon="120.231943">
				<speed>2.384568</speed>
				<ele>98.000000</ele>
				<time>2025-12-07T03:03:40Z</time>
			</trkpt>
			<trkpt lat="31.469628" lon="120.231982">
				<speed>2.652745</speed>
				<ele>98.000000</ele>
				<time>2025-12-07T03:03:42Z</time>
			</trkpt>
			<trkpt lat="31.469686" lon="120.232014">
				<speed>2.273136</speed>
				<ele>98.000000</ele>
				<time>2025-12-07T03:03:45Z</time>
			</trkpt>
			<trkpt lat="31.469744" lon="120.232051">
				<speed>2.424669</speed>
				<ele>100.000000</ele>
				<time>2025-12-07T03:03:48Z</time>
			</trkpt>
			<trkpt lat="31.469791" lon="120.232043">
				<speed>2.159368</speed>
				<ele>100.000000</ele>
				<time>2025-12-07T03:03:50Z</time>
			</trkpt>
			<trkpt lat="31.469841" lon="120.232065">
				<speed>1.532746</speed>
				<ele>99.000000</ele>
				<time>2025-12-07T03:03:54Z</time>
			</trkpt>
			<trkpt lat="31.469884" lon="120.232088">
				<speed>1.855891</speed>
				<ele>99.000000</ele>
				<time>2025-12-07T03:03:57Z</time>
			</trkpt>
			<trkpt lat="31.469928" lon="120.232108">
				<speed>1.754003</speed>
				<ele>100.000000</ele>
				<time>2025-12-07T03:04:00Z</time>
			</trkpt>
			<trkpt lat="31.469975" lon="120.232107">
				<speed>1.759126</speed>
				<ele>101.000000</ele>
				<time>2025-12-07T03:04:03Z</time>
			</trkpt>
			<trkpt lat="31.470028" lon="120.232133">
				<speed>1.761978</speed>
				<ele>102.000000</ele>
				<time>2025-12-07T03:04:06Z</time>
			</trkpt>
			<trkpt lat="31.470085" lon="120.232148">
				<speed>1.480364</speed>
				<ele>102.000000</ele>
				<time>2025-12-07T03:04:09Z</time>
			</trkpt>
			<trkpt lat="31.470136" lon="120.232162">
				<speed>2.028971</speed>
				<ele>103.000000</ele>
				<time>2025-12-07T03:04:11Z</time>
			</trkpt>
			<trkpt lat="31.470183" lon="120.232168">
				<speed>1.697825</speed>
				<ele>105.000000</ele>
				<time>2025-12-07T03:04:14Z</time>
			</trkpt>
			<trkpt lat="31.470223" lon="120.232213">
				<speed>1.819982</speed>
				<ele>107.000000</ele>
				<time>2025-12-07T03:04:18Z</time>
			</trkpt>
			<trkpt lat="31.470257" lon="120.232251">
				<speed>1.709124</speed>
				<ele>108.000000</ele>
				<time>2025-12-07T03:04:21Z</time>
			</trkpt>
			<trkpt lat="31.470288" lon="120.232296">
				<speed>1.086950</speed>
				<ele>109.000000</ele>
				<time>2025-12-07T03:04:26Z</time>
			</trkpt>
			<trkpt lat="31.470335" lon="120.232332">
				<speed>1.039611</speed>
				<ele>109.000000</ele>
				<time>2025-12-07T03:04:31Z</time>
			</trkpt>
			<trkpt lat="31.470385" lon="120.232342">
				<speed>0.884308</speed>
				<ele>110.000000</ele>
				<time>2025-12-07T03:04:36Z</time>
			</trkpt>
			<trkpt lat="31.470444" lon="120.232350">
				<speed>1.054112</speed>
				<ele>110.000000</ele>
				<time>2025-12-07T03:04:40Z</time>
			</trkpt>
			<trkpt lat="31.470489" lon="120.232380">
				<speed>1.051707</speed>
				<ele>111.000000</ele>
				<time>2025-12-07T03:04:45Z</time>
			</trkpt>
			<trkpt lat="31.470538" lon="120.232398">
				<speed>1.253886</speed>
				<ele>113.000000</ele>
				<time>2025-12-07T03:04:50Z</time>
			</trkpt>
			<trkpt lat="31.470586" lon="120.232391">
				<speed>0.504733</speed>
				<ele>114.000000</ele>
				<time>2025-12-07T03:04:54Z</time>
			</trkpt>
			<trkpt lat="31.470629" lon="120.232370">
				<speed>0.799441</speed>
				<ele>115.000000</ele>
				<time>2025-12-07T03:04:58Z</time>
			</trkpt>
			<trkpt lat="31.470683" lon="120.232381">
				<speed>1.004229</speed>
				<ele>116.000000</ele>
				<time>2025-12-07T03:05:04Z</time>
			</trkpt>
			<trkpt lat="31.470740" lon="120.232369">
				<speed>1.359508</speed>
				<ele>117.000000</ele>
				<time>2025-12-07T03:05:08Z</time>
			</trkpt>
			<trkpt lat="31.470786" lon="120.232366">
				<speed>0.645619</speed>
				<ele>118.000000</ele>
				<time>2025-12-07T03:05:12Z</time>
			</trkpt>
			<trkpt lat="31.470834" lon="120.232361">
				<speed>0.866633</speed>
				<ele>118.000000</ele>
				<time>2025-12-07T03:05:16Z</time>
			</trkpt>
			<trkpt lat="31.470883" lon="120.232375">
				<speed>0.953505</speed>
				<ele>119.000000</ele>
				<time>2025-12-07T03:05:20Z</time>
			</trkpt>
			<trkpt lat="31.470931" lon="120.232382">
				<speed>0.810013</speed>
				<ele>120.000000</ele>
				<time>2025-12-07T03:05:25Z</time>
			</trkpt>
			<trkpt lat="31.470978" lon="120.232408">
				<speed>0.768827</speed>
				<ele>122.000000</ele>
				<time>2025-12-07T03:05:30Z</time>
			</trkpt>
			<trkpt lat="31.471032" lon="120.232408">
				<speed>1.068782</speed>
				<ele>122.000000</ele>
				<time>2025-12-07T03:05:35Z</time>
			</trkpt>
			<trkpt lat="31.471070" lon="120.232436">
				<speed>1.191632</speed>
				<ele>124.000000</ele>
				<time>2025-12-07T03:05:40Z</time>
			</trkpt>
			<trkpt lat="31.471126" lon="120.232445">
				<speed>0.931251</speed>
				<ele>126.000000</ele>
				<time>2025-12-07T03:05:46Z</time>
			</trkpt>
			<trkpt lat="31.471182" lon="120.232445">
				<speed>0.878541</speed>
				<ele>127.000000</ele>
				<time>2025-12-07T03:05:53Z</time>
			</trkpt>
			<trkpt lat="31.471230" lon="120.232444">
				<speed>0.592640</speed>
				<ele>129.000000</ele>
				<time>2025-12-07T03:05:58Z</time>
			</trkpt>
			<trkpt lat="31.471286" lon="120.232430">
				<speed>0.961025</speed>
				<ele>129.000000</ele>
				<time>2025-12-07T03:06:04Z</time>
			</trkpt>
			<trkpt lat="31.471326" lon="120.232398">
				<speed>0.883866</speed>
				<ele>130.000000</ele>
				<time>2025-12-07T03:06:09Z</time>
			</trkpt>
			<trkpt lat="31.471377" lon="120.232404">
				<speed>0.566442</speed>
				<ele>132.000000</ele>
				<time>2025-12-07T03:06:18Z</time>
			</trkpt>
			<trkpt lat="31.471416" lon="120.232431">
				<speed>0.616584</speed>
				<ele>133.000000</ele>
				<time>2025-12-07T03:06:27Z</time>
			</trkpt>
			<trkpt lat="31.471450" lon="120.232476">
				<speed>0.986632</speed>
				<ele>134.000000</ele>
				<time>2025-12-07T03:06:34Z</time>
			</trkpt>
			<trkpt lat="31.471485" lon="120.232515">
				<speed>0.744578</speed>
				<ele>135.000000</ele>
				<time>2025-12-07T03:06:41Z</time>
			</trkpt>
			<trkpt lat="31.471534" lon="120.232524">
				<speed>0.955214</speed>
				<ele>136.000000</ele>
				<time>2025-12-07T03:06:44Z</time>
			</trkpt>
			<trkpt lat="31.471585" lon="120.232555">
				<speed>0.878385</speed>
				<ele>136.000000</ele>
				<time>2025-12-07T03:06:50Z</time>
			</trkpt>
			<trkpt lat="31.471627" lon="120.232583">
				<speed>0.978175</speed>
				<ele>136.000000</ele>
				<time>2025-12-07T03:06:55Z</time>
			</trkpt>
			<trkpt lat="31.471671" lon="120.232617">
				<speed>0.950943</speed>
				<ele>137.000000</ele>
				<time>2025-12-07T03:07:01Z</time>
			</trkpt>
			<trkpt lat="31.471720" lon="120.232615">
				<speed>0.883174</speed>
				<ele>137.000000</ele>
				<time>2025-12-07T03:07:05Z</time>
			</trkpt>
			<trkpt lat="31.471769" lon="120.232590">
				<speed>0.937283</speed>
				<ele>137.000000</ele>
				<time>2025-12-07T03:07:09Z</time>
			</trkpt>
			<trkpt lat="31.471821" lon="120.232584">
				<speed>0.800195</speed>
				<ele>137.000000</ele>
				<time>2025-12-07T03:07:14Z</time>
			</trkpt>
			<trkpt lat="31.471857" lon="120.232623">
				<speed>0.958336</speed>
				<ele>136.000000</ele>
				<time>2025-12-07T03:07:18Z</time>
			</trkpt>
			<trkpt lat="31.471901" lon="120.232654">
				<speed>1.237165</speed>
				<ele>136.000000</ele>
				<time>2025-12-07T03:07:22Z</time>
			</trkpt>
			<trkpt lat="31.471941" lon="120.232686">
				<speed>1.444697</speed>
				<ele>136.000000</ele>
				<time>2025-12-07T03:07:26Z</time>
			</trkpt>
			<trkpt lat="31.471974" lon="120.232747">
				<speed>1.566300</speed>
				<ele>137.000000</ele>
				<time>2025-12-07T03:07:31Z</time>
			</trkpt>
			<trkpt lat="31.472006" lon="120.232791">
				<speed>1.525463</speed>
				<ele>137.000000</ele>
				<time>2025-12-07T03:07:35Z</time>
			</trkpt>
			<trkpt lat="31.472043" lon="120.232828">
				<speed>1.235481</speed>
				<ele>138.000000</ele>
				<time>2025-12-07T03:07:40Z</time>
			</trkpt>
			<trkpt lat="31.472093" lon="120.232859">
				<speed>1.774581</speed>
				<ele>138.000000</ele>
				<time>2025-12-07T03:07:44Z</time>
			</trkpt>
			<trkpt lat="31.472139" lon="120.232890">
				<speed>1.787145</speed>
				<ele>138.000000</ele>
				<time>2025-12-07T03:07:47Z</time>
			</trkpt>
			<trkpt lat="31.472188" lon="120.232905">
				<speed>1.801664</speed>
				<ele>136.000000</ele>
				<time>2025-12-07T03:07:50Z</time>
			</trkpt>
			<trkpt lat="31.472239" lon="120.232938">
				<speed>1.688938</speed>
				<ele>135.000000</ele>
				<time>2025-12-07T03:07:55Z</time>
			</trkpt>
			<trkpt lat="31.472283" lon="120.232971">
				<speed>1.632553</speed>
				<ele>134.000000</ele>
				<time>2025-12-07T03:07:59Z</time>
			</trkpt>
			<trkpt lat="31.472331" lon="120.233005">
				<speed>1.669168</speed>
				<ele>134.000000</ele>
				<time>2025-12-07T03:08:03Z</time>
			</trkpt>
			<trkpt lat="31.472368" lon="120.233057">
				<speed>1.921075</speed>
				<ele>135.000000</ele>
				<time>2025-12-07T03:08:07Z</time>
			</trkpt>
			<trkpt lat="31.472413" lon="120.233077">
				<speed>1.868740</speed>
				<ele>136.000000</ele>
				<time>2025-12-07T03:08:10Z</time>
			</trkpt>
			<trkpt lat="31.472446" lon="120.233114">
				<speed>1.902864</speed>
				<ele>137.000000</ele>
				<time>2025-12-07T03:08:13Z</time>
			</trkpt>
			<trkpt lat="31.472503" lon="120.233121">
				<speed>1.814611</speed>
				<ele>136.000000</ele>
				<time>2025-12-07T03:08:16Z</time>
			</trkpt>
			<trkpt lat="31.472549" lon="120.233162">
				<speed>1.966794</speed>
				<ele>137.000000</ele>
				<time>2025-12-07T03:08:19Z</time>
			</trkpt>
			<trkpt lat="31.472584" lon="120.233209">
				<speed>1.893203</speed>
				<ele>136.000000</ele>
				<time>2025-12-07T03:08:22Z</time>
			</trkpt>
			<trkpt lat="31.472631" lon="120.233239">
				<speed>1.736352</speed>
				<ele>136.000000</ele>
				<time>2025-12-07T03:08:25Z</time>
			</trkpt>
			<trkpt lat="31.472660" lon="120.233283">
				<speed>1.213777</speed>
				<ele>137.000000</ele>
				<time>2025-12-07T03:08:30Z</time>
			</trkpt>
			<trkpt lat="31.472696" lon="120.233331">
				<speed>1.122409</speed>
				<ele>139.000000</ele>
				<time>2025-12-07T03:08:35Z</time>
			</trkpt>
			<trkpt lat="31.472736" lon="120.233365">
				<speed>0.796463</speed>
				<ele>141.000000</ele>
				<time>2025-12-07T03:08:41Z</time>
			</trkpt>
			<trkpt lat="31.472774" lon="120.233402">
				<speed>1.000740</speed>
				<ele>141.000000</ele>
				<time>2025-12-07T03:08:45Z</time>
			</trkpt>
			<trkpt lat="31.472822" lon="120.233422">
				<speed>0.969519</speed>
				<ele>142.000000</ele>
				<time>2025-12-07T03:08:50Z</time>
			</trkpt>
			<trkpt lat="31.472866" lon="120.233456">
				<speed>0.696829</speed>
				<ele>143.000000</ele>
				<time>2025-12-07T03:08:56Z</time>
			</trkpt>
			<trkpt lat="31.472904" lon="120.233500">
				<speed>1.042037</speed>
				<ele>143.000000</ele>
				<time>2025-12-07T03:09:00Z</time>
			</trkpt>
			<trkpt lat="31.472950" lon="120.233535">
				<speed>0.962535</speed>
				<ele>144.000000</ele>
				<time>2025-12-07T03:09:05Z</time>
			</trkpt>
			<trkpt lat="31.472977" lon="120.233588">
				<speed>0.727163</speed>
				<ele>144.000000</ele>
				<time>2025-12-07T03:09:12Z</time>
			</trkpt>
			<trkpt lat="31.472978" lon="120.233649">
				<speed>0.745914</speed>
				<ele>144.000000</ele>
				<time>2025-12-07T03:09:17Z</time>
			</trkpt>
			<trkpt lat="31.472988" lon="120.233707">
				<speed>1.013767</speed>
				<ele>145.000000</ele>
				<time>2025-12-07T03:09:21Z</time>
			</trkpt>
			<trkpt lat="31.473003" lon="120.233762">
				<speed>1.129164</speed>
				<ele>146.000000</ele>
				<time>2025-12-07T03:09:26Z</time>
			</trkpt>
			<trkpt lat="31.473009" lon="120.233818">
				<speed>1.318898</speed>
				<ele>146.000000</ele>
				<time>2025-12-07T03:09:31Z</time>
			</trkpt>
			<trkpt lat="31.473005" lon="120.233877">
				<speed>0.825152</speed>
				<ele>147.000000</ele>
				<time>2025-12-07T03:09:36Z</time>
			</trkpt>
			<trkpt lat="31.473024" lon="120.233933">
				<speed>1.329946</speed>
				<ele>147.000000</ele>
				<time>2025-12-07T03:09:39Z</time>
			</trkpt>
			<trkpt lat="31.473048" lon="120.233984">
				<speed>0.678844</speed>
				<ele>147.000000</ele>
				<time>2025-12-07T03:09:44Z</time>
			</trkpt>
			<trkpt lat="31.473053" lon="120.234044">
				<speed>1.269277</speed>
				<ele>148.000000</ele>
				<time>2025-12-07T03:09:49Z</time>
			</trkpt>
			<trkpt lat="31.473092" lon="120.234104">
				<speed>1.923438</speed>
				<ele>149.000000</ele>
				<time>2025-12-07T03:09:52Z</time>
			</trkpt>
			<trkpt lat="31.473120" lon="120.234147">
				<speed>1.826815</speed>
				<ele>146.000000</ele>
				<time>2025-12-07T03:09:54Z</time>
			</trkpt>
			<trkpt lat="31.473158" lon="120.234193">
				<speed>1.830596</speed>
				<ele>146.000000</ele>
				<time>2025-12-07T03:09:57Z</time>
			</trkpt>
			<trkpt lat="31.473197" lon="120.234220">
				<speed>1.826216</speed>
				<ele>146.000000</ele>
				<time>2025-12-07T03:10:00Z</time>
			</trkpt>
			<trkpt lat="31.473243" lon="120.234255">
				<speed>1.712488</speed>
				<ele>146.000000</ele>
				<time>2025-12-07T03:10:04Z</time>
			</trkpt>
			<trkpt lat="31.473276" lon="120.234302">
				<speed>2.044359</speed>
				<ele>145.000000</ele>
				<time>2025-12-07T03:10:07Z</time>
			</trkpt>
			<trkpt lat="31.473319" lon="120.234330">
				<speed>1.796582</speed>
				<ele>145.000000</ele>
				<time>2025-12-07T03:10:10Z</time>
			</trkpt>
			<trkpt lat="31.473369" lon="120.234328">
				<speed>1.386812</speed>
				<ele>144.000000</ele>
				<time>2025-12-07T03:10:13Z</time>
			</trkpt>
			<trkpt lat="31.473430" lon="120.234352">
				<speed>2.128776</speed>
				<ele>143.000000</ele>
				<time>2025-12-07T03:10:17Z</time>
			</trkpt>
			<trkpt lat="31.473491" lon="120.234376">
				<speed>2.998583</speed>
				<ele>142.000000</ele>
				<time>2025-12-07T03:10:19Z</time>
			</trkpt>
			<trkpt lat="31.473561" lon="120.234400">
				<speed>3.268982</speed>
				<ele>141.000000</ele>
				<time>2025-12-07T03:10:21Z</time>
			</trkpt>
			<trkpt lat="31.473628" lon="120.234419">
				<speed>3.060532</speed>
				<ele>141.000000</ele>
				<time>2025-12-07T03:10:23Z</time>
			</trkpt>
			<trkpt lat="31.473663" lon="120.234464">
				<speed>2.444849</speed>
				<ele>140.000000</ele>
				<time>2025-12-07T03:10:25Z</time>
			</trkpt>
			<trkpt lat="31.473716" lon="120.234507">
				<speed>3.147820</speed>
				<ele>137.000000</ele>
				<time>2025-12-07T03:10:27Z</time>
			</trkpt>
			<trkpt lat="31.473768" lon="120.234572">
				<speed>3.597602</speed>
				<ele>134.000000</ele>
				<time>2025-12-07T03:10:29Z</time>
			</trkpt>
			<trkpt lat="31.473824" lon="120.234604">
				<speed>3.073083</speed>
				<ele>133.000000</ele>
				<time>2025-12-07T03:10:31Z</time>
			</trkpt>
			<trkpt lat="31.473870" lon="120.234621">
				<speed>4.000368</speed>
				<ele>132.000000</ele>
				<time>2025-12-07T03:10:32Z</time>
			</trkpt>
			<trkpt lat="31.473911" lon="120.234663">
				<speed>3.264046</speed>
				<ele>132.000000</ele>
				<time>2025-12-07T03:10:34Z</time>
			</trkpt>
			<trkpt lat="31.473945" lon="120.234699">
				<speed>2.431889</speed>
				<ele>130.000000</ele>
				<time>2025-12-07T03:10:37Z</time>
			</trkpt>
			<trkpt lat="31.473974" lon="120.234741">
				<speed>2.439323</speed>
				<ele>129.000000</ele>
				<time>2025-12-07T03:10:39Z</time>
			</trkpt>
			<trkpt lat="31.474033" lon="120.234772">
				<speed>2.699925</speed>
				<ele>127.000000</ele>
				<time>2025-12-07T03:10:42Z</time>
			</trkpt>
			<trkpt lat="31.474067" lon="120.234849">
				<speed>3.040848</speed>
				<ele>126.000000</ele>
				<time>2025-12-07T03:10:45Z</time>
			</trkpt>
			<trkpt lat="31.474119" lon="120.234903">
				<speed>2.482606</speed>
				<ele>124.000000</ele>
				<time>2025-12-07T03:10:50Z</time>
			</trkpt>
			<trkpt lat="31.474165" lon="120.234957">
				<speed>2.090430</speed>
				<ele>121.000000</ele>
				<time>2025-12-07T03:10:55Z</time>
			</trkpt>
			<trkpt lat="31.474213" lon="120.234960">
				<speed>1.432452</speed>
				<ele>120.000000</ele>
				<time>2025-12-07T03:10:58Z</time>
			</trkpt>
			<trkpt lat="31.474248" lon="120.235006">
				<speed>1.550361</speed>
				<ele>118.000000</ele>
				<time>2025-12-07T03:11:01Z</time>
			</trkpt>
			<trkpt lat="31.474275" lon="120.235057">
				<speed>0.943154</speed>
				<ele>118.000000</ele>
				<time>2025-12-07T03:11:05Z</time>
			</trkpt>
			<trkpt lat="31.474322" lon="120.235062">
				<speed>1.370246</speed>
				<ele>116.000000</ele>
				<time>2025-12-07T03:11:08Z</time>
			</trkpt>
			<trkpt lat="31.474364" lon="120.235094">
				<speed>1.470642</speed>
				<ele>116.000000</ele>
				<time>2025-12-07T03:11:12Z</time>
			</trkpt>
			<trkpt lat="31.474395" lon="120.235137">
				<speed>2.566248</speed>
				<ele>113.000000</ele>
				<time>2025-12-07T03:11:14Z</time>
			</trkpt>
			<trkpt lat="31.474439" lon="120.235186">
				<speed>2.095367</speed>
				<ele>113.000000</ele>
				<time>2025-12-07T03:11:17Z</time>
			</trkpt>
			<trkpt lat="31.474472" lon="120.235225">
				<speed>2.572387</speed>
				<ele>112.000000</ele>
				<time>2025-12-07T03:11:19Z</time>
			</trkpt>
			<trkpt lat="31.474517" lon="120.235225">
				<speed>2.256456</speed>
				<ele>113.000000</ele>
				<time>2025-12-07T03:11:21Z</time>
			</trkpt>
			<trkpt lat="31.474590" lon="120.235239">
				<speed>2.775349</speed>
				<ele>111.000000</ele>
				<time>2025-12-07T03:11:24Z</time>
			</trkpt>
			<trkpt lat="31.474649" lon="120.235246">
				<speed>2.559994</speed>
				<ele>113.000000</ele>
				<time>2025-12-07T03:11:27Z</time>
			</trkpt>
			<trkpt lat="31.474703" lon="120.235269">
				<speed>2.982014</speed>
				<ele>112.000000</ele>
				<time>2025-12-07T03:11:29Z</time>
			</trkpt>
			<trkpt lat="31.474752" lon="120.235240">
				<speed>2.416387</speed>
				<ele>110.000000</ele>
				<time>2025-12-07T03:11:31Z</time>
			</trkpt>
			<trkpt lat="31.474818" lon="120.235246">
				<speed>2.623661</speed>
				<ele>110.000000</ele>
				<time>2025-12-07T03:11:34Z</time>
			</trkpt>
			<trkpt lat="31.474868" lon="120.235224">
				<speed>2.957527</speed>
				<ele>110.000000</ele>
				<time>2025-12-07T03:11:36Z</time>
			</trkpt>
			<trkpt lat="31.474923" lon="120.235197">
				<speed>2.396977</speed>
				<ele>107.000000</ele>
				<time>2025-12-07T03:11:39Z</time>
			</trkpt>
			<trkpt lat="31.474978" lon="120.235185">
				<speed>1.895752</speed>
				<ele>107.000000</ele>
				<time>2025-12-07T03:11:42Z</time>
			</trkpt>
			<trkpt lat="31.475022" lon="120.235195">
				<speed>2.200262</speed>
				<ele>108.000000</ele>
				<time>2025-12-07T03:11:44Z</time>
			</trkpt>
			<trkpt lat="31.475080" lon="120.235172">
				<speed>1.865453</speed>
				<ele>109.000000</ele>
				<time>2025-12-07T03:11:52Z</time>
			</trkpt>
			<trkpt lat="31.475129" lon="120.235179">
				<speed>1.031440</speed>
				<ele>108.000000</ele>
				<time>2025-12-07T03:11:55Z</time>
			</trkpt>
			<trkpt lat="31.475171" lon="120.235151">
				<speed>1.961618</speed>
				<ele>108.000000</ele>
				<time>2025-12-07T03:11:57Z</time>
			</trkpt>
			<trkpt lat="31.475226" lon="120.235138">
				<speed>2.419131</speed>
				<ele>107.000000</ele>
				<time>2025-12-07T03:11:59Z</time>
			</trkpt>
			<trkpt lat="31.475289" lon="120.235129">
				<speed>3.204924</speed>
				<ele>107.000000</ele>
				<time>2025-12-07T03:12:01Z</time>
			</trkpt>
			<trkpt lat="31.475333" lon="120.235111">
				<speed>2.476328</speed>
				<ele>107.000000</ele>
				<time>2025-12-07T03:12:03Z</time>
			</trkpt>
			<trkpt lat="31.475386" lon="120.235097">
				<speed>2.461779</speed>
				<ele>106.000000</ele>
				<time>2025-12-07T03:12:05Z</time>
			</trkpt>
			<trkpt lat="31.475429" lon="120.235065">
				<speed>2.061241</speed>
				<ele>104.000000</ele>
				<time>2025-12-07T03:12:07Z</time>
			</trkpt>
			<trkpt lat="31.475477" lon="120.235098">
				<speed>2.184728</speed>
				<ele>107.000000</ele>
				<time>2025-12-07T03:12:10Z</time>
			</trkpt>
			<trkpt lat="31.475530" lon="120.235095">
				<speed>1.920268</speed>
				<ele>109.000000</ele>
				<time>2025-12-07T03:12:13Z</time>
			</trkpt>
			<trkpt lat="31.475591" lon="120.235110">
				<speed>1.972868</speed>
				<ele>104.000000</ele>
				<time>2025-12-07T03:12:16Z</time>
			</trkpt>
			<trkpt lat="31.475645" lon="120.235096">
				<speed>2.214908</speed>
				<ele>105.000000</ele>
				<time>2025-12-07T03:12:18Z</time>
			</trkpt>
			<trkpt lat="31.475714" lon="120.235108">
				<speed>2.464566</speed>
				<ele>106.000000</ele>
				<time>2025-12-07T03:12:21Z</time>
			</trkpt>
			<trkpt lat="31.475759" lon="120.235100">
				<speed>1.691318</speed>
				<ele>107.000000</ele>
				<time>2025-12-07T03:12:24Z</time>
			</trkpt>
			<trkpt lat="31.475813" lon="120.235117">
				<speed>1.921555</speed>
				<ele>108.000000</ele>
				<time>2025-12-07T03:12:27Z</time>
			</trkpt>
			<trkpt lat="31.475858" lon="120.235151">
				<speed>1.902842</speed>
				<ele>107.000000</ele>
				<time>2025-12-07T03:12:30Z</time>
			</trkpt>
			<trkpt lat="31.475906" lon="120.235170">
				<speed>1.716563</speed>
				<ele>107.000000</ele>
				<time>2025-12-07T03:12:33Z</time>
			</trkpt>
			<trkpt lat="31.475956" lon="120.235175">
				<speed>0.988303</speed>
				<ele>108.000000</ele>
				<time>2025-12-07T03:12:37Z</time>
			</trkpt>
			<trkpt lat="31.476014" lon="120.235191">
				<speed>1.936269</speed>
				<ele>108.000000</ele>
				<time>2025-12-07T03:12:40Z</time>
			</trkpt>
			<trkpt lat="31.476079" lon="120.235188">
				<speed>2.272157</speed>
				<ele>108.000000</ele>
				<time>2025-12-07T03:12:43Z</time>
			</trkpt>
			<trkpt lat="31.476141" lon="120.235165">
				<speed>2.346418</speed>
				<ele>110.000000</ele>
				<time>2025-12-07T03:12:46Z</time>
			</trkpt>
			<trkpt lat="31.476200" lon="120.235172">
				<speed>2.737704</speed>
				<ele>108.000000</ele>
				<time>2025-12-07T03:12:48Z</time>
			</trkpt>
			<trkpt lat="31.476264" lon="120.235174">
				<speed>2.401566</speed>
				<ele>111.000000</ele>
				<time>2025-12-07T03:12:51Z</time>
			</trkpt>
			<trkpt lat="31.476311" lon="120.235168">
				<speed>2.566501</speed>
				<ele>109.000000</ele>
				<time>2025-12-07T03:12:53Z</time>
			</trkpt>
			<trkpt lat="31.476367" lon="120.235144">
				<speed>2.341069</speed>
				<ele>108.000000</ele>
				<time>2025-12-07T03:12:56Z</time>
			</trkpt>
			<trkpt lat="31.476434" lon="120.235148">
				<speed>2.172633</speed>
				<ele>110.000000</ele>
				<time>2025-12-07T03:13:00Z</time>
			</trkpt>
			<trkpt lat="31.476479" lon="120.235141">
				<speed>1.911037</speed>
				<ele>112.000000</ele>
				<time>2025-12-07T03:13:03Z</time>
			</trkpt>
			<trkpt lat="31.476537" lon="120.235155">
				<speed>1.562826</speed>
				<ele>111.000000</ele>
				<time>2025-12-07T03:13:07Z</time>
			</trkpt>
			<trkpt lat="31.476591" lon="120.235120">
				<speed>1.995728</speed>
				<ele>107.000000</ele>
				<time>2025-12-07T03:13:10Z</time>
			</trkpt>
			<trkpt lat="31.476617" lon="120.235041">
				<speed>2.731020</speed>
				<ele>108.000000</ele>
				<time>2025-12-07T03:13:13Z</time>
			</trkpt>
			<trkpt lat="31.476659" lon="120.235007">
				<speed>2.764067</speed>
				<ele>106.000000</ele>
				<time>2025-12-07T03:13:15Z</time>
			</trkpt>
			<trkpt lat="31.476725" lon="120.234989">
				<speed>2.525150</speed>
				<ele>107.000000</ele>
				<time>2025-12-07T03:13:18Z</time>
			</trkpt>
			<trkpt lat="31.476758" lon="120.234949">
				<speed>2.630581</speed>
				<ele>106.000000</ele>
				<time>2025-12-07T03:13:20Z</time>
			</trkpt>
			<trkpt lat="31.476810" lon="120.234914">
				<speed>2.225296</speed>
				<ele>106.000000</ele>
				<time>2025-12-07T03:13:23Z</time>
			</trkpt>
			<trkpt lat="31.476864" lon="120.234855">
				<speed>2.707720</speed>
				<ele>106.000000</ele>
				<time>2025-12-07T03:13:26Z</time>
			</trkpt>
			<trkpt lat="31.476901" lon="120.234806">
				<speed>2.718226</speed>
				<ele>105.000000</ele>
				<time>2025-12-07T03:13:28Z</time>
			</trkpt>
			<trkpt lat="31.476953" lon="120.234797">
				<speed>2.368350</speed>
				<ele>106.000000</ele>
				<time>2025-12-07T03:13:31Z</time>
			</trkpt>
			<trkpt lat="31.477000" lon="120.234761">
				<speed>2.904219</speed>
				<ele>105.000000</ele>
				<time>2025-12-07T03:13:33Z</time>
			</trkpt>
			<trkpt lat="31.477064" lon="120.234753">
				<speed>2.720471</speed>
				<ele>105.000000</ele>
				<time>2025-12-07T03:13:36Z</time>
			</trkpt>
			<trkpt lat="31.477124" lon="120.234733">
				<speed>2.508783</speed>
				<ele>105.000000</ele>
				<time>2025-12-07T03:13:39Z</time>
			</trkpt>
			<trkpt lat="31.477174" lon="120.234747">
				<speed>2.278131</speed>
				<ele>106.000000</ele>
				<time>2025-12-07T03:13:42Z</time>
			</trkpt>
			<trkpt lat="31.477220" lon="120.234747">
				<speed>2.558024</speed>
				<ele>107.000000</ele>
				<time>2025-12-07T03:13:44Z</time>
			</trkpt>
			<trkpt lat="31.477274" lon="120.234721">
				<speed>2.813130</speed>
				<ele>105.000000</ele>
				<time>2025-12-07T03:13:46Z</time>
			</trkpt>
			<trkpt lat="31.477337" lon="120.234707">
				<speed>2.681196</speed>
				<ele>105.000000</ele>
				<time>2025-12-07T03:13:49Z</time>
			</trkpt>
			<trkpt lat="31.477380" lon="120.234667">
				<speed>1.840817</speed>
				<ele>104.000000</ele>
				<time>2025-12-07T03:13:52Z</time>
			</trkpt>
			<trkpt lat="31.477427" lon="120.234700">
				<speed>2.002850</speed>
				<ele>104.000000</ele>
				<time>2025-12-07T03:13:56Z</time>
			</trkpt>
			<trkpt lat="31.477466" lon="120.234733">
				<speed>2.221715</speed>
				<ele>101.000000</ele>
				<time>2025-12-07T03:13:59Z</time>
			</trkpt>
			<trkpt lat="31.477510" lon="120.234797">
				<speed>2.585017</speed>
				<ele>99.000000</ele>
				<time>2025-12-07T03:14:02Z</time>
			</trkpt>
			<trkpt lat="31.477580" lon="120.234829">
				<speed>2.947179</speed>
				<ele>100.000000</ele>
				<time>2025-12-07T03:14:05Z</time>
			</trkpt>
			<trkpt lat="31.477620" lon="120.234866">
				<speed>2.303073</speed>
				<ele>99.000000</ele>
				<time>2025-12-07T03:14:08Z</time>
			</trkpt>
			<trkpt lat="31.477665" lon="120.234915">
				<speed>1.558002</speed>
				<ele>97.000000</ele>
				<time>2025-12-07T03:14:12Z</time>
			</trkpt>
			<trkpt lat="31.477682" lon="120.234966">
				<speed>2.116519</speed>
				<ele>96.000000</ele>
				<time>2025-12-07T03:14:15Z</time>
			</trkpt>
			<trkpt lat="31.477739" lon="120.234952">
				<speed>1.933813</speed>
				<ele>94.000000</ele>
				<time>2025-12-07T03:14:18Z</time>
			</trkpt>
			<trkpt lat="31.477757" lon="120.235014">
				<speed>1.535053</speed>
				<ele>92.000000</ele>
				<time>2025-12-07T03:14:22Z</time>
			</trkpt>
			<trkpt lat="31.477790" lon="120.235063">
				<speed>1.050842</speed>
				<ele>91.000000</ele>
				<time>2025-12-07T03:14:28Z</time>
			</trkpt>
			<trkpt lat="31.477810" lon="120.235117">
				<speed>2.330059</speed>
				<ele>89.000000</ele>
				<time>2025-12-07T03:14:30Z</time>
			</trkpt>
			<trkpt lat="31.477849" lon="120.235167">
				<speed>1.615674</speed>
				<ele>90.000000</ele>
				<time>2025-12-07T03:14:34Z</time>
			</trkpt>
			<trkpt lat="31.477863" lon="120.235218">
				<speed>2.346961</speed>
				<ele>88.000000</ele>
				<time>2025-12-07T03:14:36Z</time>
			</trkpt>
			<trkpt lat="31.477896" lon="120.235270">
				<speed>2.334385</speed>
				<ele>88.000000</ele>
				<time>2025-12-07T03:14:39Z</time>
			</trkpt>
			<trkpt lat="31.477930" lon="120.235317">
				<speed>1.636514</speed>
				<ele>84.000000</ele>
				<time>2025-12-07T03:14:43Z</time>
			</trkpt>
			<trkpt lat="31.477964" lon="120.235359">
				<speed>0.955448</speed>
				<ele>84.000000</ele>
				<time>2025-12-07T03:14:48Z</time>
			</trkpt>
			<trkpt lat="31.477996" lon="120.235415">
				<speed>0.962684</speed>
				<ele>83.000000</ele>
				<time>2025-12-07T03:14:54Z</time>
			</trkpt>
			<trkpt lat="31.478047" lon="120.235459">
				<speed>1.677841</speed>
				<ele>81.000000</ele>
				<time>2025-12-07T03:15:01Z</time>
			</trkpt>
			<trkpt lat="31.478106" lon="120.235469">
				<speed>1.679661</speed>
				<ele>80.000000</ele>
				<time>2025-12-07T03:15:05Z</time>
			</trkpt>
			<trkpt lat="31.478153" lon="120.235481">
				<speed>0.653633</speed>
				<ele>78.000000</ele>
				<time>2025-12-07T03:15:12Z</time>
			</trkpt>
			<trkpt lat="31.478192" lon="120.235520">
				<speed>1.593045</speed>
				<ele>77.000000</ele>
				<time>2025-12-07T03:15:17Z</time>
			</trkpt>
			<trkpt lat="31.478246" lon="120.235559">
				<speed>1.568796</speed>
				<ele>77.000000</ele>
				<time>2025-12-07T03:15:21Z</time>
			</trkpt>
			<trkpt lat="31.478295" lon="120.235597">
				<speed>2.643791</speed>
				<ele>76.000000</ele>
				<time>2025-12-07T03:15:23Z</time>
			</trkpt>
			<trkpt lat="31.478346" lon="120.235592">
				<speed>2.410077</speed>
				<ele>76.000000</ele>
				<time>2025-12-07T03:15:25Z</time>
			</trkpt>
			<trkpt lat="31.478400" lon="120.235548">
				<speed>2.513754</speed>
				<ele>74.000000</ele>
				<time>2025-12-07T03:15:27Z</time>
			</trkpt>
			<trkpt lat="31.478441" lon="120.235512">
				<speed>2.209497</speed>
				<ele>73.000000</ele>
				<time>2025-12-07T03:15:29Z</time>
			</trkpt>
			<trkpt lat="31.478476" lon="120.235441">
				<speed>2.380985</speed>
				<ele>72.000000</ele>
				<time>2025-12-07T03:15:32Z</time>
			</trkpt>
			<trkpt lat="31.478514" lon="120.235403">
				<speed>1.033456</speed>
				<ele>71.000000</ele>
				<time>2025-12-07T03:15:36Z</time>
			</trkpt>
			<trkpt lat="31.478557" lon="120.235372">
				<speed>1.299409</speed>
				<ele>71.000000</ele>
				<time>2025-12-07T03:15:39Z</time>
			</trkpt>
			<trkpt lat="31.478585" lon="120.235321">
				<speed>2.317772</speed>
				<ele>71.000000</ele>
				<time>2025-12-07T03:15:41Z</time>
			</trkpt>
			<trkpt lat="31.478608" lon="120.235268">
				<speed>2.829849</speed>
				<ele>71.000000</ele>
				<time>2025-12-07T03:15:43Z</time>
			</trkpt>
			<trkpt lat="31.478622" lon="120.235216">
				<speed>2.618191</speed>
				<ele>69.000000</ele>
				<time>2025-12-07T03:15:45Z</time>
			</trkpt>
			<trkpt lat="31.478661" lon="120.235180">
				<speed>2.633968</speed>
				<ele>67.000000</ele>
				<time>2025-12-07T03:15:47Z</time>
			</trkpt>
			<trkpt lat="31.478699" lon="120.235147">
				<speed>2.655436</speed>
				<ele>67.000000</ele>
				<time>2025-12-07T03:15:49Z</time>
			</trkpt>
			<trkpt lat="31.478750" lon="120.235116">
				<speed>2.774644</speed>
				<ele>64.000000</ele>
				<time>2025-12-07T03:15:51Z</time>
			</trkpt>
			<trkpt lat="31.478806" lon="120.235107">
				<speed>3.014719</speed>
				<ele>64.000000</ele>
				<time>2025-12-07T03:15:53Z</time>
			</trkpt>
			<trkpt lat="31.478868" lon="120.235094">
				<speed>3.281037</speed>
				<ele>63.000000</ele>
				<time>2025-12-07T03:15:55Z</time>
			</trkpt>
			<trkpt lat="31.478928" lon="120.235056">
				<speed>3.002551</speed>
				<ele>60.000000</ele>
				<time>2025-12-07T03:15:58Z</time>
			</trkpt>
			<trkpt lat="31.478996" lon="120.235028">
				<speed>3.897923</speed>
				<ele>59.000000</ele>
				<time>2025-12-07T03:16:00Z</time>
			</trkpt>
			<trkpt lat="31.479059" lon="120.235021">
				<speed>3.884330</speed>
				<ele>59.000000</ele>
				<time>2025-12-07T03:16:02Z</time>
			</trkpt>
			<trkpt lat="31.479125" lon="120.234982">
				<speed>3.098634</speed>
				<ele>57.000000</ele>
				<time>2025-12-07T03:16:05Z</time>
			</trkpt>
			<trkpt lat="31.479180" lon="120.234957">
				<speed>3.652144</speed>
				<ele>57.000000</ele>
				<time>2025-12-07T03:16:07Z</time>
			</trkpt>
			<trkpt lat="31.479231" lon="120.234928">
				<speed>3.379001</speed>
				<ele>56.000000</ele>
				<time>2025-12-07T03:16:09Z</time>
			</trkpt>
			<trkpt lat="31.479282" lon="120.234873">
				<speed>2.736383</speed>
				<ele>54.000000</ele>
				<time>2025-12-07T03:16:12Z</time>
			</trkpt>
			<trkpt lat="31.479335" lon="120.234856">
				<speed>2.719004</speed>
				<ele>53.000000</ele>
				<time>2025-12-07T03:16:14Z</time>
			</trkpt>
			<trkpt lat="31.479385" lon="120.234809">
				<speed>3.179245</speed>
				<ele>51.000000</ele>
				<time>2025-12-07T03:16:16Z</time>
			</trkpt>
			<trkpt lat="31.479438" lon="120.234790">
				<speed>2.365296</speed>
				<ele>49.000000</ele>
				<time>2025-12-07T03:16:19Z</time>
			</trkpt>
			<trkpt lat="31.479490" lon="120.234753">
				<speed>2.595064</speed>
				<ele>48.000000</ele>
				<time>2025-12-07T03:16:22Z</time>
			</trkpt>
			<trkpt lat="31.479516" lon="120.234696">
				<speed>2.256051</speed>
				<ele>47.000000</ele>
				<time>2025-12-07T03:16:25Z</time>
			</trkpt>
			<trkpt lat="31.479565" lon="120.234666">
				<speed>1.755440</speed>
				<ele>47.000000</ele>
				<time>2025-12-07T03:16:28Z</time>
			</trkpt>
			<trkpt lat="31.479600" lon="120.234619">
				<speed>2.033738</speed>
				<ele>44.000000</ele>
				<time>2025-12-07T03:16:31Z</time>
			</trkpt>
			<trkpt lat="31.479636" lon="120.234563">
				<speed>2.109962</speed>
				<ele>42.000000</ele>
				<time>2025-12-07T03:16:34Z</time>
			</trkpt>
			<trkpt lat="31.479669" lon="120.234506">
				<speed>2.015167</speed>
				<ele>40.000000</ele>
				<time>2025-12-07T03:16:37Z</time>
			</trkpt>
			<trkpt lat="31.479714" lon="120.234454">
				<speed>2.202205</speed>
				<ele>38.000000</ele>
				<time>2025-12-07T03:16:40Z</time>
			</trkpt>
			<trkpt lat="31.479764" lon="120.234428">
				<speed>1.925262</speed>
				<ele>36.000000</ele>
				<time>2025-12-07T03:16:43Z</time>
			</trkpt>
			<trkpt lat="31.479798" lon="120.234390">
				<speed>1.701403</speed>
				<ele>35.000000</ele>
				<time>2025-12-07T03:16:46Z</time>
			</trkpt>
			<trkpt lat="31.479832" lon="120.234333">
				<speed>2.194703</speed>
				<ele>34.000000</ele>
				<time>2025-12-07T03:16:49Z</time>
			</trkpt>
			<trkpt lat="31.479866" lon="120.234285">
				<speed>1.882329</speed>
				<ele>32.000000</ele>
				<time>2025-12-07T03:16:52Z</time>
			</trkpt>
			<trkpt lat="31.479891" lon="120.234237">
				<speed>2.234473</speed>
				<ele>32.000000</ele>
				<time>2025-12-07T03:16:54Z</time>
			</trkpt>
			<trkpt lat="31.479929" lon="120.234193">
				<speed>1.953115</speed>
				<ele>31.000000</ele>
				<time>2025-12-07T03:16:57Z</time>
			</trkpt>
			<trkpt lat="31.479967" lon="120.234136">
				<speed>2.049752</speed>
				<ele>29.000000</ele>
				<time>2025-12-07T03:17:00Z</time>
			</trkpt>
			<trkpt lat="31.479996" lon="120.234095">
				<speed>1.489473</speed>
				<ele>28.000000</ele>
				<time>2025-12-07T03:17:03Z</time>
			</trkpt>
			<trkpt lat="31.480027" lon="120.234056">
				<speed>2.373560</speed>
				<ele>28.000000</ele>
				<time>2025-12-07T03:17:05Z</time>
			</trkpt>
			<trkpt lat="31.480065" lon="120.234003">
				<speed>2.228958</speed>
				<ele>26.000000</ele>
				<time>2025-12-07T03:17:08Z</time>
			</trkpt>
			<trkpt lat="31.480105" lon="120.233945">
				<speed>1.292312</speed>
				<ele>23.000000</ele>
				<time>2025-12-07T03:17:13Z</time>
			</trkpt>
			<trkpt lat="31.480137" lon="120.233888">
				<speed>1.630705</speed>
				<ele>21.000000</ele>
				<time>2025-12-07T03:17:17Z</time>
			</trkpt>
			<trkpt lat="31.480176" lon="120.233842">
				<speed>2.052796</speed>
				<ele>21.000000</ele>
				<time>2025-12-07T03:17:20Z</time>
			</trkpt>
			<trkpt lat="31.480220" lon="120.233828">
				<speed>2.276053</speed>
				<ele>20.000000</ele>
				<time>2025-12-07T03:17:22Z</time>
			</trkpt>
			<trkpt lat="31.480279" lon="120.233817">
				<speed>2.203831</speed>
				<ele>19.000000</ele>
				<time>2025-12-07T03:17:25Z</time>
			</trkpt>
			<trkpt lat="31.480325" lon="120.233804">
				<speed>2.232717</speed>
				<ele>19.000000</ele>
				<time>2025-12-07T03:17:27Z</time>
			</trkpt>
			<trkpt lat="31.480373" lon="120.233794">
				<speed>2.302766</speed>
				<ele>18.000000</ele>
				<time>2025-12-07T03:17:29Z</time>
			</trkpt>
			<trkpt lat="31.480412" lon="120.233738">
				<speed>2.760127</speed>
				<ele>16.000000</ele>
				<time>2025-12-07T03:17:31Z</time>
			</trkpt>
			<trkpt lat="31.480472" lon="120.233724">
				<speed>2.257224</speed>
				<ele>15.000000</ele>
				<time>2025-12-07T03:17:34Z</time>
			</trkpt>
			<trkpt lat="31.480518" lon="120.233700">
				<speed>2.094638</speed>
				<ele>15.000000</ele>
				<time>2025-12-07T03:17:37Z</time>
			</trkpt>
			<trkpt lat="31.480566" lon="120.233685">
				<speed>2.239670</speed>
				<ele>15.000000</ele>
				<time>2025-12-07T03:17:40Z</time>
			</trkpt>
			<trkpt lat="31.480616" lon="120.233660">
				<speed>2.144539</speed>
				<ele>13.000000</ele>
				<time>2025-12-07T03:17:43Z</time>
			</trkpt>
			<trkpt lat="31.480672" lon="120.233623">
				<speed>2.580159</speed>
				<ele>12.000000</ele>
				<time>2025-12-07T03:17:46Z</time>
			</trkpt>
			<trkpt lat="31.480728" lon="120.233576">
				<speed>2.690493</speed>
				<ele>12.000000</ele>
				<time>2025-12-07T03:17:49Z</time>
			</trkpt>
			<trkpt lat="31.480774" lon="120.233582">
				<speed>2.717568</speed>
				<ele>13.000000</ele>
				<time>2025-12-07T03:17:51Z</time>
			</trkpt>
			<trkpt lat="31.480814" lon="120.233553">
				<speed>2.201797</speed>
				<ele>12.000000</ele>
				<time>2025-12-07T03:17:54Z</time>
			</trkpt>
			<trkpt lat="31.480837" lon="120.233500">
				<speed>2.747674</speed>
				<ele>13.000000</ele>
				<time>2025-12-07T03:17:56Z</time>
			</trkpt>
			<trkpt lat="31.480860" lon="120.233451">
				<speed>2.792236</speed>
				<ele>13.000000</ele>
				<time>2025-12-07T03:17:58Z</time>
			</trkpt>
			<trkpt lat="31.480877" lon="120.233402">
				<speed>2.490324</speed>
				<ele>12.000000</ele>
				<time>2025-12-07T03:18:00Z</time>
			</trkpt>
			<trkpt lat="31.480921" lon="120.233377">
				<speed>1.635707</speed>
				<ele>14.000000</ele>
				<time>2025-12-07T03:18:03Z</time>
			</trkpt>
			<trkpt lat="31.480939" lon="120.233432">
				<speed>1.899863</speed>
				<ele>15.000000</ele>
				<time>2025-12-07T03:18:06Z</time>
			</trkpt>
			<trkpt lat="31.480980" lon="120.233482">
				<speed>2.644389</speed>
				<ele>15.000000</ele>
				<time>2025-12-07T03:18:08Z</time>
			</trkpt>
			<trkpt lat="31.481025" lon="120.233500">
				<speed>2.167717</speed>
				<ele>14.000000</ele>
				<time>2025-12-07T03:18:10Z</time>
			</trkpt>
			<trkpt lat="31.481069" lon="120.233550">
				<speed>2.112613</speed>
				<ele>13.000000</ele>
				<time>2025-12-07T03:18:13Z</time>
			</trkpt>
			<trkpt lat="31.481116" lon="120.233593">
				<speed>2.068306</speed>
				<ele>14.000000</ele>
				<time>2025-12-07T03:18:16Z</time>
			</trkpt>
			<trkpt lat="31.481154" lon="120.233644">
				<speed>2.140556</speed>
				<ele>13.000000</ele>
				<time>2025-12-07T03:18:19Z</time>
			</trkpt>
			<trkpt lat="31.481200" lon="120.233692">
				<speed>2.130341</speed>
				<ele>13.000000</ele>
				<time>2025-12-07T03:18:22Z</time>
			</trkpt>
			<trkpt lat="31.481238" lon="120.233742">
				<speed>1.978211</speed>
				<ele>12.000000</ele>
				<time>2025-12-07T03:18:25Z</time>
			</trkpt>
			<trkpt lat="31.481289" lon="120.233767">
				<speed>1.843515</speed>
				<ele>12.000000</ele>
				<time>2025-12-07T03:18:28Z</time>
			</trkpt>
			<trkpt lat="31.481259" lon="120.233843">
				<speed>2.635681</speed>
				<ele>12.000000</ele>
				<time>2025-12-07T03:18:31Z</time>
			</trkpt>
			<trkpt lat="31.481248" lon="120.233915">
				<speed>2.236614</speed>
				<ele>13.000000</ele>
				<time>2025-12-07T03:18:34Z</time>
			</trkpt>
			<trkpt lat="31.481234" lon="120.233982">
				<speed>2.072123</speed>
				<ele>13.000000</ele>
				<time>2025-12-07T03:18:37Z</time>
			</trkpt>
			<trkpt lat="31.481219" lon="120.234033">
				<speed>2.337739</speed>
				<ele>13.000000</ele>
				<time>2025-12-07T03:18:39Z</time>
			</trkpt>
			<trkpt lat="31.481202" lon="120.234082">
				<speed>1.533659</speed>
				<ele>13.000000</ele>
				<time>2025-12-07T03:18:42Z</time>
			</trkpt>
			<trkpt lat="31.481185" lon="120.234137">
				<speed>1.225505</speed>
				<ele>14.000000</ele>
				<time>2025-12-07T03:18:46Z</time>
			</trkpt>
			<trkpt lat="31.481151" lon="120.234183">
				<speed>1.172369</speed>
				<ele>12.000000</ele>
				<time>2025-12-07T03:18:51Z</time>
			</trkpt>
			<trkpt lat="31.481120" lon="120.234221">
				<speed>1.610410</speed>
				<ele>12.000000</ele>
				<time>2025-12-07T03:18:54Z</time>
			</trkpt>
			<trkpt lat="31.481094" lon="120.234286">
				<speed>2.175157</speed>
				<ele>13.000000</ele>
				<time>2025-12-07T03:18:57Z</time>
			</trkpt>
			<trkpt lat="31.481064" lon="120.234336">
				<speed>2.040058</speed>
				<ele>14.000000</ele>
				<time>2025-12-07T03:19:00Z</time>
			</trkpt>
			<trkpt lat="31.481038" lon="120.234403">
				<speed>2.209186</speed>
				<ele>13.000000</ele>
				<time>2025-12-07T03:19:03Z</time>
			</trkpt>
			<trkpt lat="31.481015" lon="120.234471">
				<speed>2.275050</speed>
				<ele>13.000000</ele>
				<time>2025-12-07T03:19:06Z</time>
			</trkpt>
			<trkpt lat="31.481001" lon="120.234523">
				<speed>2.430341</speed>
				<ele>13.000000</ele>
				<time>2025-12-07T03:19:08Z</time>
			</trkpt>
			<trkpt lat="31.480981" lon="120.234585">
				<speed>2.280194</speed>
				<ele>14.000000</ele>
				<time>2025-12-07T03:19:11Z</time>
			</trkpt>
			<trkpt lat="31.480965" lon="120.234637">
				<speed>2.404596</speed>
				<ele>13.000000</ele>
				<time>2025-12-07T03:19:13Z</time>
			</trkpt>
			<trkpt lat="31.480950" lon="120.234699">
				<speed>1.979459</speed>
				<ele>13.000000</ele>
				<time>2025-12-07T03:19:16Z</time>
			</trkpt>
			<trkpt lat="31.480934" lon="120.234776">
				<speed>2.364028</speed>
				<ele>13.000000</ele>
				<time>2025-12-07T03:19:19Z</time>
			</trkpt>
			<trkpt lat="31.480928" lon="120.234851">
				<speed>2.319434</speed>
				<ele>12.000000</ele>
				<time>2025-12-07T03:19:22Z</time>
			</trkpt>
			<trkpt lat="31.480921" lon="120.234905">
				<speed>2.347416</speed>
				<ele>12.000000</ele>
				<time>2025-12-07T03:19:24Z</time>
			</trkpt>
			<trkpt lat="31.480919" lon="120.234961">
				<speed>2.380677</speed>
				<ele>12.000000</ele>
				<time>2025-12-07T03:19:26Z</time>
			</trkpt>
			<trkpt lat="31.480923" lon="120.235017">
				<speed>2.423063</speed>
				<ele>12.000000</ele>
				<time>2025-12-07T03:19:28Z</time>
			</trkpt>
			<trkpt lat="31.480924" lon="120.235074">
				<speed>2.476315</speed>
				<ele>12.000000</ele>
				<time>2025-12-07T03:19:30Z</time>
			</trkpt>
			<trkpt lat="31.480918" lon="120.235134">
				<speed>2.547393</speed>
				<ele>11.000000</ele>
				<time>2025-12-07T03:19:32Z</time>
			</trkpt>
			<trkpt lat="31.480906" lon="120.235193">
				<speed>2.513754</speed>
				<ele>10.000000</ele>
				<time>2025-12-07T03:19:34Z</time>
			</trkpt>
			<trkpt lat="31.480902" lon="120.235258">
				<speed>2.651317</speed>
				<ele>10.000000</ele>
				<time>2025-12-07T03:19:36Z</time>
			</trkpt>
			<trkpt lat="31.480893" lon="120.235317">
				<speed>2.561624</speed>
				<ele>10.000000</ele>
				<time>2025-12-07T03:19:38Z</time>
			</trkpt>
			<trkpt lat="31.480889" lon="120.235374">
				<speed>2.444755</speed>
				<ele>10.000000</ele>
				<time>2025-12-07T03:19:40Z</time>
			</trkpt>
			<trkpt lat="31.480886" lon="120.235433">
				<speed>2.553025</speed>
				<ele>10.000000</ele>
				<time>2025-12-07T03:19:42Z</time>
			</trkpt>
			<trkpt lat="31.480881" lon="120.235514">
				<speed>2.507170</speed>
				<ele>10.000000</ele>
				<time>2025-12-07T03:19:45Z</time>
			</trkpt>
			<trkpt lat="31.480869" lon="120.235569">
				<speed>1.350029</speed>
				<ele>9.000000</ele>
				<time>2025-12-07T03:19:48Z</time>
			</trkpt>
			<trkpt lat="31.480864" lon="120.235637">
				<speed>1.297613</speed>
				<ele>9.000000</ele>
				<time>2025-12-07T03:19:51Z</time>
			</trkpt>
			<trkpt lat="31.480852" lon="120.235708">
				<speed>1.334326</speed>
				<ele>9.000000</ele>
				<time>2025-12-07T03:19:54Z</time>
			</trkpt>
			<trkpt lat="31.480848" lon="120.235777">
				<speed>1.273552</speed>
				<ele>10.000000</ele>
				<time>2025-12-07T03:19:57Z</time>
			</trkpt>
			<trkpt lat="31.480839" lon="120.235853">
				<speed>1.982566</speed>
				<ele>9.000000</ele>
				<time>2025-12-07T03:20:00Z</time>
			</trkpt>
			<trkpt lat="31.480833" lon="120.235918">
				<speed>1.582750</speed>
				<ele>10.000000</ele>
				<time>2025-12-07T03:20:04Z</time>
			</trkpt>
			<trkpt lat="31.480829" lon="120.235983">
				<speed>1.404610</speed>
				<ele>10.000000</ele>
				<time>2025-12-07T03:20:08Z</time>
			</trkpt>
			<trkpt lat="31.480821" lon="120.236049">
				<speed>1.434959</speed>
				<ele>10.000000</ele>
				<time>2025-12-07T03:20:12Z</time>
			</trkpt>
			<trkpt lat="31.480816" lon="120.236107">
				<speed>1.398842</speed>
				<ele>10.000000</ele>
				<time>2025-12-07T03:20:16Z</time>
			</trkpt>
			<trkpt lat="31.480805" lon="120.236172">
				<speed>1.483833</speed>
				<ele>12.000000</ele>
				<time>2025-12-07T03:20:21Z</time>
			</trkpt>
			<trkpt lat="31.480792" lon="120.236225">
				<speed>1.685389</speed>
				<ele>11.000000</ele>
				<time>2025-12-07T03:20:24Z</time>
			</trkpt>
			<trkpt lat="31.480792" lon="120.236278">
				<speed>1.471665</speed>
				<ele>11.000000</ele>
				<time>2025-12-07T03:20:27Z</time>
			</trkpt>
			<trkpt lat="31.480791" lon="120.236343">
				<speed>1.463312</speed>
				<ele>11.000000</ele>
				<time>2025-12-07T03:20:31Z</time>
			</trkpt>
			<trkpt lat="31.480792" lon="120.236404">
				<speed>1.473373</speed>
				<ele>12.000000</ele>
				<time>2025-12-07T03:20:35Z</time>
			</trkpt>
			<trkpt lat="31.480782" lon="120.236465">
				<speed>1.474143</speed>
				<ele>12.000000</ele>
				<time>2025-12-07T03:20:39Z</time>
			</trkpt>
			<trkpt lat="31.480775" lon="120.236521">
				<speed>1.004674</speed>
				<ele>12.000000</ele>
				<time>2025-12-07T03:20:43Z</time>
			</trkpt>
			<trkpt lat="31.480771" lon="120.236584">
				<speed>1.044196</speed>
				<ele>12.000000</ele>
				<time>2025-12-07T03:20:47Z</time>
			</trkpt>
			<trkpt lat="31.480766" lon="120.236651">
				<speed>1.576060</speed>
				<ele>13.000000</ele>
				<time>2025-12-07T03:20:51Z</time>
			</trkpt>
			<trkpt lat="31.480758" lon="120.236705">
				<speed>1.192247</speed>
				<ele>13.000000</ele>
				<time>2025-12-07T03:20:55Z</time>
			</trkpt>
			<trkpt lat="31.480750" lon="120.236757">
				<speed>1.184453</speed>
				<ele>13.000000</ele>
				<time>2025-12-07T03:20:59Z</time>
			</trkpt>
			<trkpt lat="31.480735" lon="120.236846">
				<speed>2.419803</speed>
				<ele>14.000000</ele>
				<time>2025-12-07T03:21:03Z</time>
			</trkpt>
			<trkpt lat="31.480724" lon="120.236924">
				<speed>1.966776</speed>
				<ele>16.000000</ele>
				<time>2025-12-07T03:21:07Z</time>
			</trkpt>
			<trkpt lat="31.480739" lon="120.236987">
				<speed>2.493808</speed>
				<ele>16.000000</ele>
				<time>2025-12-07T03:21:09Z</time>
			</trkpt>
			<trkpt lat="31.480756" lon="120.237053">
				<speed>2.669682</speed>
				<ele>16.000000</ele>
				<time>2025-12-07T03:21:11Z</time>
			</trkpt>
			<trkpt lat="31.480771" lon="120.237107">
				<speed>1.486052</speed>
				<ele>16.000000</ele>
				<time>2025-12-07T03:21:15Z</time>
			</trkpt>
			<trkpt lat="31.480783" lon="120.237180">
				<speed>2.035859</speed>
				<ele>16.000000</ele>
				<time>2025-12-07T03:21:19Z</time>
			</trkpt>
			<trkpt lat="31.480802" lon="120.237257">
				<speed>2.594234</speed>
				<ele>16.000000</ele>
				<time>2025-12-07T03:21:22Z</time>
			</trkpt>
			<trkpt lat="31.480795" lon="120.237324">
				<speed>2.284591</speed>
				<ele>16.000000</ele>
				<time>2025-12-07T03:21:25Z</time>
			</trkpt>
			<trkpt lat="31.480799" lon="120.237381">
				<speed>2.543517</speed>
				<ele>16.000000</ele>
				<time>2025-12-07T03:21:27Z</time>
			</trkpt>
			<trkpt lat="31.480794" lon="120.237450">
				<speed>2.521286</speed>
				<ele>17.000000</ele>
				<time>2025-12-07T03:21:30Z</time>
			</trkpt>
			<trkpt lat="31.480771" lon="120.237518">
				<speed>2.003435</speed>
				<ele>18.000000</ele>
				<time>2025-12-07T03:21:34Z</time>
			</trkpt>
			<trkpt lat="31.480772" lon="120.237586">
				<speed>2.031004</speed>
				<ele>17.000000</ele>
				<time>2025-12-07T03:21:37Z</time>
			</trkpt>
			<trkpt lat="31.480774" lon="120.237644">
				<speed>2.546983</speed>
				<ele>17.000000</ele>
				<time>2025-12-07T03:21:39Z</time>
			</trkpt>
			<trkpt lat="31.480779" lon="120.237699">
				<speed>1.891472</speed>
				<ele>18.000000</ele>
				<time>2025-12-07T03:21:42Z</time>
			</trkpt>
			<trkpt lat="31.480769" lon="120.237777">
				<speed>2.607293</speed>
				<ele>17.000000</ele>
				<time>2025-12-07T03:21:45Z</time>
			</trkpt>
			<trkpt lat="31.480784" lon="120.237845">
				<speed>3.034907</speed>
				<ele>18.000000</ele>
				<time>2025-12-07T03:21:47Z</time>
			</trkpt>
			<trkpt lat="31.480783" lon="120.237905">
				<speed>2.903310</speed>
				<ele>18.000000</ele>
				<time>2025-12-07T03:21:49Z</time>
			</trkpt>
			<trkpt lat="31.480783" lon="120.237966">
				<speed>2.949627</speed>
				<ele>17.000000</ele>
				<time>2025-12-07T03:21:51Z</time>
			</trkpt>
			<trkpt lat="31.480790" lon="120.238029">
				<speed>2.855053</speed>
				<ele>17.000000</ele>
				<time>2025-12-07T03:21:53Z</time>
			</trkpt>
			<trkpt lat="31.480798" lon="120.238085">
				<speed>2.674122</speed>
				<ele>17.000000</ele>
				<time>2025-12-07T03:21:55Z</time>
			</trkpt>
			<trkpt lat="31.480799" lon="120.238138">
				<speed>2.499953</speed>
				<ele>16.000000</ele>
				<time>2025-12-07T03:21:57Z</time>
			</trkpt>
			<trkpt lat="31.480794" lon="120.238218">
				<speed>2.780033</speed>
				<ele>16.000000</ele>
				<time>2025-12-07T03:22:00Z</time>
			</trkpt>
			<trkpt lat="31.480791" lon="120.238283">
				<speed>2.343585</speed>
				<ele>16.000000</ele>
				<time>2025-12-07T03:22:03Z</time>
			</trkpt>
			<trkpt lat="31.480792" lon="120.238346">
				<speed>2.884472</speed>
				<ele>16.000000</ele>
				<time>2025-12-07T03:22:05Z</time>
			</trkpt>
			<trkpt lat="31.480806" lon="120.238414">
				<speed>2.440057</speed>
				<ele>17.000000</ele>
				<time>2025-12-07T03:22:08Z</time>
			</trkpt>
			<trkpt lat="31.480832" lon="120.238470">
				<speed>2.880028</speed>
				<ele>16.000000</ele>
				<time>2025-12-07T03:22:10Z</time>
			</trkpt>
			<trkpt lat="31.480840" lon="120.238523">
				<speed>2.836640</speed>
				<ele>16.000000</ele>
				<time>2025-12-07T03:22:12Z</time>
			</trkpt>
			<trkpt lat="31.480847" lon="120.238575">
				<speed>2.744075</speed>
				<ele>16.000000</ele>
				<time>2025-12-07T03:22:14Z</time>
			</trkpt>
			<trkpt lat="31.480853" lon="120.238652">
				<speed>2.716756</speed>
				<ele>15.000000</ele>
				<time>2025-12-07T03:22:17Z</time>
			</trkpt>
			<trkpt lat="31.480869" lon="120.238703">
				<speed>2.712196</speed>
				<ele>15.000000</ele>
				<time>2025-12-07T03:22:19Z</time>
			</trkpt>
			<trkpt lat="31.480875" lon="120.238784">
				<speed>2.767707</speed>
				<ele>16.000000</ele>
				<time>2025-12-07T03:22:22Z</time>
			</trkpt>
			<trkpt lat="31.480895" lon="120.238863">
				<speed>2.927728</speed>
				<ele>15.000000</ele>
				<time>2025-12-07T03:22:25Z</time>
			</trkpt>
			<trkpt lat="31.480911" lon="120.238920">
				<speed>3.095038</speed>
				<ele>16.000000</ele>
				<time>2025-12-07T03:22:27Z</time>
			</trkpt>
			<trkpt lat="31.480926" lon="120.238991">
				<speed>2.611404</speed>
				<ele>15.000000</ele>
				<time>2025-12-07T03:22:30Z</time>
			</trkpt>
			<trkpt lat="31.480943" lon="120.239048">
				<speed>2.805874</speed>
				<ele>15.000000</ele>
				<time>2025-12-07T03:22:32Z</time>
			</trkpt>
			<trkpt lat="31.480966" lon="120.239097">
				<speed>2.789296</speed>
				<ele>16.000000</ele>
				<time>2025-12-07T03:22:34Z</time>
			</trkpt>
			<trkpt lat="31.481009" lon="120.239151">
				<speed>2.594932</speed>
				<ele>17.000000</ele>
				<time>2025-12-07T03:22:37Z</time>
			</trkpt>
			<trkpt lat="31.481031" lon="120.239204">
				<speed>2.320213</speed>
				<ele>18.000000</ele>
				<time>2025-12-07T03:22:40Z</time>
			</trkpt>
			<trkpt lat="31.481064" lon="120.239250">
				<speed>2.276347</speed>
				<ele>18.000000</ele>
				<time>2025-12-07T03:22:43Z</time>
			</trkpt>
			<trkpt lat="31.481097" lon="120.239295">
				<speed>1.805772</speed>
				<ele>18.000000</ele>
				<time>2025-12-07T03:22:47Z</time>
			</trkpt>
			<trkpt lat="31.481119" lon="120.239346">
				<speed>1.860310</speed>
				<ele>18.000000</ele>
				<time>2025-12-07T03:22:51Z</time>
			</trkpt>
			<trkpt lat="31.481145" lon="120.239410">
				<speed>1.910063</speed>
				<ele>18.000000</ele>
				<time>2025-12-07T03:22:55Z</time>
			</trkpt>
			<trkpt lat="31.481164" lon="120.239473">
				<speed>1.806735</speed>
				<ele>18.000000</ele>
				<time>2025-12-07T03:22:59Z</time>
			</trkpt>
			<trkpt lat="31.481196" lon="120.239536">
				<speed>1.975568</speed>
				<ele>18.000000</ele>
				<time>2025-12-07T03:23:03Z</time>
			</trkpt>
			<trkpt lat="31.481221" lon="120.239596">
				<speed>1.804770</speed>
				<ele>18.000000</ele>
				<time>2025-12-07T03:23:07Z</time>
			</trkpt>
			<trkpt lat="31.481250" lon="120.239641">
				<speed>1.985451</speed>
				<ele>18.000000</ele>
				<time>2025-12-07T03:23:10Z</time>
			</trkpt>
			<trkpt lat="31.481281" lon="120.239685">
				<speed>1.965336</speed>
				<ele>18.000000</ele>
				<time>2025-12-07T03:23:13Z</time>
			</trkpt>
			<trkpt lat="31.481298" lon="120.239735">
				<speed>1.746982</speed>
				<ele>20.000000</ele>
				<time>2025-12-07T03:23:17Z</time>
			</trkpt>
			<trkpt lat="31.481316" lon="120.239785">
				<speed>1.834108</speed>
				<ele>20.000000</ele>
				<time>2025-12-07T03:23:20Z</time>
			</trkpt>
			<trkpt lat="31.481341" lon="120.239848">
				<speed>1.831482</speed>
				<ele>20.000000</ele>
				<time>2025-12-07T03:23:24Z</time>
			</trkpt>
			<trkpt lat="31.481383" lon="120.239884">
				<speed>1.954576</speed>
				<ele>21.000000</ele>
				<time>2025-12-07T03:23:27Z</time>
			</trkpt>
			<trkpt lat="31.481421" lon="120.239921">
				<speed>1.793251</speed>
				<ele>20.000000</ele>
				<time>2025-12-07T03:23:30Z</time>
			</trkpt>
			<trkpt lat="31.481451" lon="120.239966">
				<speed>1.911406</speed>
				<ele>20.000000</ele>
				<time>2025-12-07T03:23:33Z</time>
			</trkpt>
			<trkpt lat="31.481495" lon="120.240008">
				<speed>2.076409</speed>
				<ele>20.000000</ele>
				<time>2025-12-07T03:23:36Z</time>
			</trkpt>
			<trkpt lat="31.481531" lon="120.240045">
				<speed>2.137571</speed>
				<ele>20.000000</ele>
				<time>2025-12-07T03:23:38Z</time>
			</trkpt>
			<trkpt lat="31.481579" lon="120.240059">
				<speed>2.234866</speed>
				<ele>21.000000</ele>
				<time>2025-12-07T03:23:40Z</time>
			</trkpt>
			<trkpt lat="31.481617" lon="120.240090">
				<speed>2.200476</speed>
				<ele>22.000000</ele>
				<time>2025-12-07T03:23:42Z</time>
			</trkpt>
			<trkpt lat="31.481649" lon="120.240131">
				<speed>2.129185</speed>
				<ele>23.000000</ele>
				<time>2025-12-07T03:23:44Z</time>
			</trkpt>
			<trkpt lat="31.481683" lon="120.240192">
				<speed>2.186610</speed>
				<ele>23.000000</ele>
				<time>2025-12-07T03:23:47Z</time>
			</trkpt>
			<trkpt lat="31.481707" lon="120.240250">
				<speed>2.993778</speed>
				<ele>22.000000</ele>
				<time>2025-12-07T03:23:49Z</time>
			</trkpt>
			<trkpt lat="31.481705" lon="120.240310">
				<speed>3.064770</speed>
				<ele>22.000000</ele>
				<time>2025-12-07T03:23:51Z</time>
			</trkpt>
			<trkpt lat="31.481722" lon="120.240377">
				<speed>2.651293</speed>
				<ele>22.000000</ele>
				<time>2025-12-07T03:23:54Z</time>
			</trkpt>
			<trkpt lat="31.481730" lon="120.240436">
				<speed>2.698119</speed>
				<ele>22.000000</ele>
				<time>2025-12-07T03:23:56Z</time>
			</trkpt>
			<trkpt lat="31.481730" lon="120.240514">
				<speed>2.562604</speed>
				<ele>21.000000</ele>
				<time>2025-12-07T03:23:59Z</time>
			</trkpt>
			<trkpt lat="31.481732" lon="120.240573">
				<speed>2.930847</speed>
				<ele>22.000000</ele>
				<time>2025-12-07T03:24:01Z</time>
			</trkpt>
			<trkpt lat="31.481748" lon="120.240628">
				<speed>3.004441</speed>
				<ele>22.000000</ele>
				<time>2025-12-07T03:24:03Z</time>
			</trkpt>
			<trkpt lat="31.481747" lon="120.240687">
				<speed>3.109297</speed>
				<ele>22.000000</ele>
				<time>2025-12-07T03:24:05Z</time>
			</trkpt>
			<trkpt lat="31.481744" lon="120.240749">
				<speed>3.163732</speed>
				<ele>21.000000</ele>
				<time>2025-12-07T03:24:07Z</time>
			</trkpt>
			<trkpt lat="31.481754" lon="120.240825">
				<speed>2.701301</speed>
				<ele>22.000000</ele>
				<time>2025-12-07T03:24:10Z</time>
			</trkpt>
			<trkpt lat="31.481763" lon="120.240901">
				<speed>2.743408</speed>
				<ele>23.000000</ele>
				<time>2025-12-07T03:24:13Z</time>
			</trkpt>
			<trkpt lat="31.481774" lon="120.240961">
				<speed>2.936304</speed>
				<ele>24.000000</ele>
				<time>2025-12-07T03:24:15Z</time>
			</trkpt>
			<trkpt lat="31.481796" lon="120.241009">
				<speed>2.715409</speed>
				<ele>23.000000</ele>
				<time>2025-12-07T03:24:17Z</time>
			</trkpt>
			<trkpt lat="31.481806" lon="120.241069">
				<speed>1.973369</speed>
				<ele>22.000000</ele>
				<time>2025-12-07T03:24:20Z</time>
			</trkpt>
			<trkpt lat="31.481839" lon="120.241137">
				<speed>2.360748</speed>
				<ele>23.000000</ele>
				<time>2025-12-07T03:24:24Z</time>
			</trkpt>
			<trkpt lat="31.481863" lon="120.241184">
				<speed>1.798900</speed>
				<ele>24.000000</ele>
				<time>2025-12-07T03:24:28Z</time>
			</trkpt>
			<trkpt lat="31.481893" lon="120.241226">
				<speed>1.820237</speed>
				<ele>25.000000</ele>
				<time>2025-12-07T03:24:31Z</time>
			</trkpt>
			<trkpt lat="31.481942" lon="120.241262">
				<speed>1.770537</speed>
				<ele>23.000000</ele>
				<time>2025-12-07T03:24:35Z</time>
			</trkpt>
			<trkpt lat="31.481985" lon="120.241290">
				<speed>1.754284</speed>
				<ele>25.000000</ele>
				<time>2025-12-07T03:24:39Z</time>
			</trkpt>
			<trkpt lat="31.482023" lon="120.241338">
				<speed>0.987860</speed>
				<ele>26.000000</ele>
				<time>2025-12-07T03:24:45Z</time>
			</trkpt>
			<trkpt lat="31.482031" lon="120.241400">
				<speed>1.848295</speed>
				<ele>26.000000</ele>
				<time>2025-12-07T03:24:49Z</time>
			</trkpt>
			<trkpt lat="31.482012" lon="120.241466">
				<speed>1.734820</speed>
				<ele>27.000000</ele>
				<time>2025-12-07T03:24:53Z</time>
			</trkpt>
			<trkpt lat="31.482019" lon="120.241523">
				<speed>1.750291</speed>
				<ele>26.000000</ele>
				<time>2025-12-07T03:24:56Z</time>
			</trkpt>
			<trkpt lat="31.482035" lon="120.241574">
				<speed>1.771676</speed>
				<ele>25.000000</ele>
				<time>2025-12-07T03:24:59Z</time>
			</trkpt>
			<trkpt lat="31.482066" lon="120.241629">
				<speed>1.747862</speed>
				<ele>25.000000</ele>
				<time>2025-12-07T03:25:03Z</time>
			</trkpt>
			<trkpt lat="31.482097" lon="120.241685">
				<speed>1.761616</speed>
				<ele>25.000000</ele>
				<time>2025-12-07T03:25:07Z</time>
			</trkpt>
			<trkpt lat="31.482139" lon="120.241729">
				<speed>1.560323</speed>
				<ele>25.000000</ele>
				<time>2025-12-07T03:25:11Z</time>
			</trkpt>
			<trkpt lat="31.482181" lon="120.241761">
				<speed>1.574732</speed>
				<ele>27.000000</ele>
				<time>2025-12-07T03:25:15Z</time>
			</trkpt>
			<trkpt lat="31.482225" lon="120.241802">
				<speed>1.501169</speed>
				<ele>27.000000</ele>
				<time>2025-12-07T03:25:19Z</time>
			</trkpt>
			<trkpt lat="31.482273" lon="120.241848">
				<speed>1.701929</speed>
				<ele>27.000000</ele>
				<time>2025-12-07T03:25:22Z</time>
			</trkpt>
			<trkpt lat="31.482318" lon="120.241890">
				<speed>1.587544</speed>
				<ele>29.000000</ele>
				<time>2025-12-07T03:25:25Z</time>
			</trkpt>
			<trkpt lat="31.482352" lon="120.241928">
				<speed>1.387875</speed>
				<ele>30.000000</ele>
				<time>2025-12-07T03:25:28Z</time>
			</trkpt>
			<trkpt lat="31.482384" lon="120.241977">
				<speed>1.075806</speed>
				<ele>30.000000</ele>
				<time>2025-12-07T03:25:31Z</time>
			</trkpt>
			<trkpt lat="31.482420" lon="120.242023">
				<speed>0.810463</speed>
				<ele>31.000000</ele>
				<time>2025-12-07T03:25:36Z</time>
			</trkpt>
			<trkpt lat="31.482460" lon="120.242062">
				<speed>1.340007</speed>
				<ele>32.000000</ele>
				<time>2025-12-07T03:25:40Z</time>
			</trkpt>
			<trkpt lat="31.482492" lon="120.242107">
				<speed>1.547948</speed>
				<ele>32.000000</ele>
				<time>2025-12-07T03:25:43Z</time>
			</trkpt>
			<trkpt lat="31.482514" lon="120.242158">
				<speed>1.515473</speed>
				<ele>34.000000</ele>
				<time>2025-12-07T03:25:47Z</time>
			</trkpt>
			<trkpt lat="31.482548" lon="120.242195">
				<speed>1.432739</speed>
				<ele>34.000000</ele>
				<time>2025-12-07T03:25:50Z</time>
			</trkpt>
			<trkpt lat="31.482584" lon="120.242237">
				<speed>1.257905</speed>
				<ele>34.000000</ele>
				<time>2025-12-07T03:25:54Z</time>
			</trkpt>
			<trkpt lat="31.482612" lon="120.242291">
				<speed>1.305830</speed>
				<ele>35.000000</ele>
				<time>2025-12-07T03:25:58Z</time>
			</trkpt>
			<trkpt lat="31.482658" lon="120.242316">
				<speed>0.919785</speed>
				<ele>37.000000</ele>
				<time>2025-12-07T03:26:04Z</time>
			</trkpt>
			<trkpt lat="31.482713" lon="120.242326">
				<speed>0.918119</speed>
				<ele>39.000000</ele>
				<time>2025-12-07T03:26:09Z</time>
			</trkpt>
			<trkpt lat="31.482762" lon="120.242334">
				<speed>0.881220</speed>
				<ele>40.000000</ele>
				<time>2025-12-07T03:26:14Z</time>
			</trkpt>
			<trkpt lat="31.482807" lon="120.242348">
				<speed>0.922826</speed>
				<ele>41.000000</ele>
				<time>2025-12-07T03:26:19Z</time>
			</trkpt>
			<trkpt lat="31.482859" lon="120.242343">
				<speed>0.897194</speed>
				<ele>41.000000</ele>
				<time>2025-12-07T03:26:23Z</time>
			</trkpt>
			<trkpt lat="31.482913" lon="120.242354">
				<speed>1.062570</speed>
				<ele>44.000000</ele>
				<time>2025-12-07T03:26:29Z</time>
			</trkpt>
			<trkpt lat="31.482961" lon="120.242350">
				<speed>0.919469</speed>
				<ele>46.000000</ele>
				<time>2025-12-07T03:26:38Z</time>
			</trkpt>
			<trkpt lat="31.483010" lon="120.242369">
				<speed>0.938348</speed>
				<ele>49.000000</ele>
				<time>2025-12-07T03:26:46Z</time>
			</trkpt>
			<trkpt lat="31.483061" lon="120.242379">
				<speed>0.740773</speed>
				<ele>50.000000</ele>
				<time>2025-12-07T03:26:54Z</time>
			</trkpt>
			<trkpt lat="31.483111" lon="120.242390">
				<speed>0.415986</speed>
				<ele>51.000000</ele>
				<time>2025-12-07T03:27:02Z</time>
			</trkpt>
			<trkpt lat="31.483156" lon="120.242409">
				<speed>0.550186</speed>
				<ele>52.000000</ele>
				<time>2025-12-07T03:27:09Z</time>
			</trkpt>
			<trkpt lat="31.483209" lon="120.242414">
				<speed>0.783032</speed>
				<ele>54.000000</ele>
				<time>2025-12-07T03:27:15Z</time>
			</trkpt>
			<trkpt lat="31.483254" lon="120.242416">
				<speed>0.768071</speed>
				<ele>54.000000</ele>
				<time>2025-12-07T03:27:20Z</time>
			</trkpt>
			<trkpt lat="31.483300" lon="120.242440">
				<speed>0.717733</speed>
				<ele>57.000000</ele>
				<time>2025-12-07T03:27:28Z</time>
			</trkpt>
			<trkpt lat="31.483346" lon="120.242444">
				<speed>0.540174</speed>
				<ele>59.000000</ele>
				<time>2025-12-07T03:27:34Z</time>
			</trkpt>
			<trkpt lat="31.483392" lon="120.242434">
				<speed>0.726319</speed>
				<ele>61.000000</ele>
				<time>2025-12-07T03:27:43Z</time>
			</trkpt>
			<trkpt lat="31.483438" lon="120.242462">
				<speed>0.763618</speed>
				<ele>62.000000</ele>
				<time>2025-12-07T03:27:48Z</time>
			</trkpt>
			<trkpt lat="31.483487" lon="120.242472">
				<speed>0.556687</speed>
				<ele>64.000000</ele>
				<time>2025-12-07T03:27:56Z</time>
			</trkpt>
			<trkpt lat="31.483537" lon="120.242493">
				<speed>0.885598</speed>
				<ele>64.000000</ele>
				<time>2025-12-07T03:28:03Z</time>
			</trkpt>
			<trkpt lat="31.483585" lon="120.242519">
				<speed>0.864761</speed>
				<ele>68.000000</ele>
				<time>2025-12-07T03:28:09Z</time>
			</trkpt>
			<trkpt lat="31.483637" lon="120.242528">
				<speed>0.852613</speed>
				<ele>68.000000</ele>
				<time>2025-12-07T03:28:14Z</time>
			</trkpt>
			<trkpt lat="31.483687" lon="120.242539">
				<speed>0.576735</speed>
				<ele>72.000000</ele>
				<time>2025-12-07T03:28:24Z</time>
			</trkpt>
			<trkpt lat="31.483731" lon="120.242556">
				<speed>0.365441</speed>
				<ele>73.000000</ele>
				<time>2025-12-07T03:28:33Z</time>
			</trkpt>
			<trkpt lat="31.483764" lon="120.242598">
				<speed>0.728220</speed>
				<ele>74.000000</ele>
				<time>2025-12-07T03:28:40Z</time>
			</trkpt>
			<trkpt lat="31.483810" lon="120.242606">
				<speed>0.771914</speed>
				<ele>75.000000</ele>
				<time>2025-12-07T03:28:47Z</time>
			</trkpt>
			<trkpt lat="31.483857" lon="120.242626">
				<speed>0.665315</speed>
				<ele>77.000000</ele>
				<time>2025-12-07T03:28:53Z</time>
			</trkpt>
			<trkpt lat="31.483909" lon="120.242642">
				<speed>1.015948</speed>
				<ele>79.000000</ele>
				<time>2025-12-07T03:29:00Z</time>
			</trkpt>
			<trkpt lat="31.483943" lon="120.242681">
				<speed>0.548971</speed>
				<ele>81.000000</ele>
				<time>2025-12-07T03:29:08Z</time>
			</trkpt>
			<trkpt lat="31.483989" lon="120.242704">
				<speed>0.551193</speed>
				<ele>84.000000</ele>
				<time>2025-12-07T03:29:16Z</time>
			</trkpt>
			<trkpt lat="31.484032" lon="120.242720">
				<speed>0.779710</speed>
				<ele>86.000000</ele>
				<time>2025-12-07T03:29:22Z</time>
			</trkpt>
			<trkpt lat="31.484078" lon="120.242737">
				<speed>1.010154</speed>
				<ele>87.000000</ele>
				<time>2025-12-07T03:29:28Z</time>
			</trkpt>
			<trkpt lat="31.484114" lon="120.242769">
				<speed>0.780257</speed>
				<ele>88.000000</ele>
				<time>2025-12-07T03:29:36Z</time>
			</trkpt>
			<trkpt lat="31.484161" lon="120.242782">
				<speed>0.512087</speed>
				<ele>89.000000</ele>
				<time>2025-12-07T03:29:43Z</time>
			</trkpt>
			<trkpt lat="31.484203" lon="120.242829">
				<speed>1.361894</speed>
				<ele>90.000000</ele>
				<time>2025-12-07T03:29:50Z</time>
			</trkpt>
			<trkpt lat="31.484219" lon="120.242886">
				<speed>0.629709</speed>
				<ele>91.000000</ele>
				<time>2025-12-07T03:29:59Z</time>
			</trkpt>
			<trkpt lat="31.484260" lon="120.242926">
				<speed>0.644407</speed>
				<ele>92.000000</ele>
				<time>2025-12-07T03:30:07Z</time>
			</trkpt>
			<trkpt lat="31.484300" lon="120.242962">
				<speed>1.081182</speed>
				<ele>91.000000</ele>
				<time>2025-12-07T03:30:11Z</time>
			</trkpt>
			<trkpt lat="31.484327" lon="120.243005">
				<speed>0.640972</speed>
				<ele>92.000000</ele>
				<time>2025-12-07T03:30:18Z</time>
			</trkpt>
			<trkpt lat="31.484370" lon="120.243036">
				<speed>0.839814</speed>
				<ele>95.000000</ele>
				<time>2025-12-07T03:30:25Z</time>
			</trkpt>
			<trkpt lat="31.484406" lon="120.243083">
				<speed>1.124906</speed>
				<ele>95.000000</ele>
				<time>2025-12-07T03:30:30Z</time>
			</trkpt>
			<trkpt lat="31.484429" lon="120.243131">
				<speed>0.864841</speed>
				<ele>95.000000</ele>
				<time>2025-12-07T03:30:35Z</time>
			</trkpt>
			<trkpt lat="31.484440" lon="120.243189">
				<speed>1.184635</speed>
				<ele>97.000000</ele>
				<time>2025-12-07T03:30:40Z</time>
			</trkpt>
			<trkpt lat="31.484454" lon="120.243250">
				<speed>1.373867</speed>
				<ele>97.000000</ele>
				<time>2025-12-07T03:30:44Z</time>
			</trkpt>
			<trkpt lat="31.484456" lon="120.243315">
				<speed>1.095858</speed>
				<ele>98.000000</ele>
				<time>2025-12-07T03:30:50Z</time>
			</trkpt>
			<trkpt lat="31.484431" lon="120.243361">
				<speed>0.772104</speed>
				<ele>99.000000</ele>
				<time>2025-12-07T03:30:57Z</time>
			</trkpt>
			<trkpt lat="31.484397" lon="120.243408">
				<speed>0.697919</speed>
				<ele>101.000000</ele>
				<time>2025-12-07T03:31:03Z</time>
			</trkpt>
			<trkpt lat="31.484354" lon="120.243437">
				<speed>1.138878</speed>
				<ele>102.000000</ele>
				<time>2025-12-07T03:31:07Z</time>
			</trkpt>
			<trkpt lat="31.484330" lon="120.243493">
				<speed>0.811660</speed>
				<ele>101.000000</ele>
				<time>2025-12-07T03:31:12Z</time>
			</trkpt>
			<trkpt lat="31.484310" lon="120.243544">
				<speed>1.079312</speed>
				<ele>102.000000</ele>
				<time>2025-12-07T03:31:15Z</time>
			</trkpt>
			<trkpt lat="31.484286" lon="120.243602">
				<speed>0.935574</speed>
				<ele>101.000000</ele>
				<time>2025-12-07T03:31:20Z</time>
			</trkpt>
			<trkpt lat="31.484283" lon="120.243660">
				<speed>1.174581</speed>
				<ele>102.000000</ele>
				<time>2025-12-07T03:31:24Z</time>
			</trkpt>
			<trkpt lat="31.484273" lon="120.243719">
				<speed>1.080365</speed>
				<ele>103.000000</ele>
				<time>2025-12-07T03:31:28Z</time>
			</trkpt>
			<trkpt lat="31.484279" lon="120.243785">
				<speed>0.770284</speed>
				<ele>105.000000</ele>
				<time>2025-12-07T03:31:34Z</time>
			</trkpt>
			<trkpt lat="31.484278" lon="120.243844">
				<speed>0.941776</speed>
				<ele>106.000000</ele>
				<time>2025-12-07T03:31:39Z</time>
			</trkpt>
			<trkpt lat="31.484270" lon="120.243899">
				<speed>1.063725</speed>
				<ele>106.000000</ele>
				<time>2025-12-07T03:31:44Z</time>
			</trkpt>
			<trkpt lat="31.484265" lon="120.243952">
				<speed>0.541659</speed>
				<ele>107.000000</ele>
				<time>2025-12-07T03:31:49Z</time>
			</trkpt>
			<trkpt lat="31.484282" lon="120.244002">
				<speed>0.664210</speed>
				<ele>108.000000</ele>
				<time>2025-12-07T03:31:53Z</time>
			</trkpt>
			<trkpt lat="31.484294" lon="120.244059">
				<speed>0.685115</speed>
				<ele>111.000000</ele>
				<time>2025-12-07T03:31:59Z</time>
			</trkpt>
			<trkpt lat="31.484307" lon="120.244116">
				<speed>0.878387</speed>
				<ele>112.000000</ele>
				<time>2025-12-07T03:32:04Z</time>
			</trkpt>
			<trkpt lat="31.484296" lon="120.244167">
				<speed>0.795202</speed>
				<ele>112.000000</ele>
				<time>2025-12-07T03:32:11Z</time>
			</trkpt>
			<trkpt lat="31.484279" lon="120.244220">
				<speed>1.036029</speed>
				<ele>114.000000</ele>
				<time>2025-12-07T03:32:16Z</time>
			</trkpt>
			<trkpt lat="31.484276" lon="120.244281">
				<speed>0.988513</speed>
				<ele>115.000000</ele>
				<time>2025-12-07T03:32:22Z</time>
			</trkpt>
			<trkpt lat="31.484274" lon="120.244335">
				<speed>0.607330</speed>
				<ele>115.000000</ele>
				<time>2025-12-07T03:32:28Z</time>
			</trkpt>
			<trkpt lat="31.484276" lon="120.244398">
				<speed>0.676346</speed>
				<ele>117.000000</ele>
				<time>2025-12-07T03:32:35Z</time>
			</trkpt>
			<trkpt lat="31.484255" lon="120.244452">
				<speed>0.680436</speed>
				<ele>119.000000</ele>
				<time>2025-12-07T03:32:45Z</time>
			</trkpt>
			<trkpt lat="31.484238" lon="120.244510">
				<speed>0.996891</speed>
				<ele>120.000000</ele>
				<time>2025-12-07T03:32:50Z</time>
			</trkpt>
			<trkpt lat="31.484216" lon="120.244558">
				<speed>0.909161</speed>
				<ele>122.000000</ele>
				<time>2025-12-07T03:32:55Z</time>
			</trkpt>
			<trkpt lat="31.484182" lon="120.244604">
				<speed>0.965802</speed>
				<ele>123.000000</ele>
				<time>2025-12-07T03:33:01Z</time>
			</trkpt>
			<trkpt lat="31.484154" lon="120.244662">
				<speed>1.075957</speed>
				<ele>124.000000</ele>
				<time>2025-12-07T03:33:05Z</time>
			</trkpt>
			<trkpt lat="31.484125" lon="120.244719">
				<speed>1.027811</speed>
				<ele>124.000000</ele>
				<time>2025-12-07T03:33:09Z</time>
			</trkpt>
			<trkpt lat="31.484100" lon="120.244765">
				<speed>1.384554</speed>
				<ele>125.000000</ele>
				<time>2025-12-07T03:33:12Z</time>
			</trkpt>
			<trkpt lat="31.484059" lon="120.244806">
				<speed>1.418164</speed>
				<ele>124.000000</ele>
				<time>2025-12-07T03:33:16Z</time>
			</trkpt>
			<trkpt lat="31.484021" lon="120.244843">
				<speed>1.150145</speed>
				<ele>125.000000</ele>
				<time>2025-12-07T03:33:20Z</time>
			</trkpt>
			<trkpt lat="31.483983" lon="120.244894">
				<speed>1.236607</speed>
				<ele>125.000000</ele>
				<time>2025-12-07T03:33:24Z</time>
			</trkpt>
			<trkpt lat="31.483949" lon="120.244945">
				<speed>1.712682</speed>
				<ele>126.000000</ele>
				<time>2025-12-07T03:33:27Z</time>
			</trkpt>
			<trkpt lat="31.483912" lon="120.244976">
				<speed>1.999603</speed>
				<ele>126.000000</ele>
				<time>2025-12-07T03:33:30Z</time>
			</trkpt>
			<trkpt lat="31.483867" lon="120.245029">
				<speed>2.133584</speed>
				<ele>127.000000</ele>
				<time>2025-12-07T03:33:33Z</time>
			</trkpt>
			<trkpt lat="31.483821" lon="120.245073">
				<speed>1.897057</speed>
				<ele>127.000000</ele>
				<time>2025-12-07T03:33:36Z</time>
			</trkpt>
			<trkpt lat="31.483793" lon="120.245126">
				<speed>1.666865</speed>
				<ele>126.000000</ele>
				<time>2025-12-07T03:33:39Z</time>
			</trkpt>
			<trkpt lat="31.483746" lon="120.245158">
				<speed>1.772136</speed>
				<ele>127.000000</ele>
				<time>2025-12-07T03:33:43Z</time>
			</trkpt>
			<trkpt lat="31.483709" lon="120.245188">
				<speed>1.766121</speed>
				<ele>127.000000</ele>
				<time>2025-12-07T03:33:47Z</time>
			</trkpt>
			<trkpt lat="31.483649" lon="120.245211">
				<speed>1.943948</speed>
				<ele>127.000000</ele>
				<time>2025-12-07T03:33:51Z</time>
			</trkpt>
			<trkpt lat="31.483586" lon="120.245193">
				<speed>2.252854</speed>
				<ele>127.000000</ele>
				<time>2025-12-07T03:33:54Z</time>
			</trkpt>
			<trkpt lat="31.483540" lon="120.245200">
				<speed>2.039937</speed>
				<ele>127.000000</ele>
				<time>2025-12-07T03:33:56Z</time>
			</trkpt>
			<trkpt lat="31.483487" lon="120.245234">
				<speed>1.802954</speed>
				<ele>127.000000</ele>
				<time>2025-12-07T03:33:59Z</time>
			</trkpt>
			<trkpt lat="31.483415" lon="120.245252">
				<speed>2.709985</speed>
				<ele>127.000000</ele>
				<time>2025-12-07T03:34:02Z</time>
			</trkpt>
			<trkpt lat="31.483372" lon="120.245270">
				<speed>2.371468</speed>
				<ele>127.000000</ele>
				<time>2025-12-07T03:34:04Z</time>
			</trkpt>
			<trkpt lat="31.483324" lon="120.245299">
				<speed>2.391095</speed>
				<ele>126.000000</ele>
				<time>2025-12-07T03:34:06Z</time>
			</trkpt>
			<trkpt lat="31.483270" lon="120.245300">
				<speed>2.646387</speed>
				<ele>126.000000</ele>
				<time>2025-12-07T03:34:08Z</time>
			</trkpt>
			<trkpt lat="31.483218" lon="120.245321">
				<speed>1.325587</speed>
				<ele>127.000000</ele>
				<time>2025-12-07T03:34:13Z</time>
			</trkpt>
			<trkpt lat="31.483170" lon="120.245331">
				<speed>1.627287</speed>
				<ele>127.000000</ele>
				<time>2025-12-07T03:34:16Z</time>
			</trkpt>
			<trkpt lat="31.483114" lon="120.245343">
				<speed>1.753968</speed>
				<ele>128.000000</ele>
				<time>2025-12-07T03:34:20Z</time>
			</trkpt>
			<trkpt lat="31.483057" lon="120.245343">
				<speed>1.842608</speed>
				<ele>128.000000</ele>
				<time>2025-12-07T03:34:24Z</time>
			</trkpt>
			<trkpt lat="31.482999" lon="120.245352">
				<speed>1.741293</speed>
				<ele>129.000000</ele>
				<time>2025-12-07T03:34:28Z</time>
			</trkpt>
			<trkpt lat="31.482946" lon="120.245348">
				<speed>2.033608</speed>
				<ele>128.000000</ele>
				<time>2025-12-07T03:34:31Z</time>
			</trkpt>
			<trkpt lat="31.482880" lon="120.245371">
				<speed>2.075990</speed>
				<ele>128.000000</ele>
				<time>2025-12-07T03:34:34Z</time>
			</trkpt>
			<trkpt lat="31.482819" lon="120.245366">
				<speed>2.171978</speed>
				<ele>128.000000</ele>
				<time>2025-12-07T03:34:37Z</time>
			</trkpt>
			<trkpt lat="31.482763" lon="120.245389">
				<speed>1.811197</speed>
				<ele>128.000000</ele>
				<time>2025-12-07T03:34:40Z</time>
			</trkpt>
			<trkpt lat="31.482716" lon="120.245376">
				<speed>2.212489</speed>
				<ele>128.000000</ele>
				<time>2025-12-07T03:34:42Z</time>
			</trkpt>
			<trkpt lat="31.482670" lon="120.245381">
				<speed>1.761430</speed>
				<ele>130.000000</ele>
				<time>2025-12-07T03:34:45Z</time>
			</trkpt>
			<trkpt lat="31.482621" lon="120.245396">
				<speed>1.248009</speed>
				<ele>129.000000</ele>
				<time>2025-12-07T03:34:49Z</time>
			</trkpt>
			<trkpt lat="31.482568" lon="120.245373">
				<speed>1.290730</speed>
				<ele>130.000000</ele>
				<time>2025-12-07T03:34:53Z</time>
			</trkpt>
			<trkpt lat="31.482518" lon="120.245360">
				<speed>1.715311</speed>
				<ele>130.000000</ele>
				<time>2025-12-07T03:34:56Z</time>
			</trkpt>
			<trkpt lat="31.482473" lon="120.245369">
				<speed>1.666247</speed>
				<ele>130.000000</ele>
				<time>2025-12-07T03:34:59Z</time>
			</trkpt>
			<trkpt lat="31.482425" lon="120.245359">
				<speed>1.544453</speed>
				<ele>132.000000</ele>
				<time>2025-12-07T03:35:03Z</time>
			</trkpt>
			<trkpt lat="31.482371" lon="120.245352">
				<speed>1.646688</speed>
				<ele>131.000000</ele>
				<time>2025-12-07T03:35:07Z</time>
			</trkpt>
			<trkpt lat="31.482314" lon="120.245339">
				<speed>1.622532</speed>
				<ele>132.000000</ele>
				<time>2025-12-07T03:35:11Z</time>
			</trkpt>
			<trkpt lat="31.482254" lon="120.245354">
				<speed>1.590351</speed>
				<ele>130.000000</ele>
				<time>2025-12-07T03:35:14Z</time>
			</trkpt>
			<trkpt lat="31.482209" lon="120.245343">
				<speed>1.580424</speed>
				<ele>130.000000</ele>
				<time>2025-12-07T03:35:17Z</time>
			</trkpt>
			<trkpt lat="31.482163" lon="120.245337">
				<speed>1.614573</speed>
				<ele>130.000000</ele>
				<time>2025-12-07T03:35:20Z</time>
			</trkpt>
			<trkpt lat="31.482104" lon="120.245333">
				<speed>1.480140</speed>
				<ele>131.000000</ele>
				<time>2025-12-07T03:35:24Z</time>
			</trkpt>
			<trkpt lat="31.482057" lon="120.245322">
				<speed>1.214541</speed>
				<ele>131.000000</ele>
				<time>2025-12-07T03:35:28Z</time>
			</trkpt>
			<trkpt lat="31.482012" lon="120.245327">
				<speed>1.022226</speed>
				<ele>129.000000</ele>
				<time>2025-12-07T03:35:32Z</time>
			</trkpt>
			<trkpt lat="31.481966" lon="120.245303">
				<speed>1.479120</speed>
				<ele>128.000000</ele>
				<time>2025-12-07T03:35:35Z</time>
			</trkpt>
			<trkpt lat="31.481919" lon="120.245288">
				<speed>1.580613</speed>
				<ele>128.000000</ele>
				<time>2025-12-07T03:35:37Z</time>
			</trkpt>
			<trkpt lat="31.481869" lon="120.245277">
				<speed>1.604572</speed>
				<ele>128.000000</ele>
				<time>2025-12-07T03:35:39Z</time>
			</trkpt>
			<trkpt lat="31.481816" lon="120.245268">
				<speed>1.595170</speed>
				<ele>128.000000</ele>
				<time>2025-12-07T03:35:41Z</time>
			</trkpt>
			<trkpt lat="31.481759" lon="120.245261">
				<speed>2.466385</speed>
				<ele>127.000000</ele>
				<time>2025-12-07T03:35:43Z</time>
			</trkpt>
			<trkpt lat="31.481713" lon="120.245259">
				<speed>3.671655</speed>
				<ele>128.000000</ele>
				<time>2025-12-07T03:35:44Z</time>
			</trkpt>
			<trkpt lat="31.481668" lon="120.245245">
				<speed>2.505208</speed>
				<ele>128.000000</ele>
				<time>2025-12-07T03:35:46Z</time>
			</trkpt>
			<trkpt lat="31.481615" lon="120.245247">
				<speed>2.292840</speed>
				<ele>127.000000</ele>
				<time>2025-12-07T03:35:48Z</time>
			</trkpt>
			<trkpt lat="31.481550" lon="120.245244">
				<speed>2.577566</speed>
				<ele>126.000000</ele>
				<time>2025-12-07T03:35:50Z</time>
			</trkpt>
			<trkpt lat="31.481503" lon="120.245240">
				<speed>2.231664</speed>
				<ele>125.000000</ele>
				<time>2025-12-07T03:35:52Z</time>
			</trkpt>
			<trkpt lat="31.481457" lon="120.245229">
				<speed>2.227406</speed>
				<ele>126.000000</ele>
				<time>2025-12-07T03:35:54Z</time>
			</trkpt>
			<trkpt lat="31.481388" lon="120.245237">
				<speed>2.493264</speed>
				<ele>126.000000</ele>
				<time>2025-12-07T03:35:57Z</time>
			</trkpt>
			<trkpt lat="31.481331" lon="120.245231">
				<speed>2.723446</speed>
				<ele>127.000000</ele>
				<time>2025-12-07T03:35:59Z</time>
			</trkpt>
			<trkpt lat="31.481279" lon="120.245244">
				<speed>2.372563</speed>
				<ele>127.000000</ele>
				<time>2025-12-07T03:36:01Z</time>
			</trkpt>
			<trkpt lat="31.481219" lon="120.245233">
				<speed>2.226737</speed>
				<ele>126.000000</ele>
				<time>2025-12-07T03:36:03Z</time>
			</trkpt>
			<trkpt lat="31.481166" lon="120.245227">
				<speed>2.271022</speed>
				<ele>127.000000</ele>
				<time>2025-12-07T03:36:05Z</time>
			</trkpt>
			<trkpt lat="31.481101" lon="120.245239">
				<speed>2.052817</speed>
				<ele>127.000000</ele>
				<time>2025-12-07T03:36:08Z</time>
			</trkpt>
			<trkpt lat="31.481029" lon="120.245251">
				<speed>2.449838</speed>
				<ele>126.000000</ele>
				<time>2025-12-07T03:36:11Z</time>
			</trkpt>
			<trkpt lat="31.480981" lon="120.245273">
				<speed>1.166357</speed>
				<ele>127.000000</ele>
				<time>2025-12-07T03:36:16Z</time>
			</trkpt>
			<trkpt lat="31.480930" lon="120.245281">
				<speed>1.100438</speed>
				<ele>127.000000</ele>
				<time>2025-12-07T03:36:20Z</time>
			</trkpt>
			<trkpt lat="31.480879" lon="120.245283">
				<speed>0.936451</speed>
				<ele>127.000000</ele>
				<time>2025-12-07T03:36:24Z</time>
			</trkpt>
			<trkpt lat="31.480828" lon="120.245302">
				<speed>1.202565</speed>
				<ele>129.000000</ele>
				<time>2025-12-07T03:36:29Z</time>
			</trkpt>
			<trkpt lat="31.480780" lon="120.245303">
				<speed>1.564434</speed>
				<ele>129.000000</ele>
				<time>2025-12-07T03:36:32Z</time>
			</trkpt>
			<trkpt lat="31.480729" lon="120.245305">
				<speed>1.077275</speed>
				<ele>129.000000</ele>
				<time>2025-12-07T03:36:37Z</time>
			</trkpt>
			<trkpt lat="31.480679" lon="120.245318">
				<speed>0.994642</speed>
				<ele>130.000000</ele>
				<time>2025-12-07T03:36:43Z</time>
			</trkpt>
			<trkpt lat="31.480622" lon="120.245322">
				<speed>1.195517</speed>
				<ele>132.000000</ele>
				<time>2025-12-07T03:36:48Z</time>
			</trkpt>
			<trkpt lat="31.480571" lon="120.245337">
				<speed>1.212142</speed>
				<ele>132.000000</ele>
				<time>2025-12-07T03:36:52Z</time>
			</trkpt>
			<trkpt lat="31.480515" lon="120.245352">
				<speed>1.062745</speed>
				<ele>133.000000</ele>
				<time>2025-12-07T03:36:58Z</time>
			</trkpt>
			<trkpt lat="31.480469" lon="120.245379">
				<speed>1.190088</speed>
				<ele>134.000000</ele>
				<time>2025-12-07T03:37:02Z</time>
			</trkpt>
			<trkpt lat="31.480411" lon="120.245388">
				<speed>1.102180</speed>
				<ele>135.000000</ele>
				<time>2025-12-07T03:37:06Z</time>
			</trkpt>
			<trkpt lat="31.480363" lon="120.245397">
				<speed>1.244049</speed>
				<ele>135.000000</ele>
				<time>2025-12-07T03:37:09Z</time>
			</trkpt>
			<trkpt lat="31.480317" lon="120.245404">
				<speed>0.934350</speed>
				<ele>135.000000</ele>
				<time>2025-12-07T03:37:14Z</time>
			</trkpt>
			<trkpt lat="31.480268" lon="120.245405">
				<speed>2.297278</speed>
				<ele>136.000000</ele>
				<time>2025-12-07T03:37:16Z</time>
			</trkpt>
			<trkpt lat="31.480216" lon="120.245404">
				<speed>1.419166</speed>
				<ele>135.000000</ele>
				<time>2025-12-07T03:37:19Z</time>
			</trkpt>
			<trkpt lat="31.480143" lon="120.245398">
				<speed>2.404852</speed>
				<ele>136.000000</ele>
				<time>2025-12-07T03:37:22Z</time>
			</trkpt>
			<trkpt lat="31.480076" lon="120.245401">
				<speed>2.454001</speed>
				<ele>136.000000</ele>
				<time>2025-12-07T03:37:25Z</time>
			</trkpt>
			<trkpt lat="31.480022" lon="120.245405">
				<speed>1.618926</speed>
				<ele>137.000000</ele>
				<time>2025-12-07T03:37:28Z</time>
			</trkpt>
			<trkpt lat="31.479964" lon="120.245417">
				<speed>2.509872</speed>
				<ele>136.000000</ele>
				<time>2025-12-07T03:37:30Z</time>
			</trkpt>
			<trkpt lat="31.479903" lon="120.245420">
				<speed>3.153826</speed>
				<ele>136.000000</ele>
				<time>2025-12-07T03:37:32Z</time>
			</trkpt>
			<trkpt lat="31.479851" lon="120.245424">
				<speed>2.021971</speed>
				<ele>137.000000</ele>
				<time>2025-12-07T03:37:35Z</time>
			</trkpt>
			<trkpt lat="31.479802" lon="120.245434">
				<speed>2.297280</speed>
				<ele>137.000000</ele>
				<time>2025-12-07T03:37:37Z</time>
			</trkpt>
			<trkpt lat="31.479756" lon="120.245435">
				<speed>2.204388</speed>
				<ele>135.000000</ele>
				<time>2025-12-07T03:37:39Z</time>
			</trkpt>
			<trkpt lat="31.479697" lon="120.245431">
				<speed>3.123959</speed>
				<ele>135.000000</ele>
				<time>2025-12-07T03:37:41Z</time>
			</trkpt>
			<trkpt lat="31.479651" lon="120.245435">
				<speed>2.011541</speed>
				<ele>135.000000</ele>
				<time>2025-12-07T03:37:44Z</time>
			</trkpt>
			<trkpt lat="31.479598" lon="120.245461">
				<speed>2.930486</speed>
				<ele>135.000000</ele>
				<time>2025-12-07T03:37:46Z</time>
			</trkpt>
			<trkpt lat="31.479547" lon="120.245502">
				<speed>1.813833</speed>
				<ele>135.000000</ele>
				<time>2025-12-07T03:37:49Z</time>
			</trkpt>
			<trkpt lat="31.479496" lon="120.245519">
				<speed>2.316672</speed>
				<ele>135.000000</ele>
				<time>2025-12-07T03:37:51Z</time>
			</trkpt>
			<trkpt lat="31.479438" lon="120.245542">
				<speed>2.946831</speed>
				<ele>135.000000</ele>
				<time>2025-12-07T03:37:53Z</time>
			</trkpt>
			<trkpt lat="31.479390" lon="120.245568">
				<speed>2.166217</speed>
				<ele>136.000000</ele>
				<time>2025-12-07T03:37:56Z</time>
			</trkpt>
			<trkpt lat="31.479351" lon="120.245611">
				<speed>2.410530</speed>
				<ele>136.000000</ele>
				<time>2025-12-07T03:37:58Z</time>
			</trkpt>
			<trkpt lat="31.479275" lon="120.245620">
				<speed>3.021108</speed>
				<ele>136.000000</ele>
				<time>2025-12-07T03:38:01Z</time>
			</trkpt>
			<trkpt lat="31.479224" lon="120.245636">
				<speed>2.671656</speed>
				<ele>135.000000</ele>
				<time>2025-12-07T03:38:03Z</time>
			</trkpt>
			<trkpt lat="31.479165" lon="120.245665">
				<speed>2.233494</speed>
				<ele>135.000000</ele>
				<time>2025-12-07T03:38:06Z</time>
			</trkpt>
			<trkpt lat="31.479107" lon="120.245678">
				<speed>2.296622</speed>
				<ele>135.000000</ele>
				<time>2025-12-07T03:38:09Z</time>
			</trkpt>
			<trkpt lat="31.479055" lon="120.245673">
				<speed>2.615842</speed>
				<ele>134.000000</ele>
				<time>2025-12-07T03:38:11Z</time>
			</trkpt>
			<trkpt lat="31.479000" lon="120.245654">
				<speed>3.222938</speed>
				<ele>133.000000</ele>
				<time>2025-12-07T03:38:13Z</time>
			</trkpt>
			<trkpt lat="31.478950" lon="120.245681">
				<speed>3.117644</speed>
				<ele>133.000000</ele>
				<time>2025-12-07T03:38:15Z</time>
			</trkpt>
			<trkpt lat="31.478904" lon="120.245685">
				<speed>1.905140</speed>
				<ele>133.000000</ele>
				<time>2025-12-07T03:38:18Z</time>
			</trkpt>
			<trkpt lat="31.478855" lon="120.245642">
				<speed>2.766434</speed>
				<ele>132.000000</ele>
				<time>2025-12-07T03:38:21Z</time>
			</trkpt>
			<trkpt lat="31.478798" lon="120.245631">
				<speed>3.249725</speed>
				<ele>132.000000</ele>
				<time>2025-12-07T03:38:23Z</time>
			</trkpt>
			<trkpt lat="31.478745" lon="120.245617">
				<speed>2.430985</speed>
				<ele>134.000000</ele>
				<time>2025-12-07T03:38:26Z</time>
			</trkpt>
			<trkpt lat="31.478682" lon="120.245603">
				<speed>2.563642</speed>
				<ele>135.000000</ele>
				<time>2025-12-07T03:38:29Z</time>
			</trkpt>
			<trkpt lat="31.478641" lon="120.245572">
				<speed>1.874994</speed>
				<ele>137.000000</ele>
				<time>2025-12-07T03:38:32Z</time>
			</trkpt>
			<trkpt lat="31.478592" lon="120.245565">
				<speed>0.623243</speed>
				<ele>139.000000</ele>
				<time>2025-12-07T03:38:42Z</time>
			</trkpt>
			<trkpt lat="31.478543" lon="120.245545">
				<speed>1.048198</speed>
				<ele>139.000000</ele>
				<time>2025-12-07T03:38:47Z</time>
			</trkpt>
			<trkpt lat="31.478488" lon="120.245551">
				<speed>0.827830</speed>
				<ele>140.000000</ele>
				<time>2025-12-07T03:38:53Z</time>
			</trkpt>
			<trkpt lat="31.478440" lon="120.245532">
				<speed>1.065207</speed>
				<ele>140.000000</ele>
				<time>2025-12-07T03:38:59Z</time>
			</trkpt>
			<trkpt lat="31.478389" lon="120.245529">
				<speed>1.030692</speed>
				<ele>142.000000</ele>
				<time>2025-12-07T03:39:05Z</time>
			</trkpt>
			<trkpt lat="31.478340" lon="120.245514">
				<speed>0.687321</speed>
				<ele>143.000000</ele>
				<time>2025-12-07T03:39:11Z</time>
			</trkpt>
			<trkpt lat="31.478295" lon="120.245485">
				<speed>1.238465</speed>
				<ele>144.000000</ele>
				<time>2025-12-07T03:39:16Z</time>
			</trkpt>
			<trkpt lat="31.478247" lon="120.245483">
				<speed>0.779646</speed>
				<ele>144.000000</ele>
				<time>2025-12-07T03:39:21Z</time>
			</trkpt>
			<trkpt lat="31.478197" lon="120.245462">
				<speed>1.089038</speed>
				<ele>144.000000</ele>
				<time>2025-12-07T03:39:25Z</time>
			</trkpt>
			<trkpt lat="31.478148" lon="120.245436">
				<speed>1.134803</speed>
				<ele>145.000000</ele>
				<time>2025-12-07T03:39:31Z</time>
			</trkpt>
			<trkpt lat="31.478099" lon="120.245430">
				<speed>0.854581</speed>
				<ele>146.000000</ele>
				<time>2025-12-07T03:39:36Z</time>
			</trkpt>
			<trkpt lat="31.478054" lon="120.245397">
				<speed>1.302494</speed>
				<ele>145.000000</ele>
				<time>2025-12-07T03:39:40Z</time>
			</trkpt>
			<trkpt lat="31.478017" lon="120.245362">
				<speed>0.998879</speed>
				<ele>148.000000</ele>
				<time>2025-12-07T03:39:47Z</time>
			</trkpt>
			<trkpt lat="31.477979" lon="120.245325">
				<speed>0.914065</speed>
				<ele>149.000000</ele>
				<time>2025-12-07T03:39:53Z</time>
			</trkpt>
			<trkpt lat="31.477932" lon="120.245313">
				<speed>0.664911</speed>
				<ele>149.000000</ele>
				<time>2025-12-07T03:39:59Z</time>
			</trkpt>
			<trkpt lat="31.477887" lon="120.245302">
				<speed>0.974801</speed>
				<ele>150.000000</ele>
				<time>2025-12-07T03:40:05Z</time>
			</trkpt>
			<trkpt lat="31.477841" lon="120.245279">
				<speed>0.673743</speed>
				<ele>150.000000</ele>
				<time>2025-12-07T03:40:11Z</time>
			</trkpt>
			<trkpt lat="31.477794" lon="120.245249">
				<speed>1.338655</speed>
				<ele>150.000000</ele>
				<time>2025-12-07T03:40:15Z</time>
			</trkpt>
			<trkpt lat="31.477749" lon="120.245217">
				<speed>1.422282</speed>
				<ele>152.000000</ele>
				<time>2025-12-07T03:40:19Z</time>
			</trkpt>
			<trkpt lat="31.477701" lon="120.245205">
				<speed>0.730960</speed>
				<ele>153.000000</ele>
				<time>2025-12-07T03:40:29Z</time>
			</trkpt>
			<trkpt lat="31.477648" lon="120.245175">
				<speed>1.347578</speed>
				<ele>153.000000</ele>
				<time>2025-12-07T03:40:34Z</time>
			</trkpt>
			<trkpt lat="31.477601" lon="120.245151">
				<speed>1.292995</speed>
				<ele>154.000000</ele>
				<time>2025-12-07T03:40:38Z</time>
			</trkpt>
			<trkpt lat="31.477561" lon="120.245119">
				<speed>1.062558</speed>
				<ele>153.000000</ele>
				<time>2025-12-07T03:40:44Z</time>
			</trkpt>
			<trkpt lat="31.477523" lon="120.245085">
				<speed>0.893306</speed>
				<ele>155.000000</ele>
				<time>2025-12-07T03:40:51Z</time>
			</trkpt>
			<trkpt lat="31.477477" lon="120.245066">
				<speed>0.573702</speed>
				<ele>155.000000</ele>
				<time>2025-12-07T03:40:58Z</time>
			</trkpt>
			<trkpt lat="31.477423" lon="120.245054">
				<speed>1.011009</speed>
				<ele>157.000000</ele>
				<time>2025-12-07T03:41:10Z</time>
			</trkpt>
			<trkpt lat="31.477404" lon="120.245003">
				<speed>0.499461</speed>
				<ele>160.000000</ele>
				<time>2025-12-07T03:41:23Z</time>
			</trkpt>
			<trkpt lat="31.477390" lon="120.244949">
				<speed>0.885891</speed>
				<ele>160.000000</ele>
				<time>2025-12-07T03:41:29Z</time>
			</trkpt>
			<trkpt lat="31.477335" lon="120.244922">
				<speed>1.287762</speed>
				<ele>161.000000</ele>
				<time>2025-12-07T03:41:34Z</time>
			</trkpt>
			<trkpt lat="31.477280" lon="120.244907">
				<speed>1.256304</speed>
				<ele>161.000000</ele>
				<time>2025-12-07T03:41:39Z</time>
			</trkpt>
			<trkpt lat="31.477226" lon="120.244885">
				<speed>1.430103</speed>
				<ele>163.000000</ele>
				<time>2025-12-07T03:41:45Z</time>
			</trkpt>
			<trkpt lat="31.477186" lon="120.244860">
				<speed>0.580303</speed>
				<ele>163.000000</ele>
				<time>2025-12-07T03:41:52Z</time>
			</trkpt>
			<trkpt lat="31.477139" lon="120.244837">
				<speed>1.047520</speed>
				<ele>164.000000</ele>
				<time>2025-12-07T03:41:57Z</time>
			</trkpt>
			<trkpt lat="31.477091" lon="120.244811">
				<speed>0.703691</speed>
				<ele>165.000000</ele>
				<time>2025-12-07T03:42:07Z</time>
			</trkpt>
			<trkpt lat="31.477051" lon="120.244780">
				<speed>0.673061</speed>
				<ele>165.000000</ele>
				<time>2025-12-07T03:42:13Z</time>
			</trkpt>
			<trkpt lat="31.477008" lon="120.244756">
				<speed>0.606696</speed>
				<ele>168.000000</ele>
				<time>2025-12-07T03:42:23Z</time>
			</trkpt>
			<trkpt lat="31.476963" lon="120.244734">
				<speed>0.801295</speed>
				<ele>169.000000</ele>
				<time>2025-12-07T03:42:29Z</time>
			</trkpt>
			<trkpt lat="31.476906" lon="120.244718">
				<speed>1.318910</speed>
				<ele>168.000000</ele>
				<time>2025-12-07T03:42:34Z</time>
			</trkpt>
			<trkpt lat="31.476864" lon="120.244683">
				<speed>0.532274</speed>
				<ele>169.000000</ele>
				<time>2025-12-07T03:42:53Z</time>
			</trkpt>
			<trkpt lat="31.476821" lon="120.244666">
				<speed>1.172731</speed>
				<ele>170.000000</ele>
				<time>2025-12-07T03:42:58Z</time>
			</trkpt>
			<trkpt lat="31.476773" lon="120.244633">
				<speed>1.092447</speed>
				<ele>168.000000</ele>
				<time>2025-12-07T03:43:03Z</time>
			</trkpt>
			<trkpt lat="31.476725" lon="120.244606">
				<speed>0.947002</speed>
				<ele>169.000000</ele>
				<time>2025-12-07T03:43:11Z</time>
			</trkpt>
			<trkpt lat="31.476678" lon="120.244603">
				<speed>1.120986</speed>
				<ele>168.000000</ele>
				<time>2025-12-07T03:43:15Z</time>
			</trkpt>
			<trkpt lat="31.476625" lon="120.244595">
				<speed>0.620655</speed>
				<ele>168.000000</ele>
				<time>2025-12-07T03:43:27Z</time>
			</trkpt>
			<trkpt lat="31.476574" lon="120.244575">
				<speed>1.047013</speed>
				<ele>168.000000</ele>
				<time>2025-12-07T03:43:35Z</time>
			</trkpt>
			<trkpt lat="31.476529" lon="120.244555">
				<speed>0.785217</speed>
				<ele>166.000000</ele>
				<time>2025-12-07T03:43:44Z</time>
			</trkpt>
			<trkpt lat="31.476493" lon="120.244522">
				<speed>1.226272</speed>
				<ele>168.000000</ele>
				<time>2025-12-07T03:43:48Z</time>
			</trkpt>
			<trkpt lat="31.476472" lon="120.244475">
				<speed>0.680820</speed>
				<ele>167.000000</ele>
				<time>2025-12-07T03:43:53Z</time>
			</trkpt>
			<trkpt lat="31.476442" lon="120.244415">
				<speed>1.624233</speed>
				<ele>169.000000</ele>
				<time>2025-12-07T03:43:57Z</time>
			</trkpt>
			<trkpt lat="31.476406" lon="120.244381">
				<speed>1.714398</speed>
				<ele>169.000000</ele>
				<time>2025-12-07T03:44:00Z</time>
			</trkpt>
			<trkpt lat="31.476363" lon="120.244361">
				<speed>1.643546</speed>
				<ele>169.000000</ele>
				<time>2025-12-07T03:44:03Z</time>
			</trkpt>
			<trkpt lat="31.476323" lon="120.244335">
				<speed>1.823696</speed>
				<ele>169.000000</ele>
				<time>2025-12-07T03:44:07Z</time>
			</trkpt>
			<trkpt lat="31.476266" lon="120.244296">
				<speed>2.038650</speed>
				<ele>169.000000</ele>
				<time>2025-12-07T03:44:10Z</time>
			</trkpt>
			<trkpt lat="31.476221" lon="120.244290">
				<speed>2.006623</speed>
				<ele>168.000000</ele>
				<time>2025-12-07T03:44:12Z</time>
			</trkpt>
			<trkpt lat="31.476167" lon="120.244271">
				<speed>1.529526</speed>
				<ele>170.000000</ele>
				<time>2025-12-07T03:44:15Z</time>
			</trkpt>
			<trkpt lat="31.476121" lon="120.244215">
				<speed>2.140633</speed>
				<ele>169.000000</ele>
				<time>2025-12-07T03:44:18Z</time>
			</trkpt>
			<trkpt lat="31.476074" lon="120.244183">
				<speed>2.383384</speed>
				<ele>169.000000</ele>
				<time>2025-12-07T03:44:20Z</time>
			</trkpt>
			<trkpt lat="31.476019" lon="120.244155">
				<speed>3.263791</speed>
				<ele>170.000000</ele>
				<time>2025-12-07T03:44:22Z</time>
			</trkpt>
			<trkpt lat="31.475963" lon="120.244137">
				<speed>2.009588</speed>
				<ele>172.000000</ele>
				<time>2025-12-07T03:44:26Z</time>
			</trkpt>
			<trkpt lat="31.475921" lon="120.244162">
				<speed>2.014872</speed>
				<ele>172.000000</ele>
				<time>2025-12-07T03:44:28Z</time>
			</trkpt>
			<trkpt lat="31.475879" lon="120.244138">
				<speed>2.026519</speed>
				<ele>170.000000</ele>
				<time>2025-12-07T03:44:30Z</time>
			</trkpt>
			<trkpt lat="31.475831" lon="120.244089">
				<speed>2.870753</speed>
				<ele>169.000000</ele>
				<time>2025-12-07T03:44:32Z</time>
			</trkpt>
			<trkpt lat="31.475770" lon="120.244070">
				<speed>2.417248</speed>
				<ele>169.000000</ele>
				<time>2025-12-07T03:44:35Z</time>
			</trkpt>
			<trkpt lat="31.475724" lon="120.244091">
				<speed>2.346117</speed>
				<ele>169.000000</ele>
				<time>2025-12-07T03:44:37Z</time>
			</trkpt>
			<trkpt lat="31.475678" lon="120.244067">
				<speed>2.448082</speed>
				<ele>166.000000</ele>
				<time>2025-12-07T03:44:39Z</time>
			</trkpt>
			<trkpt lat="31.475632" lon="120.244028">
				<speed>2.779250</speed>
				<ele>164.000000</ele>
				<time>2025-12-07T03:44:41Z</time>
			</trkpt>
			<trkpt lat="31.475604" lon="120.243977">
				<speed>2.450395</speed>
				<ele>163.000000</ele>
				<time>2025-12-07T03:44:44Z</time>
			</trkpt>
			<trkpt lat="31.475549" lon="120.243957">
				<speed>2.517828</speed>
				<ele>161.000000</ele>
				<time>2025-12-07T03:44:47Z</time>
			</trkpt>
			<trkpt lat="31.475499" lon="120.243960">
				<speed>1.959902</speed>
				<ele>159.000000</ele>
				<time>2025-12-07T03:44:50Z</time>
			</trkpt>
			<trkpt lat="31.475463" lon="120.243925">
				<speed>2.442033</speed>
				<ele>159.000000</ele>
				<time>2025-12-07T03:44:52Z</time>
			</trkpt>
			<trkpt lat="31.475412" lon="120.243905">
				<speed>2.780429</speed>
				<ele>158.000000</ele>
				<time>2025-12-07T03:44:54Z</time>
			</trkpt>
			<trkpt lat="31.475370" lon="120.243874">
				<speed>2.820672</speed>
				<ele>158.000000</ele>
				<time>2025-12-07T03:44:55Z</time>
			</trkpt>
			<trkpt lat="31.475319" lon="120.243874">
				<speed>2.880433</speed>
				<ele>158.000000</ele>
				<time>2025-12-07T03:44:57Z</time>
			</trkpt>
			<trkpt lat="31.475263" lon="120.243864">
				<speed>2.939470</speed>
				<ele>157.000000</ele>
				<time>2025-12-07T03:44:59Z</time>
			</trkpt>
			<trkpt lat="31.475204" lon="120.243845">
				<speed>3.126715</speed>
				<ele>154.000000</ele>
				<time>2025-12-07T03:45:01Z</time>
			</trkpt>
			<trkpt lat="31.475146" lon="120.243822">
				<speed>3.281823</speed>
				<ele>150.000000</ele>
				<time>2025-12-07T03:45:03Z</time>
			</trkpt>
			<trkpt lat="31.475098" lon="120.243819">
				<speed>3.122489</speed>
				<ele>148.000000</ele>
				<time>2025-12-07T03:45:05Z</time>
			</trkpt>
			<trkpt lat="31.475051" lon="120.243813">
				<speed>2.236848</speed>
				<ele>148.000000</ele>
				<time>2025-12-07T03:45:08Z</time>
			</trkpt>
			<trkpt lat="31.475002" lon="120.243807">
				<speed>1.403186</speed>
				<ele>145.000000</ele>
				<time>2025-12-07T03:45:12Z</time>
			</trkpt>
			<trkpt lat="31.474952" lon="120.243761">
				<speed>1.870415</speed>
				<ele>143.000000</ele>
				<time>2025-12-07T03:45:15Z</time>
			</trkpt>
			<trkpt lat="31.474910" lon="120.243732">
				<speed>2.158588</speed>
				<ele>140.000000</ele>
				<time>2025-12-07T03:45:18Z</time>
			</trkpt>
			<trkpt lat="31.474859" lon="120.243704">
				<speed>2.763503</speed>
				<ele>141.000000</ele>
				<time>2025-12-07T03:45:20Z</time>
			</trkpt>
			<trkpt lat="31.474809" lon="120.243675">
				<speed>2.814552</speed>
				<ele>139.000000</ele>
				<time>2025-12-07T03:45:23Z</time>
			</trkpt>
			<trkpt lat="31.474752" lon="120.243645">
				<speed>2.820091</speed>
				<ele>137.000000</ele>
				<time>2025-12-07T03:45:26Z</time>
			</trkpt>
			<trkpt lat="31.474700" lon="120.243648">
				<speed>2.735972</speed>
				<ele>138.000000</ele>
				<time>2025-12-07T03:45:28Z</time>
			</trkpt>
			<trkpt lat="31.474640" lon="120.243623">
				<speed>2.856981</speed>
				<ele>137.000000</ele>
				<time>2025-12-07T03:45:30Z</time>
			</trkpt>
			<trkpt lat="31.474591" lon="120.243602">
				<speed>1.992562</speed>
				<ele>136.000000</ele>
				<time>2025-12-07T03:45:33Z</time>
			</trkpt>
			<trkpt lat="31.474554" lon="120.243559">
				<speed>1.999075</speed>
				<ele>136.000000</ele>
				<time>2025-12-07T03:45:38Z</time>
			</trkpt>
			<trkpt lat="31.474516" lon="120.243517">
				<speed>1.748798</speed>
				<ele>137.000000</ele>
				<time>2025-12-07T03:45:42Z</time>
			</trkpt>
			<trkpt lat="31.474454" lon="120.243492">
				<speed>1.380649</speed>
				<ele>137.000000</ele>
				<time>2025-12-07T03:45:51Z</time>
			</trkpt>
			<trkpt lat="31.474404" lon="120.243463">
				<speed>1.786576</speed>
				<ele>139.000000</ele>
				<time>2025-12-07T03:45:54Z</time>
			</trkpt>
			<trkpt lat="31.474344" lon="120.243491">
				<speed>1.685253</speed>
				<ele>137.000000</ele>
				<time>2025-12-07T03:45:57Z</time>
			</trkpt>
			<trkpt lat="31.474298" lon="120.243517">
				<speed>1.287877</speed>
				<ele>136.000000</ele>
				<time>2025-12-07T03:46:01Z</time>
			</trkpt>
			<trkpt lat="31.474261" lon="120.243558">
				<speed>1.847517</speed>
				<ele>135.000000</ele>
				<time>2025-12-07T03:46:04Z</time>
			</trkpt>
			<trkpt lat="31.474229" lon="120.243505">
				<speed>0.919197</speed>
				<ele>140.000000</ele>
				<time>2025-12-07T03:46:16Z</time>
			</trkpt>
			<trkpt lat="31.474178" lon="120.243478">
				<speed>1.016690</speed>
				<ele>141.000000</ele>
				<time>2025-12-07T03:46:21Z</time>
			</trkpt>
			<trkpt lat="31.474133" lon="120.243456">
				<speed>0.858356</speed>
				<ele>142.000000</ele>
				<time>2025-12-07T03:46:26Z</time>
			</trkpt>
			<trkpt lat="31.474087" lon="120.243445">
				<speed>0.973784</speed>
				<ele>143.000000</ele>
				<time>2025-12-07T03:46:30Z</time>
			</trkpt>
			<trkpt lat="31.474039" lon="120.243421">
				<speed>0.793544</speed>
				<ele>144.000000</ele>
				<time>2025-12-07T03:46:35Z</time>
			</trkpt>
			<trkpt lat="31.473992" lon="120.243400">
				<speed>0.791127</speed>
				<ele>145.000000</ele>
				<time>2025-12-07T03:46:40Z</time>
			</trkpt>
			<trkpt lat="31.473975" lon="120.243338">
				<speed>1.008290</speed>
				<ele>147.000000</ele>
				<time>2025-12-07T03:46:47Z</time>
			</trkpt>
			<trkpt lat="31.473927" lon="120.243341">
				<speed>0.820447</speed>
				<ele>147.000000</ele>
				<time>2025-12-07T03:46:52Z</time>
			</trkpt>
			<trkpt lat="31.473885" lon="120.243312">
				<speed>1.228577</speed>
				<ele>148.000000</ele>
				<time>2025-12-07T03:46:56Z</time>
			</trkpt>
			<trkpt lat="31.473833" lon="120.243295">
				<speed>1.089163</speed>
				<ele>150.000000</ele>
				<time>2025-12-07T03:47:02Z</time>
			</trkpt>
			<trkpt lat="31.473784" lon="120.243288">
				<speed>0.713117</speed>
				<ele>150.000000</ele>
				<time>2025-12-07T03:47:07Z</time>
			</trkpt>
			<trkpt lat="31.473733" lon="120.243265">
				<speed>1.164824</speed>
				<ele>151.000000</ele>
				<time>2025-12-07T03:47:11Z</time>
			</trkpt>
			<trkpt lat="31.473688" lon="120.243278">
				<speed>1.340380</speed>
				<ele>150.000000</ele>
				<time>2025-12-07T03:47:14Z</time>
			</trkpt>
			<trkpt lat="31.473636" lon="120.243288">
				<speed>0.610509</speed>
				<ele>150.000000</ele>
				<time>2025-12-07T03:47:21Z</time>
			</trkpt>
			<trkpt lat="31.473634" lon="120.243235">
				<speed>0.514866</speed>
				<ele>150.000000</ele>
				<time>2025-12-07T03:47:27Z</time>
			</trkpt>
			<trkpt lat="31.473615" lon="120.243187">
				<speed>0.986015</speed>
				<ele>151.000000</ele>
				<time>2025-12-07T03:47:31Z</time>
			</trkpt>
			<trkpt lat="31.473568" lon="120.243162">
				<speed>0.776879</speed>
				<ele>150.000000</ele>
				<time>2025-12-07T03:47:36Z</time>
			</trkpt>
			<trkpt lat="31.473521" lon="120.243163">
				<speed>1.121157</speed>
				<ele>148.000000</ele>
				<time>2025-12-07T03:47:40Z</time>
			</trkpt>
			<trkpt lat="31.473473" lon="120.243187">
				<speed>1.049485</speed>
				<ele>149.000000</ele>
				<time>2025-12-07T03:47:44Z</time>
			</trkpt>
			<trkpt lat="31.473429" lon="120.243212">
				<speed>0.925004</speed>
				<ele>150.000000</ele>
				<time>2025-12-07T03:47:49Z</time>
			</trkpt>
			<trkpt lat="31.473364" lon="120.243191">
				<speed>1.877282</speed>
				<ele>151.000000</ele>
				<time>2025-12-07T03:47:53Z</time>
			</trkpt>
			<trkpt lat="31.473297" lon="120.243147">
				<speed>2.549924</speed>
				<ele>150.000000</ele>
				<time>2025-12-07T03:47:57Z</time>
			</trkpt>
			<trkpt lat="31.473240" lon="120.243150">
				<speed>1.762088</speed>
				<ele>151.000000</ele>
				<time>2025-12-07T03:48:00Z</time>
			</trkpt>
			<trkpt lat="31.473182" lon="120.243159">
				<speed>1.935707</speed>
				<ele>154.000000</ele>
				<time>2025-12-07T03:48:03Z</time>
			</trkpt>
			<trkpt lat="31.473136" lon="120.243091">
				<speed>3.093568</speed>
				<ele>154.000000</ele>
				<time>2025-12-07T03:48:06Z</time>
			</trkpt>
			<trkpt lat="31.473093" lon="120.243055">
				<speed>1.846096</speed>
				<ele>156.000000</ele>
				<time>2025-12-07T03:48:11Z</time>
			</trkpt>
			<trkpt lat="31.473055" lon="120.243087">
				<speed>2.061338</speed>
				<ele>156.000000</ele>
				<time>2025-12-07T03:48:13Z</time>
			</trkpt>
			<trkpt lat="31.473005" lon="120.243096">
				<speed>1.780113</speed>
				<ele>156.000000</ele>
				<time>2025-12-07T03:48:16Z</time>
			</trkpt>
			<trkpt lat="31.472958" lon="120.243075">
				<speed>1.110396</speed>
				<ele>159.000000</ele>
				<time>2025-12-07T03:48:22Z</time>
			</trkpt>
			<trkpt lat="31.472924" lon="120.243035">
				<speed>0.696478</speed>
				<ele>160.000000</ele>
				<time>2025-12-07T03:48:28Z</time>
			</trkpt>
			<trkpt lat="31.472876" lon="120.243019">
				<speed>0.935206</speed>
				<ele>161.000000</ele>
				<time>2025-12-07T03:48:32Z</time>
			</trkpt>
			<trkpt lat="31.472835" lon="120.242982">
				<speed>0.934298</speed>
				<ele>163.000000</ele>
				<time>2025-12-07T03:48:39Z</time>
			</trkpt>
			<trkpt lat="31.472791" lon="120.242945">
				<speed>0.990282</speed>
				<ele>165.000000</ele>
				<time>2025-12-07T03:48:44Z</time>
			</trkpt>
			<trkpt lat="31.472747" lon="120.242902">
				<speed>1.159837</speed>
				<ele>165.000000</ele>
				<time>2025-12-07T03:48:49Z</time>
			</trkpt>
			<trkpt lat="31.472713" lon="120.242867">
				<speed>0.620153</speed>
				<ele>167.000000</ele>
				<time>2025-12-07T03:48:53Z</time>
			</trkpt>
			<trkpt lat="31.472663" lon="120.242832">
				<speed>0.948780</speed>
				<ele>168.000000</ele>
				<time>2025-12-07T03:48:59Z</time>
			</trkpt>
			<trkpt lat="31.472619" lon="120.242811">
				<speed>0.872868</speed>
				<ele>170.000000</ele>
				<time>2025-12-07T03:49:05Z</time>
			</trkpt>
			<trkpt lat="31.472578" lon="120.242774">
				<speed>0.764892</speed>
				<ele>171.000000</ele>
				<time>2025-12-07T03:49:11Z</time>
			</trkpt>
			<trkpt lat="31.472542" lon="120.242738">
				<speed>0.935489</speed>
				<ele>172.000000</ele>
				<time>2025-12-07T03:49:17Z</time>
			</trkpt>
			<trkpt lat="31.472502" lon="120.242700">
				<speed>0.799263</speed>
				<ele>172.000000</ele>
				<time>2025-12-07T03:49:25Z</time>
			</trkpt>
			<trkpt lat="31.472470" lon="120.242658">
				<speed>1.217802</speed>
				<ele>173.000000</ele>
				<time>2025-12-07T03:49:29Z</time>
			</trkpt>
			<trkpt lat="31.472429" lon="120.242614">
				<speed>1.050680</speed>
				<ele>174.000000</ele>
				<time>2025-12-07T03:49:34Z</time>
			</trkpt>
			<trkpt lat="31.472403" lon="120.242568">
				<speed>1.206983</speed>
				<ele>175.000000</ele>
				<time>2025-12-07T03:49:39Z</time>
			</trkpt>
			<trkpt lat="31.472375" lon="120.242525">
				<speed>0.755768</speed>
				<ele>176.000000</ele>
				<time>2025-12-07T03:49:44Z</time>
			</trkpt>
			<trkpt lat="31.472359" lon="120.242472">
				<speed>1.499853</speed>
				<ele>174.000000</ele>
				<time>2025-12-07T03:49:49Z</time>
			</trkpt>
			<trkpt lat="31.472336" lon="120.242419">
				<speed>1.717311</speed>
				<ele>174.000000</ele>
				<time>2025-12-07T03:49:52Z</time>
			</trkpt>
			<trkpt lat="31.472308" lon="120.242372">
				<speed>1.428665</speed>
				<ele>174.000000</ele>
				<time>2025-12-07T03:49:55Z</time>
			</trkpt>
			<trkpt lat="31.472308" lon="120.242306">
				<speed>1.845681</speed>
				<ele>173.000000</ele>
				<time>2025-12-07T03:49:58Z</time>
			</trkpt>
			<trkpt lat="31.472264" lon="120.242247">
				<speed>2.595958</speed>
				<ele>172.000000</ele>
				<time>2025-12-07T03:50:03Z</time>
			</trkpt>
			<trkpt lat="31.472232" lon="120.242192">
				<speed>2.188488</speed>
				<ele>173.000000</ele>
				<time>2025-12-07T03:50:06Z</time>
			</trkpt>
			<trkpt lat="31.472183" lon="120.242186">
				<speed>2.615529</speed>
				<ele>172.000000</ele>
				<time>2025-12-07T03:50:08Z</time>
			</trkpt>
			<trkpt lat="31.472127" lon="120.242134">
				<speed>2.060098</speed>
				<ele>169.000000</ele>
				<time>2025-12-07T03:50:14Z</time>
			</trkpt>
			<trkpt lat="31.472077" lon="120.242110">
				<speed>2.400032</speed>
				<ele>169.000000</ele>
				<time>2025-12-07T03:50:16Z</time>
			</trkpt>
			<trkpt lat="31.472036" lon="120.242077">
				<speed>1.849081</speed>
				<ele>167.000000</ele>
				<time>2025-12-07T03:50:19Z</time>
			</trkpt>
			<trkpt lat="31.471999" lon="120.242021">
				<speed>2.309314</speed>
				<ele>166.000000</ele>
				<time>2025-12-07T03:50:22Z</time>
			</trkpt>
			<trkpt lat="31.471967" lon="120.241980">
				<speed>1.933344</speed>
				<ele>167.000000</ele>
				<time>2025-12-07T03:50:26Z</time>
			</trkpt>
			<trkpt lat="31.471915" lon="120.241954">
				<speed>2.508895</speed>
				<ele>165.000000</ele>
				<time>2025-12-07T03:50:29Z</time>
			</trkpt>
			<trkpt lat="31.471868" lon="120.241962">
				<speed>2.486725</speed>
				<ele>165.000000</ele>
				<time>2025-12-07T03:50:32Z</time>
			</trkpt>
			<trkpt lat="31.471818" lon="120.241966">
				<speed>2.289472</speed>
				<ele>163.000000</ele>
				<time>2025-12-07T03:50:35Z</time>
			</trkpt>
			<trkpt lat="31.471763" lon="120.241990">
				<speed>2.415797</speed>
				<ele>162.000000</ele>
				<time>2025-12-07T03:50:38Z</time>
			</trkpt>
			<trkpt lat="31.471723" lon="120.242015">
				<speed>2.269231</speed>
				<ele>161.000000</ele>
				<time>2025-12-07T03:50:41Z</time>
			</trkpt>
			<trkpt lat="31.471667" lon="120.242035">
				<speed>1.983577</speed>
				<ele>160.000000</ele>
				<time>2025-12-07T03:50:44Z</time>
			</trkpt>
			<trkpt lat="31.471612" lon="120.242034">
				<speed>2.143364</speed>
				<ele>158.000000</ele>
				<time>2025-12-07T03:50:47Z</time>
			</trkpt>
			<trkpt lat="31.471553" lon="120.242038">
				<speed>2.423351</speed>
				<ele>157.000000</ele>
				<time>2025-12-07T03:50:50Z</time>
			</trkpt>
			<trkpt lat="31.471498" lon="120.242051">
				<speed>2.033837</speed>
				<ele>155.000000</ele>
				<time>2025-12-07T03:50:53Z</time>
			</trkpt>
			<trkpt lat="31.471452" lon="120.242025">
				<speed>2.255717</speed>
				<ele>152.000000</ele>
				<time>2025-12-07T03:50:56Z</time>
			</trkpt>
			<trkpt lat="31.471405" lon="120.242003">
				<speed>1.893794</speed>
				<ele>152.000000</ele>
				<time>2025-12-07T03:50:59Z</time>
			</trkpt>
			<trkpt lat="31.471358" lon="120.242026">
				<speed>1.529487</speed>
				<ele>153.000000</ele>
				<time>2025-12-07T03:51:03Z</time>
			</trkpt>
			<trkpt lat="31.471297" lon="120.242032">
				<speed>1.930117</speed>
				<ele>151.000000</ele>
				<time>2025-12-07T03:51:06Z</time>
			</trkpt>
			<trkpt lat="31.471239" lon="120.242011">
				<speed>2.317607</speed>
				<ele>149.000000</ele>
				<time>2025-12-07T03:51:10Z</time>
			</trkpt>
			<trkpt lat="31.471191" lon="120.242033">
				<speed>1.881034</speed>
				<ele>147.000000</ele>
				<time>2025-12-07T03:51:13Z</time>
			</trkpt>
			<trkpt lat="31.471142" lon="120.242063">
				<speed>2.454516</speed>
				<ele>146.000000</ele>
				<time>2025-12-07T03:51:16Z</time>
			</trkpt>
			<trkpt lat="31.471084" lon="120.242038">
				<speed>2.269406</speed>
				<ele>146.000000</ele>
				<time>2025-12-07T03:51:19Z</time>
			</trkpt>
			<trkpt lat="31.471039" lon="120.242018">
				<speed>2.923447</speed>
				<ele>145.000000</ele>
				<time>2025-12-07T03:51:21Z</time>
			</trkpt>
			<trkpt lat="31.470975" lon="120.242017">
				<speed>2.576258</speed>
				<ele>144.000000</ele>
				<time>2025-12-07T03:51:25Z</time>
			</trkpt>
			<trkpt lat="31.470927" lon="120.242021">
				<speed>2.484761</speed>
				<ele>142.000000</ele>
				<time>2025-12-07T03:51:26Z</time>
			</trkpt>
			<trkpt lat="31.470874" lon="120.241983">
				<speed>2.479126</speed>
				<ele>140.000000</ele>
				<time>2025-12-07T03:51:29Z</time>
			</trkpt>
			<trkpt lat="31.470829" lon="120.241997">
				<speed>0.932529</speed>
				<ele>141.000000</ele>
				<time>2025-12-07T03:51:34Z</time>
			</trkpt>
			<trkpt lat="31.470776" lon="120.242029">
				<speed>2.140777</speed>
				<ele>139.000000</ele>
				<time>2025-12-07T03:51:38Z</time>
			</trkpt>
			<trkpt lat="31.470724" lon="120.242024">
				<speed>2.716438</speed>
				<ele>137.000000</ele>
				<time>2025-12-07T03:51:40Z</time>
			</trkpt>
			<trkpt lat="31.470658" lon="120.242039">
				<speed>2.629078</speed>
				<ele>136.000000</ele>
				<time>2025-12-07T03:51:43Z</time>
			</trkpt>
			<trkpt lat="31.470617" lon="120.242007">
				<speed>2.710745</speed>
				<ele>137.000000</ele>
				<time>2025-12-07T03:51:45Z</time>
			</trkpt>
			<trkpt lat="31.470567" lon="120.241977">
				<speed>2.524031</speed>
				<ele>137.000000</ele>
				<time>2025-12-07T03:51:48Z</time>
			</trkpt>
			<trkpt lat="31.470537" lon="120.241930">
				<speed>2.582712</speed>
				<ele>137.000000</ele>
				<time>2025-12-07T03:51:50Z</time>
			</trkpt>
			<trkpt lat="31.470493" lon="120.241900">
				<speed>2.248601</speed>
				<ele>138.000000</ele>
				<time>2025-12-07T03:51:53Z</time>
			</trkpt>
			<trkpt lat="31.470444" lon="120.241860">
				<speed>2.965004</speed>
				<ele>140.000000</ele>
				<time>2025-12-07T03:51:55Z</time>
			</trkpt>
			<trkpt lat="31.470391" lon="120.241853">
				<speed>2.516371</speed>
				<ele>139.000000</ele>
				<time>2025-12-07T03:51:58Z</time>
			</trkpt>
			<trkpt lat="31.470334" lon="120.241842">
				<speed>2.706120</speed>
				<ele>139.000000</ele>
				<time>2025-12-07T03:52:00Z</time>
			</trkpt>
			<trkpt lat="31.470289" lon="120.241825">
				<speed>2.662095</speed>
				<ele>139.000000</ele>
				<time>2025-12-07T03:52:02Z</time>
			</trkpt>
			<trkpt lat="31.470249" lon="120.241790">
				<speed>2.653128</speed>
				<ele>140.000000</ele>
				<time>2025-12-07T03:52:04Z</time>
			</trkpt>
			<trkpt lat="31.470195" lon="120.241783">
				<speed>2.005474</speed>
				<ele>140.000000</ele>
				<time>2025-12-07T03:52:07Z</time>
			</trkpt>
			<trkpt lat="31.470136" lon="120.241767">
				<speed>2.180013</speed>
				<ele>140.000000</ele>
				<time>2025-12-07T03:52:10Z</time>
			</trkpt>
			<trkpt lat="31.470092" lon="120.241735">
				<speed>2.647708</speed>
				<ele>141.000000</ele>
				<time>2025-12-07T03:52:12Z</time>
			</trkpt>
			<trkpt lat="31.470052" lon="120.241696">
				<speed>1.947276</speed>
				<ele>141.000000</ele>
				<time>2025-12-07T03:52:15Z</time>
			</trkpt>
			<trkpt lat="31.469991" lon="120.241670">
				<speed>2.474486</speed>
				<ele>143.000000</ele>
				<time>2025-12-07T03:52:18Z</time>
			</trkpt>
			<trkpt lat="31.469945" lon="120.241671">
				<speed>1.921664</speed>
				<ele>143.000000</ele>
				<time>2025-12-07T03:52:21Z</time>
			</trkpt>
			<trkpt lat="31.469895" lon="120.241669">
				<speed>0.935781</speed>
				<ele>144.000000</ele>
				<time>2025-12-07T03:52:26Z</time>
			</trkpt>
			<trkpt lat="31.469849" lon="120.241665">
				<speed>1.636495</speed>
				<ele>145.000000</ele>
				<time>2025-12-07T03:52:29Z</time>
			</trkpt>
			<trkpt lat="31.469804" lon="120.241672">
				<speed>2.079167</speed>
				<ele>145.000000</ele>
				<time>2025-12-07T03:52:32Z</time>
			</trkpt>
			<trkpt lat="31.469744" lon="120.241665">
				<speed>2.331277</speed>
				<ele>145.000000</ele>
				<time>2025-12-07T03:52:35Z</time>
			</trkpt>
			<trkpt lat="31.469691" lon="120.241662">
				<speed>1.943719</speed>
				<ele>145.000000</ele>
				<time>2025-12-07T03:52:38Z</time>
			</trkpt>
			<trkpt lat="31.469632" lon="120.241662">
				<speed>2.925104</speed>
				<ele>145.000000</ele>
				<time>2025-12-07T03:52:40Z</time>
			</trkpt>
			<trkpt lat="31.469576" lon="120.241693">
				<speed>1.893422</speed>
				<ele>145.000000</ele>
				<time>2025-12-07T03:52:44Z</time>
			</trkpt>
			<trkpt lat="31.469529" lon="120.241683">
				<speed>1.195904</speed>
				<ele>146.000000</ele>
				<time>2025-12-07T03:52:47Z</time>
			</trkpt>
			<trkpt lat="31.469492" lon="120.241643">
				<speed>1.254952</speed>
				<ele>147.000000</ele>
				<time>2025-12-07T03:52:52Z</time>
			</trkpt>
			<trkpt lat="31.469446" lon="120.241612">
				<speed>2.567783</speed>
				<ele>146.000000</ele>
				<time>2025-12-07T03:52:54Z</time>
			</trkpt>
			<trkpt lat="31.469403" lon="120.241571">
				<speed>2.139885</speed>
				<ele>146.000000</ele>
				<time>2025-12-07T03:52:57Z</time>
			</trkpt>
			<trkpt lat="31.469350" lon="120.241552">
				<speed>2.593073</speed>
				<ele>146.000000</ele>
				<time>2025-12-07T03:53:00Z</time>
			</trkpt>
			<trkpt lat="31.469314" lon="120.241519">
				<speed>1.891061</speed>
				<ele>148.000000</ele>
				<time>2025-12-07T03:53:03Z</time>
			</trkpt>
			<trkpt lat="31.469267" lon="120.241509">
				<speed>2.145923</speed>
				<ele>147.000000</ele>
				<time>2025-12-07T03:53:07Z</time>
			</trkpt>
			<trkpt lat="31.469243" lon="120.241562">
				<speed>1.752076</speed>
				<ele>147.000000</ele>
				<time>2025-12-07T03:53:09Z</time>
			</trkpt>
			<trkpt lat="31.469199" lon="120.241598">
				<speed>1.673408</speed>
				<ele>145.000000</ele>
				<time>2025-12-07T03:53:13Z</time>
			</trkpt>
			<trkpt lat="31.469143" lon="120.241605">
				<speed>1.896934</speed>
				<ele>144.000000</ele>
				<time>2025-12-07T03:53:17Z</time>
			</trkpt>
			<trkpt lat="31.469082" lon="120.241602">
				<speed>1.847531</speed>
				<ele>144.000000</ele>
				<time>2025-12-07T03:53:23Z</time>
			</trkpt>
			<trkpt lat="31.469025" lon="120.241595">
				<speed>2.236936</speed>
				<ele>145.000000</ele>
				<time>2025-12-07T03:53:26Z</time>
			</trkpt>
			<trkpt lat="31.468962" lon="120.241594">
				<speed>2.191073</speed>
				<ele>144.000000</ele>
				<time>2025-12-07T03:53:29Z</time>
			</trkpt>
			<trkpt lat="31.468897" lon="120.241595">
				<speed>2.121430</speed>
				<ele>143.000000</ele>
				<time>2025-12-07T03:53:32Z</time>
			</trkpt>
			<trkpt lat="31.468830" lon="120.241577">
				<speed>2.214243</speed>
				<ele>141.000000</ele>
				<time>2025-12-07T03:53:35Z</time>
			</trkpt>
			<trkpt lat="31.468780" lon="120.241565">
				<speed>2.978813</speed>
				<ele>140.000000</ele>
				<time>2025-12-07T03:53:37Z</time>
			</trkpt>
			<trkpt lat="31.468726" lon="120.241558">
				<speed>2.131016</speed>
				<ele>139.000000</ele>
				<time>2025-12-07T03:53:40Z</time>
			</trkpt>
			<trkpt lat="31.468665" lon="120.241608">
				<speed>3.071622</speed>
				<ele>139.000000</ele>
				<time>2025-12-07T03:53:43Z</time>
			</trkpt>
			<trkpt lat="31.468641" lon="120.241666">
				<speed>2.133273</speed>
				<ele>139.000000</ele>
				<time>2025-12-07T03:53:46Z</time>
			</trkpt>
			<trkpt lat="31.468594" lon="120.241687">
				<speed>2.697928</speed>
				<ele>139.000000</ele>
				<time>2025-12-07T03:53:48Z</time>
			</trkpt>
			<trkpt lat="31.468545" lon="120.241698">
				<speed>2.123940</speed>
				<ele>138.000000</ele>
				<time>2025-12-07T03:53:51Z</time>
			</trkpt>
			<trkpt lat="31.468512" lon="120.241637">
				<speed>1.999501</speed>
				<ele>135.000000</ele>
				<time>2025-12-07T03:53:55Z</time>
			</trkpt>
			<trkpt lat="31.468486" lon="120.241580">
				<speed>2.229731</speed>
				<ele>135.000000</ele>
				<time>2025-12-07T03:53:59Z</time>
			</trkpt>
			<trkpt lat="31.468444" lon="120.241555">
				<speed>1.023972</speed>
				<ele>134.000000</ele>
				<time>2025-12-07T03:54:04Z</time>
			</trkpt>
			<trkpt lat="31.468397" lon="120.241526">
				<speed>1.726244</speed>
				<ele>132.000000</ele>
				<time>2025-12-07T03:54:08Z</time>
			</trkpt>
			<trkpt lat="31.468342" lon="120.241520">
				<speed>1.741309</speed>
				<ele>130.000000</ele>
				<time>2025-12-07T03:54:12Z</time>
			</trkpt>
			<trkpt lat="31.468313" lon="120.241477">
				<speed>1.536170</speed>
				<ele>128.000000</ele>
				<time>2025-12-07T03:54:16Z</time>
			</trkpt>
			<trkpt lat="31.468268" lon="120.241443">
				<speed>1.744604</speed>
				<ele>126.000000</ele>
				<time>2025-12-07T03:54:20Z</time>
			</trkpt>
			<trkpt lat="31.468241" lon="120.241387">
				<speed>0.817771</speed>
				<ele>126.000000</ele>
				<time>2025-12-07T03:54:28Z</time>
			</trkpt>
			<trkpt lat="31.468188" lon="120.241340">
				<speed>1.429846</speed>
				<ele>122.000000</ele>
				<time>2025-12-07T03:54:32Z</time>
			</trkpt>
			<trkpt lat="31.468152" lon="120.241302">
				<speed>1.816996</speed>
				<ele>120.000000</ele>
				<time>2025-12-07T03:54:36Z</time>
			</trkpt>
			<trkpt lat="31.468115" lon="120.241252">
				<speed>2.199873</speed>
				<ele>119.000000</ele>
				<time>2025-12-07T03:54:39Z</time>
			</trkpt>
			<trkpt lat="31.468072" lon="120.241228">
				<speed>0.959275</speed>
				<ele>117.000000</ele>
				<time>2025-12-07T03:54:44Z</time>
			</trkpt>
			<trkpt lat="31.468019" lon="120.241225">
				<speed>1.834144</speed>
				<ele>117.000000</ele>
				<time>2025-12-07T03:54:47Z</time>
			</trkpt>
			<trkpt lat="31.467972" lon="120.241201">
				<speed>1.692634</speed>
				<ele>114.000000</ele>
				<time>2025-12-07T03:54:51Z</time>
			</trkpt>
			<trkpt lat="31.467933" lon="120.241160">
				<speed>1.981378</speed>
				<ele>112.000000</ele>
				<time>2025-12-07T03:54:54Z</time>
			</trkpt>
			<trkpt lat="31.467890" lon="120.241147">
				<speed>2.172890</speed>
				<ele>112.000000</ele>
				<time>2025-12-07T03:54:56Z</time>
			</trkpt>
			<trkpt lat="31.467841" lon="120.241113">
				<speed>1.921987</speed>
				<ele>110.000000</ele>
				<time>2025-12-07T03:54:59Z</time>
			</trkpt>
			<trkpt lat="31.467822" lon="120.241065">
				<speed>1.539276</speed>
				<ele>108.000000</ele>
				<time>2025-12-07T03:55:02Z</time>
			</trkpt>
			<trkpt lat="31.467769" lon="120.241022">
				<speed>2.177855</speed>
				<ele>107.000000</ele>
				<time>2025-12-07T03:55:07Z</time>
			</trkpt>
			<trkpt lat="31.467701" lon="120.240977">
				<speed>3.432916</speed>
				<ele>107.000000</ele>
				<time>2025-12-07T03:55:09Z</time>
			</trkpt>
			<trkpt lat="31.467664" lon="120.240931">
				<speed>3.235014</speed>
				<ele>105.000000</ele>
				<time>2025-12-07T03:55:10Z</time>
			</trkpt>
			<trkpt lat="31.467630" lon="120.240892">
				<speed>2.898077</speed>
				<ele>106.000000</ele>
				<time>2025-12-07T03:55:12Z</time>
			</trkpt>
			<trkpt lat="31.467590" lon="120.240867">
				<speed>2.683239</speed>
				<ele>104.000000</ele>
				<time>2025-12-07T03:55:14Z</time>
			</trkpt>
			<trkpt lat="31.467538" lon="120.240831">
				<speed>3.060361</speed>
				<ele>104.000000</ele>
				<time>2025-12-07T03:55:16Z</time>
			</trkpt>
			<trkpt lat="31.467518" lon="120.240773">
				<speed>2.397528</speed>
				<ele>102.000000</ele>
				<time>2025-12-07T03:55:19Z</time>
			</trkpt>
			<trkpt lat="31.467494" lon="120.240704">
				<speed>2.779874</speed>
				<ele>100.000000</ele>
				<time>2025-12-07T03:55:22Z</time>
			</trkpt>
			<trkpt lat="31.467468" lon="120.240647">
				<speed>2.203440</speed>
				<ele>101.000000</ele>
				<time>2025-12-07T03:55:26Z</time>
			</trkpt>
			<trkpt lat="31.467460" lon="120.240591">
				<speed>2.041328</speed>
				<ele>102.000000</ele>
				<time>2025-12-07T03:55:29Z</time>
			</trkpt>
			<trkpt lat="31.467422" lon="120.240534">
				<speed>2.305451</speed>
				<ele>100.000000</ele>
				<time>2025-12-07T03:55:32Z</time>
			</trkpt>
			<trkpt lat="31.467393" lon="120.240485">
				<speed>1.537244</speed>
				<ele>99.000000</ele>
				<time>2025-12-07T03:55:36Z</time>
			</trkpt>
			<trkpt lat="31.467369" lon="120.240411">
				<speed>2.583852</speed>
				<ele>99.000000</ele>
				<time>2025-12-07T03:55:39Z</time>
			</trkpt>
			<trkpt lat="31.467360" lon="120.240354">
				<speed>1.847908</speed>
				<ele>100.000000</ele>
				<time>2025-12-07T03:55:42Z</time>
			</trkpt>
			<trkpt lat="31.467338" lon="120.240290">
				<speed>1.930596</speed>
				<ele>101.000000</ele>
				<time>2025-12-07T03:55:45Z</time>
			</trkpt>
			<trkpt lat="31.467299" lon="120.240242">
				<speed>1.819331</speed>
				<ele>100.000000</ele>
				<time>2025-12-07T03:55:48Z</time>
			</trkpt>
			<trkpt lat="31.467268" lon="120.240193">
				<speed>1.860278</speed>
				<ele>99.000000</ele>
				<time>2025-12-07T03:55:51Z</time>
			</trkpt>
			<trkpt lat="31.467253" lon="120.240133">
				<speed>2.392379</speed>
				<ele>101.000000</ele>
				<time>2025-12-07T03:55:55Z</time>
			</trkpt>
			<trkpt lat="31.467240" lon="120.240075">
				<speed>1.968043</speed>
				<ele>100.000000</ele>
				<time>2025-12-07T03:55:58Z</time>
			</trkpt>
			<trkpt lat="31.467242" lon="120.240003">
				<speed>2.425292</speed>
				<ele>99.000000</ele>
				<time>2025-12-07T03:56:01Z</time>
			</trkpt>
			<trkpt lat="31.467230" lon="120.239939">
				<speed>2.322353</speed>
				<ele>100.000000</ele>
				<time>2025-12-07T03:56:04Z</time>
			</trkpt>
			<trkpt lat="31.467204" lon="120.239889">
				<speed>2.136225</speed>
				<ele>100.000000</ele>
				<time>2025-12-07T03:56:07Z</time>
			</trkpt>
			<trkpt lat="31.467163" lon="120.239845">
				<speed>2.165193</speed>
				<ele>101.000000</ele>
				<time>2025-12-07T03:56:10Z</time>
			</trkpt>
			<trkpt lat="31.467126" lon="120.239791">
				<speed>2.420496</speed>
				<ele>100.000000</ele>
				<time>2025-12-07T03:56:13Z</time>
			</trkpt>
			<trkpt lat="31.467102" lon="120.239740">
				<speed>2.194040</speed>
				<ele>99.000000</ele>
				<time>2025-12-07T03:56:16Z</time>
			</trkpt>
			<trkpt lat="31.467057" lon="120.239695">
				<speed>2.351947</speed>
				<ele>98.000000</ele>
				<time>2025-12-07T03:56:19Z</time>
			</trkpt>
			<trkpt lat="31.467017" lon="120.239657">
				<speed>2.072824</speed>
				<ele>99.000000</ele>
				<time>2025-12-07T03:56:22Z</time>
			</trkpt>
			<trkpt lat="31.466972" lon="120.239626">
				<speed>1.858950</speed>
				<ele>97.000000</ele>
				<time>2025-12-07T03:56:25Z</time>
			</trkpt>
			<trkpt lat="31.466925" lon="120.239594">
				<speed>2.260321</speed>
				<ele>95.000000</ele>
				<time>2025-12-07T03:56:28Z</time>
			</trkpt>
			<trkpt lat="31.466884" lon="120.239543">
				<speed>1.934252</speed>
				<ele>93.000000</ele>
				<time>2025-12-07T03:56:32Z</time>
			</trkpt>
			<trkpt lat="31.466836" lon="120.239510">
				<speed>1.817319</speed>
				<ele>92.000000</ele>
				<time>2025-12-07T03:56:35Z</time>
			</trkpt>
			<trkpt lat="31.466789" lon="120.239483">
				<speed>1.722597</speed>
				<ele>90.000000</ele>
				<time>2025-12-07T03:56:39Z</time>
			</trkpt>
			<trkpt lat="31.466767" lon="120.239428">
				<speed>1.734354</speed>
				<ele>88.000000</ele>
				<time>2025-12-07T03:56:45Z</time>
			</trkpt>
			<trkpt lat="31.466714" lon="120.239421">
				<speed>1.951058</speed>
				<ele>87.000000</ele>
				<time>2025-12-07T03:56:48Z</time>
			</trkpt>
			<trkpt lat="31.466670" lon="120.239391">
				<speed>1.958089</speed>
				<ele>85.000000</ele>
				<time>2025-12-07T03:56:51Z</time>
			</trkpt>
			<trkpt lat="31.466621" lon="120.239357">
				<speed>2.061343</speed>
				<ele>83.000000</ele>
				<time>2025-12-07T03:56:55Z</time>
			</trkpt>
			<trkpt lat="31.466575" lon="120.239325">
				<speed>2.257065</speed>
				<ele>82.000000</ele>
				<time>2025-12-07T03:56:58Z</time>
			</trkpt>
			<trkpt lat="31.466532" lon="120.239305">
				<speed>1.611665</speed>
				<ele>79.000000</ele>
				<time>2025-12-07T03:57:01Z</time>
			</trkpt>
			<trkpt lat="31.466488" lon="120.239257">
				<speed>1.810230</speed>
				<ele>77.000000</ele>
				<time>2025-12-07T03:57:04Z</time>
			</trkpt>
			<trkpt lat="31.466436" lon="120.239235">
				<speed>1.811255</speed>
				<ele>75.000000</ele>
				<time>2025-12-07T03:57:07Z</time>
			</trkpt>
			<trkpt lat="31.466393" lon="120.239192">
				<speed>2.039408</speed>
				<ele>74.000000</ele>
				<time>2025-12-07T03:57:10Z</time>
			</trkpt>
			<trkpt lat="31.466343" lon="120.239163">
				<speed>1.911349</speed>
				<ele>72.000000</ele>
				<time>2025-12-07T03:57:14Z</time>
			</trkpt>
			<trkpt lat="31.466301" lon="120.239140">
				<speed>1.643423</speed>
				<ele>70.000000</ele>
				<time>2025-12-07T03:57:18Z</time>
			</trkpt>
			<trkpt lat="31.466264" lon="120.239107">
				<speed>2.038979</speed>
				<ele>71.000000</ele>
				<time>2025-12-07T03:57:21Z</time>
			</trkpt>
			<trkpt lat="31.466220" lon="120.239077">
				<speed>1.934698</speed>
				<ele>70.000000</ele>
				<time>2025-12-07T03:57:24Z</time>
			</trkpt>
			<trkpt lat="31.466187" lon="120.239038">
				<speed>2.586854</speed>
				<ele>70.000000</ele>
				<time>2025-12-07T03:57:26Z</time>
			</trkpt>
			<trkpt lat="31.466149" lon="120.239008">
				<speed>2.659446</speed>
				<ele>69.000000</ele>
				<time>2025-12-07T03:57:28Z</time>
			</trkpt>
			<trkpt lat="31.466099" lon="120.238992">
				<speed>2.684497</speed>
				<ele>69.000000</ele>
				<time>2025-12-07T03:57:31Z</time>
			</trkpt>
			<trkpt lat="31.466043" lon="120.238980">
				<speed>2.683889</speed>
				<ele>69.000000</ele>
				<time>2025-12-07T03:57:34Z</time>
			</trkpt>
			<trkpt lat="31.465985" lon="120.238993">
				<speed>2.494276</speed>
				<ele>69.000000</ele>
				<time>2025-12-07T03:57:37Z</time>
			</trkpt>
			<trkpt lat="31.465948" lon="120.239033">
				<speed>2.674191</speed>
				<ele>67.000000</ele>
				<time>2025-12-07T03:57:39Z</time>
			</trkpt>
			<trkpt lat="31.465885" lon="120.239064">
				<speed>2.806216</speed>
				<ele>67.000000</ele>
				<time>2025-12-07T03:57:42Z</time>
			</trkpt>
			<trkpt lat="31.465835" lon="120.239096">
				<speed>2.957456</speed>
				<ele>65.000000</ele>
				<time>2025-12-07T03:57:44Z</time>
			</trkpt>
			<trkpt lat="31.465783" lon="120.239095">
				<speed>2.801770</speed>
				<ele>64.000000</ele>
				<time>2025-12-07T03:57:46Z</time>
			</trkpt>
			<trkpt lat="31.465731" lon="120.239111">
				<speed>2.942556</speed>
				<ele>62.000000</ele>
				<time>2025-12-07T03:57:48Z</time>
			</trkpt>
			<trkpt lat="31.465679" lon="120.239123">
				<speed>2.963944</speed>
				<ele>60.000000</ele>
				<time>2025-12-07T03:57:50Z</time>
			</trkpt>
			<trkpt lat="31.465611" lon="120.239144">
				<speed>3.729809</speed>
				<ele>61.000000</ele>
				<time>2025-12-07T03:57:52Z</time>
			</trkpt>
			<trkpt lat="31.465551" lon="120.239158">
				<speed>2.867579</speed>
				<ele>58.000000</ele>
				<time>2025-12-07T03:57:55Z</time>
			</trkpt>
			<trkpt lat="31.465499" lon="120.239174">
				<speed>2.844306</speed>
				<ele>58.000000</ele>
				<time>2025-12-07T03:57:57Z</time>
			</trkpt>
			<trkpt lat="31.465436" lon="120.239179">
				<speed>3.353472</speed>
				<ele>58.000000</ele>
				<time>2025-12-07T03:57:59Z</time>
			</trkpt>
			<trkpt lat="31.465391" lon="120.239196">
				<speed>2.812127</speed>
				<ele>56.000000</ele>
				<time>2025-12-07T03:58:01Z</time>
			</trkpt>
			<trkpt lat="31.465337" lon="120.239214">
				<speed>3.053531</speed>
				<ele>54.000000</ele>
				<time>2025-12-07T03:58:03Z</time>
			</trkpt>
			<trkpt lat="31.465280" lon="120.239215">
				<speed>3.172138</speed>
				<ele>53.000000</ele>
				<time>2025-12-07T03:58:05Z</time>
			</trkpt>
			<trkpt lat="31.465228" lon="120.239200">
				<speed>3.005117</speed>
				<ele>53.000000</ele>
				<time>2025-12-07T03:58:07Z</time>
			</trkpt>
			<trkpt lat="31.465168" lon="120.239219">
				<speed>2.370499</speed>
				<ele>54.000000</ele>
				<time>2025-12-07T03:58:10Z</time>
			</trkpt>
			<trkpt lat="31.465138" lon="120.239282">
				<speed>3.176275</speed>
				<ele>53.000000</ele>
				<time>2025-12-07T03:58:12Z</time>
			</trkpt>
			<trkpt lat="31.465074" lon="120.239291">
				<speed>2.118544</speed>
				<ele>52.000000</ele>
				<time>2025-12-07T03:58:16Z</time>
			</trkpt>
			<trkpt lat="31.465040" lon="120.239333">
				<speed>2.706301</speed>
				<ele>52.000000</ele>
				<time>2025-12-07T03:58:18Z</time>
			</trkpt>
			<trkpt lat="31.465036" lon="120.239386">
				<speed>2.495617</speed>
				<ele>51.000000</ele>
				<time>2025-12-07T03:58:20Z</time>
			</trkpt>
			<trkpt lat="31.465029" lon="120.239447">
				<speed>1.605922</speed>
				<ele>50.000000</ele>
				<time>2025-12-07T03:58:24Z</time>
			</trkpt>
			<trkpt lat="31.464992" lon="120.239500">
				<speed>2.159215</speed>
				<ele>49.000000</ele>
				<time>2025-12-07T03:58:28Z</time>
			</trkpt>
			<trkpt lat="31.464990" lon="120.239561">
				<speed>2.425253</speed>
				<ele>47.000000</ele>
				<time>2025-12-07T03:58:31Z</time>
			</trkpt>
			<trkpt lat="31.464985" lon="120.239615">
				<speed>1.993052</speed>
				<ele>46.000000</ele>
				<time>2025-12-07T03:58:34Z</time>
			</trkpt>
			<trkpt lat="31.464963" lon="120.239663">
				<speed>0.990521</speed>
				<ele>44.000000</ele>
				<time>2025-12-07T03:58:39Z</time>
			</trkpt>
			<trkpt lat="31.464940" lon="120.239740">
				<speed>1.563844</speed>
				<ele>42.000000</ele>
				<time>2025-12-07T03:58:44Z</time>
			</trkpt>
			<trkpt lat="31.464884" lon="120.239734">
				<speed>1.488903</speed>
				<ele>40.000000</ele>
				<time>2025-12-07T03:58:49Z</time>
			</trkpt>
			<trkpt lat="31.464840" lon="120.239714">
				<speed>1.717223</speed>
				<ele>42.000000</ele>
				<time>2025-12-07T03:58:51Z</time>
			</trkpt>
			<trkpt lat="31.464779" lon="120.239683">
				<speed>2.729364</speed>
				<ele>40.000000</ele>
				<time>2025-12-07T03:58:53Z</time>
			</trkpt>
			<trkpt lat="31.464735" lon="120.239661">
				<speed>2.513803</speed>
				<ele>40.000000</ele>
				<time>2025-12-07T03:58:55Z</time>
			</trkpt>
			<trkpt lat="31.464685" lon="120.239627">
				<speed>2.880733</speed>
				<ele>40.000000</ele>
				<time>2025-12-07T03:58:57Z</time>
			</trkpt>
			<trkpt lat="31.464633" lon="120.239616">
				<speed>2.965698</speed>
				<ele>41.000000</ele>
				<time>2025-12-07T03:58:59Z</time>
			</trkpt>
			<trkpt lat="31.464578" lon="120.239624">
				<speed>2.919983</speed>
				<ele>41.000000</ele>
				<time>2025-12-07T03:59:01Z</time>
			</trkpt>
			<trkpt lat="31.464521" lon="120.239642">
				<speed>2.523550</speed>
				<ele>43.000000</ele>
				<time>2025-12-07T03:59:04Z</time>
			</trkpt>
			<trkpt lat="31.464459" lon="120.239645">
				<speed>3.268023</speed>
				<ele>41.000000</ele>
				<time>2025-12-07T03:59:06Z</time>
			</trkpt>
			<trkpt lat="31.464401" lon="120.239652">
				<speed>3.271723</speed>
				<ele>40.000000</ele>
				<time>2025-12-07T03:59:08Z</time>
			</trkpt>
			<trkpt lat="31.464355" lon="120.239655">
				<speed>2.873605</speed>
				<ele>40.000000</ele>
				<time>2025-12-07T03:59:09Z</time>
			</trkpt>
			<trkpt lat="31.464298" lon="120.239650">
				<speed>2.511969</speed>
				<ele>40.000000</ele>
				<time>2025-12-07T03:59:12Z</time>
			</trkpt>
			<trkpt lat="31.464247" lon="120.239647">
				<speed>2.857316</speed>
				<ele>41.000000</ele>
				<time>2025-12-07T03:59:14Z</time>
			</trkpt>
			<trkpt lat="31.464200" lon="120.239649">
				<speed>2.787166</speed>
				<ele>41.000000</ele>
				<time>2025-12-07T03:59:16Z</time>
			</trkpt>
			<trkpt lat="31.464145" lon="120.239645">
				<speed>2.917571</speed>
				<ele>41.000000</ele>
				<time>2025-12-07T03:59:18Z</time>
			</trkpt>
			<trkpt lat="31.464087" lon="120.239629">
				<speed>3.069221</speed>
				<ele>41.000000</ele>
				<time>2025-12-07T03:59:20Z</time>
			</trkpt>
			<trkpt lat="31.464026" lon="120.239629">
				<speed>3.302599</speed>
				<ele>42.000000</ele>
				<time>2025-12-07T03:59:22Z</time>
			</trkpt>
			<trkpt lat="31.463980" lon="120.239616">
				<speed>2.911119</speed>
				<ele>41.000000</ele>
				<time>2025-12-07T03:59:24Z</time>
			</trkpt>
			<trkpt lat="31.463930" lon="120.239599">
				<speed>3.069816</speed>
				<ele>40.000000</ele>
				<time>2025-12-07T03:59:26Z</time>
			</trkpt>
			<trkpt lat="31.463873" lon="120.239579">
				<speed>2.436014</speed>
				<ele>39.000000</ele>
				<time>2025-12-07T03:59:29Z</time>
			</trkpt>
			<trkpt lat="31.463804" lon="120.239542">
				<speed>2.975433</speed>
				<ele>39.000000</ele>
				<time>2025-12-07T03:59:32Z</time>
			</trkpt>
			<trkpt lat="31.463764" lon="120.239497">
				<speed>3.196408</speed>
				<ele>39.000000</ele>
				<time>2025-12-07T03:59:34Z</time>
			</trkpt>
			<trkpt lat="31.463698" lon="120.239460">
				<speed>3.081498</speed>
				<ele>38.000000</ele>
				<time>2025-12-07T03:59:37Z</time>
			</trkpt>
			<trkpt lat="31.463664" lon="120.239424">
				<speed>2.853470</speed>
				<ele>39.000000</ele>
				<time>2025-12-07T03:59:39Z</time>
			</trkpt>
			<trkpt lat="31.463618" lon="120.239354">
				<speed>3.339489</speed>
				<ele>39.000000</ele>
				<time>2025-12-07T03:59:42Z</time>
			</trkpt>
			<trkpt lat="31.463579" lon="120.239328">
				<speed>3.014480</speed>
				<ele>39.000000</ele>
				<time>2025-12-07T03:59:44Z</time>
			</trkpt>
			<trkpt lat="31.463543" lon="120.239275">
				<speed>2.662119</speed>
				<ele>40.000000</ele>
				<time>2025-12-07T03:59:47Z</time>
			</trkpt>
			<trkpt lat="31.463509" lon="120.239230">
				<speed>3.039219</speed>
				<ele>40.000000</ele>
				<time>2025-12-07T03:59:49Z</time>
			</trkpt>
			<trkpt lat="31.463463" lon="120.239178">
				<speed>2.552033</speed>
				<ele>39.000000</ele>
				<time>2025-12-07T03:59:52Z</time>
			</trkpt>
			<trkpt lat="31.463435" lon="120.239133">
				<speed>2.633439</speed>
				<ele>38.000000</ele>
				<time>2025-12-07T03:59:54Z</time>
			</trkpt>
			<trkpt lat="31.463430" lon="120.239077">
				<speed>2.899255</speed>
				<ele>37.000000</ele>
				<time>2025-12-07T03:59:56Z</time>
			</trkpt>
			<trkpt lat="31.463425" lon="120.239025">
				<speed>2.786470</speed>
				<ele>36.000000</ele>
				<time>2025-12-07T03:59:58Z</time>
			</trkpt>
			<trkpt lat="31.463404" lon="120.238945">
				<speed>2.909841</speed>
				<ele>35.000000</ele>
				<time>2025-12-07T04:00:01Z</time>
			</trkpt>
			<trkpt lat="31.463381" lon="120.238878">
				<speed>2.803164</speed>
				<ele>34.000000</ele>
				<time>2025-12-07T04:00:04Z</time>
			</trkpt>
			<trkpt lat="31.463362" lon="120.238805">
				<speed>2.565600</speed>
				<ele>32.000000</ele>
				<time>2025-12-07T04:00:07Z</time>
			</trkpt>
			<trkpt lat="31.463343" lon="120.238739">
				<speed>3.254745</speed>
				<ele>32.000000</ele>
				<time>2025-12-07T04:00:09Z</time>
			</trkpt>
			<trkpt lat="31.463339" lon="120.238685">
				<speed>3.034282</speed>
				<ele>32.000000</ele>
				<time>2025-12-07T04:00:11Z</time>
			</trkpt>
			<trkpt lat="31.463329" lon="120.238606">
				<speed>2.891170</speed>
				<ele>31.000000</ele>
				<time>2025-12-07T04:00:14Z</time>
			</trkpt>
			<trkpt lat="31.463327" lon="120.238548">
				<speed>3.091106</speed>
				<ele>30.000000</ele>
				<time>2025-12-07T04:00:16Z</time>
			</trkpt>
			<trkpt lat="31.463338" lon="120.238477">
				<speed>3.479198</speed>
				<ele>30.000000</ele>
				<time>2025-12-07T04:00:18Z</time>
			</trkpt>
			<trkpt lat="31.463357" lon="120.238422">
				<speed>2.317356</speed>
				<ele>30.000000</ele>
				<time>2025-12-07T04:00:21Z</time>
			</trkpt>
			<trkpt lat="31.463394" lon="120.238388">
				<speed>2.510813</speed>
				<ele>29.000000</ele>
				<time>2025-12-07T04:00:23Z</time>
			</trkpt>
			<trkpt lat="31.463427" lon="120.238343">
				<speed>2.813900</speed>
				<ele>29.000000</ele>
				<time>2025-12-07T04:00:25Z</time>
			</trkpt>
			<trkpt lat="31.463469" lon="120.238276">
				<speed>2.904484</speed>
				<ele>29.000000</ele>
				<time>2025-12-07T04:00:28Z</time>
			</trkpt>
			<trkpt lat="31.463500" lon="120.238231">
				<speed>2.908206</speed>
				<ele>30.000000</ele>
				<time>2025-12-07T04:00:30Z</time>
			</trkpt>
			<trkpt lat="31.463553" lon="120.238203">
				<speed>3.284138</speed>
				<ele>30.000000</ele>
				<time>2025-12-07T04:00:32Z</time>
			</trkpt>
			<trkpt lat="31.463607" lon="120.238188">
				<speed>2.228993</speed>
				<ele>30.000000</ele>
				<time>2025-12-07T04:00:35Z</time>
			</trkpt>
			<trkpt lat="31.463658" lon="120.238168">
				<speed>1.688806</speed>
				<ele>32.000000</ele>
				<time>2025-12-07T04:00:39Z</time>
			</trkpt>
			<trkpt lat="31.463709" lon="120.238146">
				<speed>1.936523</speed>
				<ele>33.000000</ele>
				<time>2025-12-07T04:00:43Z</time>
			</trkpt>
			<trkpt lat="31.463760" lon="120.238119">
				<speed>2.696949</speed>
				<ele>34.000000</ele>
				<time>2025-12-07T04:00:46Z</time>
			</trkpt>
			<trkpt lat="31.463805" lon="120.238108">
				<speed>1.935858</speed>
				<ele>35.000000</ele>
				<time>2025-12-07T04:00:49Z</time>
			</trkpt>
			<trkpt lat="31.463857" lon="120.238067">
				<speed>1.916779</speed>
				<ele>34.000000</ele>
				<time>2025-12-07T04:00:52Z</time>
			</trkpt>
			<trkpt lat="31.463901" lon="120.238047">
				<speed>1.752435</speed>
				<ele>33.000000</ele>
				<time>2025-12-07T04:00:56Z</time>
			</trkpt>
			<trkpt lat="31.463973" lon="120.238030">
				<speed>1.941021</speed>
				<ele>35.000000</ele>
				<time>2025-12-07T04:01:01Z</time>
			</trkpt>
			<trkpt lat="31.464021" lon="120.238006">
				<speed>1.727396</speed>
				<ele>36.000000</ele>
				<time>2025-12-07T04:01:05Z</time>
			</trkpt>
			<trkpt lat="31.464082" lon="120.238012">
				<speed>1.931397</speed>
				<ele>35.000000</ele>
				<time>2025-12-07T04:01:09Z</time>
			</trkpt>
			<trkpt lat="31.464141" lon="120.237999">
				<speed>2.003786</speed>
				<ele>35.000000</ele>
				<time>2025-12-07T04:01:12Z</time>
			</trkpt>
			<trkpt lat="31.464194" lon="120.237988">
				<speed>1.811111</speed>
				<ele>35.000000</ele>
				<time>2025-12-07T04:01:16Z</time>
			</trkpt>
			<trkpt lat="31.464242" lon="120.237996">
				<speed>1.907173</speed>
				<ele>36.000000</ele>
				<time>2025-12-07T04:01:20Z</time>
			</trkpt>
			<trkpt lat="31.464290" lon="120.237976">
				<speed>1.864744</speed>
				<ele>37.000000</ele>
				<time>2025-12-07T04:01:24Z</time>
			</trkpt>
			<trkpt lat="31.464347" lon="120.237978">
				<speed>1.885671</speed>
				<ele>37.000000</ele>
				<time>2025-12-07T04:01:28Z</time>
			</trkpt>
			<trkpt lat="31.464394" lon="120.237956">
				<speed>1.773892</speed>
				<ele>37.000000</ele>
				<time>2025-12-07T04:01:32Z</time>
			</trkpt>
			<trkpt lat="31.464451" lon="120.237950">
				<speed>1.810446</speed>
				<ele>37.000000</ele>
				<time>2025-12-07T04:01:36Z</time>
			</trkpt>
			<trkpt lat="31.464496" lon="120.237923">
				<speed>1.864653</speed>
				<ele>37.000000</ele>
				<time>2025-12-07T04:01:39Z</time>
			</trkpt>
			<trkpt lat="31.464542" lon="120.237918">
				<speed>1.907978</speed>
				<ele>37.000000</ele>
				<time>2025-12-07T04:01:42Z</time>
			</trkpt>
			<trkpt lat="31.464588" lon="120.237922">
				<speed>1.765190</speed>
				<ele>37.000000</ele>
				<time>2025-12-07T04:01:45Z</time>
			</trkpt>
			<trkpt lat="31.464637" lon="120.237916">
				<speed>2.022609</speed>
				<ele>36.000000</ele>
				<time>2025-12-07T04:01:48Z</time>
			</trkpt>
			<trkpt lat="31.464687" lon="120.237908">
				<speed>2.304997</speed>
				<ele>36.000000</ele>
				<time>2025-12-07T04:01:50Z</time>
			</trkpt>
			<trkpt lat="31.464735" lon="120.237907">
				<speed>2.139120</speed>
				<ele>35.000000</ele>
				<time>2025-12-07T04:01:52Z</time>
			</trkpt>
			<trkpt lat="31.464788" lon="120.237897">
				<speed>2.328505</speed>
				<ele>35.000000</ele>
				<time>2025-12-07T04:01:54Z</time>
			</trkpt>
			<trkpt lat="31.464846" lon="120.237885">
				<speed>2.486041</speed>
				<ele>34.000000</ele>
				<time>2025-12-07T04:01:56Z</time>
			</trkpt>
			<trkpt lat="31.464912" lon="120.237882">
				<speed>2.592070</speed>
				<ele>35.000000</ele>
				<time>2025-12-07T04:01:58Z</time>
			</trkpt>
			<trkpt lat="31.464971" lon="120.237874">
				<speed>4.400839</speed>
				<ele>35.000000</ele>
				<time>2025-12-07T04:01:59Z</time>
			</trkpt>
			<trkpt lat="31.465019" lon="120.237860">
				<speed>4.702661</speed>
				<ele>34.000000</ele>
				<time>2025-12-07T04:02:00Z</time>
			</trkpt>
			<trkpt lat="31.465090" lon="120.237845">
				<speed>4.023821</speed>
				<ele>31.000000</ele>
				<time>2025-12-07T04:02:02Z</time>
			</trkpt>
			<trkpt lat="31.465102" lon="120.237743">
				<speed>4.198258</speed>
				<ele>31.000000</ele>
				<time>2025-12-07T04:02:04Z</time>
			</trkpt>
			<trkpt lat="31.465063" lon="120.237673">
				<speed>3.839911</speed>
				<ele>32.000000</ele>
				<time>2025-12-07T04:02:06Z</time>
			</trkpt>
			<trkpt lat="31.465062" lon="120.237589">
				<speed>3.510617</speed>
				<ele>30.000000</ele>
				<time>2025-12-07T04:02:08Z</time>
			</trkpt>
			<trkpt lat="31.465058" lon="120.237549">
				<speed>3.640020</speed>
				<ele>32.000000</ele>
				<time>2025-12-07T04:02:09Z</time>
			</trkpt>
			<trkpt lat="31.465045" lon="120.237526">
				<speed>3.461943</speed>
				<ele>29.000000</ele>
				<time>2025-12-07T04:02:10Z</time>
			</trkpt>
			<trkpt lat="31.465050" lon="120.237494">
				<speed>3.058249</speed>
				<ele>31.000000</ele>
				<time>2025-12-07T04:02:11Z</time>
			</trkpt>
			<trkpt lat="31.465040" lon="120.237427">
				<speed>4.432786</speed>
				<ele>32.000000</ele>
				<time>2025-12-07T04:02:12Z</time>
			</trkpt>
			<trkpt lat="31.465032" lon="120.237382">
				<speed>4.432786</speed>
				<ele>32.000000</ele>
				<time>2025-12-07T04:02:13Z</time>
			</trkpt>
			<trkpt lat="31.465021" lon="120.237418">
				<speed>2.968247</speed>
				<ele>29.000000</ele>
				<time>2025-12-07T04:02:14Z</time>
			</trkpt>
			<trkpt lat="31.465017" lon="120.237388">
				<speed>2.673823</speed>
				<ele>28.000000</ele>
				<time>2025-12-07T04:02:16Z</time>
			</trkpt>
			<trkpt lat="31.465010" lon="120.237330">
				<speed>1.551185</speed>
				<ele>31.000000</ele>
				<time>2025-12-07T04:02:20Z</time>
			</trkpt>
			<trkpt lat="31.464989" lon="120.237269">
				<speed>1.451394</speed>
				<ele>30.000000</ele>
				<time>2025-12-07T04:02:24Z</time>
			</trkpt>
			<trkpt lat="31.464975" lon="120.237208">
				<speed>1.398149</speed>
				<ele>30.000000</ele>
				<time>2025-12-07T04:02:28Z</time>
			</trkpt>
			<trkpt lat="31.464924" lon="120.237181">
				<speed>0.992104</speed>
				<ele>31.000000</ele>
				<time>2025-12-07T04:02:33Z</time>
			</trkpt>
			<trkpt lat="31.464891" lon="120.237145">
				<speed>1.429336</speed>
				<ele>29.000000</ele>
				<time>2025-12-07T04:02:36Z</time>
			</trkpt>
			<trkpt lat="31.464862" lon="120.237088">
				<speed>1.411546</speed>
				<ele>30.000000</ele>
				<time>2025-12-07T04:02:41Z</time>
			</trkpt>
			<trkpt lat="31.464816" lon="120.237092">
				<speed>0.273173</speed>
				<ele>29.000000</ele>
				<time>2025-12-07T04:02:46Z</time>
			</trkpt>
			<trkpt lat="31.464769" lon="120.237079">
				<speed>0.483289</speed>
				<ele>29.000000</ele>
				<time>2025-12-07T04:02:51Z</time>
			</trkpt>
			<trkpt lat="31.464765" lon="120.237026">
				<speed>0.092084</speed>
				<ele>30.000000</ele>
				<time>2025-12-07T04:04:07Z</time>
			</trkpt>
			<trkpt lat="31.464790" lon="120.237070">
				<speed>0.661535</speed>
				<ele>30.000000</ele>
				<time>2025-12-07T04:05:01Z</time>
			</trkpt>
			<trkpt lat="31.464779" lon="120.237130">
				<speed>0.748776</speed>
				<ele>30.000000</ele>
				<time>2025-12-07T04:05:12Z</time>
			</trkpt>
		</trkseg>
	</trk>
	<extensions>
		<name>2025-12-07 09:19:24</name>
		<TrackTypeId>8</TrackTypeId>
		<SportType>26</SportType>
		<TrackTags><![CDATA[越野跑]]></TrackTags>
		<BeginTime>1765070364000</BeginTime>
		<EndTime>1765080345987</EndTime>
		<PauseTime>53</PauseTime>
		<StartDistrictId>0</StartDistrictId>
		<EndDistrictId>0</EndDistrictId>
		<CreaterId>56392261</CreaterId>
		<CreaterName><![CDATA[Andy 的游历]]></CreaterName>
		<OriginCreaterId>56392261</OriginCreaterId>
		<OriginCreaterName><![CDATA[Andy 的游历]]></OriginCreaterName>
		<Distance>15180.074695</Distance>
		<ElevationGain>718.060000</ElevationGain>
		<ElevationLoss>713.670000</ElevationLoss>
		<SportAvgSpeed>1.528887</SportAvgSpeed>
	</extensions>
</gpx>
