<?xml version="1.0" encoding="UTF-8"?>
<gpx xmlns="http://www.topografix.com/GPX/1/1" version="1.1" creator="GPSBabel - http://www.gpsbabel.org">
	<metadata>
		<author>
			<name><![CDATA[Andy 的游历]]></name>
		</author>
	</metadata>
	<trk>
		<trkseg>
			<trkpt lat="22.919686" lon="114.858305">
				<speed>1.029810</speed>
				<ele>136.000000</ele>
				<time>2025-04-05T02:47:37Z</time>
			</trkpt>
			<trkpt lat="22.919689" lon="114.858404">
				<speed>1.070926</speed>
				<ele>139.000000</ele>
				<time>2025-04-05T02:47:45Z</time>
			</trkpt>
			<trkpt lat="22.919693" lon="114.858504">
				<speed>1.205188</speed>
				<ele>138.000000</ele>
				<time>2025-04-05T02:47:52Z</time>
			</trkpt>
			<trkpt lat="22.919718" lon="114.858599">
				<speed>1.176841</speed>
				<ele>139.000000</ele>
				<time>2025-04-05T02:48:00Z</time>
			</trkpt>
			<trkpt lat="22.919757" lon="114.858697">
				<speed>1.348497</speed>
				<ele>139.000000</ele>
				<time>2025-04-05T02:48:08Z</time>
			</trkpt>
			<trkpt lat="22.919808" lon="114.858778">
				<speed>1.594096</speed>
				<ele>141.000000</ele>
				<time>2025-04-05T02:48:15Z</time>
			</trkpt>
			<trkpt lat="22.919855" lon="114.858869">
				<speed>1.144698</speed>
				<ele>139.000000</ele>
				<time>2025-04-05T02:48:24Z</time>
			</trkpt>
			<trkpt lat="22.919915" lon="114.858948">
				<speed>1.202736</speed>
				<ele>139.000000</ele>
				<time>2025-04-05T02:48:32Z</time>
			</trkpt>
			<trkpt lat="22.919991" lon="114.859011">
				<speed>0.977246</speed>
				<ele>138.000000</ele>
				<time>2025-04-05T02:48:40Z</time>
			</trkpt>
			<trkpt lat="22.920077" lon="114.859054">
				<speed>0.135541</speed>
				<ele>139.000000</ele>
				<time>2025-04-05T02:49:20Z</time>
			</trkpt>
			<trkpt lat="22.920169" lon="114.859079">
				<speed>0.163643</speed>
				<ele>139.000000</ele>
				<time>2025-04-05T02:49:31Z</time>
			</trkpt>
			<trkpt lat="22.920264" lon="114.859099">
				<speed>0.145813</speed>
				<ele>139.000000</ele>
				<time>2025-04-05T02:49:40Z</time>
			</trkpt>
			<trkpt lat="22.920316" lon="114.859180">
				<speed>1.215347</speed>
				<ele>139.000000</ele>
				<time>2025-04-05T02:49:58Z</time>
			</trkpt>
			<trkpt lat="22.920359" lon="114.859270">
				<speed>1.016987</speed>
				<ele>138.000000</ele>
				<time>2025-04-05T02:50:14Z</time>
			</trkpt>
			<trkpt lat="22.920407" lon="114.859354">
				<speed>0.642071</speed>
				<ele>141.000000</ele>
				<time>2025-04-05T02:50:46Z</time>
			</trkpt>
			<trkpt lat="22.920499" lon="114.859396">
				<speed>0.669395</speed>
				<ele>140.000000</ele>
				<time>2025-04-05T02:51:29Z</time>
			</trkpt>
			<trkpt lat="22.920548" lon="114.859486">
				<speed>0.881337</speed>
				<ele>139.000000</ele>
				<time>2025-04-05T02:52:11Z</time>
			</trkpt>
			<trkpt lat="22.920534" lon="114.859583">
				<speed>0.187402</speed>
				<ele>153.000000</ele>
				<time>2025-04-05T02:53:09Z</time>
			</trkpt>
			<trkpt lat="22.920475" lon="114.859659">
				<speed>0.771601</speed>
				<ele>155.000000</ele>
				<time>2025-04-05T02:53:43Z</time>
			</trkpt>
			<trkpt lat="22.920445" lon="114.859759">
				<speed>0.830960</speed>
				<ele>157.000000</ele>
				<time>2025-04-05T02:53:54Z</time>
			</trkpt>
			<trkpt lat="22.920441" lon="114.859859">
				<speed>0.693514</speed>
				<ele>154.000000</ele>
				<time>2025-04-05T02:54:05Z</time>
			</trkpt>
			<trkpt lat="22.920446" lon="114.859968">
				<speed>0.764030</speed>
				<ele>156.000000</ele>
				<time>2025-04-05T02:54:20Z</time>
			</trkpt>
			<trkpt lat="22.920441" lon="114.860068">
				<speed>0.818152</speed>
				<ele>163.000000</ele>
				<time>2025-04-05T02:54:34Z</time>
			</trkpt>
			<trkpt lat="22.920435" lon="114.860173">
				<speed>0.769151</speed>
				<ele>159.000000</ele>
				<time>2025-04-05T02:54:44Z</time>
			</trkpt>
			<trkpt lat="22.920426" lon="114.860275">
				<speed>0.869519</speed>
				<ele>159.000000</ele>
				<time>2025-04-05T02:54:57Z</time>
			</trkpt>
			<trkpt lat="22.920443" lon="114.860376">
				<speed>0.329955</speed>
				<ele>167.000000</ele>
				<time>2025-04-05T02:55:12Z</time>
			</trkpt>
			<trkpt lat="22.920447" lon="114.860477">
				<speed>0.678924</speed>
				<ele>167.000000</ele>
				<time>2025-04-05T02:55:28Z</time>
			</trkpt>
			<trkpt lat="22.920384" lon="114.860552">
				<speed>0.803417</speed>
				<ele>161.000000</ele>
				<time>2025-04-05T02:56:08Z</time>
			</trkpt>
			<trkpt lat="22.920300" lon="114.860602">
				<speed>0.657244</speed>
				<ele>170.000000</ele>
				<time>2025-04-05T02:56:30Z</time>
			</trkpt>
			<trkpt lat="22.920219" lon="114.860659">
				<speed>1.043515</speed>
				<ele>171.000000</ele>
				<time>2025-04-05T02:56:42Z</time>
			</trkpt>
			<trkpt lat="22.920136" lon="114.860704">
				<speed>0.761456</speed>
				<ele>174.000000</ele>
				<time>2025-04-05T02:56:55Z</time>
			</trkpt>
			<trkpt lat="22.920065" lon="114.860774">
				<speed>0.686847</speed>
				<ele>174.000000</ele>
				<time>2025-04-05T02:57:09Z</time>
			</trkpt>
			<trkpt lat="22.920010" lon="114.860856">
				<speed>0.777902</speed>
				<ele>171.000000</ele>
				<time>2025-04-05T02:57:22Z</time>
			</trkpt>
			<trkpt lat="22.919927" lon="114.860904">
				<speed>0.818397</speed>
				<ele>184.000000</ele>
				<time>2025-04-05T02:57:40Z</time>
			</trkpt>
			<trkpt lat="22.919899" lon="114.861001">
				<speed>0.768115</speed>
				<ele>186.000000</ele>
				<time>2025-04-05T02:58:03Z</time>
			</trkpt>
			<trkpt lat="22.919868" lon="114.861095">
				<speed>0.413642</speed>
				<ele>188.000000</ele>
				<time>2025-04-05T02:58:21Z</time>
			</trkpt>
			<trkpt lat="22.919831" lon="114.861186">
				<speed>0.336690</speed>
				<ele>188.000000</ele>
				<time>2025-04-05T02:58:43Z</time>
			</trkpt>
			<trkpt lat="22.919812" lon="114.861283">
				<speed>0.465965</speed>
				<ele>189.000000</ele>
				<time>2025-04-05T02:59:00Z</time>
			</trkpt>
			<trkpt lat="22.919773" lon="114.861378">
				<speed>0.592661</speed>
				<ele>190.000000</ele>
				<time>2025-04-05T02:59:13Z</time>
			</trkpt>
			<trkpt lat="22.919736" lon="114.861472">
				<speed>0.723119</speed>
				<ele>184.000000</ele>
				<time>2025-04-05T02:59:23Z</time>
			</trkpt>
			<trkpt lat="22.919686" lon="114.861554">
				<speed>0.678790</speed>
				<ele>187.000000</ele>
				<time>2025-04-05T02:59:35Z</time>
			</trkpt>
			<trkpt lat="22.919592" lon="114.861570">
				<speed>0.955734</speed>
				<ele>194.000000</ele>
				<time>2025-04-05T02:59:48Z</time>
			</trkpt>
			<trkpt lat="22.919504" lon="114.861594">
				<speed>0.724014</speed>
				<ele>196.000000</ele>
				<time>2025-04-05T03:00:09Z</time>
			</trkpt>
			<trkpt lat="22.919467" lon="114.861684">
				<speed>0.283287</speed>
				<ele>193.000000</ele>
				<time>2025-04-05T03:00:41Z</time>
			</trkpt>
			<trkpt lat="22.919409" lon="114.861770">
				<speed>0.562995</speed>
				<ele>194.000000</ele>
				<time>2025-04-05T03:00:55Z</time>
			</trkpt>
			<trkpt lat="22.919337" lon="114.861833">
				<speed>0.429679</speed>
				<ele>196.000000</ele>
				<time>2025-04-05T03:01:10Z</time>
			</trkpt>
			<trkpt lat="22.919251" lon="114.861865">
				<speed>0.627741</speed>
				<ele>195.000000</ele>
				<time>2025-04-05T03:01:24Z</time>
			</trkpt>
			<trkpt lat="22.919158" lon="114.861854">
				<speed>0.544997</speed>
				<ele>200.000000</ele>
				<time>2025-04-05T03:01:38Z</time>
			</trkpt>
			<trkpt lat="22.919090" lon="114.861918">
				<speed>0.732400</speed>
				<ele>205.000000</ele>
				<time>2025-04-05T03:01:50Z</time>
			</trkpt>
			<trkpt lat="22.919061" lon="114.862022">
				<speed>1.074383</speed>
				<ele>208.000000</ele>
				<time>2025-04-05T03:02:03Z</time>
			</trkpt>
			<trkpt lat="22.919037" lon="114.862120">
				<speed>0.906626</speed>
				<ele>210.000000</ele>
				<time>2025-04-05T03:02:14Z</time>
			</trkpt>
			<trkpt lat="22.919044" lon="114.862228">
				<speed>1.020532</speed>
				<ele>206.000000</ele>
				<time>2025-04-05T03:02:35Z</time>
			</trkpt>
			<trkpt lat="22.919024" lon="114.862329">
				<speed>0.719112</speed>
				<ele>208.000000</ele>
				<time>2025-04-05T03:02:46Z</time>
			</trkpt>
			<trkpt lat="22.919001" lon="114.862424">
				<speed>0.746285</speed>
				<ele>207.000000</ele>
				<time>2025-04-05T03:03:51Z</time>
			</trkpt>
			<trkpt lat="22.918911" lon="114.862448">
				<speed>0.599749</speed>
				<ele>208.000000</ele>
				<time>2025-04-05T03:04:05Z</time>
			</trkpt>
			<trkpt lat="22.918812" lon="114.862460">
				<speed>0.823880</speed>
				<ele>210.000000</ele>
				<time>2025-04-05T03:04:21Z</time>
			</trkpt>
			<trkpt lat="22.918720" lon="114.862439">
				<speed>0.758305</speed>
				<ele>215.000000</ele>
				<time>2025-04-05T03:04:33Z</time>
			</trkpt>
			<trkpt lat="22.918627" lon="114.862430">
				<speed>0.789128</speed>
				<ele>221.000000</ele>
				<time>2025-04-05T03:04:46Z</time>
			</trkpt>
			<trkpt lat="22.918586" lon="114.862518">
				<speed>0.495598</speed>
				<ele>222.000000</ele>
				<time>2025-04-05T03:05:04Z</time>
			</trkpt>
			<trkpt lat="22.918540" lon="114.862602">
				<speed>0.628348</speed>
				<ele>226.000000</ele>
				<time>2025-04-05T03:05:16Z</time>
			</trkpt>
			<trkpt lat="22.918523" lon="114.862706">
				<speed>0.916148</speed>
				<ele>230.000000</ele>
				<time>2025-04-05T03:05:31Z</time>
			</trkpt>
			<trkpt lat="22.918473" lon="114.862799">
				<speed>0.807036</speed>
				<ele>234.000000</ele>
				<time>2025-04-05T03:05:45Z</time>
			</trkpt>
			<trkpt lat="22.918420" lon="114.862882">
				<speed>0.762973</speed>
				<ele>236.000000</ele>
				<time>2025-04-05T03:05:56Z</time>
			</trkpt>
			<trkpt lat="22.918387" lon="114.862981">
				<speed>0.948338</speed>
				<ele>237.000000</ele>
				<time>2025-04-05T03:06:07Z</time>
			</trkpt>
			<trkpt lat="22.918356" lon="114.863081">
				<speed>0.893268</speed>
				<ele>238.000000</ele>
				<time>2025-04-05T03:06:18Z</time>
			</trkpt>
			<trkpt lat="22.918343" lon="114.863183">
				<speed>0.916372</speed>
				<ele>239.000000</ele>
				<time>2025-04-05T03:06:30Z</time>
			</trkpt>
			<trkpt lat="22.918308" lon="114.863284">
				<speed>0.745820</speed>
				<ele>242.000000</ele>
				<time>2025-04-05T03:06:42Z</time>
			</trkpt>
			<trkpt lat="22.918256" lon="114.863370">
				<speed>0.933444</speed>
				<ele>244.000000</ele>
				<time>2025-04-05T03:06:53Z</time>
			</trkpt>
			<trkpt lat="22.918164" lon="114.863402">
				<speed>1.109667</speed>
				<ele>243.000000</ele>
				<time>2025-04-05T03:07:02Z</time>
			</trkpt>
			<trkpt lat="22.918080" lon="114.863454">
				<speed>0.814123</speed>
				<ele>242.000000</ele>
				<time>2025-04-05T03:07:53Z</time>
			</trkpt>
			<trkpt lat="22.917987" lon="114.863484">
				<speed>0.829193</speed>
				<ele>243.000000</ele>
				<time>2025-04-05T03:08:09Z</time>
			</trkpt>
			<trkpt lat="22.917897" lon="114.863504">
				<speed>0.593398</speed>
				<ele>245.000000</ele>
				<time>2025-04-05T03:08:22Z</time>
			</trkpt>
			<trkpt lat="22.917814" lon="114.863566">
				<speed>1.209542</speed>
				<ele>247.000000</ele>
				<time>2025-04-05T03:08:33Z</time>
			</trkpt>
			<trkpt lat="22.917762" lon="114.863646">
				<speed>0.000000</speed>
				<ele>245.000000</ele>
				<time>2025-04-05T03:09:25Z</time>
			</trkpt>
			<trkpt lat="22.917669" lon="114.863654">
				<speed>0.624176</speed>
				<ele>249.000000</ele>
				<time>2025-04-05T03:11:25Z</time>
			</trkpt>
			<trkpt lat="22.917574" lon="114.863697">
				<speed>0.784192</speed>
				<ele>249.000000</ele>
				<time>2025-04-05T03:12:20Z</time>
			</trkpt>
			<trkpt lat="22.917483" lon="114.863687">
				<speed>0.287178</speed>
				<ele>258.000000</ele>
				<time>2025-04-05T03:12:45Z</time>
			</trkpt>
			<trkpt lat="22.917413" lon="114.863754">
				<speed>0.756225</speed>
				<ele>262.000000</ele>
				<time>2025-04-05T03:13:20Z</time>
			</trkpt>
			<trkpt lat="22.917344" lon="114.863821">
				<speed>0.083845</speed>
				<ele>271.000000</ele>
				<time>2025-04-05T03:14:00Z</time>
			</trkpt>
			<trkpt lat="22.917297" lon="114.863904">
				<speed>0.805495</speed>
				<ele>269.000000</ele>
				<time>2025-04-05T03:14:18Z</time>
			</trkpt>
			<trkpt lat="22.917236" lon="114.863988">
				<speed>0.902664</speed>
				<ele>270.000000</ele>
				<time>2025-04-05T03:14:29Z</time>
			</trkpt>
			<trkpt lat="22.917191" lon="114.864077">
				<speed>0.689393</speed>
				<ele>272.000000</ele>
				<time>2025-04-05T03:14:47Z</time>
			</trkpt>
			<trkpt lat="22.917148" lon="114.864168">
				<speed>0.885625</speed>
				<ele>278.000000</ele>
				<time>2025-04-05T03:14:59Z</time>
			</trkpt>
			<trkpt lat="22.917128" lon="114.864264">
				<speed>0.861125</speed>
				<ele>281.000000</ele>
				<time>2025-04-05T03:15:08Z</time>
			</trkpt>
			<trkpt lat="22.917103" lon="114.864362">
				<speed>0.733928</speed>
				<ele>283.000000</ele>
				<time>2025-04-05T03:15:20Z</time>
			</trkpt>
			<trkpt lat="22.917099" lon="114.864463">
				<speed>0.800312</speed>
				<ele>282.000000</ele>
				<time>2025-04-05T03:15:33Z</time>
			</trkpt>
			<trkpt lat="22.917123" lon="114.864559">
				<speed>0.506635</speed>
				<ele>282.000000</ele>
				<time>2025-04-05T03:15:48Z</time>
			</trkpt>
			<trkpt lat="22.917109" lon="114.864656">
				<speed>0.201090</speed>
				<ele>284.000000</ele>
				<time>2025-04-05T03:16:45Z</time>
			</trkpt>
			<trkpt lat="22.917103" lon="114.864755">
				<speed>0.910476</speed>
				<ele>287.000000</ele>
				<time>2025-04-05T03:16:57Z</time>
			</trkpt>
			<trkpt lat="22.917108" lon="114.864853">
				<speed>0.718434</speed>
				<ele>288.000000</ele>
				<time>2025-04-05T03:17:11Z</time>
			</trkpt>
			<trkpt lat="22.917105" lon="114.864957">
				<speed>0.652178</speed>
				<ele>290.000000</ele>
				<time>2025-04-05T03:17:24Z</time>
			</trkpt>
			<trkpt lat="22.917127" lon="114.865054">
				<speed>0.865256</speed>
				<ele>290.000000</ele>
				<time>2025-04-05T03:17:36Z</time>
			</trkpt>
			<trkpt lat="22.917146" lon="114.865151">
				<speed>0.838304</speed>
				<ele>292.000000</ele>
				<time>2025-04-05T03:17:47Z</time>
			</trkpt>
			<trkpt lat="22.917172" lon="114.865251">
				<speed>0.913239</speed>
				<ele>296.000000</ele>
				<time>2025-04-05T03:17:59Z</time>
			</trkpt>
			<trkpt lat="22.917179" lon="114.865355">
				<speed>0.727883</speed>
				<ele>296.000000</ele>
				<time>2025-04-05T03:18:11Z</time>
			</trkpt>
			<trkpt lat="22.917186" lon="114.865455">
				<speed>0.899744</speed>
				<ele>297.000000</ele>
				<time>2025-04-05T03:18:21Z</time>
			</trkpt>
			<trkpt lat="22.917186" lon="114.865564">
				<speed>1.232057</speed>
				<ele>297.000000</ele>
				<time>2025-04-05T03:18:31Z</time>
			</trkpt>
			<trkpt lat="22.917184" lon="114.865668">
				<speed>1.010486</speed>
				<ele>297.000000</ele>
				<time>2025-04-05T03:21:57Z</time>
			</trkpt>
			<trkpt lat="22.917112" lon="114.865732">
				<speed>0.583028</speed>
				<ele>302.000000</ele>
				<time>2025-04-05T03:22:13Z</time>
			</trkpt>
			<trkpt lat="22.917073" lon="114.865821">
				<speed>0.477982</speed>
				<ele>304.000000</ele>
				<time>2025-04-05T03:22:25Z</time>
			</trkpt>
			<trkpt lat="22.917087" lon="114.865919">
				<speed>0.728219</speed>
				<ele>305.000000</ele>
				<time>2025-04-05T03:22:35Z</time>
			</trkpt>
			<trkpt lat="22.917137" lon="114.866000">
				<speed>0.544938</speed>
				<ele>307.000000</ele>
				<time>2025-04-05T03:22:46Z</time>
			</trkpt>
			<trkpt lat="22.917183" lon="114.866094">
				<speed>0.788712</speed>
				<ele>306.000000</ele>
				<time>2025-04-05T03:22:57Z</time>
			</trkpt>
			<trkpt lat="22.917211" lon="114.866193">
				<speed>1.017115</speed>
				<ele>306.000000</ele>
				<time>2025-04-05T03:23:07Z</time>
			</trkpt>
			<trkpt lat="22.917210" lon="114.866293">
				<speed>0.855348</speed>
				<ele>313.000000</ele>
				<time>2025-04-05T03:23:22Z</time>
			</trkpt>
			<trkpt lat="22.917125" lon="114.866349">
				<speed>0.951109</speed>
				<ele>314.000000</ele>
				<time>2025-04-05T03:23:35Z</time>
			</trkpt>
			<trkpt lat="22.917079" lon="114.866436">
				<speed>0.949337</speed>
				<ele>315.000000</ele>
				<time>2025-04-05T03:23:45Z</time>
			</trkpt>
			<trkpt lat="22.917025" lon="114.866521">
				<speed>0.715179</speed>
				<ele>314.000000</ele>
				<time>2025-04-05T03:23:55Z</time>
			</trkpt>
			<trkpt lat="22.916934" lon="114.866521">
				<speed>0.867663</speed>
				<ele>313.000000</ele>
				<time>2025-04-05T03:24:06Z</time>
			</trkpt>
			<trkpt lat="22.916835" lon="114.866529">
				<speed>1.091487</speed>
				<ele>313.000000</ele>
				<time>2025-04-05T03:24:17Z</time>
			</trkpt>
			<trkpt lat="22.916741" lon="114.866529">
				<speed>0.939113</speed>
				<ele>315.000000</ele>
				<time>2025-04-05T03:24:26Z</time>
			</trkpt>
			<trkpt lat="22.916656" lon="114.866589">
				<speed>1.116665</speed>
				<ele>316.000000</ele>
				<time>2025-04-05T03:24:35Z</time>
			</trkpt>
			<trkpt lat="22.916672" lon="114.866689">
				<speed>0.782976</speed>
				<ele>315.000000</ele>
				<time>2025-04-05T03:25:53Z</time>
			</trkpt>
			<trkpt lat="22.916680" lon="114.866790">
				<speed>0.688346</speed>
				<ele>316.000000</ele>
				<time>2025-04-05T03:26:02Z</time>
			</trkpt>
			<trkpt lat="22.916722" lon="114.866879">
				<speed>0.991583</speed>
				<ele>315.000000</ele>
				<time>2025-04-05T03:26:12Z</time>
			</trkpt>
			<trkpt lat="22.916734" lon="114.866980">
				<speed>0.952334</speed>
				<ele>317.000000</ele>
				<time>2025-04-05T03:26:24Z</time>
			</trkpt>
			<trkpt lat="22.916699" lon="114.867072">
				<speed>0.956730</speed>
				<ele>319.000000</ele>
				<time>2025-04-05T03:26:35Z</time>
			</trkpt>
			<trkpt lat="22.916719" lon="114.867169">
				<speed>0.779374</speed>
				<ele>317.000000</ele>
				<time>2025-04-05T03:26:47Z</time>
			</trkpt>
			<trkpt lat="22.916732" lon="114.867269">
				<speed>0.828463</speed>
				<ele>318.000000</ele>
				<time>2025-04-05T03:27:03Z</time>
			</trkpt>
			<trkpt lat="22.916703" lon="114.867361">
				<speed>0.790357</speed>
				<ele>322.000000</ele>
				<time>2025-04-05T03:27:14Z</time>
			</trkpt>
			<trkpt lat="22.916708" lon="114.867471">
				<speed>1.045900</speed>
				<ele>321.000000</ele>
				<time>2025-04-05T03:27:27Z</time>
			</trkpt>
			<trkpt lat="22.916720" lon="114.867571">
				<speed>0.829668</speed>
				<ele>320.000000</ele>
				<time>2025-04-05T03:27:36Z</time>
			</trkpt>
			<trkpt lat="22.916754" lon="114.867671">
				<speed>0.974246</speed>
				<ele>320.000000</ele>
				<time>2025-04-05T03:27:47Z</time>
			</trkpt>
			<trkpt lat="22.916714" lon="114.867759">
				<speed>0.695583</speed>
				<ele>323.000000</ele>
				<time>2025-04-05T03:28:00Z</time>
			</trkpt>
			<trkpt lat="22.916703" lon="114.867856">
				<speed>0.545310</speed>
				<ele>325.000000</ele>
				<time>2025-04-05T03:28:15Z</time>
			</trkpt>
			<trkpt lat="22.916685" lon="114.867960">
				<speed>0.958261</speed>
				<ele>325.000000</ele>
				<time>2025-04-05T03:28:27Z</time>
			</trkpt>
			<trkpt lat="22.916675" lon="114.868061">
				<speed>0.635648</speed>
				<ele>333.000000</ele>
				<time>2025-04-05T03:28:42Z</time>
			</trkpt>
			<trkpt lat="22.916691" lon="114.868163">
				<speed>0.411759</speed>
				<ele>328.000000</ele>
				<time>2025-04-05T03:29:01Z</time>
			</trkpt>
			<trkpt lat="22.916631" lon="114.868239">
				<speed>0.887188</speed>
				<ele>330.000000</ele>
				<time>2025-04-05T03:29:13Z</time>
			</trkpt>
			<trkpt lat="22.916670" lon="114.868332">
				<speed>0.603170</speed>
				<ele>328.000000</ele>
				<time>2025-04-05T03:30:52Z</time>
			</trkpt>
			<trkpt lat="22.916724" lon="114.868419">
				<speed>0.843182</speed>
				<ele>332.000000</ele>
				<time>2025-04-05T03:31:07Z</time>
			</trkpt>
			<trkpt lat="22.916812" lon="114.868455">
				<speed>0.962604</speed>
				<ele>335.000000</ele>
				<time>2025-04-05T03:31:19Z</time>
			</trkpt>
			<trkpt lat="22.916900" lon="114.868481">
				<speed>0.839211</speed>
				<ele>335.000000</ele>
				<time>2025-04-05T03:31:30Z</time>
			</trkpt>
			<trkpt lat="22.916991" lon="114.868521">
				<speed>0.740612</speed>
				<ele>339.000000</ele>
				<time>2025-04-05T03:31:45Z</time>
			</trkpt>
			<trkpt lat="22.916970" lon="114.868622">
				<speed>0.765716</speed>
				<ele>349.000000</ele>
				<time>2025-04-05T03:33:03Z</time>
			</trkpt>
			<trkpt lat="22.916930" lon="114.868718">
				<speed>0.802833</speed>
				<ele>346.000000</ele>
				<time>2025-04-05T03:33:17Z</time>
			</trkpt>
			<trkpt lat="22.916929" lon="114.868826">
				<speed>1.168710</speed>
				<ele>343.000000</ele>
				<time>2025-04-05T03:33:27Z</time>
			</trkpt>
			<trkpt lat="22.916862" lon="114.868892">
				<speed>0.603164</speed>
				<ele>351.000000</ele>
				<time>2025-04-05T03:33:38Z</time>
			</trkpt>
			<trkpt lat="22.916888" lon="114.868995">
				<speed>0.672446</speed>
				<ele>348.000000</ele>
				<time>2025-04-05T03:33:59Z</time>
			</trkpt>
			<trkpt lat="22.916851" lon="114.869092">
				<speed>1.186800</speed>
				<ele>345.000000</ele>
				<time>2025-04-05T03:34:14Z</time>
			</trkpt>
			<trkpt lat="22.916851" lon="114.869198">
				<speed>0.883925</speed>
				<ele>345.000000</ele>
				<time>2025-04-05T03:34:24Z</time>
			</trkpt>
			<trkpt lat="22.916897" lon="114.869284">
				<speed>1.022065</speed>
				<ele>349.000000</ele>
				<time>2025-04-05T03:34:34Z</time>
			</trkpt>
			<trkpt lat="22.916970" lon="114.869350">
				<speed>0.699751</speed>
				<ele>352.000000</ele>
				<time>2025-04-05T03:34:59Z</time>
			</trkpt>
			<trkpt lat="22.917062" lon="114.869390">
				<speed>0.852062</speed>
				<ele>354.000000</ele>
				<time>2025-04-05T03:35:57Z</time>
			</trkpt>
			<trkpt lat="22.917132" lon="114.869457">
				<speed>0.534913</speed>
				<ele>358.000000</ele>
				<time>2025-04-05T03:36:20Z</time>
			</trkpt>
			<trkpt lat="22.917203" lon="114.869521">
				<speed>0.941703</speed>
				<ele>360.000000</ele>
				<time>2025-04-05T03:36:31Z</time>
			</trkpt>
			<trkpt lat="22.917262" lon="114.869594">
				<speed>0.823755</speed>
				<ele>363.000000</ele>
				<time>2025-04-05T03:36:45Z</time>
			</trkpt>
			<trkpt lat="22.917310" lon="114.869683">
				<speed>0.776267</speed>
				<ele>366.000000</ele>
				<time>2025-04-05T03:36:56Z</time>
			</trkpt>
			<trkpt lat="22.917332" lon="114.869786">
				<speed>0.877369</speed>
				<ele>370.000000</ele>
				<time>2025-04-05T03:37:30Z</time>
			</trkpt>
			<trkpt lat="22.917356" lon="114.869893">
				<speed>1.127103</speed>
				<ele>368.000000</ele>
				<time>2025-04-05T03:37:48Z</time>
			</trkpt>
			<trkpt lat="22.917410" lon="114.869984">
				<speed>0.830478</speed>
				<ele>367.000000</ele>
				<time>2025-04-05T03:37:58Z</time>
			</trkpt>
			<trkpt lat="22.917424" lon="114.870082">
				<speed>0.705729</speed>
				<ele>368.000000</ele>
				<time>2025-04-05T03:38:11Z</time>
			</trkpt>
			<trkpt lat="22.917450" lon="114.870178">
				<speed>0.692811</speed>
				<ele>373.000000</ele>
				<time>2025-04-05T03:38:25Z</time>
			</trkpt>
			<trkpt lat="22.917480" lon="114.870281">
				<speed>0.682488</speed>
				<ele>372.000000</ele>
				<time>2025-04-05T03:38:53Z</time>
			</trkpt>
			<trkpt lat="22.917479" lon="114.870380">
				<speed>0.434908</speed>
				<ele>372.000000</ele>
				<time>2025-04-05T03:39:10Z</time>
			</trkpt>
			<trkpt lat="22.917461" lon="114.870477">
				<speed>0.692520</speed>
				<ele>375.000000</ele>
				<time>2025-04-05T03:39:30Z</time>
			</trkpt>
			<trkpt lat="22.917426" lon="114.870572">
				<speed>0.918502</speed>
				<ele>376.000000</ele>
				<time>2025-04-05T03:39:42Z</time>
			</trkpt>
			<trkpt lat="22.917393" lon="114.870666">
				<speed>0.834570</speed>
				<ele>378.000000</ele>
				<time>2025-04-05T03:39:53Z</time>
			</trkpt>
			<trkpt lat="22.917390" lon="114.870772">
				<speed>0.894914</speed>
				<ele>379.000000</ele>
				<time>2025-04-05T03:40:05Z</time>
			</trkpt>
			<trkpt lat="22.917373" lon="114.870869">
				<speed>0.492470</speed>
				<ele>381.000000</ele>
				<time>2025-04-05T03:40:17Z</time>
			</trkpt>
			<trkpt lat="22.917350" lon="114.870968">
				<speed>0.626310</speed>
				<ele>381.000000</ele>
				<time>2025-04-05T03:40:30Z</time>
			</trkpt>
			<trkpt lat="22.917339" lon="114.871065">
				<speed>0.413916</speed>
				<ele>383.000000</ele>
				<time>2025-04-05T03:40:43Z</time>
			</trkpt>
			<trkpt lat="22.917360" lon="114.871168">
				<speed>0.975873</speed>
				<ele>383.000000</ele>
				<time>2025-04-05T03:40:57Z</time>
			</trkpt>
			<trkpt lat="22.917411" lon="114.871257">
				<speed>0.772118</speed>
				<ele>382.000000</ele>
				<time>2025-04-05T03:41:11Z</time>
			</trkpt>
			<trkpt lat="22.917463" lon="114.871348">
				<speed>0.997352</speed>
				<ele>386.000000</ele>
				<time>2025-04-05T03:41:26Z</time>
			</trkpt>
			<trkpt lat="22.917532" lon="114.871431">
				<speed>1.306208</speed>
				<ele>386.000000</ele>
				<time>2025-04-05T03:41:57Z</time>
			</trkpt>
			<trkpt lat="22.917593" lon="114.871522">
				<speed>0.891837</speed>
				<ele>391.000000</ele>
				<time>2025-04-05T03:42:18Z</time>
			</trkpt>
			<trkpt lat="22.917613" lon="114.871619">
				<speed>0.498442</speed>
				<ele>393.000000</ele>
				<time>2025-04-05T03:42:33Z</time>
			</trkpt>
			<trkpt lat="22.917659" lon="114.871704">
				<speed>1.495184</speed>
				<ele>393.000000</ele>
				<time>2025-04-05T03:42:41Z</time>
			</trkpt>
			<trkpt lat="22.917718" lon="114.871790">
				<speed>1.474510</speed>
				<ele>391.000000</ele>
				<time>2025-04-05T03:43:47Z</time>
			</trkpt>
			<trkpt lat="22.917755" lon="114.871879">
				<speed>1.176849</speed>
				<ele>394.000000</ele>
				<time>2025-04-05T03:43:58Z</time>
			</trkpt>
			<trkpt lat="22.917737" lon="114.871987">
				<speed>0.952147</speed>
				<ele>393.000000</ele>
				<time>2025-04-05T03:44:11Z</time>
			</trkpt>
			<trkpt lat="22.917784" lon="114.872080">
				<speed>1.269566</speed>
				<ele>392.000000</ele>
				<time>2025-04-05T03:44:57Z</time>
			</trkpt>
			<trkpt lat="22.917812" lon="114.872174">
				<speed>0.671142</speed>
				<ele>392.000000</ele>
				<time>2025-04-05T03:45:08Z</time>
			</trkpt>
			<trkpt lat="22.917879" lon="114.872251">
				<speed>0.757618</speed>
				<ele>392.000000</ele>
				<time>2025-04-05T03:45:19Z</time>
			</trkpt>
			<trkpt lat="22.917901" lon="114.872350">
				<speed>1.278107</speed>
				<ele>392.000000</ele>
				<time>2025-04-05T03:45:28Z</time>
			</trkpt>
			<trkpt lat="22.917957" lon="114.872432">
				<speed>1.074548</speed>
				<ele>393.000000</ele>
				<time>2025-04-05T03:45:37Z</time>
			</trkpt>
			<trkpt lat="22.918006" lon="114.872519">
				<speed>1.175313</speed>
				<ele>396.000000</ele>
				<time>2025-04-05T03:45:52Z</time>
			</trkpt>
			<trkpt lat="22.917980" lon="114.872616">
				<speed>0.752881</speed>
				<ele>398.000000</ele>
				<time>2025-04-05T03:46:03Z</time>
			</trkpt>
			<trkpt lat="22.917942" lon="114.872708">
				<speed>0.803044</speed>
				<ele>399.000000</ele>
				<time>2025-04-05T03:46:16Z</time>
			</trkpt>
			<trkpt lat="22.917923" lon="114.872806">
				<speed>1.185237</speed>
				<ele>400.000000</ele>
				<time>2025-04-05T03:46:25Z</time>
			</trkpt>
			<trkpt lat="22.917914" lon="114.872906">
				<speed>1.300771</speed>
				<ele>401.000000</ele>
				<time>2025-04-05T03:46:34Z</time>
			</trkpt>
			<trkpt lat="22.917957" lon="114.873005">
				<speed>1.296234</speed>
				<ele>403.000000</ele>
				<time>2025-04-05T03:46:45Z</time>
			</trkpt>
			<trkpt lat="22.918007" lon="114.873089">
				<speed>1.406224</speed>
				<ele>404.000000</ele>
				<time>2025-04-05T03:46:54Z</time>
			</trkpt>
			<trkpt lat="22.918050" lon="114.873178">
				<speed>0.861124</speed>
				<ele>406.000000</ele>
				<time>2025-04-05T03:47:04Z</time>
			</trkpt>
			<trkpt lat="22.918110" lon="114.873261">
				<speed>0.679900</speed>
				<ele>409.000000</ele>
				<time>2025-04-05T03:47:18Z</time>
			</trkpt>
			<trkpt lat="22.918114" lon="114.873365">
				<speed>0.100955</speed>
				<ele>407.000000</ele>
				<time>2025-04-05T03:49:43Z</time>
			</trkpt>
			<trkpt lat="22.918094" lon="114.873462">
				<speed>0.994606</speed>
				<ele>410.000000</ele>
				<time>2025-04-05T03:49:55Z</time>
			</trkpt>
			<trkpt lat="22.918104" lon="114.873560">
				<speed>0.767698</speed>
				<ele>414.000000</ele>
				<time>2025-04-05T03:50:08Z</time>
			</trkpt>
			<trkpt lat="22.918137" lon="114.873654">
				<speed>0.873797</speed>
				<ele>416.000000</ele>
				<time>2025-04-05T03:50:20Z</time>
			</trkpt>
			<trkpt lat="22.918184" lon="114.873740">
				<speed>0.454888</speed>
				<ele>415.000000</ele>
				<time>2025-04-05T03:50:45Z</time>
			</trkpt>
			<trkpt lat="22.918184" lon="114.873842">
				<speed>0.551213</speed>
				<ele>421.000000</ele>
				<time>2025-04-05T03:51:01Z</time>
			</trkpt>
			<trkpt lat="22.918179" lon="114.873944">
				<speed>0.983091</speed>
				<ele>423.000000</ele>
				<time>2025-04-05T03:51:14Z</time>
			</trkpt>
			<trkpt lat="22.918191" lon="114.874041">
				<speed>0.738633</speed>
				<ele>425.000000</ele>
				<time>2025-04-05T03:51:26Z</time>
			</trkpt>
			<trkpt lat="22.918236" lon="114.874133">
				<speed>0.835078</speed>
				<ele>427.000000</ele>
				<time>2025-04-05T03:52:03Z</time>
			</trkpt>
			<trkpt lat="22.918316" lon="114.874206">
				<speed>1.356465</speed>
				<ele>426.000000</ele>
				<time>2025-04-05T03:52:16Z</time>
			</trkpt>
			<trkpt lat="22.918329" lon="114.874308">
				<speed>0.681147</speed>
				<ele>432.000000</ele>
				<time>2025-04-05T03:52:32Z</time>
			</trkpt>
			<trkpt lat="22.918375" lon="114.874398">
				<speed>0.541485</speed>
				<ele>437.000000</ele>
				<time>2025-04-05T03:52:48Z</time>
			</trkpt>
			<trkpt lat="22.918454" lon="114.874454">
				<speed>0.611078</speed>
				<ele>439.000000</ele>
				<time>2025-04-05T03:53:01Z</time>
			</trkpt>
			<trkpt lat="22.918534" lon="114.874509">
				<speed>0.059440</speed>
				<ele>438.000000</ele>
				<time>2025-04-05T03:54:02Z</time>
			</trkpt>
			<trkpt lat="22.918505" lon="114.874604">
				<speed>0.653398</speed>
				<ele>442.000000</ele>
				<time>2025-04-05T03:55:13Z</time>
			</trkpt>
			<trkpt lat="22.918500" lon="114.874706">
				<speed>0.672765</speed>
				<ele>445.000000</ele>
				<time>2025-04-05T03:55:30Z</time>
			</trkpt>
			<trkpt lat="22.918516" lon="114.874817">
				<speed>1.135344</speed>
				<ele>448.000000</ele>
				<time>2025-04-05T03:55:45Z</time>
			</trkpt>
			<trkpt lat="22.918538" lon="114.874915">
				<speed>1.164154</speed>
				<ele>449.000000</ele>
				<time>2025-04-05T03:55:58Z</time>
			</trkpt>
			<trkpt lat="22.918573" lon="114.875021">
				<speed>1.159668</speed>
				<ele>451.000000</ele>
				<time>2025-04-05T03:56:11Z</time>
			</trkpt>
			<trkpt lat="22.918586" lon="114.875118">
				<speed>0.446458</speed>
				<ele>452.000000</ele>
				<time>2025-04-05T03:56:23Z</time>
			</trkpt>
			<trkpt lat="22.918626" lon="114.875210">
				<speed>0.811698</speed>
				<ele>457.000000</ele>
				<time>2025-04-05T03:56:35Z</time>
			</trkpt>
			<trkpt lat="22.918674" lon="114.875295">
				<speed>0.516323</speed>
				<ele>461.000000</ele>
				<time>2025-04-05T03:56:49Z</time>
			</trkpt>
			<trkpt lat="22.918732" lon="114.875376">
				<speed>0.927353</speed>
				<ele>465.000000</ele>
				<time>2025-04-05T03:57:02Z</time>
			</trkpt>
			<trkpt lat="22.918801" lon="114.875444">
				<speed>0.773785</speed>
				<ele>467.000000</ele>
				<time>2025-04-05T03:57:15Z</time>
			</trkpt>
			<trkpt lat="22.918860" lon="114.875522">
				<speed>0.152317</speed>
				<ele>468.000000</ele>
				<time>2025-04-05T03:57:29Z</time>
			</trkpt>
			<trkpt lat="22.918783" lon="114.875582">
				<speed>1.763753</speed>
				<ele>468.000000</ele>
				<time>2025-04-05T03:59:07Z</time>
			</trkpt>
			<trkpt lat="22.918689" lon="114.875615">
				<speed>0.834645</speed>
				<ele>470.000000</ele>
				<time>2025-04-05T03:59:21Z</time>
			</trkpt>
			<trkpt lat="22.918612" lon="114.875688">
				<speed>1.596146</speed>
				<ele>470.000000</ele>
				<time>2025-04-05T03:59:30Z</time>
			</trkpt>
			<trkpt lat="22.918584" lon="114.875794">
				<speed>1.008742</speed>
				<ele>474.000000</ele>
				<time>2025-04-05T03:59:41Z</time>
			</trkpt>
			<trkpt lat="22.918617" lon="114.875888">
				<speed>1.014596</speed>
				<ele>475.000000</ele>
				<time>2025-04-05T03:59:52Z</time>
			</trkpt>
			<trkpt lat="22.918630" lon="114.875986">
				<speed>0.993535</speed>
				<ele>477.000000</ele>
				<time>2025-04-05T04:00:02Z</time>
			</trkpt>
			<trkpt lat="22.918575" lon="114.876068">
				<speed>0.725721</speed>
				<ele>479.000000</ele>
				<time>2025-04-05T04:00:12Z</time>
			</trkpt>
			<trkpt lat="22.918519" lon="114.876151">
				<speed>0.960017</speed>
				<ele>485.000000</ele>
				<time>2025-04-05T04:00:25Z</time>
			</trkpt>
			<trkpt lat="22.918550" lon="114.876257">
				<speed>1.383747</speed>
				<ele>490.000000</ele>
				<time>2025-04-05T04:00:38Z</time>
			</trkpt>
			<trkpt lat="22.918633" lon="114.876295">
				<speed>0.058770</speed>
				<ele>487.000000</ele>
				<time>2025-04-05T04:03:48Z</time>
			</trkpt>
			<trkpt lat="22.918699" lon="114.876227">
				<speed>0.633884</speed>
				<ele>484.000000</ele>
				<time>2025-04-05T04:07:01Z</time>
			</trkpt>
			<trkpt lat="22.918779" lon="114.876171">
				<speed>0.686676</speed>
				<ele>483.000000</ele>
				<time>2025-04-05T04:07:12Z</time>
			</trkpt>
			<trkpt lat="22.918846" lon="114.876101">
				<speed>0.946651</speed>
				<ele>485.000000</ele>
				<time>2025-04-05T04:07:21Z</time>
			</trkpt>
			<trkpt lat="22.918887" lon="114.876007">
				<speed>1.365280</speed>
				<ele>487.000000</ele>
				<time>2025-04-05T04:07:30Z</time>
			</trkpt>
			<trkpt lat="22.918981" lon="114.875989">
				<speed>1.108448</speed>
				<ele>487.000000</ele>
				<time>2025-04-05T04:07:42Z</time>
			</trkpt>
			<trkpt lat="22.919074" lon="114.875985">
				<speed>0.718007</speed>
				<ele>494.000000</ele>
				<time>2025-04-05T04:07:54Z</time>
			</trkpt>
			<trkpt lat="22.919165" lon="114.875965">
				<speed>0.839488</speed>
				<ele>496.000000</ele>
				<time>2025-04-05T04:08:04Z</time>
			</trkpt>
			<trkpt lat="22.919248" lon="114.875913">
				<speed>0.987971</speed>
				<ele>497.000000</ele>
				<time>2025-04-05T04:08:26Z</time>
			</trkpt>
			<trkpt lat="22.919333" lon="114.875965">
				<speed>0.747247</speed>
				<ele>499.000000</ele>
				<time>2025-04-05T04:08:37Z</time>
			</trkpt>
			<trkpt lat="22.919428" lon="114.875977">
				<speed>0.981262</speed>
				<ele>501.000000</ele>
				<time>2025-04-05T04:08:46Z</time>
			</trkpt>
			<trkpt lat="22.919493" lon="114.875905">
				<speed>0.925477</speed>
				<ele>501.000000</ele>
				<time>2025-04-05T04:08:54Z</time>
			</trkpt>
			<trkpt lat="22.919540" lon="114.875816">
				<speed>0.941267</speed>
				<ele>501.000000</ele>
				<time>2025-04-05T04:09:03Z</time>
			</trkpt>
			<trkpt lat="22.919614" lon="114.875880">
				<speed>1.148654</speed>
				<ele>501.000000</ele>
				<time>2025-04-05T04:09:31Z</time>
			</trkpt>
			<trkpt lat="22.919657" lon="114.875975">
				<speed>1.132367</speed>
				<ele>502.000000</ele>
				<time>2025-04-05T04:09:40Z</time>
			</trkpt>
			<trkpt lat="22.919594" lon="114.876055">
				<speed>0.897249</speed>
				<ele>507.000000</ele>
				<time>2025-04-05T04:09:52Z</time>
			</trkpt>
			<trkpt lat="22.919513" lon="114.876099">
				<speed>0.993430</speed>
				<ele>509.000000</ele>
				<time>2025-04-05T04:10:01Z</time>
			</trkpt>
			<trkpt lat="22.919421" lon="114.876129">
				<speed>1.034431</speed>
				<ele>510.000000</ele>
				<time>2025-04-05T04:10:10Z</time>
			</trkpt>
			<trkpt lat="22.919323" lon="114.876137">
				<speed>1.177138</speed>
				<ele>513.000000</ele>
				<time>2025-04-05T04:10:19Z</time>
			</trkpt>
			<trkpt lat="22.919245" lon="114.876208">
				<speed>0.964577</speed>
				<ele>514.000000</ele>
				<time>2025-04-05T04:10:28Z</time>
			</trkpt>
			<trkpt lat="22.919178" lon="114.876290">
				<speed>1.081380</speed>
				<ele>517.000000</ele>
				<time>2025-04-05T04:10:37Z</time>
			</trkpt>
			<trkpt lat="22.919098" lon="114.876351">
				<speed>1.403337</speed>
				<ele>517.000000</ele>
				<time>2025-04-05T04:10:45Z</time>
			</trkpt>
			<trkpt lat="22.919072" lon="114.876449">
				<speed>0.813838</speed>
				<ele>517.000000</ele>
				<time>2025-04-05T04:11:18Z</time>
			</trkpt>
			<trkpt lat="22.919033" lon="114.876539">
				<speed>1.170606</speed>
				<ele>519.000000</ele>
				<time>2025-04-05T04:11:29Z</time>
			</trkpt>
			<trkpt lat="22.919024" lon="114.876645">
				<speed>0.842304</speed>
				<ele>518.000000</ele>
				<time>2025-04-05T04:11:38Z</time>
			</trkpt>
			<trkpt lat="22.919024" lon="114.876744">
				<speed>0.964925</speed>
				<ele>521.000000</ele>
				<time>2025-04-05T04:11:47Z</time>
			</trkpt>
			<trkpt lat="22.919006" lon="114.876848">
				<speed>0.816714</speed>
				<ele>523.000000</ele>
				<time>2025-04-05T04:11:57Z</time>
			</trkpt>
			<trkpt lat="22.918958" lon="114.876936">
				<speed>1.077760</speed>
				<ele>526.000000</ele>
				<time>2025-04-05T04:12:08Z</time>
			</trkpt>
			<trkpt lat="22.918904" lon="114.877019">
				<speed>1.237510</speed>
				<ele>527.000000</ele>
				<time>2025-04-05T04:12:16Z</time>
			</trkpt>
			<trkpt lat="22.918888" lon="114.877121">
				<speed>1.427821</speed>
				<ele>527.000000</ele>
				<time>2025-04-05T04:12:26Z</time>
			</trkpt>
			<trkpt lat="22.918892" lon="114.877227">
				<speed>1.037832</speed>
				<ele>528.000000</ele>
				<time>2025-04-05T04:12:35Z</time>
			</trkpt>
			<trkpt lat="22.918921" lon="114.877333">
				<speed>1.018480</speed>
				<ele>528.000000</ele>
				<time>2025-04-05T04:12:45Z</time>
			</trkpt>
			<trkpt lat="22.918946" lon="114.877431">
				<speed>0.008356</speed>
				<ele>530.000000</ele>
				<time>2025-04-05T04:13:13Z</time>
			</trkpt>
			<trkpt lat="22.918854" lon="114.877453">
				<speed>0.711728</speed>
				<ele>531.000000</ele>
				<time>2025-04-05T04:20:37Z</time>
			</trkpt>
			<trkpt lat="22.918773" lon="114.877500">
				<speed>1.093308</speed>
				<ele>532.000000</ele>
				<time>2025-04-05T04:21:21Z</time>
			</trkpt>
			<trkpt lat="22.918682" lon="114.877530">
				<speed>0.859347</speed>
				<ele>537.000000</ele>
				<time>2025-04-05T04:21:33Z</time>
			</trkpt>
			<trkpt lat="22.918583" lon="114.877530">
				<speed>1.111154</speed>
				<ele>539.000000</ele>
				<time>2025-04-05T04:21:43Z</time>
			</trkpt>
			<trkpt lat="22.918486" lon="114.877569">
				<speed>1.109702</speed>
				<ele>539.000000</ele>
				<time>2025-04-05T04:21:52Z</time>
			</trkpt>
			<trkpt lat="22.918412" lon="114.877627">
				<speed>0.999808</speed>
				<ele>542.000000</ele>
				<time>2025-04-05T04:22:03Z</time>
			</trkpt>
			<trkpt lat="22.918330" lon="114.877690">
				<speed>1.069581</speed>
				<ele>542.000000</ele>
				<time>2025-04-05T04:22:12Z</time>
			</trkpt>
			<trkpt lat="22.918254" lon="114.877757">
				<speed>0.640856</speed>
				<ele>544.000000</ele>
				<time>2025-04-05T04:22:24Z</time>
			</trkpt>
			<trkpt lat="22.918154" lon="114.877773">
				<speed>1.159949</speed>
				<ele>544.000000</ele>
				<time>2025-04-05T04:22:35Z</time>
			</trkpt>
			<trkpt lat="22.918060" lon="114.877780">
				<speed>1.093874</speed>
				<ele>549.000000</ele>
				<time>2025-04-05T04:22:44Z</time>
			</trkpt>
			<trkpt lat="22.917984" lon="114.877841">
				<speed>0.818476</speed>
				<ele>550.000000</ele>
				<time>2025-04-05T04:23:03Z</time>
			</trkpt>
			<trkpt lat="22.917937" lon="114.877936">
				<speed>0.755652</speed>
				<ele>557.000000</ele>
				<time>2025-04-05T04:23:21Z</time>
			</trkpt>
			<trkpt lat="22.917864" lon="114.878001">
				<speed>0.864984</speed>
				<ele>558.000000</ele>
				<time>2025-04-05T04:23:36Z</time>
			</trkpt>
			<trkpt lat="22.917863" lon="114.878104">
				<speed>1.010605</speed>
				<ele>561.000000</ele>
				<time>2025-04-05T04:23:46Z</time>
			</trkpt>
			<trkpt lat="22.917835" lon="114.878199">
				<speed>1.054109</speed>
				<ele>561.000000</ele>
				<time>2025-04-05T04:25:36Z</time>
			</trkpt>
			<trkpt lat="22.917778" lon="114.878279">
				<speed>1.057795</speed>
				<ele>562.000000</ele>
				<time>2025-04-05T04:25:47Z</time>
			</trkpt>
			<trkpt lat="22.917726" lon="114.878360">
				<speed>0.289292</speed>
				<ele>564.000000</ele>
				<time>2025-04-05T04:26:01Z</time>
			</trkpt>
			<trkpt lat="22.917651" lon="114.878420">
				<speed>0.435337</speed>
				<ele>569.000000</ele>
				<time>2025-04-05T04:26:28Z</time>
			</trkpt>
			<trkpt lat="22.917614" lon="114.878510">
				<speed>0.715617</speed>
				<ele>572.000000</ele>
				<time>2025-04-05T04:26:52Z</time>
			</trkpt>
			<trkpt lat="22.917523" lon="114.878538">
				<speed>0.646570</speed>
				<ele>580.000000</ele>
				<time>2025-04-05T04:27:11Z</time>
			</trkpt>
			<trkpt lat="22.917442" lon="114.878603">
				<speed>0.897870</speed>
				<ele>578.000000</ele>
				<time>2025-04-05T04:28:34Z</time>
			</trkpt>
			<trkpt lat="22.917379" lon="114.878674">
				<speed>0.601447</speed>
				<ele>580.000000</ele>
				<time>2025-04-05T04:28:48Z</time>
			</trkpt>
			<trkpt lat="22.917320" lon="114.878759">
				<speed>1.160483</speed>
				<ele>583.000000</ele>
				<time>2025-04-05T04:28:57Z</time>
			</trkpt>
			<trkpt lat="22.917266" lon="114.878837">
				<speed>1.071980</speed>
				<ele>584.000000</ele>
				<time>2025-04-05T04:29:07Z</time>
			</trkpt>
			<trkpt lat="22.917216" lon="114.878920">
				<speed>0.742925</speed>
				<ele>585.000000</ele>
				<time>2025-04-05T04:29:33Z</time>
			</trkpt>
			<trkpt lat="22.917160" lon="114.879003">
				<speed>0.418870</speed>
				<ele>587.000000</ele>
				<time>2025-04-05T04:29:46Z</time>
			</trkpt>
			<trkpt lat="22.917102" lon="114.879080">
				<speed>0.973994</speed>
				<ele>590.000000</ele>
				<time>2025-04-05T04:30:00Z</time>
			</trkpt>
			<trkpt lat="22.917020" lon="114.879130">
				<speed>0.801452</speed>
				<ele>597.000000</ele>
				<time>2025-04-05T04:30:15Z</time>
			</trkpt>
			<trkpt lat="22.916977" lon="114.879217">
				<speed>0.631419</speed>
				<ele>598.000000</ele>
				<time>2025-04-05T04:30:24Z</time>
			</trkpt>
			<trkpt lat="22.916890" lon="114.879251">
				<speed>0.826581</speed>
				<ele>600.000000</ele>
				<time>2025-04-05T04:30:35Z</time>
			</trkpt>
			<trkpt lat="22.916851" lon="114.879342">
				<speed>0.642416</speed>
				<ele>603.000000</ele>
				<time>2025-04-05T04:30:46Z</time>
			</trkpt>
			<trkpt lat="22.916817" lon="114.879441">
				<speed>0.682389</speed>
				<ele>608.000000</ele>
				<time>2025-04-05T04:32:28Z</time>
			</trkpt>
			<trkpt lat="22.916752" lon="114.879519">
				<speed>0.593215</speed>
				<ele>612.000000</ele>
				<time>2025-04-05T04:32:42Z</time>
			</trkpt>
			<trkpt lat="22.916773" lon="114.879617">
				<speed>0.474109</speed>
				<ele>615.000000</ele>
				<time>2025-04-05T04:33:22Z</time>
			</trkpt>
			<trkpt lat="22.916756" lon="114.879715">
				<speed>1.354500</speed>
				<ele>624.000000</ele>
				<time>2025-04-05T04:33:53Z</time>
			</trkpt>
			<trkpt lat="22.916681" lon="114.879771">
				<speed>0.563981</speed>
				<ele>628.000000</ele>
				<time>2025-04-05T04:34:11Z</time>
			</trkpt>
			<trkpt lat="22.916719" lon="114.879863">
				<speed>0.970270</speed>
				<ele>627.000000</ele>
				<time>2025-04-05T04:34:22Z</time>
			</trkpt>
			<trkpt lat="22.916673" lon="114.879955">
				<speed>0.644012</speed>
				<ele>625.000000</ele>
				<time>2025-04-05T04:36:44Z</time>
			</trkpt>
			<trkpt lat="22.916632" lon="114.880051">
				<speed>0.970576</speed>
				<ele>627.000000</ele>
				<time>2025-04-05T04:36:53Z</time>
			</trkpt>
			<trkpt lat="22.916607" lon="114.880158">
				<speed>1.245052</speed>
				<ele>629.000000</ele>
				<time>2025-04-05T04:37:02Z</time>
			</trkpt>
			<trkpt lat="22.916563" lon="114.880254">
				<speed>1.640501</speed>
				<ele>631.000000</ele>
				<time>2025-04-05T04:37:10Z</time>
			</trkpt>
			<trkpt lat="22.916526" lon="114.880349">
				<speed>0.132353</speed>
				<ele>633.000000</ele>
				<time>2025-04-05T04:38:14Z</time>
			</trkpt>
			<trkpt lat="22.916475" lon="114.880431">
				<speed>0.366609</speed>
				<ele>632.000000</ele>
				<time>2025-04-05T04:38:25Z</time>
			</trkpt>
			<trkpt lat="22.916430" lon="114.880522">
				<speed>0.842218</speed>
				<ele>634.000000</ele>
				<time>2025-04-05T04:38:37Z</time>
			</trkpt>
			<trkpt lat="22.916358" lon="114.880599">
				<speed>0.880866</speed>
				<ele>634.000000</ele>
				<time>2025-04-05T04:38:47Z</time>
			</trkpt>
			<trkpt lat="22.916270" lon="114.880648">
				<speed>1.320983</speed>
				<ele>638.000000</ele>
				<time>2025-04-05T04:38:55Z</time>
			</trkpt>
			<trkpt lat="22.916253" lon="114.880745">
				<speed>1.490527</speed>
				<ele>638.000000</ele>
				<time>2025-04-05T04:39:01Z</time>
			</trkpt>
			<trkpt lat="22.916192" lon="114.880820">
				<speed>0.369814</speed>
				<ele>643.000000</ele>
				<time>2025-04-05T04:39:20Z</time>
			</trkpt>
			<trkpt lat="22.916132" lon="114.880898">
				<speed>0.406113</speed>
				<ele>647.000000</ele>
				<time>2025-04-05T04:39:33Z</time>
			</trkpt>
			<trkpt lat="22.916115" lon="114.881002">
				<speed>0.622678</speed>
				<ele>650.000000</ele>
				<time>2025-04-05T04:39:49Z</time>
			</trkpt>
			<trkpt lat="22.916020" lon="114.881042">
				<speed>0.918105</speed>
				<ele>653.000000</ele>
				<time>2025-04-05T04:40:02Z</time>
			</trkpt>
			<trkpt lat="22.916004" lon="114.881139">
				<speed>0.673483</speed>
				<ele>656.000000</ele>
				<time>2025-04-05T04:43:04Z</time>
			</trkpt>
			<trkpt lat="22.915980" lon="114.881242">
				<speed>0.655645</speed>
				<ele>658.000000</ele>
				<time>2025-04-05T04:43:15Z</time>
			</trkpt>
			<trkpt lat="22.915910" lon="114.881319">
				<speed>0.941660</speed>
				<ele>658.000000</ele>
				<time>2025-04-05T04:43:41Z</time>
			</trkpt>
			<trkpt lat="22.915835" lon="114.881383">
				<speed>0.897460</speed>
				<ele>658.000000</ele>
				<time>2025-04-05T04:44:27Z</time>
			</trkpt>
			<trkpt lat="22.915777" lon="114.881468">
				<speed>1.307365</speed>
				<ele>658.000000</ele>
				<time>2025-04-05T04:44:37Z</time>
			</trkpt>
			<trkpt lat="22.915699" lon="114.881519">
				<speed>0.981653</speed>
				<ele>658.000000</ele>
				<time>2025-04-05T04:44:46Z</time>
			</trkpt>
			<trkpt lat="22.915603" lon="114.881539">
				<speed>1.109699</speed>
				<ele>658.000000</ele>
				<time>2025-04-05T04:45:13Z</time>
			</trkpt>
			<trkpt lat="22.915515" lon="114.881566">
				<speed>0.635467</speed>
				<ele>661.000000</ele>
				<time>2025-04-05T04:45:25Z</time>
			</trkpt>
			<trkpt lat="22.915427" lon="114.881596">
				<speed>0.513411</speed>
				<ele>667.000000</ele>
				<time>2025-04-05T04:45:40Z</time>
			</trkpt>
			<trkpt lat="22.915335" lon="114.881599">
				<speed>0.729813</speed>
				<ele>671.000000</ele>
				<time>2025-04-05T04:45:58Z</time>
			</trkpt>
			<trkpt lat="22.915263" lon="114.881662">
				<speed>0.443142</speed>
				<ele>675.000000</ele>
				<time>2025-04-05T04:46:47Z</time>
			</trkpt>
			<trkpt lat="22.915184" lon="114.881715">
				<speed>0.765390</speed>
				<ele>680.000000</ele>
				<time>2025-04-05T04:47:02Z</time>
			</trkpt>
			<trkpt lat="22.915124" lon="114.881789">
				<speed>0.044948</speed>
				<ele>681.000000</ele>
				<time>2025-04-05T04:47:23Z</time>
			</trkpt>
			<trkpt lat="22.915035" lon="114.881808">
				<speed>0.319072</speed>
				<ele>686.000000</ele>
				<time>2025-04-05T04:49:07Z</time>
			</trkpt>
			<trkpt lat="22.914946" lon="114.881831">
				<speed>0.405456</speed>
				<ele>695.000000</ele>
				<time>2025-04-05T04:49:33Z</time>
			</trkpt>
			<trkpt lat="22.914854" lon="114.881835">
				<speed>0.502304</speed>
				<ele>705.000000</ele>
				<time>2025-04-05T04:50:13Z</time>
			</trkpt>
			<trkpt lat="22.914787" lon="114.881899">
				<speed>1.272239</speed>
				<ele>714.000000</ele>
				<time>2025-04-05T04:50:39Z</time>
			</trkpt>
			<trkpt lat="22.914695" lon="114.881913">
				<speed>0.609553</speed>
				<ele>715.000000</ele>
				<time>2025-04-05T04:51:00Z</time>
			</trkpt>
			<trkpt lat="22.914623" lon="114.881853">
				<speed>0.194449</speed>
				<ele>722.000000</ele>
				<time>2025-04-05T04:51:26Z</time>
			</trkpt>
			<trkpt lat="22.914538" lon="114.881810">
				<speed>0.601571</speed>
				<ele>730.000000</ele>
				<time>2025-04-05T04:51:50Z</time>
			</trkpt>
			<trkpt lat="22.914446" lon="114.881846">
				<speed>0.561565</speed>
				<ele>733.000000</ele>
				<time>2025-04-05T04:52:15Z</time>
			</trkpt>
			<trkpt lat="22.914379" lon="114.881919">
				<speed>0.629859</speed>
				<ele>741.000000</ele>
				<time>2025-04-05T04:59:51Z</time>
			</trkpt>
			<trkpt lat="22.914300" lon="114.881967">
				<speed>0.843013</speed>
				<ele>744.000000</ele>
				<time>2025-04-05T05:00:03Z</time>
			</trkpt>
			<trkpt lat="22.914230" lon="114.882030">
				<speed>0.909540</speed>
				<ele>749.000000</ele>
				<time>2025-04-05T05:00:17Z</time>
			</trkpt>
			<trkpt lat="22.914164" lon="114.882104">
				<speed>1.216307</speed>
				<ele>749.000000</ele>
				<time>2025-04-05T05:00:34Z</time>
			</trkpt>
			<trkpt lat="22.914117" lon="114.882197">
				<speed>1.266238</speed>
				<ele>750.000000</ele>
				<time>2025-04-05T05:01:38Z</time>
			</trkpt>
			<trkpt lat="22.914024" lon="114.882233">
				<speed>0.848601</speed>
				<ele>756.000000</ele>
				<time>2025-04-05T05:02:32Z</time>
			</trkpt>
			<trkpt lat="22.913930" lon="114.882226">
				<speed>1.067759</speed>
				<ele>756.000000</ele>
				<time>2025-04-05T05:02:42Z</time>
			</trkpt>
			<trkpt lat="22.913841" lon="114.882205">
				<speed>0.781219</speed>
				<ele>752.000000</ele>
				<time>2025-04-05T05:03:04Z</time>
			</trkpt>
			<trkpt lat="22.913750" lon="114.882208">
				<speed>0.697988</speed>
				<ele>760.000000</ele>
				<time>2025-04-05T05:03:24Z</time>
			</trkpt>
			<trkpt lat="22.913656" lon="114.882207">
				<speed>0.684389</speed>
				<ele>764.000000</ele>
				<time>2025-04-05T05:03:38Z</time>
			</trkpt>
			<trkpt lat="22.913562" lon="114.882216">
				<speed>0.748871</speed>
				<ele>765.000000</ele>
				<time>2025-04-05T05:04:40Z</time>
			</trkpt>
			<trkpt lat="22.913466" lon="114.882232">
				<speed>0.776984</speed>
				<ele>772.000000</ele>
				<time>2025-04-05T05:06:17Z</time>
			</trkpt>
			<trkpt lat="22.913373" lon="114.882226">
				<speed>0.573576</speed>
				<ele>778.000000</ele>
				<time>2025-04-05T05:06:33Z</time>
			</trkpt>
			<trkpt lat="22.913298" lon="114.882291">
				<speed>0.696868</speed>
				<ele>784.000000</ele>
				<time>2025-04-05T05:06:49Z</time>
			</trkpt>
			<trkpt lat="22.913202" lon="114.882308">
				<speed>0.676923</speed>
				<ele>787.000000</ele>
				<time>2025-04-05T05:07:49Z</time>
			</trkpt>
			<trkpt lat="22.913111" lon="114.882316">
				<speed>0.696763</speed>
				<ele>793.000000</ele>
				<time>2025-04-05T05:08:05Z</time>
			</trkpt>
			<trkpt lat="22.913062" lon="114.882232">
				<speed>0.798957</speed>
				<ele>792.000000</ele>
				<time>2025-04-05T05:13:12Z</time>
			</trkpt>
			<trkpt lat="22.913006" lon="114.882152">
				<speed>0.886635</speed>
				<ele>793.000000</ele>
				<time>2025-04-05T05:13:23Z</time>
			</trkpt>
			<trkpt lat="22.912945" lon="114.882072">
				<speed>1.111871</speed>
				<ele>796.000000</ele>
				<time>2025-04-05T05:13:35Z</time>
			</trkpt>
			<trkpt lat="22.912885" lon="114.881983">
				<speed>1.010611</speed>
				<ele>798.000000</ele>
				<time>2025-04-05T05:13:49Z</time>
			</trkpt>
			<trkpt lat="22.912847" lon="114.881893">
				<speed>0.715126</speed>
				<ele>801.000000</ele>
				<time>2025-04-05T05:14:10Z</time>
			</trkpt>
			<trkpt lat="22.912817" lon="114.881800">
				<speed>0.583307</speed>
				<ele>809.000000</ele>
				<time>2025-04-05T05:15:02Z</time>
			</trkpt>
			<trkpt lat="22.912806" lon="114.881701">
				<speed>1.069707</speed>
				<ele>813.000000</ele>
				<time>2025-04-05T05:15:20Z</time>
			</trkpt>
			<trkpt lat="22.912725" lon="114.881652">
				<speed>0.945595</speed>
				<ele>820.000000</ele>
				<time>2025-04-05T05:15:39Z</time>
			</trkpt>
			<trkpt lat="22.912679" lon="114.881563">
				<speed>0.475033</speed>
				<ele>824.000000</ele>
				<time>2025-04-05T05:15:56Z</time>
			</trkpt>
			<trkpt lat="22.912586" lon="114.881548">
				<speed>0.108546</speed>
				<ele>822.000000</ele>
				<time>2025-04-05T05:21:13Z</time>
			</trkpt>
			<trkpt lat="22.912498" lon="114.881570">
				<speed>0.414047</speed>
				<ele>822.000000</ele>
				<time>2025-04-05T05:21:33Z</time>
			</trkpt>
			<trkpt lat="22.912403" lon="114.881584">
				<speed>0.748450</speed>
				<ele>823.000000</ele>
				<time>2025-04-05T05:21:52Z</time>
			</trkpt>
			<trkpt lat="22.912314" lon="114.881613">
				<speed>0.621833</speed>
				<ele>823.000000</ele>
				<time>2025-04-05T05:22:16Z</time>
			</trkpt>
			<trkpt lat="22.912267" lon="114.881702">
				<speed>1.020357</speed>
				<ele>824.000000</ele>
				<time>2025-04-05T05:22:29Z</time>
			</trkpt>
			<trkpt lat="22.912270" lon="114.881803">
				<speed>0.666852</speed>
				<ele>823.000000</ele>
				<time>2025-04-05T05:22:39Z</time>
			</trkpt>
			<trkpt lat="22.912243" lon="114.881911">
				<speed>1.398531</speed>
				<ele>822.000000</ele>
				<time>2025-04-05T05:22:50Z</time>
			</trkpt>
			<trkpt lat="22.912150" lon="114.881928">
				<speed>0.873166</speed>
				<ele>822.000000</ele>
				<time>2025-04-05T05:23:05Z</time>
			</trkpt>
			<trkpt lat="22.912067" lon="114.881965">
				<speed>0.948230</speed>
				<ele>823.000000</ele>
				<time>2025-04-05T05:23:17Z</time>
			</trkpt>
			<trkpt lat="22.911998" lon="114.881896">
				<speed>0.923912</speed>
				<ele>823.000000</ele>
				<time>2025-04-05T05:23:29Z</time>
			</trkpt>
			<trkpt lat="22.911912" lon="114.881843">
				<speed>1.284271</speed>
				<ele>824.000000</ele>
				<time>2025-04-05T05:23:40Z</time>
			</trkpt>
			<trkpt lat="22.911815" lon="114.881873">
				<speed>1.171176</speed>
				<ele>825.000000</ele>
				<time>2025-04-05T05:23:50Z</time>
			</trkpt>
			<trkpt lat="22.911726" lon="114.881855">
				<speed>0.850834</speed>
				<ele>830.000000</ele>
				<time>2025-04-05T05:24:00Z</time>
			</trkpt>
			<trkpt lat="22.911633" lon="114.881848">
				<speed>0.759623</speed>
				<ele>829.000000</ele>
				<time>2025-04-05T05:24:13Z</time>
			</trkpt>
			<trkpt lat="22.911540" lon="114.881848">
				<speed>0.858044</speed>
				<ele>831.000000</ele>
				<time>2025-04-05T05:24:25Z</time>
			</trkpt>
			<trkpt lat="22.911470" lon="114.881910">
				<speed>0.348744</speed>
				<ele>833.000000</ele>
				<time>2025-04-05T05:24:40Z</time>
			</trkpt>
			<trkpt lat="22.911384" lon="114.881963">
				<speed>0.884752</speed>
				<ele>835.000000</ele>
				<time>2025-04-05T05:24:53Z</time>
			</trkpt>
			<trkpt lat="22.911289" lon="114.881971">
				<speed>0.482455</speed>
				<ele>837.000000</ele>
				<time>2025-04-05T05:26:57Z</time>
			</trkpt>
			<trkpt lat="22.911203" lon="114.882008">
				<speed>0.544135</speed>
				<ele>841.000000</ele>
				<time>2025-04-05T05:27:11Z</time>
			</trkpt>
			<trkpt lat="22.911121" lon="114.882061">
				<speed>0.627816</speed>
				<ele>843.000000</ele>
				<time>2025-04-05T05:27:33Z</time>
			</trkpt>
			<trkpt lat="22.911043" lon="114.882119">
				<speed>0.985403</speed>
				<ele>845.000000</ele>
				<time>2025-04-05T05:27:43Z</time>
			</trkpt>
			<trkpt lat="22.910947" lon="114.882109">
				<speed>0.886540</speed>
				<ele>844.000000</ele>
				<time>2025-04-05T05:28:05Z</time>
			</trkpt>
			<trkpt lat="22.910883" lon="114.882183">
				<speed>0.887742</speed>
				<ele>844.000000</ele>
				<time>2025-04-05T05:28:21Z</time>
			</trkpt>
			<trkpt lat="22.910808" lon="114.882242">
				<speed>0.822085</speed>
				<ele>841.000000</ele>
				<time>2025-04-05T05:28:59Z</time>
			</trkpt>
			<trkpt lat="22.910714" lon="114.882272">
				<speed>0.615767</speed>
				<ele>847.000000</ele>
				<time>2025-04-05T05:29:10Z</time>
			</trkpt>
			<trkpt lat="22.910621" lon="114.882296">
				<speed>0.531809</speed>
				<ele>852.000000</ele>
				<time>2025-04-05T05:29:21Z</time>
			</trkpt>
			<trkpt lat="22.910522" lon="114.882325">
				<speed>0.952373</speed>
				<ele>851.000000</ele>
				<time>2025-04-05T05:29:32Z</time>
			</trkpt>
			<trkpt lat="22.910485" lon="114.882418">
				<speed>0.526435</speed>
				<ele>849.000000</ele>
				<time>2025-04-05T05:30:33Z</time>
			</trkpt>
			<trkpt lat="22.910469" lon="114.882514">
				<speed>0.839612</speed>
				<ele>857.000000</ele>
				<time>2025-04-05T05:30:57Z</time>
			</trkpt>
			<trkpt lat="22.910456" lon="114.882612">
				<speed>0.577887</speed>
				<ele>860.000000</ele>
				<time>2025-04-05T05:31:07Z</time>
			</trkpt>
			<trkpt lat="22.910419" lon="114.882703">
				<speed>0.696661</speed>
				<ele>862.000000</ele>
				<time>2025-04-05T05:31:20Z</time>
			</trkpt>
			<trkpt lat="22.910368" lon="114.882790">
				<speed>0.719270</speed>
				<ele>866.000000</ele>
				<time>2025-04-05T05:31:34Z</time>
			</trkpt>
			<trkpt lat="22.910334" lon="114.882888">
				<speed>0.796230</speed>
				<ele>868.000000</ele>
				<time>2025-04-05T05:34:07Z</time>
			</trkpt>
			<trkpt lat="22.910279" lon="114.882978">
				<speed>0.941392</speed>
				<ele>872.000000</ele>
				<time>2025-04-05T05:34:27Z</time>
			</trkpt>
			<trkpt lat="22.910232" lon="114.883072">
				<speed>0.874973</speed>
				<ele>880.000000</ele>
				<time>2025-04-05T05:34:46Z</time>
			</trkpt>
			<trkpt lat="22.910185" lon="114.883160">
				<speed>0.576196</speed>
				<ele>881.000000</ele>
				<time>2025-04-05T05:34:59Z</time>
			</trkpt>
			<trkpt lat="22.910103" lon="114.883208">
				<speed>0.847073</speed>
				<ele>879.000000</ele>
				<time>2025-04-05T05:37:07Z</time>
			</trkpt>
			<trkpt lat="22.910006" lon="114.883217">
				<speed>1.001892</speed>
				<ele>880.000000</ele>
				<time>2025-04-05T05:37:18Z</time>
			</trkpt>
			<trkpt lat="22.909931" lon="114.883280">
				<speed>0.545217</speed>
				<ele>884.000000</ele>
				<time>2025-04-05T05:37:34Z</time>
			</trkpt>
			<trkpt lat="22.909843" lon="114.883329">
				<speed>1.125297</speed>
				<ele>885.000000</ele>
				<time>2025-04-05T05:37:49Z</time>
			</trkpt>
			<trkpt lat="22.909751" lon="114.883322">
				<speed>0.637569</speed>
				<ele>885.000000</ele>
				<time>2025-04-05T05:38:36Z</time>
			</trkpt>
			<trkpt lat="22.909666" lon="114.883359">
				<speed>0.445639</speed>
				<ele>891.000000</ele>
				<time>2025-04-05T05:38:56Z</time>
			</trkpt>
			<trkpt lat="22.909592" lon="114.883418">
				<speed>0.937691</speed>
				<ele>895.000000</ele>
				<time>2025-04-05T05:39:11Z</time>
			</trkpt>
			<trkpt lat="22.909557" lon="114.883516">
				<speed>0.753108</speed>
				<ele>897.000000</ele>
				<time>2025-04-05T05:39:25Z</time>
			</trkpt>
			<trkpt lat="22.909529" lon="114.883609">
				<speed>1.045896</speed>
				<ele>898.000000</ele>
				<time>2025-04-05T05:39:37Z</time>
			</trkpt>
			<trkpt lat="22.909467" lon="114.883682">
				<speed>0.619529</speed>
				<ele>899.000000</ele>
				<time>2025-04-05T05:41:26Z</time>
			</trkpt>
			<trkpt lat="22.909432" lon="114.883781">
				<speed>0.816270</speed>
				<ele>903.000000</ele>
				<time>2025-04-05T05:41:39Z</time>
			</trkpt>
			<trkpt lat="22.909360" lon="114.883844">
				<speed>1.043344</speed>
				<ele>904.000000</ele>
				<time>2025-04-05T05:42:01Z</time>
			</trkpt>
			<trkpt lat="22.909305" lon="114.883923">
				<speed>0.998771</speed>
				<ele>903.000000</ele>
				<time>2025-04-05T05:42:09Z</time>
			</trkpt>
			<trkpt lat="22.909229" lon="114.883976">
				<speed>0.509089</speed>
				<ele>906.000000</ele>
				<time>2025-04-05T05:42:20Z</time>
			</trkpt>
			<trkpt lat="22.909136" lon="114.883966">
				<speed>0.706379</speed>
				<ele>911.000000</ele>
				<time>2025-04-05T05:42:34Z</time>
			</trkpt>
			<trkpt lat="22.909046" lon="114.883991">
				<speed>0.863988</speed>
				<ele>916.000000</ele>
				<time>2025-04-05T05:42:54Z</time>
			</trkpt>
			<trkpt lat="22.908979" lon="114.884061">
				<speed>0.216442</speed>
				<ele>917.000000</ele>
				<time>2025-04-05T05:43:09Z</time>
			</trkpt>
			<trkpt lat="22.908926" lon="114.884150">
				<speed>0.888873</speed>
				<ele>918.000000</ele>
				<time>2025-04-05T05:46:07Z</time>
			</trkpt>
			<trkpt lat="22.908838" lon="114.884191">
				<speed>0.751900</speed>
				<ele>921.000000</ele>
				<time>2025-04-05T05:46:21Z</time>
			</trkpt>
			<trkpt lat="22.908733" lon="114.884212">
				<speed>1.337816</speed>
				<ele>921.000000</ele>
				<time>2025-04-05T05:47:14Z</time>
			</trkpt>
			<trkpt lat="22.908655" lon="114.884271">
				<speed>1.439163</speed>
				<ele>921.000000</ele>
				<time>2025-04-05T05:47:23Z</time>
			</trkpt>
			<trkpt lat="22.908575" lon="114.884325">
				<speed>0.912970</speed>
				<ele>926.000000</ele>
				<time>2025-04-05T05:47:33Z</time>
			</trkpt>
			<trkpt lat="22.908483" lon="114.884349">
				<speed>1.020546</speed>
				<ele>924.000000</ele>
				<time>2025-04-05T05:48:12Z</time>
			</trkpt>
			<trkpt lat="22.908456" lon="114.884448">
				<speed>0.871285</speed>
				<ele>924.000000</ele>
				<time>2025-04-05T05:48:37Z</time>
			</trkpt>
			<trkpt lat="22.908464" lon="114.884560">
				<speed>0.926010</speed>
				<ele>934.000000</ele>
				<time>2025-04-05T05:50:28Z</time>
			</trkpt>
			<trkpt lat="22.908369" lon="114.884575">
				<speed>0.584127</speed>
				<ele>938.000000</ele>
				<time>2025-04-05T05:50:50Z</time>
			</trkpt>
			<trkpt lat="22.908300" lon="114.884647">
				<speed>0.430959</speed>
				<ele>941.000000</ele>
				<time>2025-04-05T05:51:09Z</time>
			</trkpt>
			<trkpt lat="22.908240" lon="114.884720">
				<speed>0.926108</speed>
				<ele>946.000000</ele>
				<time>2025-04-05T05:51:22Z</time>
			</trkpt>
			<trkpt lat="22.908152" lon="114.884776">
				<speed>0.988109</speed>
				<ele>946.000000</ele>
				<time>2025-04-05T05:54:15Z</time>
			</trkpt>
			<trkpt lat="22.908072" lon="114.884841">
				<speed>0.830445</speed>
				<ele>948.000000</ele>
				<time>2025-04-05T05:54:30Z</time>
			</trkpt>
			<trkpt lat="22.908010" lon="114.884923">
				<speed>0.660943</speed>
				<ele>954.000000</ele>
				<time>2025-04-05T05:54:55Z</time>
			</trkpt>
			<trkpt lat="22.907915" lon="114.884934">
				<speed>0.721479</speed>
				<ele>955.000000</ele>
				<time>2025-04-05T05:55:23Z</time>
			</trkpt>
			<trkpt lat="22.907853" lon="114.885009">
				<speed>0.225678</speed>
				<ele>955.000000</ele>
				<time>2025-04-05T05:56:06Z</time>
			</trkpt>
			<trkpt lat="22.907863" lon="114.885112">
				<speed>0.230706</speed>
				<ele>968.000000</ele>
				<time>2025-04-05T05:56:40Z</time>
			</trkpt>
			<trkpt lat="22.907801" lon="114.885185">
				<speed>0.450797</speed>
				<ele>971.000000</ele>
				<time>2025-04-05T05:57:04Z</time>
			</trkpt>
			<trkpt lat="22.907719" lon="114.885228">
				<speed>0.112010</speed>
				<ele>973.000000</ele>
				<time>2025-04-05T05:57:21Z</time>
			</trkpt>
			<trkpt lat="22.907629" lon="114.885263">
				<speed>0.748743</speed>
				<ele>976.000000</ele>
				<time>2025-04-05T05:57:36Z</time>
			</trkpt>
			<trkpt lat="22.907575" lon="114.885343">
				<speed>0.536270</speed>
				<ele>978.000000</ele>
				<time>2025-04-05T06:01:08Z</time>
			</trkpt>
			<trkpt lat="22.907495" lon="114.885405">
				<speed>0.679791</speed>
				<ele>979.000000</ele>
				<time>2025-04-05T06:01:21Z</time>
			</trkpt>
			<trkpt lat="22.907446" lon="114.885487">
				<speed>0.522996</speed>
				<ele>983.000000</ele>
				<time>2025-04-05T06:01:34Z</time>
			</trkpt>
			<trkpt lat="22.907375" lon="114.885552">
				<speed>0.769650</speed>
				<ele>986.000000</ele>
				<time>2025-04-05T06:01:47Z</time>
			</trkpt>
			<trkpt lat="22.907311" lon="114.885631">
				<speed>0.771485</speed>
				<ele>991.000000</ele>
				<time>2025-04-05T06:02:05Z</time>
			</trkpt>
			<trkpt lat="22.907243" lon="114.885695">
				<speed>0.448868</speed>
				<ele>995.000000</ele>
				<time>2025-04-05T06:02:23Z</time>
			</trkpt>
			<trkpt lat="22.907191" lon="114.885780">
				<speed>0.785909</speed>
				<ele>1000.000000</ele>
				<time>2025-04-05T06:02:42Z</time>
			</trkpt>
			<trkpt lat="22.907132" lon="114.885855">
				<speed>0.791592</speed>
				<ele>1008.000000</ele>
				<time>2025-04-05T06:02:59Z</time>
			</trkpt>
			<trkpt lat="22.907091" lon="114.885943">
				<speed>0.480030</speed>
				<ele>1008.000000</ele>
				<time>2025-04-05T06:03:13Z</time>
			</trkpt>
			<trkpt lat="22.907005" lon="114.885982">
				<speed>0.674274</speed>
				<ele>1011.000000</ele>
				<time>2025-04-05T06:03:30Z</time>
			</trkpt>
			<trkpt lat="22.906939" lon="114.886061">
				<speed>0.889455</speed>
				<ele>1013.000000</ele>
				<time>2025-04-05T06:03:50Z</time>
			</trkpt>
			<trkpt lat="22.906896" lon="114.886157">
				<speed>1.170057</speed>
				<ele>1016.000000</ele>
				<time>2025-04-05T06:04:04Z</time>
			</trkpt>
			<trkpt lat="22.906833" lon="114.886230">
				<speed>0.713517</speed>
				<ele>1018.000000</ele>
				<time>2025-04-05T06:04:18Z</time>
			</trkpt>
			<trkpt lat="22.906820" lon="114.886329">
				<speed>0.852409</speed>
				<ele>1025.000000</ele>
				<time>2025-04-05T06:09:52Z</time>
			</trkpt>
			<trkpt lat="22.906773" lon="114.886415">
				<speed>1.516919</speed>
				<ele>1020.000000</ele>
				<time>2025-04-05T06:10:08Z</time>
			</trkpt>
			<trkpt lat="22.906721" lon="114.886505">
				<speed>1.518297</speed>
				<ele>1022.000000</ele>
				<time>2025-04-05T06:10:19Z</time>
			</trkpt>
			<trkpt lat="22.906691" lon="114.886606">
				<speed>1.122089</speed>
				<ele>1021.000000</ele>
				<time>2025-04-05T06:10:34Z</time>
			</trkpt>
			<trkpt lat="22.906662" lon="114.886703">
				<speed>0.881155</speed>
				<ele>1023.000000</ele>
				<time>2025-04-05T06:10:44Z</time>
			</trkpt>
			<trkpt lat="22.906627" lon="114.886810">
				<speed>1.335945</speed>
				<ele>1022.000000</ele>
				<time>2025-04-05T06:10:53Z</time>
			</trkpt>
			<trkpt lat="22.906599" lon="114.886904">
				<speed>0.869913</speed>
				<ele>1021.000000</ele>
				<time>2025-04-05T06:11:35Z</time>
			</trkpt>
			<trkpt lat="22.906588" lon="114.887005">
				<speed>0.960310</speed>
				<ele>1024.000000</ele>
				<time>2025-04-05T06:11:44Z</time>
			</trkpt>
			<trkpt lat="22.906574" lon="114.887104">
				<speed>1.353336</speed>
				<ele>1027.000000</ele>
				<time>2025-04-05T06:11:53Z</time>
			</trkpt>
			<trkpt lat="22.906530" lon="114.887193">
				<speed>0.885372</speed>
				<ele>1015.000000</ele>
				<time>2025-04-05T06:16:00Z</time>
			</trkpt>
			<trkpt lat="22.906480" lon="114.887281">
				<speed>0.812235</speed>
				<ele>1015.000000</ele>
				<time>2025-04-05T06:16:10Z</time>
			</trkpt>
			<trkpt lat="22.906455" lon="114.887380">
				<speed>1.188658</speed>
				<ele>1017.000000</ele>
				<time>2025-04-05T06:16:20Z</time>
			</trkpt>
			<trkpt lat="22.906453" lon="114.887482">
				<speed>1.091524</speed>
				<ele>1016.000000</ele>
				<time>2025-04-05T06:16:29Z</time>
			</trkpt>
			<trkpt lat="22.906448" lon="114.887580">
				<speed>1.030214</speed>
				<ele>1016.000000</ele>
				<time>2025-04-05T06:16:39Z</time>
			</trkpt>
			<trkpt lat="22.906459" lon="114.887687">
				<speed>1.471428</speed>
				<ele>1015.000000</ele>
				<time>2025-04-05T06:16:49Z</time>
			</trkpt>
			<trkpt lat="22.906471" lon="114.887786">
				<speed>0.956746</speed>
				<ele>1016.000000</ele>
				<time>2025-04-05T06:16:59Z</time>
			</trkpt>
			<trkpt lat="22.906462" lon="114.887894">
				<speed>1.173736</speed>
				<ele>1016.000000</ele>
				<time>2025-04-05T06:17:08Z</time>
			</trkpt>
			<trkpt lat="22.906437" lon="114.887993">
				<speed>1.018550</speed>
				<ele>1017.000000</ele>
				<time>2025-04-05T06:17:18Z</time>
			</trkpt>
			<trkpt lat="22.906399" lon="114.888089">
				<speed>1.144533</speed>
				<ele>1017.000000</ele>
				<time>2025-04-05T06:17:26Z</time>
			</trkpt>
			<trkpt lat="22.906360" lon="114.888191">
				<speed>1.179830</speed>
				<ele>1018.000000</ele>
				<time>2025-04-05T06:17:35Z</time>
			</trkpt>
			<trkpt lat="22.906322" lon="114.888288">
				<speed>0.944217</speed>
				<ele>1020.000000</ele>
				<time>2025-04-05T06:17:45Z</time>
			</trkpt>
			<trkpt lat="22.906310" lon="114.888387">
				<speed>1.118214</speed>
				<ele>1023.000000</ele>
				<time>2025-04-05T06:17:59Z</time>
			</trkpt>
			<trkpt lat="22.906264" lon="114.888480">
				<speed>1.119009</speed>
				<ele>1025.000000</ele>
				<time>2025-04-05T06:18:08Z</time>
			</trkpt>
			<trkpt lat="22.906203" lon="114.888560">
				<speed>0.998483</speed>
				<ele>1026.000000</ele>
				<time>2025-04-05T06:18:18Z</time>
			</trkpt>
			<trkpt lat="22.906167" lon="114.888654">
				<speed>0.756719</speed>
				<ele>1028.000000</ele>
				<time>2025-04-05T06:18:28Z</time>
			</trkpt>
			<trkpt lat="22.906085" lon="114.888719">
				<speed>1.023795</speed>
				<ele>1025.000000</ele>
				<time>2025-04-05T06:19:18Z</time>
			</trkpt>
			<trkpt lat="22.906038" lon="114.888804">
				<speed>1.417440</speed>
				<ele>1025.000000</ele>
				<time>2025-04-05T06:19:26Z</time>
			</trkpt>
			<trkpt lat="22.905985" lon="114.888884">
				<speed>1.162928</speed>
				<ele>1026.000000</ele>
				<time>2025-04-05T06:19:36Z</time>
			</trkpt>
			<trkpt lat="22.905906" lon="114.888956">
				<speed>1.470702</speed>
				<ele>1026.000000</ele>
				<time>2025-04-05T06:19:46Z</time>
			</trkpt>
			<trkpt lat="22.905873" lon="114.889054">
				<speed>1.196514</speed>
				<ele>1024.000000</ele>
				<time>2025-04-05T06:20:08Z</time>
			</trkpt>
			<trkpt lat="22.905817" lon="114.889134">
				<speed>0.886415</speed>
				<ele>1026.000000</ele>
				<time>2025-04-05T06:20:16Z</time>
			</trkpt>
			<trkpt lat="22.905767" lon="114.889220">
				<speed>0.939914</speed>
				<ele>1026.000000</ele>
				<time>2025-04-05T06:20:24Z</time>
			</trkpt>
			<trkpt lat="22.905686" lon="114.889275">
				<speed>1.139884</speed>
				<ele>1024.000000</ele>
				<time>2025-04-05T06:20:31Z</time>
			</trkpt>
			<trkpt lat="22.905587" lon="114.889299">
				<speed>1.053012</speed>
				<ele>1020.000000</ele>
				<time>2025-04-05T06:20:39Z</time>
			</trkpt>
			<trkpt lat="22.905612" lon="114.889401">
				<speed>0.846714</speed>
				<ele>1025.000000</ele>
				<time>2025-04-05T06:21:27Z</time>
			</trkpt>
			<trkpt lat="22.905587" lon="114.889499">
				<speed>0.918486</speed>
				<ele>1028.000000</ele>
				<time>2025-04-05T06:21:38Z</time>
			</trkpt>
			<trkpt lat="22.905543" lon="114.889592">
				<speed>0.834339</speed>
				<ele>1034.000000</ele>
				<time>2025-04-05T06:21:49Z</time>
			</trkpt>
			<trkpt lat="22.905512" lon="114.889704">
				<speed>1.024553</speed>
				<ele>1038.000000</ele>
				<time>2025-04-05T06:21:58Z</time>
			</trkpt>
			<trkpt lat="22.905461" lon="114.889786">
				<speed>1.097909</speed>
				<ele>1038.000000</ele>
				<time>2025-04-05T06:22:06Z</time>
			</trkpt>
			<trkpt lat="22.905380" lon="114.889834">
				<speed>1.243196</speed>
				<ele>1037.000000</ele>
				<time>2025-04-05T06:22:15Z</time>
			</trkpt>
			<trkpt lat="22.905293" lon="114.889864">
				<speed>1.205980</speed>
				<ele>1039.000000</ele>
				<time>2025-04-05T06:22:24Z</time>
			</trkpt>
			<trkpt lat="22.905237" lon="114.889947">
				<speed>0.957492</speed>
				<ele>1038.000000</ele>
				<time>2025-04-05T06:22:32Z</time>
			</trkpt>
			<trkpt lat="22.905175" lon="114.890025">
				<speed>1.215650</speed>
				<ele>1040.000000</ele>
				<time>2025-04-05T06:22:41Z</time>
			</trkpt>
			<trkpt lat="22.905125" lon="114.890113">
				<speed>1.000389</speed>
				<ele>1038.000000</ele>
				<time>2025-04-05T06:22:51Z</time>
			</trkpt>
			<trkpt lat="22.905103" lon="114.890208">
				<speed>0.531974</speed>
				<ele>1044.000000</ele>
				<time>2025-04-05T06:23:30Z</time>
			</trkpt>
			<trkpt lat="22.905036" lon="114.890284">
				<speed>0.984240</speed>
				<ele>1047.000000</ele>
				<time>2025-04-05T06:23:39Z</time>
			</trkpt>
			<trkpt lat="22.904990" lon="114.890368">
				<speed>1.325827</speed>
				<ele>1050.000000</ele>
				<time>2025-04-05T06:23:46Z</time>
			</trkpt>
			<trkpt lat="22.904910" lon="114.890429">
				<speed>0.763936</speed>
				<ele>1050.000000</ele>
				<time>2025-04-05T06:23:57Z</time>
			</trkpt>
			<trkpt lat="22.904862" lon="114.890511">
				<speed>1.321975</speed>
				<ele>1050.000000</ele>
				<time>2025-04-05T06:24:06Z</time>
			</trkpt>
			<trkpt lat="22.904831" lon="114.890603">
				<speed>1.845326</speed>
				<ele>1051.000000</ele>
				<time>2025-04-05T06:24:14Z</time>
			</trkpt>
			<trkpt lat="22.904823" lon="114.890703">
				<speed>1.184364</speed>
				<ele>1050.000000</ele>
				<time>2025-04-05T06:24:23Z</time>
			</trkpt>
			<trkpt lat="22.904842" lon="114.890605">
				<speed>0.041106</speed>
				<ele>1036.000000</ele>
				<time>2025-04-05T06:25:27Z</time>
			</trkpt>
			<trkpt lat="22.904874" lon="114.890507">
				<speed>0.757137</speed>
				<ele>1035.000000</ele>
				<time>2025-04-05T06:25:39Z</time>
			</trkpt>
			<trkpt lat="22.904922" lon="114.890422">
				<speed>0.894049</speed>
				<ele>1037.000000</ele>
				<time>2025-04-05T06:25:51Z</time>
			</trkpt>
			<trkpt lat="22.904996" lon="114.890366">
				<speed>0.759042</speed>
				<ele>1040.000000</ele>
				<time>2025-04-05T06:26:02Z</time>
			</trkpt>
			<trkpt lat="22.905057" lon="114.890283">
				<speed>0.951550</speed>
				<ele>1041.000000</ele>
				<time>2025-04-05T06:26:11Z</time>
			</trkpt>
			<trkpt lat="22.905116" lon="114.890202">
				<speed>0.846360</speed>
				<ele>1044.000000</ele>
				<time>2025-04-05T06:26:21Z</time>
			</trkpt>
			<trkpt lat="22.905144" lon="114.890106">
				<speed>0.616073</speed>
				<ele>1032.000000</ele>
				<time>2025-04-05T06:27:03Z</time>
			</trkpt>
			<trkpt lat="22.905209" lon="114.890030">
				<speed>1.021111</speed>
				<ele>1031.000000</ele>
				<time>2025-04-05T06:27:14Z</time>
			</trkpt>
			<trkpt lat="22.905269" lon="114.889953">
				<speed>0.962958</speed>
				<ele>1030.000000</ele>
				<time>2025-04-05T06:27:24Z</time>
			</trkpt>
			<trkpt lat="22.905338" lon="114.889881">
				<speed>0.865522</speed>
				<ele>1027.000000</ele>
				<time>2025-04-05T06:27:34Z</time>
			</trkpt>
			<trkpt lat="22.905421" lon="114.889840">
				<speed>0.748339</speed>
				<ele>1034.000000</ele>
				<time>2025-04-05T06:27:42Z</time>
			</trkpt>
			<trkpt lat="22.905497" lon="114.889780">
				<speed>0.526678</speed>
				<ele>1038.000000</ele>
				<time>2025-04-05T06:27:55Z</time>
			</trkpt>
			<trkpt lat="22.905558" lon="114.889697">
				<speed>0.778817</speed>
				<ele>1037.000000</ele>
				<time>2025-04-05T06:28:06Z</time>
			</trkpt>
			<trkpt lat="22.905588" lon="114.889600">
				<speed>1.182283</speed>
				<ele>1032.000000</ele>
				<time>2025-04-05T06:28:16Z</time>
			</trkpt>
			<trkpt lat="22.905630" lon="114.889510">
				<speed>0.735274</speed>
				<ele>1029.000000</ele>
				<time>2025-04-05T06:28:28Z</time>
			</trkpt>
			<trkpt lat="22.905654" lon="114.889413">
				<speed>0.739972</speed>
				<ele>1029.000000</ele>
				<time>2025-04-05T06:28:38Z</time>
			</trkpt>
			<trkpt lat="22.905700" lon="114.889321">
				<speed>1.180360</speed>
				<ele>1027.000000</ele>
				<time>2025-04-05T06:28:49Z</time>
			</trkpt>
			<trkpt lat="22.905770" lon="114.889253">
				<speed>0.837698</speed>
				<ele>1027.000000</ele>
				<time>2025-04-05T06:29:01Z</time>
			</trkpt>
			<trkpt lat="22.905832" lon="114.889173">
				<speed>0.830052</speed>
				<ele>1027.000000</ele>
				<time>2025-04-05T06:29:11Z</time>
			</trkpt>
			<trkpt lat="22.905887" lon="114.889090">
				<speed>1.128550</speed>
				<ele>1022.000000</ele>
				<time>2025-04-05T06:29:20Z</time>
			</trkpt>
			<trkpt lat="22.905938" lon="114.889004">
				<speed>0.810802</speed>
				<ele>1023.000000</ele>
				<time>2025-04-05T06:29:30Z</time>
			</trkpt>
			<trkpt lat="22.905999" lon="114.888932">
				<speed>0.771187</speed>
				<ele>1022.000000</ele>
				<time>2025-04-05T06:29:40Z</time>
			</trkpt>
			<trkpt lat="22.906047" lon="114.888847">
				<speed>0.934960</speed>
				<ele>1018.000000</ele>
				<time>2025-04-05T06:29:50Z</time>
			</trkpt>
			<trkpt lat="22.906090" lon="114.888758">
				<speed>0.644752</speed>
				<ele>1018.000000</ele>
				<time>2025-04-05T06:30:00Z</time>
			</trkpt>
			<trkpt lat="22.906148" lon="114.888682">
				<speed>1.089065</speed>
				<ele>1017.000000</ele>
				<time>2025-04-05T06:30:09Z</time>
			</trkpt>
			<trkpt lat="22.906201" lon="114.888587">
				<speed>1.018724</speed>
				<ele>1019.000000</ele>
				<time>2025-04-05T06:30:20Z</time>
			</trkpt>
			<trkpt lat="22.906256" lon="114.888497">
				<speed>1.169857</speed>
				<ele>1020.000000</ele>
				<time>2025-04-05T06:30:30Z</time>
			</trkpt>
			<trkpt lat="22.906322" lon="114.888425">
				<speed>0.981929</speed>
				<ele>1020.000000</ele>
				<time>2025-04-05T06:30:42Z</time>
			</trkpt>
			<trkpt lat="22.906367" lon="114.888334">
				<speed>0.963387</speed>
				<ele>1021.000000</ele>
				<time>2025-04-05T06:30:53Z</time>
			</trkpt>
			<trkpt lat="22.906343" lon="114.888231">
				<speed>1.247293</speed>
				<ele>1016.000000</ele>
				<time>2025-04-05T06:31:03Z</time>
			</trkpt>
			<trkpt lat="22.906393" lon="114.888149">
				<speed>0.807291</speed>
				<ele>1015.000000</ele>
				<time>2025-04-05T06:31:17Z</time>
			</trkpt>
			<trkpt lat="22.906406" lon="114.888048">
				<speed>0.903181</speed>
				<ele>1010.000000</ele>
				<time>2025-04-05T06:31:30Z</time>
			</trkpt>
			<trkpt lat="22.906427" lon="114.887952">
				<speed>1.103547</speed>
				<ele>1011.000000</ele>
				<time>2025-04-05T06:31:39Z</time>
			</trkpt>
			<trkpt lat="22.906458" lon="114.887859">
				<speed>0.727998</speed>
				<ele>1010.000000</ele>
				<time>2025-04-05T06:31:49Z</time>
			</trkpt>
			<trkpt lat="22.906450" lon="114.887754">
				<speed>0.958021</speed>
				<ele>1007.000000</ele>
				<time>2025-04-05T06:31:58Z</time>
			</trkpt>
			<trkpt lat="22.906449" lon="114.887650">
				<speed>0.991982</speed>
				<ele>1006.000000</ele>
				<time>2025-04-05T06:32:08Z</time>
			</trkpt>
			<trkpt lat="22.906465" lon="114.887550">
				<speed>1.268673</speed>
				<ele>1006.000000</ele>
				<time>2025-04-05T06:32:17Z</time>
			</trkpt>
			<trkpt lat="22.906477" lon="114.887451">
				<speed>1.040609</speed>
				<ele>1007.000000</ele>
				<time>2025-04-05T06:32:26Z</time>
			</trkpt>
			<trkpt lat="22.906475" lon="114.887348">
				<speed>0.893470</speed>
				<ele>1008.000000</ele>
				<time>2025-04-05T06:32:36Z</time>
			</trkpt>
			<trkpt lat="22.906499" lon="114.887246">
				<speed>1.109750</speed>
				<ele>1010.000000</ele>
				<time>2025-04-05T06:32:48Z</time>
			</trkpt>
			<trkpt lat="22.906561" lon="114.887156">
				<speed>1.213453</speed>
				<ele>1013.000000</ele>
				<time>2025-04-05T06:32:57Z</time>
			</trkpt>
			<trkpt lat="22.906602" lon="114.887062">
				<speed>0.894644</speed>
				<ele>1013.000000</ele>
				<time>2025-04-05T06:33:10Z</time>
			</trkpt>
			<trkpt lat="22.906583" lon="114.886959">
				<speed>0.929949</speed>
				<ele>1008.000000</ele>
				<time>2025-04-05T06:33:24Z</time>
			</trkpt>
			<trkpt lat="22.906577" lon="114.886850">
				<speed>0.946593</speed>
				<ele>1005.000000</ele>
				<time>2025-04-05T06:33:36Z</time>
			</trkpt>
			<trkpt lat="22.906604" lon="114.886747">
				<speed>1.142941</speed>
				<ele>1005.000000</ele>
				<time>2025-04-05T06:33:50Z</time>
			</trkpt>
			<trkpt lat="22.906643" lon="114.886655">
				<speed>0.757543</speed>
				<ele>1010.000000</ele>
				<time>2025-04-05T06:34:11Z</time>
			</trkpt>
			<trkpt lat="22.906665" lon="114.886555">
				<speed>0.978287</speed>
				<ele>1011.000000</ele>
				<time>2025-04-05T06:34:22Z</time>
			</trkpt>
			<trkpt lat="22.906674" lon="114.886447">
				<speed>0.756581</speed>
				<ele>1009.000000</ele>
				<time>2025-04-05T06:34:35Z</time>
			</trkpt>
			<trkpt lat="22.906673" lon="114.886347">
				<speed>0.723299</speed>
				<ele>1007.000000</ele>
				<time>2025-04-05T06:34:46Z</time>
			</trkpt>
			<trkpt lat="22.906638" lon="114.886254">
				<speed>1.060938</speed>
				<ele>1005.000000</ele>
				<time>2025-04-05T06:35:01Z</time>
			</trkpt>
			<trkpt lat="22.906617" lon="114.886147">
				<speed>1.174181</speed>
				<ele>1000.000000</ele>
				<time>2025-04-05T06:35:10Z</time>
			</trkpt>
			<trkpt lat="22.906609" lon="114.886038">
				<speed>1.199747</speed>
				<ele>995.000000</ele>
				<time>2025-04-05T06:35:30Z</time>
			</trkpt>
			<trkpt lat="22.906649" lon="114.885941">
				<speed>0.942145</speed>
				<ele>993.000000</ele>
				<time>2025-04-05T06:35:39Z</time>
			</trkpt>
			<trkpt lat="22.906719" lon="114.885868">
				<speed>0.938438</speed>
				<ele>993.000000</ele>
				<time>2025-04-05T06:35:49Z</time>
			</trkpt>
			<trkpt lat="22.906770" lon="114.885781">
				<speed>1.188006</speed>
				<ele>993.000000</ele>
				<time>2025-04-05T06:35:58Z</time>
			</trkpt>
			<trkpt lat="22.906839" lon="114.885712">
				<speed>1.122881</speed>
				<ele>991.000000</ele>
				<time>2025-04-05T06:36:08Z</time>
			</trkpt>
			<trkpt lat="22.906919" lon="114.885665">
				<speed>0.602949</speed>
				<ele>989.000000</ele>
				<time>2025-04-05T06:36:18Z</time>
			</trkpt>
			<trkpt lat="22.907014" lon="114.885657">
				<speed>0.916557</speed>
				<ele>985.000000</ele>
				<time>2025-04-05T06:36:50Z</time>
			</trkpt>
			<trkpt lat="22.907105" lon="114.885633">
				<speed>0.936282</speed>
				<ele>983.000000</ele>
				<time>2025-04-05T06:37:00Z</time>
			</trkpt>
			<trkpt lat="22.907185" lon="114.885574">
				<speed>0.961165</speed>
				<ele>980.000000</ele>
				<time>2025-04-05T06:37:10Z</time>
			</trkpt>
			<trkpt lat="22.907269" lon="114.885525">
				<speed>0.919902</speed>
				<ele>980.000000</ele>
				<time>2025-04-05T06:37:22Z</time>
			</trkpt>
			<trkpt lat="22.907359" lon="114.885487">
				<speed>0.943358</speed>
				<ele>975.000000</ele>
				<time>2025-04-05T06:37:35Z</time>
			</trkpt>
			<trkpt lat="22.907429" lon="114.885419">
				<speed>0.761458</speed>
				<ele>973.000000</ele>
				<time>2025-04-05T06:37:45Z</time>
			</trkpt>
			<trkpt lat="22.907489" lon="114.885346">
				<speed>0.578442</speed>
				<ele>972.000000</ele>
				<time>2025-04-05T06:38:08Z</time>
			</trkpt>
			<trkpt lat="22.907549" lon="114.885270">
				<speed>0.458504</speed>
				<ele>975.000000</ele>
				<time>2025-04-05T06:38:21Z</time>
			</trkpt>
			<trkpt lat="22.907542" lon="114.885167">
				<speed>0.956315</speed>
				<ele>969.000000</ele>
				<time>2025-04-05T06:38:40Z</time>
			</trkpt>
			<trkpt lat="22.907571" lon="114.885071">
				<speed>0.636612</speed>
				<ele>967.000000</ele>
				<time>2025-04-05T06:39:04Z</time>
			</trkpt>
			<trkpt lat="22.907651" lon="114.885021">
				<speed>0.839443</speed>
				<ele>967.000000</ele>
				<time>2025-04-05T06:39:15Z</time>
			</trkpt>
			<trkpt lat="22.907726" lon="114.884962">
				<speed>1.007439</speed>
				<ele>964.000000</ele>
				<time>2025-04-05T06:39:26Z</time>
			</trkpt>
			<trkpt lat="22.907819" lon="114.884936">
				<speed>1.097903</speed>
				<ele>960.000000</ele>
				<time>2025-04-05T06:39:39Z</time>
			</trkpt>
			<trkpt lat="22.907920" lon="114.884936">
				<speed>0.984240</speed>
				<ele>957.000000</ele>
				<time>2025-04-05T06:39:52Z</time>
			</trkpt>
			<trkpt lat="22.908011" lon="114.884959">
				<speed>0.876500</speed>
				<ele>958.000000</ele>
				<time>2025-04-05T06:40:02Z</time>
			</trkpt>
			<trkpt lat="22.908088" lon="114.885023">
				<speed>0.857637</speed>
				<ele>958.000000</ele>
				<time>2025-04-05T06:41:45Z</time>
			</trkpt>
			<trkpt lat="22.908138" lon="114.885112">
				<speed>1.000262</speed>
				<ele>955.000000</ele>
				<time>2025-04-05T06:41:57Z</time>
			</trkpt>
			<trkpt lat="22.908192" lon="114.885207">
				<speed>1.253085</speed>
				<ele>954.000000</ele>
				<time>2025-04-05T06:42:06Z</time>
			</trkpt>
			<trkpt lat="22.908240" lon="114.885291">
				<speed>1.130823</speed>
				<ele>953.000000</ele>
				<time>2025-04-05T06:42:14Z</time>
			</trkpt>
			<trkpt lat="22.908205" lon="114.885381">
				<speed>0.067746</speed>
				<ele>958.000000</ele>
				<time>2025-04-05T06:42:46Z</time>
			</trkpt>
			<trkpt lat="22.908151" lon="114.885462">
				<speed>1.027472</speed>
				<ele>953.000000</ele>
				<time>2025-04-05T06:43:27Z</time>
			</trkpt>
			<trkpt lat="22.908109" lon="114.885560">
				<speed>1.416675</speed>
				<ele>949.000000</ele>
				<time>2025-04-05T06:43:39Z</time>
			</trkpt>
			<trkpt lat="22.908098" lon="114.885665">
				<speed>1.425954</speed>
				<ele>948.000000</ele>
				<time>2025-04-05T06:43:49Z</time>
			</trkpt>
			<trkpt lat="22.908105" lon="114.885766">
				<speed>1.537461</speed>
				<ele>944.000000</ele>
				<time>2025-04-05T06:43:57Z</time>
			</trkpt>
			<trkpt lat="22.908162" lon="114.885844">
				<speed>0.875031</speed>
				<ele>944.000000</ele>
				<time>2025-04-05T06:44:06Z</time>
			</trkpt>
			<trkpt lat="22.908239" lon="114.885899">
				<speed>1.540661</speed>
				<ele>940.000000</ele>
				<time>2025-04-05T06:44:13Z</time>
			</trkpt>
			<trkpt lat="22.908287" lon="114.885805">
				<speed>1.521979</speed>
				<ele>934.000000</ele>
				<time>2025-04-05T06:44:29Z</time>
			</trkpt>
			<trkpt lat="22.908285" lon="114.885698">
				<speed>1.108200</speed>
				<ele>934.000000</ele>
				<time>2025-04-05T06:44:39Z</time>
			</trkpt>
			<trkpt lat="22.908330" lon="114.885612">
				<speed>0.066917</speed>
				<ele>931.000000</ele>
				<time>2025-04-05T06:45:18Z</time>
			</trkpt>
			<trkpt lat="22.908408" lon="114.885552">
				<speed>0.195607</speed>
				<ele>927.000000</ele>
				<time>2025-04-05T06:45:29Z</time>
			</trkpt>
			<trkpt lat="22.908496" lon="114.885510">
				<speed>0.081544</speed>
				<ele>927.000000</ele>
				<time>2025-04-05T06:45:41Z</time>
			</trkpt>
			<trkpt lat="22.908566" lon="114.885445">
				<speed>0.125128</speed>
				<ele>925.000000</ele>
				<time>2025-04-05T06:45:53Z</time>
			</trkpt>
			<trkpt lat="22.908621" lon="114.885363">
				<speed>1.211987</speed>
				<ele>924.000000</ele>
				<time>2025-04-05T06:46:00Z</time>
			</trkpt>
			<trkpt lat="22.908638" lon="114.885252">
				<speed>1.406129</speed>
				<ele>922.000000</ele>
				<time>2025-04-05T06:46:16Z</time>
			</trkpt>
			<trkpt lat="22.908582" lon="114.885167">
				<speed>0.955528</speed>
				<ele>918.000000</ele>
				<time>2025-04-05T06:46:26Z</time>
			</trkpt>
			<trkpt lat="22.908544" lon="114.885064">
				<speed>1.342570</speed>
				<ele>916.000000</ele>
				<time>2025-04-05T06:46:35Z</time>
			</trkpt>
			<trkpt lat="22.908549" lon="114.884962">
				<speed>1.668950</speed>
				<ele>916.000000</ele>
				<time>2025-04-05T06:46:42Z</time>
			</trkpt>
			<trkpt lat="22.908615" lon="114.884886">
				<speed>1.675162</speed>
				<ele>917.000000</ele>
				<time>2025-04-05T06:46:50Z</time>
			</trkpt>
			<trkpt lat="22.908650" lon="114.884793">
				<speed>1.623706</speed>
				<ele>920.000000</ele>
				<time>2025-04-05T06:46:57Z</time>
			</trkpt>
			<trkpt lat="22.908701" lon="114.884705">
				<speed>1.649650</speed>
				<ele>922.000000</ele>
				<time>2025-04-05T06:47:05Z</time>
			</trkpt>
			<trkpt lat="22.908700" lon="114.884595">
				<speed>1.502883</speed>
				<ele>923.000000</ele>
				<time>2025-04-05T06:47:13Z</time>
			</trkpt>
			<trkpt lat="22.908672" lon="114.884502">
				<speed>0.975059</speed>
				<ele>924.000000</ele>
				<time>2025-04-05T06:47:21Z</time>
			</trkpt>
			<trkpt lat="22.908638" lon="114.884406">
				<speed>1.067775</speed>
				<ele>922.000000</ele>
				<time>2025-04-05T06:47:29Z</time>
			</trkpt>
			<trkpt lat="22.908641" lon="114.884307">
				<speed>0.416024</speed>
				<ele>920.000000</ele>
				<time>2025-04-05T06:47:43Z</time>
			</trkpt>
			<trkpt lat="22.908732" lon="114.884298">
				<speed>0.562101</speed>
				<ele>919.000000</ele>
				<time>2025-04-05T06:47:57Z</time>
			</trkpt>
			<trkpt lat="22.908795" lon="114.884222">
				<speed>0.854014</speed>
				<ele>917.000000</ele>
				<time>2025-04-05T06:48:18Z</time>
			</trkpt>
			<trkpt lat="22.908882" lon="114.884188">
				<speed>0.954419</speed>
				<ele>916.000000</ele>
				<time>2025-04-05T06:48:26Z</time>
			</trkpt>
			<trkpt lat="22.908968" lon="114.884157">
				<speed>0.906740</speed>
				<ele>915.000000</ele>
				<time>2025-04-05T06:48:35Z</time>
			</trkpt>
			<trkpt lat="22.909061" lon="114.884123">
				<speed>1.514347</speed>
				<ele>912.000000</ele>
				<time>2025-04-05T06:48:43Z</time>
			</trkpt>
			<trkpt lat="22.909136" lon="114.884043">
				<speed>1.274069</speed>
				<ele>909.000000</ele>
				<time>2025-04-05T06:48:59Z</time>
			</trkpt>
			<trkpt lat="22.909227" lon="114.884046">
				<speed>0.294064</speed>
				<ele>902.000000</ele>
				<time>2025-04-05T06:49:44Z</time>
			</trkpt>
			<trkpt lat="22.909314" lon="114.884011">
				<speed>0.571078</speed>
				<ele>898.000000</ele>
				<time>2025-04-05T06:50:06Z</time>
			</trkpt>
			<trkpt lat="22.909396" lon="114.883950">
				<speed>1.081158</speed>
				<ele>896.000000</ele>
				<time>2025-04-05T06:50:15Z</time>
			</trkpt>
			<trkpt lat="22.909476" lon="114.883882">
				<speed>1.744154</speed>
				<ele>901.000000</ele>
				<time>2025-04-05T06:50:23Z</time>
			</trkpt>
			<trkpt lat="22.909523" lon="114.883793">
				<speed>1.135755</speed>
				<ele>892.000000</ele>
				<time>2025-04-05T06:51:37Z</time>
			</trkpt>
			<trkpt lat="22.909559" lon="114.883698">
				<speed>0.860172</speed>
				<ele>889.000000</ele>
				<time>2025-04-05T06:51:48Z</time>
			</trkpt>
			<trkpt lat="22.909621" lon="114.883612">
				<speed>1.129918</speed>
				<ele>891.000000</ele>
				<time>2025-04-05T06:51:57Z</time>
			</trkpt>
			<trkpt lat="22.909609" lon="114.883506">
				<speed>0.194063</speed>
				<ele>888.000000</ele>
				<time>2025-04-05T06:52:15Z</time>
			</trkpt>
			<trkpt lat="22.909694" lon="114.883467">
				<speed>0.054195</speed>
				<ele>886.000000</ele>
				<time>2025-04-05T06:52:34Z</time>
			</trkpt>
			<trkpt lat="22.909777" lon="114.883427">
				<speed>0.059392</speed>
				<ele>883.000000</ele>
				<time>2025-04-05T06:52:56Z</time>
			</trkpt>
			<trkpt lat="22.909870" lon="114.883389">
				<speed>0.680421</speed>
				<ele>877.000000</ele>
				<time>2025-04-05T06:54:06Z</time>
			</trkpt>
			<trkpt lat="22.909955" lon="114.883336">
				<speed>1.018805</speed>
				<ele>873.000000</ele>
				<time>2025-04-05T06:54:19Z</time>
			</trkpt>
			<trkpt lat="22.910035" lon="114.883276">
				<speed>0.727089</speed>
				<ele>872.000000</ele>
				<time>2025-04-05T06:54:38Z</time>
			</trkpt>
			<trkpt lat="22.910129" lon="114.883240">
				<speed>1.564116</speed>
				<ele>870.000000</ele>
				<time>2025-04-05T06:54:47Z</time>
			</trkpt>
			<trkpt lat="22.910224" lon="114.883237">
				<speed>1.580999</speed>
				<ele>872.000000</ele>
				<time>2025-04-05T06:54:53Z</time>
			</trkpt>
			<trkpt lat="22.910277" lon="114.883157">
				<speed>0.138915</speed>
				<ele>871.000000</ele>
				<time>2025-04-05T06:56:14Z</time>
			</trkpt>
			<trkpt lat="22.910340" lon="114.883081">
				<speed>0.404102</speed>
				<ele>872.000000</ele>
				<time>2025-04-05T06:56:39Z</time>
			</trkpt>
			<trkpt lat="22.910397" lon="114.883002">
				<speed>0.465604</speed>
				<ele>859.000000</ele>
				<time>2025-04-05T06:57:37Z</time>
			</trkpt>
			<trkpt lat="22.910376" lon="114.882906">
				<speed>0.620660</speed>
				<ele>857.000000</ele>
				<time>2025-04-05T06:57:49Z</time>
			</trkpt>
			<trkpt lat="22.910436" lon="114.882821">
				<speed>0.790038</speed>
				<ele>852.000000</ele>
				<time>2025-04-05T06:58:25Z</time>
			</trkpt>
			<trkpt lat="22.910508" lon="114.882751">
				<speed>0.869169</speed>
				<ele>849.000000</ele>
				<time>2025-04-05T06:58:35Z</time>
			</trkpt>
			<trkpt lat="22.910529" lon="114.882654">
				<speed>0.708803</speed>
				<ele>849.000000</ele>
				<time>2025-04-05T06:58:47Z</time>
			</trkpt>
			<trkpt lat="22.910527" lon="114.882556">
				<speed>0.561701</speed>
				<ele>848.000000</ele>
				<time>2025-04-05T06:59:01Z</time>
			</trkpt>
			<trkpt lat="22.910551" lon="114.882457">
				<speed>0.739973</speed>
				<ele>843.000000</ele>
				<time>2025-04-05T06:59:14Z</time>
			</trkpt>
			<trkpt lat="22.910583" lon="114.882360">
				<speed>1.071650</speed>
				<ele>843.000000</ele>
				<time>2025-04-05T06:59:25Z</time>
			</trkpt>
			<trkpt lat="22.910681" lon="114.882339">
				<speed>1.024047</speed>
				<ele>841.000000</ele>
				<time>2025-04-05T06:59:41Z</time>
			</trkpt>
			<trkpt lat="22.910766" lon="114.882291">
				<speed>0.844146</speed>
				<ele>838.000000</ele>
				<time>2025-04-05T06:59:51Z</time>
			</trkpt>
			<trkpt lat="22.910861" lon="114.882266">
				<speed>0.953467</speed>
				<ele>836.000000</ele>
				<time>2025-04-05T07:00:08Z</time>
			</trkpt>
			<trkpt lat="22.910945" lon="114.882217">
				<speed>0.942252</speed>
				<ele>833.000000</ele>
				<time>2025-04-05T07:02:06Z</time>
			</trkpt>
			<trkpt lat="22.911014" lon="114.882152">
				<speed>0.888057</speed>
				<ele>837.000000</ele>
				<time>2025-04-05T07:02:24Z</time>
			</trkpt>
			<trkpt lat="22.911109" lon="114.882145">
				<speed>0.846294</speed>
				<ele>833.000000</ele>
				<time>2025-04-05T07:02:40Z</time>
			</trkpt>
			<trkpt lat="22.911192" lon="114.882101">
				<speed>1.054990</speed>
				<ele>834.000000</ele>
				<time>2025-04-05T07:02:49Z</time>
			</trkpt>
			<trkpt lat="22.911276" lon="114.882057">
				<speed>0.892554</speed>
				<ele>832.000000</ele>
				<time>2025-04-05T07:03:03Z</time>
			</trkpt>
			<trkpt lat="22.911366" lon="114.881999">
				<speed>1.323830</speed>
				<ele>835.000000</ele>
				<time>2025-04-05T07:03:32Z</time>
			</trkpt>
			<trkpt lat="22.911458" lon="114.881996">
				<speed>0.293151</speed>
				<ele>835.000000</ele>
				<time>2025-04-05T07:03:45Z</time>
			</trkpt>
			<trkpt lat="22.911509" lon="114.881912">
				<speed>0.530723</speed>
				<ele>832.000000</ele>
				<time>2025-04-05T07:04:05Z</time>
			</trkpt>
			<trkpt lat="22.911595" lon="114.881879">
				<speed>1.056639</speed>
				<ele>828.000000</ele>
				<time>2025-04-05T07:04:27Z</time>
			</trkpt>
			<trkpt lat="22.911689" lon="114.881909">
				<speed>1.144260</speed>
				<ele>827.000000</ele>
				<time>2025-04-05T07:04:37Z</time>
			</trkpt>
			<trkpt lat="22.911779" lon="114.881895">
				<speed>1.048967</speed>
				<ele>827.000000</ele>
				<time>2025-04-05T07:04:46Z</time>
			</trkpt>
			<trkpt lat="22.911868" lon="114.881918">
				<speed>0.737810</speed>
				<ele>824.000000</ele>
				<time>2025-04-05T07:05:00Z</time>
			</trkpt>
			<trkpt lat="22.911954" lon="114.881883">
				<speed>0.983332</speed>
				<ele>824.000000</ele>
				<time>2025-04-05T07:05:09Z</time>
			</trkpt>
			<trkpt lat="22.912035" lon="114.881931">
				<speed>1.188708</speed>
				<ele>823.000000</ele>
				<time>2025-04-05T07:05:19Z</time>
			</trkpt>
			<trkpt lat="22.912105" lon="114.881998">
				<speed>0.990271</speed>
				<ele>821.000000</ele>
				<time>2025-04-05T07:05:28Z</time>
			</trkpt>
			<trkpt lat="22.912189" lon="114.881959">
				<speed>0.782014</speed>
				<ele>816.000000</ele>
				<time>2025-04-05T07:07:25Z</time>
			</trkpt>
			<trkpt lat="22.912278" lon="114.881943">
				<speed>0.546302</speed>
				<ele>820.000000</ele>
				<time>2025-04-05T07:07:39Z</time>
			</trkpt>
			<trkpt lat="22.912305" lon="114.881850">
				<speed>0.165136</speed>
				<ele>815.000000</ele>
				<time>2025-04-05T07:07:59Z</time>
			</trkpt>
			<trkpt lat="22.912350" lon="114.881762">
				<speed>0.932642</speed>
				<ele>814.000000</ele>
				<time>2025-04-05T07:08:11Z</time>
			</trkpt>
			<trkpt lat="22.912384" lon="114.881670">
				<speed>0.743910</speed>
				<ele>814.000000</ele>
				<time>2025-04-05T07:08:25Z</time>
			</trkpt>
			<trkpt lat="22.912458" lon="114.881606">
				<speed>1.147002</speed>
				<ele>816.000000</ele>
				<time>2025-04-05T07:08:35Z</time>
			</trkpt>
			<trkpt lat="22.912558" lon="114.881599">
				<speed>1.133168</speed>
				<ele>820.000000</ele>
				<time>2025-04-05T07:08:46Z</time>
			</trkpt>
			<trkpt lat="22.912654" lon="114.881583">
				<speed>0.802306</speed>
				<ele>819.000000</ele>
				<time>2025-04-05T07:09:10Z</time>
			</trkpt>
			<trkpt lat="22.912751" lon="114.881594">
				<speed>0.840335</speed>
				<ele>814.000000</ele>
				<time>2025-04-05T07:09:46Z</time>
			</trkpt>
			<trkpt lat="22.912758" lon="114.881698">
				<speed>0.564353</speed>
				<ele>815.000000</ele>
				<time>2025-04-05T07:11:15Z</time>
			</trkpt>
			<trkpt lat="22.912838" lon="114.881747">
				<speed>0.463713</speed>
				<ele>812.000000</ele>
				<time>2025-04-05T07:11:56Z</time>
			</trkpt>
			<trkpt lat="22.912863" lon="114.881843">
				<speed>0.390003</speed>
				<ele>800.000000</ele>
				<time>2025-04-05T07:13:03Z</time>
			</trkpt>
			<trkpt lat="22.912893" lon="114.881937">
				<speed>0.205756</speed>
				<ele>799.000000</ele>
				<time>2025-04-05T07:14:26Z</time>
			</trkpt>
			<trkpt lat="22.912932" lon="114.882037">
				<speed>0.961369</speed>
				<ele>798.000000</ele>
				<time>2025-04-05T07:14:59Z</time>
			</trkpt>
			<trkpt lat="22.912985" lon="114.882117">
				<speed>0.134545</speed>
				<ele>796.000000</ele>
				<time>2025-04-05T07:15:18Z</time>
			</trkpt>
			<trkpt lat="22.913040" lon="114.882201">
				<speed>0.826436</speed>
				<ele>790.000000</ele>
				<time>2025-04-05T07:19:12Z</time>
			</trkpt>
			<trkpt lat="22.913114" lon="114.882275">
				<speed>1.262340</speed>
				<ele>791.000000</ele>
				<time>2025-04-05T07:19:21Z</time>
			</trkpt>
			<trkpt lat="22.913173" lon="114.882350">
				<speed>0.460495</speed>
				<ele>791.000000</ele>
				<time>2025-04-05T07:19:34Z</time>
			</trkpt>
			<trkpt lat="22.913266" lon="114.882324">
				<speed>0.575433</speed>
				<ele>787.000000</ele>
				<time>2025-04-05T07:19:49Z</time>
			</trkpt>
			<trkpt lat="22.913357" lon="114.882334">
				<speed>0.451709</speed>
				<ele>780.000000</ele>
				<time>2025-04-05T07:20:16Z</time>
			</trkpt>
			<trkpt lat="22.913424" lon="114.882267">
				<speed>0.699692</speed>
				<ele>776.000000</ele>
				<time>2025-04-05T07:20:33Z</time>
			</trkpt>
			<trkpt lat="22.913518" lon="114.882257">
				<speed>0.486475</speed>
				<ele>770.000000</ele>
				<time>2025-04-05T07:21:01Z</time>
			</trkpt>
			<trkpt lat="22.913612" lon="114.882251">
				<speed>0.450281</speed>
				<ele>767.000000</ele>
				<time>2025-04-05T07:21:28Z</time>
			</trkpt>
			<trkpt lat="22.913701" lon="114.882227">
				<speed>0.168858</speed>
				<ele>758.000000</ele>
				<time>2025-04-05T07:22:05Z</time>
			</trkpt>
			<trkpt lat="22.913789" lon="114.882255">
				<speed>0.682835</speed>
				<ele>756.000000</ele>
				<time>2025-04-05T07:22:28Z</time>
			</trkpt>
			<trkpt lat="22.913885" lon="114.882240">
				<speed>1.061479</speed>
				<ele>751.000000</ele>
				<time>2025-04-05T07:22:43Z</time>
			</trkpt>
			<trkpt lat="22.913984" lon="114.882252">
				<speed>0.916725</speed>
				<ele>750.000000</ele>
				<time>2025-04-05T07:22:55Z</time>
			</trkpt>
			<trkpt lat="22.914074" lon="114.882266">
				<speed>0.724598</speed>
				<ele>750.000000</ele>
				<time>2025-04-05T07:23:04Z</time>
			</trkpt>
			<trkpt lat="22.914160" lon="114.882231">
				<speed>0.506430</speed>
				<ele>751.000000</ele>
				<time>2025-04-05T07:23:15Z</time>
			</trkpt>
			<trkpt lat="22.914207" lon="114.882147">
				<speed>0.513139</speed>
				<ele>737.000000</ele>
				<time>2025-04-05T07:28:34Z</time>
			</trkpt>
			<trkpt lat="22.914258" lon="114.882064">
				<speed>0.799508</speed>
				<ele>733.000000</ele>
				<time>2025-04-05T07:28:46Z</time>
			</trkpt>
			<trkpt lat="22.914337" lon="114.882012">
				<speed>0.597679</speed>
				<ele>726.000000</ele>
				<time>2025-04-05T07:29:05Z</time>
			</trkpt>
			<trkpt lat="22.914413" lon="114.881951">
				<speed>0.742472</speed>
				<ele>724.000000</ele>
				<time>2025-04-05T07:29:17Z</time>
			</trkpt>
			<trkpt lat="22.914496" lon="114.881910">
				<speed>0.946773</speed>
				<ele>723.000000</ele>
				<time>2025-04-05T07:29:25Z</time>
			</trkpt>
			<trkpt lat="22.914573" lon="114.881849">
				<speed>1.041106</speed>
				<ele>722.000000</ele>
				<time>2025-04-05T07:29:35Z</time>
			</trkpt>
			<trkpt lat="22.914654" lon="114.881898">
				<speed>0.356325</speed>
				<ele>713.000000</ele>
				<time>2025-04-05T07:30:14Z</time>
			</trkpt>
			<trkpt lat="22.914743" lon="114.881925">
				<speed>0.376993</speed>
				<ele>704.000000</ele>
				<time>2025-04-05T07:30:55Z</time>
			</trkpt>
			<trkpt lat="22.914837" lon="114.881940">
				<speed>0.595814</speed>
				<ele>697.000000</ele>
				<time>2025-04-05T07:31:29Z</time>
			</trkpt>
			<trkpt lat="22.914926" lon="114.881906">
				<speed>0.042262</speed>
				<ele>690.000000</ele>
				<time>2025-04-05T07:32:18Z</time>
			</trkpt>
			<trkpt lat="22.915005" lon="114.881856">
				<speed>0.494260</speed>
				<ele>681.000000</ele>
				<time>2025-04-05T07:33:51Z</time>
			</trkpt>
			<trkpt lat="22.915099" lon="114.881851">
				<speed>0.188515</speed>
				<ele>679.000000</ele>
				<time>2025-04-05T07:34:28Z</time>
			</trkpt>
			<trkpt lat="22.915175" lon="114.881795">
				<speed>0.262413</speed>
				<ele>665.000000</ele>
				<time>2025-04-05T07:35:36Z</time>
			</trkpt>
			<trkpt lat="22.915237" lon="114.881720">
				<speed>0.350772</speed>
				<ele>662.000000</ele>
				<time>2025-04-05T07:36:02Z</time>
			</trkpt>
			<trkpt lat="22.915318" lon="114.881669">
				<speed>0.532895</speed>
				<ele>657.000000</ele>
				<time>2025-04-05T07:36:36Z</time>
			</trkpt>
			<trkpt lat="22.915392" lon="114.881608">
				<speed>0.587635</speed>
				<ele>654.000000</ele>
				<time>2025-04-05T07:37:06Z</time>
			</trkpt>
			<trkpt lat="22.915483" lon="114.881624">
				<speed>0.222390</speed>
				<ele>654.000000</ele>
				<time>2025-04-05T07:37:30Z</time>
			</trkpt>
			<trkpt lat="22.915569" lon="114.881582">
				<speed>0.331296</speed>
				<ele>651.000000</ele>
				<time>2025-04-05T07:37:59Z</time>
			</trkpt>
			<trkpt lat="22.915659" lon="114.881582">
				<speed>0.057053</speed>
				<ele>652.000000</ele>
				<time>2025-04-05T07:42:22Z</time>
			</trkpt>
			<trkpt lat="22.915746" lon="114.881546">
				<speed>0.578940</speed>
				<ele>650.000000</ele>
				<time>2025-04-05T07:48:35Z</time>
			</trkpt>
			<trkpt lat="22.915822" lon="114.881491">
				<speed>0.922841</speed>
				<ele>648.000000</ele>
				<time>2025-04-05T07:48:45Z</time>
			</trkpt>
			<trkpt lat="22.915890" lon="114.881411">
				<speed>1.094379</speed>
				<ele>651.000000</ele>
				<time>2025-04-05T07:48:54Z</time>
			</trkpt>
			<trkpt lat="22.915959" lon="114.881333">
				<speed>1.375539</speed>
				<ele>648.000000</ele>
				<time>2025-04-05T07:49:04Z</time>
			</trkpt>
			<trkpt lat="22.916012" lon="114.881254">
				<speed>0.982512</speed>
				<ele>650.000000</ele>
				<time>2025-04-05T07:49:21Z</time>
			</trkpt>
			<trkpt lat="22.916019" lon="114.881152">
				<speed>1.045193</speed>
				<ele>648.000000</ele>
				<time>2025-04-05T07:49:33Z</time>
			</trkpt>
			<trkpt lat="22.916071" lon="114.881063">
				<speed>0.669507</speed>
				<ele>646.000000</ele>
				<time>2025-04-05T07:49:44Z</time>
			</trkpt>
			<trkpt lat="22.916128" lon="114.880984">
				<speed>0.410401</speed>
				<ele>642.000000</ele>
				<time>2025-04-05T07:50:40Z</time>
			</trkpt>
			<trkpt lat="22.916182" lon="114.880903">
				<speed>0.378434</speed>
				<ele>632.000000</ele>
				<time>2025-04-05T07:51:15Z</time>
			</trkpt>
			<trkpt lat="22.916264" lon="114.880860">
				<speed>0.324931</speed>
				<ele>630.000000</ele>
				<time>2025-04-05T07:51:30Z</time>
			</trkpt>
			<trkpt lat="22.916282" lon="114.880760">
				<speed>1.105691</speed>
				<ele>627.000000</ele>
				<time>2025-04-05T07:51:46Z</time>
			</trkpt>
			<trkpt lat="22.916344" lon="114.880684">
				<speed>0.463771</speed>
				<ele>622.000000</ele>
				<time>2025-04-05T07:52:02Z</time>
			</trkpt>
			<trkpt lat="22.916403" lon="114.880606">
				<speed>1.249955</speed>
				<ele>620.000000</ele>
				<time>2025-04-05T07:52:09Z</time>
			</trkpt>
			<trkpt lat="22.916456" lon="114.880524">
				<speed>0.726377</speed>
				<ele>620.000000</ele>
				<time>2025-04-05T07:52:21Z</time>
			</trkpt>
			<trkpt lat="22.916499" lon="114.880436">
				<speed>0.968334</speed>
				<ele>621.000000</ele>
				<time>2025-04-05T07:52:30Z</time>
			</trkpt>
			<trkpt lat="22.916556" lon="114.880357">
				<speed>1.065578</speed>
				<ele>622.000000</ele>
				<time>2025-04-05T07:52:38Z</time>
			</trkpt>
			<trkpt lat="22.916599" lon="114.880270">
				<speed>0.414038</speed>
				<ele>623.000000</ele>
				<time>2025-04-05T07:52:52Z</time>
			</trkpt>
			<trkpt lat="22.916657" lon="114.880189">
				<speed>0.550100</speed>
				<ele>615.000000</ele>
				<time>2025-04-05T07:53:03Z</time>
			</trkpt>
			<trkpt lat="22.916682" lon="114.880079">
				<speed>1.043144</speed>
				<ele>612.000000</ele>
				<time>2025-04-05T07:53:14Z</time>
			</trkpt>
			<trkpt lat="22.916730" lon="114.879988">
				<speed>0.838494</speed>
				<ele>613.000000</ele>
				<time>2025-04-05T07:53:27Z</time>
			</trkpt>
			<trkpt lat="22.916799" lon="114.879919">
				<speed>0.551724</speed>
				<ele>610.000000</ele>
				<time>2025-04-05T07:53:38Z</time>
			</trkpt>
			<trkpt lat="22.916804" lon="114.879816">
				<speed>0.454314</speed>
				<ele>606.000000</ele>
				<time>2025-04-05T07:54:04Z</time>
			</trkpt>
			<trkpt lat="22.916799" lon="114.879714">
				<speed>0.342969</speed>
				<ele>602.000000</ele>
				<time>2025-04-05T07:54:29Z</time>
			</trkpt>
			<trkpt lat="22.916861" lon="114.879633">
				<speed>0.670847</speed>
				<ele>599.000000</ele>
				<time>2025-04-05T07:55:01Z</time>
			</trkpt>
			<trkpt lat="22.916859" lon="114.879532">
				<speed>0.396487</speed>
				<ele>592.000000</ele>
				<time>2025-04-05T07:55:28Z</time>
			</trkpt>
			<trkpt lat="22.916918" lon="114.879456">
				<speed>0.377176</speed>
				<ele>589.000000</ele>
				<time>2025-04-05T07:55:51Z</time>
			</trkpt>
			<trkpt lat="22.916925" lon="114.879358">
				<speed>0.664620</speed>
				<ele>590.000000</ele>
				<time>2025-04-05T07:56:10Z</time>
			</trkpt>
			<trkpt lat="22.916982" lon="114.879282">
				<speed>0.498523</speed>
				<ele>584.000000</ele>
				<time>2025-04-05T07:56:28Z</time>
			</trkpt>
			<trkpt lat="22.917063" lon="114.879234">
				<speed>0.795387</speed>
				<ele>584.000000</ele>
				<time>2025-04-05T07:57:15Z</time>
			</trkpt>
			<trkpt lat="22.917113" lon="114.879152">
				<speed>0.800973</speed>
				<ele>582.000000</ele>
				<time>2025-04-05T07:57:25Z</time>
			</trkpt>
			<trkpt lat="22.917192" lon="114.879099">
				<speed>0.252054</speed>
				<ele>579.000000</ele>
				<time>2025-04-05T07:57:46Z</time>
			</trkpt>
			<trkpt lat="22.917245" lon="114.879016">
				<speed>0.372024</speed>
				<ele>573.000000</ele>
				<time>2025-04-05T07:58:08Z</time>
			</trkpt>
			<trkpt lat="22.917296" lon="114.878932">
				<speed>0.829909</speed>
				<ele>570.000000</ele>
				<time>2025-04-05T07:58:22Z</time>
			</trkpt>
			<trkpt lat="22.917355" lon="114.878852">
				<speed>0.956223</speed>
				<ele>568.000000</ele>
				<time>2025-04-05T07:58:32Z</time>
			</trkpt>
			<trkpt lat="22.917413" lon="114.878770">
				<speed>1.132392</speed>
				<ele>567.000000</ele>
				<time>2025-04-05T07:58:41Z</time>
			</trkpt>
			<trkpt lat="22.917458" lon="114.878685">
				<speed>0.539603</speed>
				<ele>565.000000</ele>
				<time>2025-04-05T07:58:51Z</time>
			</trkpt>
			<trkpt lat="22.917528" lon="114.878617">
				<speed>1.004698</speed>
				<ele>563.000000</ele>
				<time>2025-04-05T07:59:01Z</time>
			</trkpt>
			<trkpt lat="22.917618" lon="114.878576">
				<speed>0.637483</speed>
				<ele>561.000000</ele>
				<time>2025-04-05T07:59:13Z</time>
			</trkpt>
			<trkpt lat="22.917706" lon="114.878549">
				<speed>0.394343</speed>
				<ele>559.000000</ele>
				<time>2025-04-05T07:59:33Z</time>
			</trkpt>
			<trkpt lat="22.917759" lon="114.878466">
				<speed>0.664018</speed>
				<ele>553.000000</ele>
				<time>2025-04-05T08:00:07Z</time>
			</trkpt>
			<trkpt lat="22.917804" lon="114.878369">
				<speed>0.950168</speed>
				<ele>543.000000</ele>
				<time>2025-04-05T08:00:28Z</time>
			</trkpt>
			<trkpt lat="22.917865" lon="114.878277">
				<speed>1.281314</speed>
				<ele>545.000000</ele>
				<time>2025-04-05T08:00:35Z</time>
			</trkpt>
			<trkpt lat="22.917901" lon="114.878185">
				<speed>0.962583</speed>
				<ele>543.000000</ele>
				<time>2025-04-05T08:00:44Z</time>
			</trkpt>
			<trkpt lat="22.917955" lon="114.878095">
				<speed>1.014382</speed>
				<ele>545.000000</ele>
				<time>2025-04-05T08:00:52Z</time>
			</trkpt>
			<trkpt lat="22.918003" lon="114.878008">
				<speed>0.604777</speed>
				<ele>544.000000</ele>
				<time>2025-04-05T08:01:04Z</time>
			</trkpt>
			<trkpt lat="22.918057" lon="114.877929">
				<speed>0.420942</speed>
				<ele>541.000000</ele>
				<time>2025-04-05T08:01:28Z</time>
			</trkpt>
			<trkpt lat="22.918130" lon="114.877866">
				<speed>0.723748</speed>
				<ele>531.000000</ele>
				<time>2025-04-05T08:02:12Z</time>
			</trkpt>
			<trkpt lat="22.918221" lon="114.877823">
				<speed>0.912057</speed>
				<ele>534.000000</ele>
				<time>2025-04-05T08:02:23Z</time>
			</trkpt>
			<trkpt lat="22.918315" lon="114.877815">
				<speed>0.378526</speed>
				<ele>535.000000</ele>
				<time>2025-04-05T08:02:35Z</time>
			</trkpt>
			<trkpt lat="22.918398" lon="114.877768">
				<speed>0.799613</speed>
				<ele>532.000000</ele>
				<time>2025-04-05T08:02:51Z</time>
			</trkpt>
			<trkpt lat="22.918467" lon="114.877702">
				<speed>0.772837</speed>
				<ele>528.000000</ele>
				<time>2025-04-05T08:03:05Z</time>
			</trkpt>
			<trkpt lat="22.918537" lon="114.877634">
				<speed>0.918922</speed>
				<ele>524.000000</ele>
				<time>2025-04-05T08:03:19Z</time>
			</trkpt>
			<trkpt lat="22.918622" lon="114.877590">
				<speed>0.569989</speed>
				<ele>524.000000</ele>
				<time>2025-04-05T08:03:35Z</time>
			</trkpt>
			<trkpt lat="22.918716" lon="114.877591">
				<speed>0.811334</speed>
				<ele>522.000000</ele>
				<time>2025-04-05T08:03:48Z</time>
			</trkpt>
			<trkpt lat="22.918817" lon="114.877550">
				<speed>1.283171</speed>
				<ele>519.000000</ele>
				<time>2025-04-05T08:03:59Z</time>
			</trkpt>
			<trkpt lat="22.918908" lon="114.877504">
				<speed>1.092521</speed>
				<ele>517.000000</ele>
				<time>2025-04-05T08:04:07Z</time>
			</trkpt>
			<trkpt lat="22.918980" lon="114.877436">
				<speed>1.091097</speed>
				<ele>514.000000</ele>
				<time>2025-04-05T08:04:14Z</time>
			</trkpt>
			<trkpt lat="22.919000" lon="114.877331">
				<speed>1.398760</speed>
				<ele>519.000000</ele>
				<time>2025-04-05T08:17:14Z</time>
			</trkpt>
			<trkpt lat="22.918987" lon="114.877222">
				<speed>1.051482</speed>
				<ele>518.000000</ele>
				<time>2025-04-05T08:18:34Z</time>
			</trkpt>
			<trkpt lat="22.918994" lon="114.877123">
				<speed>0.720700</speed>
				<ele>520.000000</ele>
				<time>2025-04-05T08:18:44Z</time>
			</trkpt>
			<trkpt lat="22.919022" lon="114.877028">
				<speed>0.758481</speed>
				<ele>511.000000</ele>
				<time>2025-04-05T08:18:57Z</time>
			</trkpt>
			<trkpt lat="22.919092" lon="114.876949">
				<speed>0.861955</speed>
				<ele>509.000000</ele>
				<time>2025-04-05T08:19:08Z</time>
			</trkpt>
			<trkpt lat="22.919136" lon="114.876856">
				<speed>1.027835</speed>
				<ele>510.000000</ele>
				<time>2025-04-05T08:19:19Z</time>
			</trkpt>
			<trkpt lat="22.919123" lon="114.876755">
				<speed>0.657023</speed>
				<ele>511.000000</ele>
				<time>2025-04-05T08:20:03Z</time>
			</trkpt>
			<trkpt lat="22.919130" lon="114.876656">
				<speed>0.749593</speed>
				<ele>511.000000</ele>
				<time>2025-04-05T08:20:14Z</time>
			</trkpt>
			<trkpt lat="22.919146" lon="114.876555">
				<speed>0.905982</speed>
				<ele>509.000000</ele>
				<time>2025-04-05T08:20:25Z</time>
			</trkpt>
			<trkpt lat="22.919180" lon="114.876456">
				<speed>1.126754</speed>
				<ele>509.000000</ele>
				<time>2025-04-05T08:20:39Z</time>
			</trkpt>
			<trkpt lat="22.919238" lon="114.876376">
				<speed>0.956136</speed>
				<ele>508.000000</ele>
				<time>2025-04-05T08:20:49Z</time>
			</trkpt>
			<trkpt lat="22.919322" lon="114.876325">
				<speed>1.141172</speed>
				<ele>507.000000</ele>
				<time>2025-04-05T08:20:58Z</time>
			</trkpt>
			<trkpt lat="22.919375" lon="114.876244">
				<speed>0.695322</speed>
				<ele>503.000000</ele>
				<time>2025-04-05T08:21:10Z</time>
			</trkpt>
			<trkpt lat="22.919458" lon="114.876197">
				<speed>0.911920</speed>
				<ele>502.000000</ele>
				<time>2025-04-05T08:21:22Z</time>
			</trkpt>
			<trkpt lat="22.919547" lon="114.876165">
				<speed>0.991707</speed>
				<ele>501.000000</ele>
				<time>2025-04-05T08:21:38Z</time>
			</trkpt>
			<trkpt lat="22.919635" lon="114.876126">
				<speed>0.725163</speed>
				<ele>502.000000</ele>
				<time>2025-04-05T08:21:47Z</time>
			</trkpt>
			<trkpt lat="22.919721" lon="114.876084">
				<speed>0.540393</speed>
				<ele>499.000000</ele>
				<time>2025-04-05T08:21:58Z</time>
			</trkpt>
			<trkpt lat="22.919736" lon="114.875985">
				<speed>1.287876</speed>
				<ele>496.000000</ele>
				<time>2025-04-05T08:22:16Z</time>
			</trkpt>
			<trkpt lat="22.919691" lon="114.875889">
				<speed>1.184941</speed>
				<ele>495.000000</ele>
				<time>2025-04-05T08:22:25Z</time>
			</trkpt>
			<trkpt lat="22.919599" lon="114.875855">
				<speed>1.168651</speed>
				<ele>491.000000</ele>
				<time>2025-04-05T08:22:36Z</time>
			</trkpt>
			<trkpt lat="22.919541" lon="114.875937">
				<speed>0.919762</speed>
				<ele>493.000000</ele>
				<time>2025-04-05T08:22:45Z</time>
			</trkpt>
			<trkpt lat="22.919464" lon="114.876002">
				<speed>0.782029</speed>
				<ele>491.000000</ele>
				<time>2025-04-05T08:22:55Z</time>
			</trkpt>
			<trkpt lat="22.919387" lon="114.875944">
				<speed>0.822528</speed>
				<ele>491.000000</ele>
				<time>2025-04-05T08:23:05Z</time>
			</trkpt>
			<trkpt lat="22.919295" lon="114.875928">
				<speed>0.873517</speed>
				<ele>485.000000</ele>
				<time>2025-04-05T08:23:16Z</time>
			</trkpt>
			<trkpt lat="22.919213" lon="114.875988">
				<speed>0.101596</speed>
				<ele>480.000000</ele>
				<time>2025-04-05T08:23:32Z</time>
			</trkpt>
			<trkpt lat="22.919123" lon="114.876015">
				<speed>0.086313</speed>
				<ele>477.000000</ele>
				<time>2025-04-05T08:23:44Z</time>
			</trkpt>
			<trkpt lat="22.919026" lon="114.876012">
				<speed>0.673342</speed>
				<ele>476.000000</ele>
				<time>2025-04-05T08:23:56Z</time>
			</trkpt>
			<trkpt lat="22.918935" lon="114.876002">
				<speed>0.452388</speed>
				<ele>486.000000</ele>
				<time>2025-04-05T08:24:24Z</time>
			</trkpt>
			<trkpt lat="22.918851" lon="114.876059">
				<speed>0.798798</speed>
				<ele>488.000000</ele>
				<time>2025-04-05T08:24:38Z</time>
			</trkpt>
			<trkpt lat="22.918760" lon="114.876104">
				<speed>1.241943</speed>
				<ele>488.000000</ele>
				<time>2025-04-05T08:24:46Z</time>
			</trkpt>
			<trkpt lat="22.918677" lon="114.876158">
				<speed>0.816626</speed>
				<ele>490.000000</ele>
				<time>2025-04-05T08:24:57Z</time>
			</trkpt>
			<trkpt lat="22.918654" lon="114.876254">
				<speed>0.385925</speed>
				<ele>479.000000</ele>
				<time>2025-04-05T08:25:17Z</time>
			</trkpt>
			<trkpt lat="22.918615" lon="114.876158">
				<speed>0.854392</speed>
				<ele>473.000000</ele>
				<time>2025-04-05T08:25:34Z</time>
			</trkpt>
			<trkpt lat="22.918677" lon="114.876081">
				<speed>0.922423</speed>
				<ele>467.000000</ele>
				<time>2025-04-05T08:25:48Z</time>
			</trkpt>
			<trkpt lat="22.918743" lon="114.876012">
				<speed>0.947604</speed>
				<ele>469.000000</ele>
				<time>2025-04-05T08:26:09Z</time>
			</trkpt>
			<trkpt lat="22.918741" lon="114.875912">
				<speed>0.507569</speed>
				<ele>464.000000</ele>
				<time>2025-04-05T08:26:34Z</time>
			</trkpt>
			<trkpt lat="22.918707" lon="114.875821">
				<speed>0.534990</speed>
				<ele>462.000000</ele>
				<time>2025-04-05T08:26:47Z</time>
			</trkpt>
			<trkpt lat="22.918711" lon="114.875721">
				<speed>0.496157</speed>
				<ele>460.000000</ele>
				<time>2025-04-05T08:27:25Z</time>
			</trkpt>
			<trkpt lat="22.918792" lon="114.875673">
				<speed>0.489373</speed>
				<ele>458.000000</ele>
				<time>2025-04-05T08:27:44Z</time>
			</trkpt>
			<trkpt lat="22.918888" lon="114.875644">
				<speed>0.899933</speed>
				<ele>456.000000</ele>
				<time>2025-04-05T08:27:55Z</time>
			</trkpt>
			<trkpt lat="22.918952" lon="114.875559">
				<speed>0.494665</speed>
				<ele>458.000000</ele>
				<time>2025-04-05T08:28:08Z</time>
			</trkpt>
			<trkpt lat="22.918984" lon="114.875452">
				<speed>0.625918</speed>
				<ele>451.000000</ele>
				<time>2025-04-05T08:28:16Z</time>
			</trkpt>
			<trkpt lat="22.918941" lon="114.875364">
				<speed>0.739309</speed>
				<ele>439.000000</ele>
				<time>2025-04-05T08:28:33Z</time>
			</trkpt>
			<trkpt lat="22.918858" lon="114.875315">
				<speed>0.691591</speed>
				<ele>436.000000</ele>
				<time>2025-04-05T08:28:46Z</time>
			</trkpt>
			<trkpt lat="22.918788" lon="114.875251">
				<speed>0.145169</speed>
				<ele>439.000000</ele>
				<time>2025-04-05T08:29:03Z</time>
			</trkpt>
			<trkpt lat="22.918754" lon="114.875156">
				<speed>0.827564</speed>
				<ele>436.000000</ele>
				<time>2025-04-05T08:29:35Z</time>
			</trkpt>
			<trkpt lat="22.918742" lon="114.875055">
				<speed>0.654268</speed>
				<ele>435.000000</ele>
				<time>2025-04-05T08:29:49Z</time>
			</trkpt>
			<trkpt lat="22.918706" lon="114.874953">
				<speed>0.760881</speed>
				<ele>433.000000</ele>
				<time>2025-04-05T08:30:01Z</time>
			</trkpt>
			<trkpt lat="22.918670" lon="114.874863">
				<speed>0.433833</speed>
				<ele>428.000000</ele>
				<time>2025-04-05T08:30:14Z</time>
			</trkpt>
			<trkpt lat="22.918663" lon="114.874765">
				<speed>0.827801</speed>
				<ele>431.000000</ele>
				<time>2025-04-05T08:30:35Z</time>
			</trkpt>
			<trkpt lat="22.918638" lon="114.874663">
				<speed>0.689507</speed>
				<ele>434.000000</ele>
				<time>2025-04-05T08:30:52Z</time>
			</trkpt>
			<trkpt lat="22.918651" lon="114.874566">
				<speed>0.520598</speed>
				<ele>435.000000</ele>
				<time>2025-04-05T08:31:04Z</time>
			</trkpt>
			<trkpt lat="22.918591" lon="114.874491">
				<speed>0.339954</speed>
				<ele>431.000000</ele>
				<time>2025-04-05T08:31:23Z</time>
			</trkpt>
			<trkpt lat="22.918535" lon="114.874415">
				<speed>0.172297</speed>
				<ele>429.000000</ele>
				<time>2025-04-05T08:31:39Z</time>
			</trkpt>
			<trkpt lat="22.918516" lon="114.874319">
				<speed>0.543056</speed>
				<ele>421.000000</ele>
				<time>2025-04-05T08:32:03Z</time>
			</trkpt>
			<trkpt lat="22.918467" lon="114.874234">
				<speed>0.622911</speed>
				<ele>418.000000</ele>
				<time>2025-04-05T08:32:20Z</time>
			</trkpt>
			<trkpt lat="22.918380" lon="114.874209">
				<speed>0.660926</speed>
				<ele>420.000000</ele>
				<time>2025-04-05T08:32:34Z</time>
			</trkpt>
			<trkpt lat="22.918352" lon="114.874109">
				<speed>1.050757</speed>
				<ele>417.000000</ele>
				<time>2025-04-05T08:32:42Z</time>
			</trkpt>
			<trkpt lat="22.918361" lon="114.874003">
				<speed>0.907171</speed>
				<ele>410.000000</ele>
				<time>2025-04-05T08:32:53Z</time>
			</trkpt>
			<trkpt lat="22.918333" lon="114.873907">
				<speed>0.608989</speed>
				<ele>409.000000</ele>
				<time>2025-04-05T08:33:03Z</time>
			</trkpt>
			<trkpt lat="22.918334" lon="114.873804">
				<speed>0.766782</speed>
				<ele>406.000000</ele>
				<time>2025-04-05T08:33:14Z</time>
			</trkpt>
			<trkpt lat="22.918317" lon="114.873703">
				<speed>0.679413</speed>
				<ele>402.000000</ele>
				<time>2025-04-05T08:33:24Z</time>
			</trkpt>
			<trkpt lat="22.918312" lon="114.873598">
				<speed>0.463606</speed>
				<ele>400.000000</ele>
				<time>2025-04-05T08:33:39Z</time>
			</trkpt>
			<trkpt lat="22.918273" lon="114.873498">
				<speed>0.574820</speed>
				<ele>406.000000</ele>
				<time>2025-04-05T08:34:14Z</time>
			</trkpt>
			<trkpt lat="22.918249" lon="114.873398">
				<speed>0.764302</speed>
				<ele>404.000000</ele>
				<time>2025-04-05T08:34:28Z</time>
			</trkpt>
			<trkpt lat="22.918281" lon="114.873303">
				<speed>0.417663</speed>
				<ele>402.000000</ele>
				<time>2025-04-05T08:34:43Z</time>
			</trkpt>
			<trkpt lat="22.918219" lon="114.873217">
				<speed>0.516243</speed>
				<ele>392.000000</ele>
				<time>2025-04-05T08:35:12Z</time>
			</trkpt>
			<trkpt lat="22.918158" lon="114.873145">
				<speed>0.706190</speed>
				<ele>386.000000</ele>
				<time>2025-04-05T08:35:24Z</time>
			</trkpt>
			<trkpt lat="22.918120" lon="114.873052">
				<speed>0.777070</speed>
				<ele>385.000000</ele>
				<time>2025-04-05T08:35:33Z</time>
			</trkpt>
			<trkpt lat="22.918072" lon="114.872964">
				<speed>0.953560</speed>
				<ele>382.000000</ele>
				<time>2025-04-05T08:35:41Z</time>
			</trkpt>
			<trkpt lat="22.918070" lon="114.872856">
				<speed>0.915560</speed>
				<ele>386.000000</ele>
				<time>2025-04-05T08:36:05Z</time>
			</trkpt>
			<trkpt lat="22.918082" lon="114.872756">
				<speed>0.699170</speed>
				<ele>387.000000</ele>
				<time>2025-04-05T08:36:15Z</time>
			</trkpt>
			<trkpt lat="22.918121" lon="114.872655">
				<speed>0.351712</speed>
				<ele>384.000000</ele>
				<time>2025-04-05T08:36:35Z</time>
			</trkpt>
			<trkpt lat="22.918156" lon="114.872559">
				<speed>0.214787</speed>
				<ele>388.000000</ele>
				<time>2025-04-05T08:36:49Z</time>
			</trkpt>
			<trkpt lat="22.918103" lon="114.872473">
				<speed>0.969959</speed>
				<ele>386.000000</ele>
				<time>2025-04-05T08:36:58Z</time>
			</trkpt>
			<trkpt lat="22.918067" lon="114.872378">
				<speed>0.475473</speed>
				<ele>387.000000</ele>
				<time>2025-04-05T08:37:23Z</time>
			</trkpt>
			<trkpt lat="22.918020" lon="114.872293">
				<speed>0.632736</speed>
				<ele>390.000000</ele>
				<time>2025-04-05T08:37:36Z</time>
			</trkpt>
			<trkpt lat="22.917976" lon="114.872207">
				<speed>0.640665</speed>
				<ele>388.000000</ele>
				<time>2025-04-05T08:37:49Z</time>
			</trkpt>
			<trkpt lat="22.917944" lon="114.872106">
				<speed>0.923464</speed>
				<ele>385.000000</ele>
				<time>2025-04-05T08:37:59Z</time>
			</trkpt>
			<trkpt lat="22.917930" lon="114.872007">
				<speed>0.593697</speed>
				<ele>382.000000</ele>
				<time>2025-04-05T08:38:13Z</time>
			</trkpt>
			<trkpt lat="22.917910" lon="114.871903">
				<speed>0.968131</speed>
				<ele>385.000000</ele>
				<time>2025-04-05T08:38:21Z</time>
			</trkpt>
			<trkpt lat="22.917849" lon="114.871820">
				<speed>1.179047</speed>
				<ele>387.000000</ele>
				<time>2025-04-05T08:38:30Z</time>
			</trkpt>
			<trkpt lat="22.917833" lon="114.871712">
				<speed>0.975036</speed>
				<ele>380.000000</ele>
				<time>2025-04-05T08:38:41Z</time>
			</trkpt>
			<trkpt lat="22.917820" lon="114.871614">
				<speed>0.437061</speed>
				<ele>371.000000</ele>
				<time>2025-04-05T08:38:52Z</time>
			</trkpt>
			<trkpt lat="22.917783" lon="114.871520">
				<speed>0.167869</speed>
				<ele>365.000000</ele>
				<time>2025-04-05T08:39:09Z</time>
			</trkpt>
			<trkpt lat="22.917697" lon="114.871467">
				<speed>0.861554</speed>
				<ele>357.000000</ele>
				<time>2025-04-05T08:39:20Z</time>
			</trkpt>
			<trkpt lat="22.917622" lon="114.871400">
				<speed>0.822200</speed>
				<ele>358.000000</ele>
				<time>2025-04-05T08:39:30Z</time>
			</trkpt>
			<trkpt lat="22.917565" lon="114.871320">
				<speed>0.638149</speed>
				<ele>362.000000</ele>
				<time>2025-04-05T08:39:38Z</time>
			</trkpt>
			<trkpt lat="22.917502" lon="114.871249">
				<speed>0.662487</speed>
				<ele>361.000000</ele>
				<time>2025-04-05T08:39:48Z</time>
			</trkpt>
			<trkpt lat="22.917469" lon="114.871153">
				<speed>0.862906</speed>
				<ele>367.000000</ele>
				<time>2025-04-05T08:39:58Z</time>
			</trkpt>
			<trkpt lat="22.917442" lon="114.871050">
				<speed>1.056129</speed>
				<ele>369.000000</ele>
				<time>2025-04-05T08:40:08Z</time>
			</trkpt>
			<trkpt lat="22.917450" lon="114.870949">
				<speed>0.750171</speed>
				<ele>370.000000</ele>
				<time>2025-04-05T08:40:20Z</time>
			</trkpt>
			<trkpt lat="22.917475" lon="114.870854">
				<speed>0.869610</speed>
				<ele>371.000000</ele>
				<time>2025-04-05T08:40:33Z</time>
			</trkpt>
			<trkpt lat="22.917484" lon="114.870743">
				<speed>1.152653</speed>
				<ele>370.000000</ele>
				<time>2025-04-05T08:40:47Z</time>
			</trkpt>
			<trkpt lat="22.917504" lon="114.870643">
				<speed>0.965318</speed>
				<ele>368.000000</ele>
				<time>2025-04-05T08:40:58Z</time>
			</trkpt>
			<trkpt lat="22.917549" lon="114.870558">
				<speed>0.754263</speed>
				<ele>365.000000</ele>
				<time>2025-04-05T08:41:10Z</time>
			</trkpt>
			<trkpt lat="22.917605" lon="114.870476">
				<speed>0.662640</speed>
				<ele>368.000000</ele>
				<time>2025-04-05T08:41:26Z</time>
			</trkpt>
			<trkpt lat="22.917608" lon="114.870370">
				<speed>1.006441</speed>
				<ele>369.000000</ele>
				<time>2025-04-05T08:41:38Z</time>
			</trkpt>
			<trkpt lat="22.917575" lon="114.870274">
				<speed>0.881831</speed>
				<ele>365.000000</ele>
				<time>2025-04-05T08:41:49Z</time>
			</trkpt>
			<trkpt lat="22.917533" lon="114.870184">
				<speed>0.781738</speed>
				<ele>364.000000</ele>
				<time>2025-04-05T08:42:00Z</time>
			</trkpt>
			<trkpt lat="22.917541" lon="114.870085">
				<speed>0.701095</speed>
				<ele>366.000000</ele>
				<time>2025-04-05T08:42:12Z</time>
			</trkpt>
			<trkpt lat="22.917527" lon="114.869989">
				<speed>0.668219</speed>
				<ele>365.000000</ele>
				<time>2025-04-05T08:42:25Z</time>
			</trkpt>
			<trkpt lat="22.917483" lon="114.869903">
				<speed>0.925439</speed>
				<ele>366.000000</ele>
				<time>2025-04-05T08:42:38Z</time>
			</trkpt>
			<trkpt lat="22.917450" lon="114.869806">
				<speed>0.638732</speed>
				<ele>360.000000</ele>
				<time>2025-04-05T08:42:55Z</time>
			</trkpt>
			<trkpt lat="22.917419" lon="114.869707">
				<speed>0.857841</speed>
				<ele>358.000000</ele>
				<time>2025-04-05T08:43:08Z</time>
			</trkpt>
			<trkpt lat="22.917377" lon="114.869618">
				<speed>0.999707</speed>
				<ele>357.000000</ele>
				<time>2025-04-05T08:43:21Z</time>
			</trkpt>
			<trkpt lat="22.917308" lon="114.869550">
				<speed>0.680367</speed>
				<ele>355.000000</ele>
				<time>2025-04-05T08:43:33Z</time>
			</trkpt>
			<trkpt lat="22.917231" lon="114.869483">
				<speed>0.722932</speed>
				<ele>351.000000</ele>
				<time>2025-04-05T08:43:50Z</time>
			</trkpt>
			<trkpt lat="22.917147" lon="114.869427">
				<speed>0.642046</speed>
				<ele>340.000000</ele>
				<time>2025-04-05T08:44:10Z</time>
			</trkpt>
			<trkpt lat="22.917069" lon="114.869372">
				<speed>0.810519</speed>
				<ele>340.000000</ele>
				<time>2025-04-05T08:44:25Z</time>
			</trkpt>
			<trkpt lat="22.916992" lon="114.869305">
				<speed>0.878715</speed>
				<ele>341.000000</ele>
				<time>2025-04-05T08:44:37Z</time>
			</trkpt>
			<trkpt lat="22.916957" lon="114.869207">
				<speed>0.722497</speed>
				<ele>342.000000</ele>
				<time>2025-04-05T08:44:51Z</time>
			</trkpt>
			<trkpt lat="22.916961" lon="114.869103">
				<speed>0.900889</speed>
				<ele>345.000000</ele>
				<time>2025-04-05T08:45:02Z</time>
			</trkpt>
			<trkpt lat="22.916993" lon="114.869006">
				<speed>0.949935</speed>
				<ele>348.000000</ele>
				<time>2025-04-05T08:45:13Z</time>
			</trkpt>
			<trkpt lat="22.917022" lon="114.868905">
				<speed>0.713801</speed>
				<ele>347.000000</ele>
				<time>2025-04-05T08:45:29Z</time>
			</trkpt>
			<trkpt lat="22.917048" lon="114.868796">
				<speed>0.986976</speed>
				<ele>348.000000</ele>
				<time>2025-04-05T08:45:45Z</time>
			</trkpt>
			<trkpt lat="22.917062" lon="114.868698">
				<speed>0.868818</speed>
				<ele>345.000000</ele>
				<time>2025-04-05T08:45:57Z</time>
			</trkpt>
			<trkpt lat="22.917138" lon="114.868643">
				<speed>0.688855</speed>
				<ele>345.000000</ele>
				<time>2025-04-05T08:46:10Z</time>
			</trkpt>
			<trkpt lat="22.917123" lon="114.868544">
				<speed>0.640826</speed>
				<ele>336.000000</ele>
				<time>2025-04-05T08:46:28Z</time>
			</trkpt>
			<trkpt lat="22.917038" lon="114.868503">
				<speed>0.875150</speed>
				<ele>330.000000</ele>
				<time>2025-04-05T08:46:39Z</time>
			</trkpt>
			<trkpt lat="22.916951" lon="114.868461">
				<speed>0.798877</speed>
				<ele>327.000000</ele>
				<time>2025-04-05T08:46:51Z</time>
			</trkpt>
			<trkpt lat="22.916860" lon="114.868458">
				<speed>0.948479</speed>
				<ele>324.000000</ele>
				<time>2025-04-05T08:47:03Z</time>
			</trkpt>
			<trkpt lat="22.916784" lon="114.868392">
				<speed>0.769063</speed>
				<ele>322.000000</ele>
				<time>2025-04-05T08:47:17Z</time>
			</trkpt>
			<trkpt lat="22.916735" lon="114.868309">
				<speed>0.633597</speed>
				<ele>321.000000</ele>
				<time>2025-04-05T08:47:33Z</time>
			</trkpt>
			<trkpt lat="22.916782" lon="114.868225">
				<speed>0.706360</speed>
				<ele>324.000000</ele>
				<time>2025-04-05T08:47:46Z</time>
			</trkpt>
			<trkpt lat="22.916810" lon="114.868127">
				<speed>0.631415</speed>
				<ele>325.000000</ele>
				<time>2025-04-05T08:48:00Z</time>
			</trkpt>
			<trkpt lat="22.916820" lon="114.868030">
				<speed>0.896480</speed>
				<ele>326.000000</ele>
				<time>2025-04-05T08:48:12Z</time>
			</trkpt>
			<trkpt lat="22.916816" lon="114.867928">
				<speed>0.804150</speed>
				<ele>325.000000</ele>
				<time>2025-04-05T08:48:23Z</time>
			</trkpt>
			<trkpt lat="22.916842" lon="114.867834">
				<speed>0.950032</speed>
				<ele>326.000000</ele>
				<time>2025-04-05T08:48:35Z</time>
			</trkpt>
			<trkpt lat="22.916883" lon="114.867741">
				<speed>0.854971</speed>
				<ele>324.000000</ele>
				<time>2025-04-05T08:48:47Z</time>
			</trkpt>
			<trkpt lat="22.916869" lon="114.867642">
				<speed>0.930105</speed>
				<ele>323.000000</ele>
				<time>2025-04-05T08:48:59Z</time>
			</trkpt>
			<trkpt lat="22.916839" lon="114.867548">
				<speed>0.929449</speed>
				<ele>323.000000</ele>
				<time>2025-04-05T08:49:10Z</time>
			</trkpt>
			<trkpt lat="22.916834" lon="114.867449">
				<speed>1.086081</speed>
				<ele>320.000000</ele>
				<time>2025-04-05T08:49:19Z</time>
			</trkpt>
			<trkpt lat="22.916851" lon="114.867345">
				<speed>1.088090</speed>
				<ele>318.000000</ele>
				<time>2025-04-05T08:49:30Z</time>
			</trkpt>
			<trkpt lat="22.916846" lon="114.867246">
				<speed>0.848957</speed>
				<ele>319.000000</ele>
				<time>2025-04-05T08:49:40Z</time>
			</trkpt>
			<trkpt lat="22.916844" lon="114.867149">
				<speed>1.193315</speed>
				<ele>320.000000</ele>
				<time>2025-04-05T08:49:48Z</time>
			</trkpt>
			<trkpt lat="22.916833" lon="114.867049">
				<speed>1.179694</speed>
				<ele>317.000000</ele>
				<time>2025-04-05T08:49:56Z</time>
			</trkpt>
			<trkpt lat="22.916858" lon="114.866954">
				<speed>1.130669</speed>
				<ele>319.000000</ele>
				<time>2025-04-05T08:50:06Z</time>
			</trkpt>
			<trkpt lat="22.916819" lon="114.866856">
				<speed>1.095667</speed>
				<ele>317.000000</ele>
				<time>2025-04-05T08:50:16Z</time>
			</trkpt>
			<trkpt lat="22.916794" lon="114.866754">
				<speed>0.918658</speed>
				<ele>317.000000</ele>
				<time>2025-04-05T08:50:26Z</time>
			</trkpt>
			<trkpt lat="22.916798" lon="114.866654">
				<speed>1.158329</speed>
				<ele>318.000000</ele>
				<time>2025-04-05T08:50:35Z</time>
			</trkpt>
			<trkpt lat="22.916861" lon="114.866579">
				<speed>1.180908</speed>
				<ele>315.000000</ele>
				<time>2025-04-05T08:50:45Z</time>
			</trkpt>
			<trkpt lat="22.916956" lon="114.866577">
				<speed>1.236580</speed>
				<ele>314.000000</ele>
				<time>2025-04-05T08:50:55Z</time>
			</trkpt>
			<trkpt lat="22.917051" lon="114.866574">
				<speed>0.906893</speed>
				<ele>308.000000</ele>
				<time>2025-04-05T08:51:07Z</time>
			</trkpt>
			<trkpt lat="22.917147" lon="114.866561">
				<speed>0.903662</speed>
				<ele>305.000000</ele>
				<time>2025-04-05T08:51:21Z</time>
			</trkpt>
			<trkpt lat="22.917169" lon="114.866460">
				<speed>0.892865</speed>
				<ele>303.000000</ele>
				<time>2025-04-05T08:51:33Z</time>
			</trkpt>
			<trkpt lat="22.917225" lon="114.866379">
				<speed>0.992751</speed>
				<ele>304.000000</ele>
				<time>2025-04-05T08:51:42Z</time>
			</trkpt>
			<trkpt lat="22.917288" lon="114.866301">
				<speed>0.792614</speed>
				<ele>302.000000</ele>
				<time>2025-04-05T08:51:55Z</time>
			</trkpt>
			<trkpt lat="22.917317" lon="114.866198">
				<speed>0.767227</speed>
				<ele>303.000000</ele>
				<time>2025-04-05T08:52:12Z</time>
			</trkpt>
			<trkpt lat="22.917291" lon="114.866105">
				<speed>0.903787</speed>
				<ele>302.000000</ele>
				<time>2025-04-05T08:52:28Z</time>
			</trkpt>
			<trkpt lat="22.917234" lon="114.866020">
				<speed>1.095760</speed>
				<ele>296.000000</ele>
				<time>2025-04-05T08:52:42Z</time>
			</trkpt>
			<trkpt lat="22.917188" lon="114.865934">
				<speed>0.578262</speed>
				<ele>296.000000</ele>
				<time>2025-04-05T08:52:56Z</time>
			</trkpt>
			<trkpt lat="22.917215" lon="114.865837">
				<speed>0.869448</speed>
				<ele>294.000000</ele>
				<time>2025-04-05T08:53:11Z</time>
			</trkpt>
			<trkpt lat="22.917281" lon="114.865756">
				<speed>0.779348</speed>
				<ele>293.000000</ele>
				<time>2025-04-05T08:53:25Z</time>
			</trkpt>
			<trkpt lat="22.917325" lon="114.865666">
				<speed>0.745125</speed>
				<ele>295.000000</ele>
				<time>2025-04-05T08:53:38Z</time>
			</trkpt>
			<trkpt lat="22.917331" lon="114.865566">
				<speed>0.747813</speed>
				<ele>295.000000</ele>
				<time>2025-04-05T08:53:50Z</time>
			</trkpt>
			<trkpt lat="22.917333" lon="114.865461">
				<speed>0.973896</speed>
				<ele>293.000000</ele>
				<time>2025-04-05T08:54:04Z</time>
			</trkpt>
			<trkpt lat="22.917327" lon="114.865361">
				<speed>0.782739</speed>
				<ele>291.000000</ele>
				<time>2025-04-05T08:54:16Z</time>
			</trkpt>
			<trkpt lat="22.917322" lon="114.865254">
				<speed>1.044456</speed>
				<ele>289.000000</ele>
				<time>2025-04-05T08:54:30Z</time>
			</trkpt>
			<trkpt lat="22.917296" lon="114.865160">
				<speed>0.969077</speed>
				<ele>284.000000</ele>
				<time>2025-04-05T08:54:42Z</time>
			</trkpt>
			<trkpt lat="22.917253" lon="114.865071">
				<speed>0.701797</speed>
				<ele>279.000000</ele>
				<time>2025-04-05T08:54:54Z</time>
			</trkpt>
			<trkpt lat="22.917230" lon="114.864977">
				<speed>0.784957</speed>
				<ele>278.000000</ele>
				<time>2025-04-05T08:55:05Z</time>
			</trkpt>
			<trkpt lat="22.917225" lon="114.864871">
				<speed>0.684207</speed>
				<ele>277.000000</ele>
				<time>2025-04-05T08:55:20Z</time>
			</trkpt>
			<trkpt lat="22.917236" lon="114.864772">
				<speed>0.801763</speed>
				<ele>278.000000</ele>
				<time>2025-04-05T08:55:45Z</time>
			</trkpt>
			<trkpt lat="22.917233" lon="114.864672">
				<speed>0.690014</speed>
				<ele>275.000000</ele>
				<time>2025-04-05T08:56:01Z</time>
			</trkpt>
			<trkpt lat="22.917226" lon="114.864574">
				<speed>0.587654</speed>
				<ele>272.000000</ele>
				<time>2025-04-05T08:56:46Z</time>
			</trkpt>
			<trkpt lat="22.917190" lon="114.864475">
				<speed>0.710720</speed>
				<ele>271.000000</ele>
				<time>2025-04-05T08:57:04Z</time>
			</trkpt>
			<trkpt lat="22.917221" lon="114.864382">
				<speed>0.776089</speed>
				<ele>271.000000</ele>
				<time>2025-04-05T08:57:17Z</time>
			</trkpt>
			<trkpt lat="22.917250" lon="114.864288">
				<speed>0.695133</speed>
				<ele>275.000000</ele>
				<time>2025-04-05T08:57:28Z</time>
			</trkpt>
			<trkpt lat="22.917268" lon="114.864183">
				<speed>0.807542</speed>
				<ele>273.000000</ele>
				<time>2025-04-05T08:57:42Z</time>
			</trkpt>
			<trkpt lat="22.917327" lon="114.864109">
				<speed>0.662238</speed>
				<ele>271.000000</ele>
				<time>2025-04-05T08:57:54Z</time>
			</trkpt>
			<trkpt lat="22.917352" lon="114.864015">
				<speed>0.413021</speed>
				<ele>269.000000</ele>
				<time>2025-04-05T08:58:10Z</time>
			</trkpt>
			<trkpt lat="22.917409" lon="114.863932">
				<speed>0.829927</speed>
				<ele>268.000000</ele>
				<time>2025-04-05T08:58:23Z</time>
			</trkpt>
			<trkpt lat="22.917453" lon="114.863842">
				<speed>0.921882</speed>
				<ele>269.000000</ele>
				<time>2025-04-05T08:58:38Z</time>
			</trkpt>
			<trkpt lat="22.917486" lon="114.863750">
				<speed>0.779864</speed>
				<ele>265.000000</ele>
				<time>2025-04-05T08:58:58Z</time>
			</trkpt>
			<trkpt lat="22.917523" lon="114.863660">
				<speed>0.342562</speed>
				<ele>262.000000</ele>
				<time>2025-04-05T08:59:16Z</time>
			</trkpt>
			<trkpt lat="22.917612" lon="114.863681">
				<speed>0.438147</speed>
				<ele>259.000000</ele>
				<time>2025-04-05T08:59:46Z</time>
			</trkpt>
			<trkpt lat="22.917698" lon="114.863716">
				<speed>0.382378</speed>
				<ele>248.000000</ele>
				<time>2025-04-05T09:00:49Z</time>
			</trkpt>
			<trkpt lat="22.917782" lon="114.863672">
				<speed>0.557773</speed>
				<ele>246.000000</ele>
				<time>2025-04-05T09:01:24Z</time>
			</trkpt>
			<trkpt lat="22.917876" lon="114.863653">
				<speed>0.925102</speed>
				<ele>246.000000</ele>
				<time>2025-04-05T09:01:34Z</time>
			</trkpt>
			<trkpt lat="22.917948" lon="114.863592">
				<speed>0.378244</speed>
				<ele>242.000000</ele>
				<time>2025-04-05T09:01:50Z</time>
			</trkpt>
			<trkpt lat="22.918030" lon="114.863530">
				<speed>0.942902</speed>
				<ele>242.000000</ele>
				<time>2025-04-05T09:02:04Z</time>
			</trkpt>
			<trkpt lat="22.918119" lon="114.863501">
				<speed>0.724619</speed>
				<ele>242.000000</ele>
				<time>2025-04-05T09:02:22Z</time>
			</trkpt>
			<trkpt lat="22.918209" lon="114.863494">
				<speed>0.381543</speed>
				<ele>240.000000</ele>
				<time>2025-04-05T09:02:34Z</time>
			</trkpt>
			<trkpt lat="22.918289" lon="114.863441">
				<speed>0.858282</speed>
				<ele>237.000000</ele>
				<time>2025-04-05T09:03:01Z</time>
			</trkpt>
			<trkpt lat="22.918377" lon="114.863408">
				<speed>1.173168</speed>
				<ele>238.000000</ele>
				<time>2025-04-05T09:03:11Z</time>
			</trkpt>
			<trkpt lat="22.918437" lon="114.863329">
				<speed>0.900116</speed>
				<ele>238.000000</ele>
				<time>2025-04-05T09:03:21Z</time>
			</trkpt>
			<trkpt lat="22.918468" lon="114.863228">
				<speed>0.862237</speed>
				<ele>236.000000</ele>
				<time>2025-04-05T09:03:34Z</time>
			</trkpt>
			<trkpt lat="22.918481" lon="114.863129">
				<speed>0.735293</speed>
				<ele>236.000000</ele>
				<time>2025-04-05T09:03:50Z</time>
			</trkpt>
			<trkpt lat="22.918505" lon="114.863031">
				<speed>0.725493</speed>
				<ele>235.000000</ele>
				<time>2025-04-05T09:04:02Z</time>
			</trkpt>
			<trkpt lat="22.918550" lon="114.862944">
				<speed>0.685545</speed>
				<ele>229.000000</ele>
				<time>2025-04-05T09:04:27Z</time>
			</trkpt>
			<trkpt lat="22.918606" lon="114.862863">
				<speed>0.808825</speed>
				<ele>226.000000</ele>
				<time>2025-04-05T09:04:40Z</time>
			</trkpt>
			<trkpt lat="22.918643" lon="114.862772">
				<speed>0.644018</speed>
				<ele>224.000000</ele>
				<time>2025-04-05T09:04:54Z</time>
			</trkpt>
			<trkpt lat="22.918667" lon="114.862675">
				<speed>0.445729</speed>
				<ele>223.000000</ele>
				<time>2025-04-05T09:05:10Z</time>
			</trkpt>
			<trkpt lat="22.918713" lon="114.862587">
				<speed>0.780452</speed>
				<ele>220.000000</ele>
				<time>2025-04-05T09:05:25Z</time>
			</trkpt>
			<trkpt lat="22.918757" lon="114.862499">
				<speed>0.414343</speed>
				<ele>217.000000</ele>
				<time>2025-04-05T09:05:37Z</time>
			</trkpt>
			<trkpt lat="22.918843" lon="114.862463">
				<speed>0.655477</speed>
				<ele>215.000000</ele>
				<time>2025-04-05T09:06:18Z</time>
			</trkpt>
			<trkpt lat="22.918941" lon="114.862482">
				<speed>0.734054</speed>
				<ele>214.000000</ele>
				<time>2025-04-05T09:06:32Z</time>
			</trkpt>
			<trkpt lat="22.919023" lon="114.862440">
				<speed>0.492271</speed>
				<ele>207.000000</ele>
				<time>2025-04-05T09:06:54Z</time>
			</trkpt>
			<trkpt lat="22.919114" lon="114.862417">
				<speed>0.688462</speed>
				<ele>205.000000</ele>
				<time>2025-04-05T09:07:11Z</time>
			</trkpt>
			<trkpt lat="22.919161" lon="114.862320">
				<speed>0.622694</speed>
				<ele>207.000000</ele>
				<time>2025-04-05T09:07:20Z</time>
			</trkpt>
			<trkpt lat="22.919155" lon="114.862214">
				<speed>0.932549</speed>
				<ele>207.000000</ele>
				<time>2025-04-05T09:07:31Z</time>
			</trkpt>
			<trkpt lat="22.919198" lon="114.862121">
				<speed>0.774766</speed>
				<ele>202.000000</ele>
				<time>2025-04-05T09:07:42Z</time>
			</trkpt>
			<trkpt lat="22.919200" lon="114.862019">
				<speed>0.728886</speed>
				<ele>197.000000</ele>
				<time>2025-04-05T09:07:53Z</time>
			</trkpt>
			<trkpt lat="22.919254" lon="114.861940">
				<speed>0.742725</speed>
				<ele>194.000000</ele>
				<time>2025-04-05T09:08:04Z</time>
			</trkpt>
			<trkpt lat="22.919336" lon="114.861884">
				<speed>0.854657</speed>
				<ele>195.000000</ele>
				<time>2025-04-05T09:08:16Z</time>
			</trkpt>
			<trkpt lat="22.919431" lon="114.861876">
				<speed>0.616848</speed>
				<ele>192.000000</ele>
				<time>2025-04-05T09:08:28Z</time>
			</trkpt>
			<trkpt lat="22.919517" lon="114.861823">
				<speed>0.756731</speed>
				<ele>190.000000</ele>
				<time>2025-04-05T09:08:52Z</time>
			</trkpt>
			<trkpt lat="22.919567" lon="114.861740">
				<speed>1.079435</speed>
				<ele>192.000000</ele>
				<time>2025-04-05T09:09:01Z</time>
			</trkpt>
			<trkpt lat="22.919590" lon="114.861644">
				<speed>1.078305</speed>
				<ele>194.000000</ele>
				<time>2025-04-05T09:09:10Z</time>
			</trkpt>
			<trkpt lat="22.919680" lon="114.861626">
				<speed>0.781518</speed>
				<ele>192.000000</ele>
				<time>2025-04-05T09:09:23Z</time>
			</trkpt>
			<trkpt lat="22.919766" lon="114.861561">
				<speed>0.612576</speed>
				<ele>185.000000</ele>
				<time>2025-04-05T09:09:42Z</time>
			</trkpt>
			<trkpt lat="22.919785" lon="114.861458">
				<speed>0.572097</speed>
				<ele>179.000000</ele>
				<time>2025-04-05T09:09:52Z</time>
			</trkpt>
			<trkpt lat="22.919877" lon="114.861448">
				<speed>0.415817</speed>
				<ele>174.000000</ele>
				<time>2025-04-05T09:10:02Z</time>
			</trkpt>
			<trkpt lat="22.919899" lon="114.861351">
				<speed>0.439494</speed>
				<ele>172.000000</ele>
				<time>2025-04-05T09:10:13Z</time>
			</trkpt>
			<trkpt lat="22.919931" lon="114.861249">
				<speed>0.948430</speed>
				<ele>168.000000</ele>
				<time>2025-04-05T09:10:24Z</time>
			</trkpt>
			<trkpt lat="22.919978" lon="114.861151">
				<speed>0.984439</speed>
				<ele>165.000000</ele>
				<time>2025-04-05T09:10:35Z</time>
			</trkpt>
			<trkpt lat="22.920046" lon="114.861079">
				<speed>0.618788</speed>
				<ele>160.000000</ele>
				<time>2025-04-05T09:10:47Z</time>
			</trkpt>
			<trkpt lat="22.920082" lon="114.860989">
				<speed>0.520730</speed>
				<ele>161.000000</ele>
				<time>2025-04-05T09:10:58Z</time>
			</trkpt>
			<trkpt lat="22.920141" lon="114.860906">
				<speed>0.455663</speed>
				<ele>159.000000</ele>
				<time>2025-04-05T09:11:11Z</time>
			</trkpt>
			<trkpt lat="22.920200" lon="114.860824">
				<speed>0.428588</speed>
				<ele>162.000000</ele>
				<time>2025-04-05T09:11:23Z</time>
			</trkpt>
			<trkpt lat="22.920262" lon="114.860749">
				<speed>0.537263</speed>
				<ele>161.000000</ele>
				<time>2025-04-05T09:11:35Z</time>
			</trkpt>
			<trkpt lat="22.920338" lon="114.860688">
				<speed>0.599795</speed>
				<ele>157.000000</ele>
				<time>2025-04-05T09:11:49Z</time>
			</trkpt>
			<trkpt lat="22.920407" lon="114.860625">
				<speed>0.754076</speed>
				<ele>155.000000</ele>
				<time>2025-04-05T09:12:08Z</time>
			</trkpt>
			<trkpt lat="22.920472" lon="114.860534">
				<speed>1.084252</speed>
				<ele>156.000000</ele>
				<time>2025-04-05T09:12:16Z</time>
			</trkpt>
			<trkpt lat="22.920519" lon="114.860449">
				<speed>0.633327</speed>
				<ele>159.000000</ele>
				<time>2025-04-05T09:12:24Z</time>
			</trkpt>
			<trkpt lat="22.920540" lon="114.860349">
				<speed>0.959630</speed>
				<ele>164.000000</ele>
				<time>2025-04-05T09:12:33Z</time>
			</trkpt>
			<trkpt lat="22.920569" lon="114.860250">
				<speed>0.733437</speed>
				<ele>162.000000</ele>
				<time>2025-04-05T09:12:47Z</time>
			</trkpt>
			<trkpt lat="22.920591" lon="114.860154">
				<speed>0.808445</speed>
				<ele>157.000000</ele>
				<time>2025-04-05T09:12:59Z</time>
			</trkpt>
			<trkpt lat="22.920596" lon="114.860055">
				<speed>0.508064</speed>
				<ele>157.000000</ele>
				<time>2025-04-05T09:13:10Z</time>
			</trkpt>
			<trkpt lat="22.920595" lon="114.859953">
				<speed>0.736005</speed>
				<ele>156.000000</ele>
				<time>2025-04-05T09:13:22Z</time>
			</trkpt>
			<trkpt lat="22.920589" lon="114.859842">
				<speed>1.013524</speed>
				<ele>157.000000</ele>
				<time>2025-04-05T09:13:34Z</time>
			</trkpt>
			<trkpt lat="22.920598" lon="114.859741">
				<speed>0.798585</speed>
				<ele>154.000000</ele>
				<time>2025-04-05T09:13:45Z</time>
			</trkpt>
			<trkpt lat="22.920641" lon="114.859652">
				<speed>0.567044</speed>
				<ele>151.000000</ele>
				<time>2025-04-05T09:13:57Z</time>
			</trkpt>
			<trkpt lat="22.920710" lon="114.859580">
				<speed>1.196231</speed>
				<ele>148.000000</ele>
				<time>2025-04-05T09:14:10Z</time>
			</trkpt>
			<trkpt lat="22.920713" lon="114.859480">
				<speed>0.560700</speed>
				<ele>150.000000</ele>
				<time>2025-04-05T09:15:22Z</time>
			</trkpt>
			<trkpt lat="22.920650" lon="114.859408">
				<speed>0.550868</speed>
				<ele>143.000000</ele>
				<time>2025-04-05T09:15:40Z</time>
			</trkpt>
			<trkpt lat="22.920568" lon="114.859367">
				<speed>0.726673</speed>
				<ele>137.000000</ele>
				<time>2025-04-05T09:15:52Z</time>
			</trkpt>
			<trkpt lat="22.920500" lon="114.859297">
				<speed>1.300955</speed>
				<ele>134.000000</ele>
				<time>2025-04-05T09:16:16Z</time>
			</trkpt>
			<trkpt lat="22.920464" lon="114.859202">
				<speed>1.084235</speed>
				<ele>136.000000</ele>
				<time>2025-04-05T09:16:29Z</time>
			</trkpt>
		</trkseg>
	</trk>
	<extensions>
		<name>2025-04-05 10:47:04</name>
		<TrackTypeId>8</TrackTypeId>
		<SportType>18</SportType>
		<TrackTags><![CDATA[徒步]]></TrackTags>
		<BeginTime>1743821224000</BeginTime>
		<EndTime>1743844610753</EndTime>
		<PauseTime>9615</PauseTime>
		<StartDistrictId>0</StartDistrictId>
		<EndDistrictId>0</EndDistrictId>
		<CreaterId>56392261</CreaterId>
		<CreaterName><![CDATA[Andy 的游历]]></CreaterName>
		<OriginCreaterId>56392261</OriginCreaterId>
		<OriginCreaterName><![CDATA[Andy 的游历]]></OriginCreaterName>
		<Distance>10560.265626</Distance>
		<ElevationGain>897.230000</ElevationGain>
		<ElevationLoss>890.550000</ElevationLoss>
		<SportAvgSpeed>0.766809</SportAvgSpeed>
	</extensions>
</gpx>
