<?xml version="1.0" encoding="UTF-8"?>
<gpx xmlns="http://www.topografix.com/GPX/1/1" version="1.1" creator="GPSBabel - http://www.gpsbabel.org">
	<metadata>
		<author>
			<name><![CDATA[Andy 的游历]]></name>
		</author>
	</metadata>
	<trk>
		<trkseg>
			<trkpt lat="28.880747" lon="118.061382">
				<speed>0.826186</speed>
				<ele>580.000000</ele>
				<time>2026-01-02T00:40:04Z</time>
			</trkpt>
			<trkpt lat="28.880784" lon="118.061346">
				<speed>0.812145</speed>
				<ele>582.000000</ele>
				<time>2026-01-02T00:40:09Z</time>
			</trkpt>
			<trkpt lat="28.880810" lon="118.061297">
				<speed>0.871216</speed>
				<ele>583.000000</ele>
				<time>2026-01-02T00:40:15Z</time>
			</trkpt>
			<trkpt lat="28.880838" lon="118.061239">
				<speed>1.134871</speed>
				<ele>584.000000</ele>
				<time>2026-01-02T00:40:20Z</time>
			</trkpt>
			<trkpt lat="28.880862" lon="118.061176">
				<speed>1.240110</speed>
				<ele>584.000000</ele>
				<time>2026-01-02T00:40:25Z</time>
			</trkpt>
			<trkpt lat="28.880905" lon="118.061141">
				<speed>1.216683</speed>
				<ele>583.000000</ele>
				<time>2026-01-02T00:40:30Z</time>
			</trkpt>
			<trkpt lat="28.880947" lon="118.061116">
				<speed>0.789672</speed>
				<ele>584.000000</ele>
				<time>2026-01-02T00:40:36Z</time>
			</trkpt>
			<trkpt lat="28.880988" lon="118.061084">
				<speed>1.244616</speed>
				<ele>584.000000</ele>
				<time>2026-01-02T00:40:40Z</time>
			</trkpt>
			<trkpt lat="28.881033" lon="118.061058">
				<speed>0.961216</speed>
				<ele>586.000000</ele>
				<time>2026-01-02T00:40:45Z</time>
			</trkpt>
			<trkpt lat="28.881081" lon="118.061027">
				<speed>1.115245</speed>
				<ele>589.000000</ele>
				<time>2026-01-02T00:40:50Z</time>
			</trkpt>
			<trkpt lat="28.881131" lon="118.061016">
				<speed>0.964768</speed>
				<ele>592.000000</ele>
				<time>2026-01-02T00:40:55Z</time>
			</trkpt>
			<trkpt lat="28.881178" lon="118.061003">
				<speed>1.080588</speed>
				<ele>593.000000</ele>
				<time>2026-01-02T00:41:00Z</time>
			</trkpt>
			<trkpt lat="28.881230" lon="118.061004">
				<speed>1.055643</speed>
				<ele>593.000000</ele>
				<time>2026-01-02T00:41:05Z</time>
			</trkpt>
			<trkpt lat="28.881280" lon="118.061014">
				<speed>0.969936</speed>
				<ele>593.000000</ele>
				<time>2026-01-02T00:41:11Z</time>
			</trkpt>
			<trkpt lat="28.881331" lon="118.061039">
				<speed>1.141955</speed>
				<ele>593.000000</ele>
				<time>2026-01-02T00:41:16Z</time>
			</trkpt>
			<trkpt lat="28.881373" lon="118.061059">
				<speed>1.115027</speed>
				<ele>594.000000</ele>
				<time>2026-01-02T00:41:20Z</time>
			</trkpt>
			<trkpt lat="28.881425" lon="118.061085">
				<speed>1.303795</speed>
				<ele>593.000000</ele>
				<time>2026-01-02T00:41:24Z</time>
			</trkpt>
			<trkpt lat="28.881469" lon="118.061068">
				<speed>1.237483</speed>
				<ele>594.000000</ele>
				<time>2026-01-02T00:41:27Z</time>
			</trkpt>
			<trkpt lat="28.881507" lon="118.061103">
				<speed>0.891583</speed>
				<ele>594.000000</ele>
				<time>2026-01-02T00:41:31Z</time>
			</trkpt>
			<trkpt lat="28.881552" lon="118.061103">
				<speed>1.068329</speed>
				<ele>595.000000</ele>
				<time>2026-01-02T00:41:36Z</time>
			</trkpt>
			<trkpt lat="28.881594" lon="118.061057">
				<speed>1.222981</speed>
				<ele>598.000000</ele>
				<time>2026-01-02T00:41:41Z</time>
			</trkpt>
			<trkpt lat="28.881614" lon="118.061004">
				<speed>1.284889</speed>
				<ele>600.000000</ele>
				<time>2026-01-02T00:41:45Z</time>
			</trkpt>
			<trkpt lat="28.881621" lon="118.060944">
				<speed>1.108603</speed>
				<ele>601.000000</ele>
				<time>2026-01-02T00:41:49Z</time>
			</trkpt>
			<trkpt lat="28.881627" lon="118.060891">
				<speed>1.023559</speed>
				<ele>604.000000</ele>
				<time>2026-01-02T00:41:53Z</time>
			</trkpt>
			<trkpt lat="28.881641" lon="118.060839">
				<speed>1.182891</speed>
				<ele>605.000000</ele>
				<time>2026-01-02T00:41:57Z</time>
			</trkpt>
			<trkpt lat="28.881670" lon="118.060787">
				<speed>0.995808</speed>
				<ele>605.000000</ele>
				<time>2026-01-02T00:42:02Z</time>
			</trkpt>
			<trkpt lat="28.881691" lon="118.060737">
				<speed>1.141751</speed>
				<ele>606.000000</ele>
				<time>2026-01-02T00:42:06Z</time>
			</trkpt>
			<trkpt lat="28.881732" lon="118.060700">
				<speed>0.879183</speed>
				<ele>605.000000</ele>
				<time>2026-01-02T00:42:13Z</time>
			</trkpt>
			<trkpt lat="28.881779" lon="118.060673">
				<speed>0.912229</speed>
				<ele>606.000000</ele>
				<time>2026-01-02T00:42:19Z</time>
			</trkpt>
			<trkpt lat="28.881837" lon="118.060667">
				<speed>1.185686</speed>
				<ele>611.000000</ele>
				<time>2026-01-02T00:42:25Z</time>
			</trkpt>
			<trkpt lat="28.881887" lon="118.060655">
				<speed>0.937337</speed>
				<ele>609.000000</ele>
				<time>2026-01-02T00:42:29Z</time>
			</trkpt>
			<trkpt lat="28.881941" lon="118.060653">
				<speed>1.073880</speed>
				<ele>608.000000</ele>
				<time>2026-01-02T00:42:33Z</time>
			</trkpt>
			<trkpt lat="28.881987" lon="118.060646">
				<speed>0.949660</speed>
				<ele>607.000000</ele>
				<time>2026-01-02T00:42:38Z</time>
			</trkpt>
			<trkpt lat="28.882040" lon="118.060631">
				<speed>1.041494</speed>
				<ele>609.000000</ele>
				<time>2026-01-02T00:42:43Z</time>
			</trkpt>
			<trkpt lat="28.882086" lon="118.060631">
				<speed>0.681878</speed>
				<ele>609.000000</ele>
				<time>2026-01-02T00:42:48Z</time>
			</trkpt>
			<trkpt lat="28.882140" lon="118.060631">
				<speed>0.883588</speed>
				<ele>611.000000</ele>
				<time>2026-01-02T00:42:53Z</time>
			</trkpt>
			<trkpt lat="28.882190" lon="118.060611">
				<speed>1.001825</speed>
				<ele>612.000000</ele>
				<time>2026-01-02T00:42:57Z</time>
			</trkpt>
			<trkpt lat="28.882235" lon="118.060612">
				<speed>1.291506</speed>
				<ele>611.000000</ele>
				<time>2026-01-02T00:43:00Z</time>
			</trkpt>
			<trkpt lat="28.882282" lon="118.060614">
				<speed>1.145626</speed>
				<ele>609.000000</ele>
				<time>2026-01-02T00:43:04Z</time>
			</trkpt>
			<trkpt lat="28.882335" lon="118.060601">
				<speed>1.419730</speed>
				<ele>609.000000</ele>
				<time>2026-01-02T00:43:08Z</time>
			</trkpt>
			<trkpt lat="28.882381" lon="118.060601">
				<speed>1.095915</speed>
				<ele>609.000000</ele>
				<time>2026-01-02T00:43:11Z</time>
			</trkpt>
			<trkpt lat="28.882432" lon="118.060595">
				<speed>1.416194</speed>
				<ele>610.000000</ele>
				<time>2026-01-02T00:43:15Z</time>
			</trkpt>
			<trkpt lat="28.882480" lon="118.060576">
				<speed>1.186976</speed>
				<ele>610.000000</ele>
				<time>2026-01-02T00:43:19Z</time>
			</trkpt>
			<trkpt lat="28.882537" lon="118.060590">
				<speed>1.356981</speed>
				<ele>608.000000</ele>
				<time>2026-01-02T00:43:23Z</time>
			</trkpt>
			<trkpt lat="28.882583" lon="118.060592">
				<speed>1.009454</speed>
				<ele>609.000000</ele>
				<time>2026-01-02T00:43:28Z</time>
			</trkpt>
			<trkpt lat="28.882635" lon="118.060589">
				<speed>1.350286</speed>
				<ele>609.000000</ele>
				<time>2026-01-02T00:43:32Z</time>
			</trkpt>
			<trkpt lat="28.882688" lon="118.060609">
				<speed>1.457266</speed>
				<ele>610.000000</ele>
				<time>2026-01-02T00:43:37Z</time>
			</trkpt>
			<trkpt lat="28.882728" lon="118.060638">
				<speed>0.883613</speed>
				<ele>611.000000</ele>
				<time>2026-01-02T00:43:42Z</time>
			</trkpt>
			<trkpt lat="28.882780" lon="118.060651">
				<speed>0.807439</speed>
				<ele>612.000000</ele>
				<time>2026-01-02T00:43:48Z</time>
			</trkpt>
			<trkpt lat="28.882826" lon="118.060664">
				<speed>0.496754</speed>
				<ele>614.000000</ele>
				<time>2026-01-02T00:43:53Z</time>
			</trkpt>
			<trkpt lat="28.882859" lon="118.060710">
				<speed>0.270939</speed>
				<ele>620.000000</ele>
				<time>2026-01-02T00:44:01Z</time>
			</trkpt>
			<trkpt lat="28.882896" lon="118.060741">
				<speed>0.294461</speed>
				<ele>623.000000</ele>
				<time>2026-01-02T00:44:10Z</time>
			</trkpt>
			<trkpt lat="28.882940" lon="118.060722">
				<speed>0.013400</speed>
				<ele>625.000000</ele>
				<time>2026-01-02T00:44:22Z</time>
			</trkpt>
			<trkpt lat="28.882987" lon="118.060721">
				<speed>0.662883</speed>
				<ele>630.000000</ele>
				<time>2026-01-02T00:44:37Z</time>
			</trkpt>
			<trkpt lat="28.883029" lon="118.060743">
				<speed>0.540615</speed>
				<ele>633.000000</ele>
				<time>2026-01-02T00:44:47Z</time>
			</trkpt>
			<trkpt lat="28.883068" lon="118.060779">
				<speed>0.717566</speed>
				<ele>634.000000</ele>
				<time>2026-01-02T00:44:58Z</time>
			</trkpt>
			<trkpt lat="28.883114" lon="118.060793">
				<speed>0.675242</speed>
				<ele>634.000000</ele>
				<time>2026-01-02T00:45:04Z</time>
			</trkpt>
			<trkpt lat="28.883158" lon="118.060775">
				<speed>0.192906</speed>
				<ele>635.000000</ele>
				<time>2026-01-02T00:45:12Z</time>
			</trkpt>
			<trkpt lat="28.883199" lon="118.060753">
				<speed>0.206609</speed>
				<ele>635.000000</ele>
				<time>2026-01-02T00:45:22Z</time>
			</trkpt>
			<trkpt lat="28.883247" lon="118.060735">
				<speed>0.682154</speed>
				<ele>636.000000</ele>
				<time>2026-01-02T00:45:27Z</time>
			</trkpt>
			<trkpt lat="28.883291" lon="118.060711">
				<speed>0.790199</speed>
				<ele>633.000000</ele>
				<time>2026-01-02T00:45:31Z</time>
			</trkpt>
			<trkpt lat="28.883337" lon="118.060696">
				<speed>0.488347</speed>
				<ele>632.000000</ele>
				<time>2026-01-02T00:45:36Z</time>
			</trkpt>
			<trkpt lat="28.883377" lon="118.060665">
				<speed>0.758652</speed>
				<ele>633.000000</ele>
				<time>2026-01-02T00:45:40Z</time>
			</trkpt>
			<trkpt lat="28.883422" lon="118.060636">
				<speed>0.668689</speed>
				<ele>632.000000</ele>
				<time>2026-01-02T00:45:44Z</time>
			</trkpt>
			<trkpt lat="28.883458" lon="118.060590">
				<speed>0.900408</speed>
				<ele>633.000000</ele>
				<time>2026-01-02T00:45:48Z</time>
			</trkpt>
			<trkpt lat="28.883488" lon="118.060551">
				<speed>0.430400</speed>
				<ele>629.000000</ele>
				<time>2026-01-02T00:45:53Z</time>
			</trkpt>
			<trkpt lat="28.883517" lon="118.060504">
				<speed>1.222394</speed>
				<ele>629.000000</ele>
				<time>2026-01-02T00:45:57Z</time>
			</trkpt>
			<trkpt lat="28.883561" lon="118.060475">
				<speed>0.978481</speed>
				<ele>629.000000</ele>
				<time>2026-01-02T00:46:01Z</time>
			</trkpt>
			<trkpt lat="28.883614" lon="118.060450">
				<speed>1.261134</speed>
				<ele>629.000000</ele>
				<time>2026-01-02T00:46:05Z</time>
			</trkpt>
			<trkpt lat="28.883664" lon="118.060437">
				<speed>1.060622</speed>
				<ele>631.000000</ele>
				<time>2026-01-02T00:46:09Z</time>
			</trkpt>
			<trkpt lat="28.883721" lon="118.060429">
				<speed>0.901339</speed>
				<ele>629.000000</ele>
				<time>2026-01-02T00:46:14Z</time>
			</trkpt>
			<trkpt lat="28.883767" lon="118.060426">
				<speed>0.727236</speed>
				<ele>629.000000</ele>
				<time>2026-01-02T00:46:18Z</time>
			</trkpt>
			<trkpt lat="28.883825" lon="118.060430">
				<speed>1.362764</speed>
				<ele>629.000000</ele>
				<time>2026-01-02T00:46:23Z</time>
			</trkpt>
			<trkpt lat="28.883880" lon="118.060436">
				<speed>0.951094</speed>
				<ele>631.000000</ele>
				<time>2026-01-02T00:46:27Z</time>
			</trkpt>
			<trkpt lat="28.883927" lon="118.060437">
				<speed>1.303431</speed>
				<ele>630.000000</ele>
				<time>2026-01-02T00:46:30Z</time>
			</trkpt>
			<trkpt lat="28.883977" lon="118.060435">
				<speed>0.901616</speed>
				<ele>630.000000</ele>
				<time>2026-01-02T00:46:34Z</time>
			</trkpt>
			<trkpt lat="28.884028" lon="118.060439">
				<speed>1.111906</speed>
				<ele>631.000000</ele>
				<time>2026-01-02T00:46:38Z</time>
			</trkpt>
			<trkpt lat="28.884078" lon="118.060439">
				<speed>0.950003</speed>
				<ele>631.000000</ele>
				<time>2026-01-02T00:46:42Z</time>
			</trkpt>
			<trkpt lat="28.884139" lon="118.060436">
				<speed>1.221027</speed>
				<ele>631.000000</ele>
				<time>2026-01-02T00:46:46Z</time>
			</trkpt>
			<trkpt lat="28.884179" lon="118.060478">
				<speed>1.268671</speed>
				<ele>632.000000</ele>
				<time>2026-01-02T00:46:50Z</time>
			</trkpt>
			<trkpt lat="28.884217" lon="118.060511">
				<speed>1.223243</speed>
				<ele>632.000000</ele>
				<time>2026-01-02T00:46:54Z</time>
			</trkpt>
			<trkpt lat="28.884264" lon="118.060524">
				<speed>1.097903</speed>
				<ele>632.000000</ele>
				<time>2026-01-02T00:46:58Z</time>
			</trkpt>
			<trkpt lat="28.884310" lon="118.060545">
				<speed>1.249811</speed>
				<ele>632.000000</ele>
				<time>2026-01-02T00:47:02Z</time>
			</trkpt>
			<trkpt lat="28.884359" lon="118.060558">
				<speed>1.064403</speed>
				<ele>635.000000</ele>
				<time>2026-01-02T00:47:06Z</time>
			</trkpt>
			<trkpt lat="28.884413" lon="118.060574">
				<speed>1.368685</speed>
				<ele>636.000000</ele>
				<time>2026-01-02T00:47:10Z</time>
			</trkpt>
			<trkpt lat="28.884465" lon="118.060599">
				<speed>1.215394</speed>
				<ele>636.000000</ele>
				<time>2026-01-02T00:47:14Z</time>
			</trkpt>
			<trkpt lat="28.884510" lon="118.060618">
				<speed>1.046635</speed>
				<ele>638.000000</ele>
				<time>2026-01-02T00:47:18Z</time>
			</trkpt>
			<trkpt lat="28.884546" lon="118.060655">
				<speed>0.973382</speed>
				<ele>640.000000</ele>
				<time>2026-01-02T00:47:32Z</time>
			</trkpt>
			<trkpt lat="28.884599" lon="118.060678">
				<speed>1.076253</speed>
				<ele>640.000000</ele>
				<time>2026-01-02T00:47:37Z</time>
			</trkpt>
			<trkpt lat="28.884658" lon="118.060688">
				<speed>1.351698</speed>
				<ele>642.000000</ele>
				<time>2026-01-02T00:47:41Z</time>
			</trkpt>
			<trkpt lat="28.884710" lon="118.060703">
				<speed>1.007547</speed>
				<ele>641.000000</ele>
				<time>2026-01-02T00:47:45Z</time>
			</trkpt>
			<trkpt lat="28.884755" lon="118.060701">
				<speed>1.147378</speed>
				<ele>643.000000</ele>
				<time>2026-01-02T00:47:49Z</time>
			</trkpt>
			<trkpt lat="28.884805" lon="118.060707">
				<speed>0.822564</speed>
				<ele>643.000000</ele>
				<time>2026-01-02T00:47:54Z</time>
			</trkpt>
			<trkpt lat="28.884852" lon="118.060721">
				<speed>0.553557</speed>
				<ele>642.000000</ele>
				<time>2026-01-02T00:48:01Z</time>
			</trkpt>
			<trkpt lat="28.884897" lon="118.060721">
				<speed>0.545731</speed>
				<ele>641.000000</ele>
				<time>2026-01-02T00:48:07Z</time>
			</trkpt>
			<trkpt lat="28.884945" lon="118.060740">
				<speed>0.811973</speed>
				<ele>642.000000</ele>
				<time>2026-01-02T00:48:12Z</time>
			</trkpt>
			<trkpt lat="28.884992" lon="118.060747">
				<speed>0.490675</speed>
				<ele>643.000000</ele>
				<time>2026-01-02T00:48:20Z</time>
			</trkpt>
			<trkpt lat="28.885039" lon="118.060766">
				<speed>1.429179</speed>
				<ele>648.000000</ele>
				<time>2026-01-02T00:48:54Z</time>
			</trkpt>
			<trkpt lat="28.885085" lon="118.060773">
				<speed>0.580099</speed>
				<ele>647.000000</ele>
				<time>2026-01-02T00:49:08Z</time>
			</trkpt>
			<trkpt lat="28.885131" lon="118.060785">
				<speed>0.772675</speed>
				<ele>649.000000</ele>
				<time>2026-01-02T00:49:15Z</time>
			</trkpt>
			<trkpt lat="28.885181" lon="118.060804">
				<speed>0.888343</speed>
				<ele>648.000000</ele>
				<time>2026-01-02T00:49:21Z</time>
			</trkpt>
			<trkpt lat="28.885224" lon="118.060844">
				<speed>0.905858</speed>
				<ele>645.000000</ele>
				<time>2026-01-02T00:49:27Z</time>
			</trkpt>
			<trkpt lat="28.885269" lon="118.060875">
				<speed>0.998836</speed>
				<ele>645.000000</ele>
				<time>2026-01-02T00:49:32Z</time>
			</trkpt>
			<trkpt lat="28.885308" lon="118.060913">
				<speed>0.969537</speed>
				<ele>645.000000</ele>
				<time>2026-01-02T00:49:36Z</time>
			</trkpt>
			<trkpt lat="28.885341" lon="118.060963">
				<speed>1.092605</speed>
				<ele>645.000000</ele>
				<time>2026-01-02T00:49:41Z</time>
			</trkpt>
			<trkpt lat="28.885367" lon="118.061013">
				<speed>1.092054</speed>
				<ele>646.000000</ele>
				<time>2026-01-02T00:49:46Z</time>
			</trkpt>
			<trkpt lat="28.885393" lon="118.061067">
				<speed>0.896254</speed>
				<ele>645.000000</ele>
				<time>2026-01-02T00:49:51Z</time>
			</trkpt>
			<trkpt lat="28.885419" lon="118.061111">
				<speed>1.309689</speed>
				<ele>644.000000</ele>
				<time>2026-01-02T00:49:54Z</time>
			</trkpt>
			<trkpt lat="28.885452" lon="118.061158">
				<speed>1.500269</speed>
				<ele>644.000000</ele>
				<time>2026-01-02T00:49:58Z</time>
			</trkpt>
			<trkpt lat="28.885491" lon="118.061189">
				<speed>0.542723</speed>
				<ele>643.000000</ele>
				<time>2026-01-02T00:50:04Z</time>
			</trkpt>
			<trkpt lat="28.885497" lon="118.061242">
				<speed>0.671214</speed>
				<ele>646.000000</ele>
				<time>2026-01-02T00:50:08Z</time>
			</trkpt>
			<trkpt lat="28.885526" lon="118.061287">
				<speed>0.891101</speed>
				<ele>647.000000</ele>
				<time>2026-01-02T00:50:13Z</time>
			</trkpt>
			<trkpt lat="28.885548" lon="118.061334">
				<speed>0.303545</speed>
				<ele>650.000000</ele>
				<time>2026-01-02T00:50:22Z</time>
			</trkpt>
			<trkpt lat="28.885599" lon="118.061326">
				<speed>0.872099</speed>
				<ele>650.000000</ele>
				<time>2026-01-02T00:50:27Z</time>
			</trkpt>
			<trkpt lat="28.885647" lon="118.061344">
				<speed>0.653538</speed>
				<ele>650.000000</ele>
				<time>2026-01-02T00:50:33Z</time>
			</trkpt>
			<trkpt lat="28.885677" lon="118.061396">
				<speed>1.160722</speed>
				<ele>652.000000</ele>
				<time>2026-01-02T00:50:38Z</time>
			</trkpt>
			<trkpt lat="28.885684" lon="118.061465">
				<speed>1.160078</speed>
				<ele>653.000000</ele>
				<time>2026-01-02T00:50:42Z</time>
			</trkpt>
			<trkpt lat="28.885704" lon="118.061522">
				<speed>0.883672</speed>
				<ele>652.000000</ele>
				<time>2026-01-02T00:50:46Z</time>
			</trkpt>
			<trkpt lat="28.885745" lon="118.061553">
				<speed>0.465825</speed>
				<ele>656.000000</ele>
				<time>2026-01-02T00:50:54Z</time>
			</trkpt>
			<trkpt lat="28.885788" lon="118.061570">
				<speed>0.623992</speed>
				<ele>657.000000</ele>
				<time>2026-01-02T00:51:01Z</time>
			</trkpt>
			<trkpt lat="28.885841" lon="118.061565">
				<speed>0.767999</speed>
				<ele>657.000000</ele>
				<time>2026-01-02T00:51:05Z</time>
			</trkpt>
			<trkpt lat="28.885884" lon="118.061597">
				<speed>0.517385</speed>
				<ele>658.000000</ele>
				<time>2026-01-02T00:51:16Z</time>
			</trkpt>
			<trkpt lat="28.885928" lon="118.061610">
				<speed>0.283162</speed>
				<ele>658.000000</ele>
				<time>2026-01-02T00:51:22Z</time>
			</trkpt>
			<trkpt lat="28.885968" lon="118.061642">
				<speed>0.689942</speed>
				<ele>660.000000</ele>
				<time>2026-01-02T00:51:29Z</time>
			</trkpt>
			<trkpt lat="28.886015" lon="118.061680">
				<speed>1.188133</speed>
				<ele>660.000000</ele>
				<time>2026-01-02T00:51:34Z</time>
			</trkpt>
			<trkpt lat="28.886035" lon="118.061729">
				<speed>0.427789</speed>
				<ele>661.000000</ele>
				<time>2026-01-02T00:51:39Z</time>
			</trkpt>
			<trkpt lat="28.886048" lon="118.061779">
				<speed>0.363859</speed>
				<ele>665.000000</ele>
				<time>2026-01-02T00:51:47Z</time>
			</trkpt>
			<trkpt lat="28.886092" lon="118.061795">
				<speed>0.261802</speed>
				<ele>668.000000</ele>
				<time>2026-01-02T00:51:57Z</time>
			</trkpt>
			<trkpt lat="28.886142" lon="118.061786">
				<speed>0.254928</speed>
				<ele>668.000000</ele>
				<time>2026-01-02T00:52:04Z</time>
			</trkpt>
			<trkpt lat="28.886187" lon="118.061791">
				<speed>0.364019</speed>
				<ele>669.000000</ele>
				<time>2026-01-02T00:52:11Z</time>
			</trkpt>
			<trkpt lat="28.886228" lon="118.061830">
				<speed>0.640416</speed>
				<ele>668.000000</ele>
				<time>2026-01-02T00:52:19Z</time>
			</trkpt>
			<trkpt lat="28.886252" lon="118.061877">
				<speed>0.207180</speed>
				<ele>670.000000</ele>
				<time>2026-01-02T00:52:25Z</time>
			</trkpt>
			<trkpt lat="28.886265" lon="118.061927">
				<speed>0.101643</speed>
				<ele>673.000000</ele>
				<time>2026-01-02T00:52:31Z</time>
			</trkpt>
			<trkpt lat="28.886287" lon="118.061984">
				<speed>0.372424</speed>
				<ele>674.000000</ele>
				<time>2026-01-02T00:52:36Z</time>
			</trkpt>
			<trkpt lat="28.886312" lon="118.062034">
				<speed>1.119854</speed>
				<ele>675.000000</ele>
				<time>2026-01-02T00:52:45Z</time>
			</trkpt>
			<trkpt lat="28.886349" lon="118.062066">
				<speed>0.227722</speed>
				<ele>679.000000</ele>
				<time>2026-01-02T00:53:00Z</time>
			</trkpt>
			<trkpt lat="28.886385" lon="118.062105">
				<speed>0.426854</speed>
				<ele>678.000000</ele>
				<time>2026-01-02T00:53:14Z</time>
			</trkpt>
			<trkpt lat="28.886432" lon="118.062111">
				<speed>0.320010</speed>
				<ele>682.000000</ele>
				<time>2026-01-02T00:53:29Z</time>
			</trkpt>
			<trkpt lat="28.886479" lon="118.062106">
				<speed>0.157339</speed>
				<ele>684.000000</ele>
				<time>2026-01-02T00:53:43Z</time>
			</trkpt>
			<trkpt lat="28.886517" lon="118.062138">
				<speed>0.580004</speed>
				<ele>687.000000</ele>
				<time>2026-01-02T00:53:58Z</time>
			</trkpt>
			<trkpt lat="28.886555" lon="118.062183">
				<speed>0.588099</speed>
				<ele>685.000000</ele>
				<time>2026-01-02T00:54:07Z</time>
			</trkpt>
			<trkpt lat="28.886573" lon="118.062237">
				<speed>0.711227</speed>
				<ele>685.000000</ele>
				<time>2026-01-02T00:54:12Z</time>
			</trkpt>
			<trkpt lat="28.886591" lon="118.062295">
				<speed>0.915243</speed>
				<ele>686.000000</ele>
				<time>2026-01-02T00:54:16Z</time>
			</trkpt>
			<trkpt lat="28.886636" lon="118.062311">
				<speed>0.438951</speed>
				<ele>685.000000</ele>
				<time>2026-01-02T00:54:22Z</time>
			</trkpt>
			<trkpt lat="28.886669" lon="118.062356">
				<speed>0.932455</speed>
				<ele>686.000000</ele>
				<time>2026-01-02T00:54:28Z</time>
			</trkpt>
			<trkpt lat="28.886726" lon="118.062375">
				<speed>1.329821</speed>
				<ele>685.000000</ele>
				<time>2026-01-02T00:54:34Z</time>
			</trkpt>
			<trkpt lat="28.886756" lon="118.062433">
				<speed>1.179579</speed>
				<ele>689.000000</ele>
				<time>2026-01-02T00:54:39Z</time>
			</trkpt>
			<trkpt lat="28.886806" lon="118.062443">
				<speed>0.941809</speed>
				<ele>689.000000</ele>
				<time>2026-01-02T00:54:44Z</time>
			</trkpt>
			<trkpt lat="28.886860" lon="118.062463">
				<speed>0.860798</speed>
				<ele>690.000000</ele>
				<time>2026-01-02T00:54:52Z</time>
			</trkpt>
			<trkpt lat="28.886902" lon="118.062483">
				<speed>0.607979</speed>
				<ele>692.000000</ele>
				<time>2026-01-02T00:54:57Z</time>
			</trkpt>
			<trkpt lat="28.886940" lon="118.062512">
				<speed>0.563271</speed>
				<ele>692.000000</ele>
				<time>2026-01-02T00:55:02Z</time>
			</trkpt>
			<trkpt lat="28.886976" lon="118.062545">
				<speed>0.458832</speed>
				<ele>692.000000</ele>
				<time>2026-01-02T00:55:09Z</time>
			</trkpt>
			<trkpt lat="28.887009" lon="118.062590">
				<speed>0.410920</speed>
				<ele>691.000000</ele>
				<time>2026-01-02T00:55:17Z</time>
			</trkpt>
			<trkpt lat="28.887019" lon="118.062643">
				<speed>0.309477</speed>
				<ele>694.000000</ele>
				<time>2026-01-02T00:55:23Z</time>
			</trkpt>
			<trkpt lat="28.887054" lon="118.062684">
				<speed>0.813825</speed>
				<ele>694.000000</ele>
				<time>2026-01-02T00:55:30Z</time>
			</trkpt>
			<trkpt lat="28.887062" lon="118.062751">
				<speed>0.506355</speed>
				<ele>698.000000</ele>
				<time>2026-01-02T00:55:41Z</time>
			</trkpt>
			<trkpt lat="28.887107" lon="118.062780">
				<speed>0.709771</speed>
				<ele>698.000000</ele>
				<time>2026-01-02T00:55:46Z</time>
			</trkpt>
			<trkpt lat="28.887146" lon="118.062813">
				<speed>0.337449</speed>
				<ele>698.000000</ele>
				<time>2026-01-02T00:55:53Z</time>
			</trkpt>
			<trkpt lat="28.887188" lon="118.062845">
				<speed>0.417949</speed>
				<ele>698.000000</ele>
				<time>2026-01-02T00:56:01Z</time>
			</trkpt>
			<trkpt lat="28.887218" lon="118.062890">
				<speed>0.573261</speed>
				<ele>700.000000</ele>
				<time>2026-01-02T00:56:09Z</time>
			</trkpt>
			<trkpt lat="28.887262" lon="118.062907">
				<speed>0.521152</speed>
				<ele>702.000000</ele>
				<time>2026-01-02T00:56:16Z</time>
			</trkpt>
			<trkpt lat="28.887307" lon="118.062929">
				<speed>0.573542</speed>
				<ele>704.000000</ele>
				<time>2026-01-02T00:56:23Z</time>
			</trkpt>
			<trkpt lat="28.887345" lon="118.062958">
				<speed>0.372817</speed>
				<ele>705.000000</ele>
				<time>2026-01-02T00:56:30Z</time>
			</trkpt>
			<trkpt lat="28.887387" lon="118.062980">
				<speed>0.490085</speed>
				<ele>706.000000</ele>
				<time>2026-01-02T00:56:36Z</time>
			</trkpt>
			<trkpt lat="28.887427" lon="118.063004">
				<speed>0.389078</speed>
				<ele>709.000000</ele>
				<time>2026-01-02T00:56:43Z</time>
			</trkpt>
			<trkpt lat="28.887459" lon="118.063041">
				<speed>0.433656</speed>
				<ele>709.000000</ele>
				<time>2026-01-02T00:56:51Z</time>
			</trkpt>
			<trkpt lat="28.887503" lon="118.063064">
				<speed>0.563723</speed>
				<ele>712.000000</ele>
				<time>2026-01-02T00:56:58Z</time>
			</trkpt>
			<trkpt lat="28.887543" lon="118.063091">
				<speed>0.405819</speed>
				<ele>711.000000</ele>
				<time>2026-01-02T00:57:05Z</time>
			</trkpt>
			<trkpt lat="28.887582" lon="118.063125">
				<speed>0.263193</speed>
				<ele>714.000000</ele>
				<time>2026-01-02T00:57:13Z</time>
			</trkpt>
			<trkpt lat="28.887630" lon="118.063141">
				<speed>0.280586</speed>
				<ele>714.000000</ele>
				<time>2026-01-02T00:57:23Z</time>
			</trkpt>
			<trkpt lat="28.887669" lon="118.063178">
				<speed>0.424859</speed>
				<ele>716.000000</ele>
				<time>2026-01-02T00:57:34Z</time>
			</trkpt>
			<trkpt lat="28.887701" lon="118.063141">
				<speed>0.266152</speed>
				<ele>718.000000</ele>
				<time>2026-01-02T00:57:40Z</time>
			</trkpt>
			<trkpt lat="28.887719" lon="118.063084">
				<speed>0.613300</speed>
				<ele>721.000000</ele>
				<time>2026-01-02T00:57:59Z</time>
			</trkpt>
			<trkpt lat="28.887754" lon="118.063115">
				<speed>0.091775</speed>
				<ele>725.000000</ele>
				<time>2026-01-02T00:58:13Z</time>
			</trkpt>
			<trkpt lat="28.887804" lon="118.063117">
				<speed>0.394126</speed>
				<ele>726.000000</ele>
				<time>2026-01-02T00:58:22Z</time>
			</trkpt>
			<trkpt lat="28.887825" lon="118.063167">
				<speed>0.421169</speed>
				<ele>725.000000</ele>
				<time>2026-01-02T00:58:33Z</time>
			</trkpt>
			<trkpt lat="28.887854" lon="118.063214">
				<speed>0.441403</speed>
				<ele>725.000000</ele>
				<time>2026-01-02T00:58:39Z</time>
			</trkpt>
			<trkpt lat="28.887880" lon="118.063260">
				<speed>0.188073</speed>
				<ele>726.000000</ele>
				<time>2026-01-02T00:58:46Z</time>
			</trkpt>
			<trkpt lat="28.887925" lon="118.063276">
				<speed>0.101846</speed>
				<ele>726.000000</ele>
				<time>2026-01-02T00:58:59Z</time>
			</trkpt>
			<trkpt lat="28.887966" lon="118.063305">
				<speed>0.355469</speed>
				<ele>726.000000</ele>
				<time>2026-01-02T00:59:08Z</time>
			</trkpt>
			<trkpt lat="28.888004" lon="118.063345">
				<speed>0.409960</speed>
				<ele>727.000000</ele>
				<time>2026-01-02T00:59:14Z</time>
			</trkpt>
			<trkpt lat="28.888026" lon="118.063392">
				<speed>0.463876</speed>
				<ele>728.000000</ele>
				<time>2026-01-02T00:59:19Z</time>
			</trkpt>
			<trkpt lat="28.888060" lon="118.063434">
				<speed>0.850815</speed>
				<ele>727.000000</ele>
				<time>2026-01-02T00:59:24Z</time>
			</trkpt>
			<trkpt lat="28.888097" lon="118.063470">
				<speed>1.171829</speed>
				<ele>729.000000</ele>
				<time>2026-01-02T00:59:28Z</time>
			</trkpt>
			<trkpt lat="28.888138" lon="118.063500">
				<speed>0.552043</speed>
				<ele>728.000000</ele>
				<time>2026-01-02T00:59:33Z</time>
			</trkpt>
			<trkpt lat="28.888182" lon="118.063536">
				<speed>0.697035</speed>
				<ele>731.000000</ele>
				<time>2026-01-02T00:59:40Z</time>
			</trkpt>
			<trkpt lat="28.888223" lon="118.063566">
				<speed>0.575657</speed>
				<ele>735.000000</ele>
				<time>2026-01-02T00:59:45Z</time>
			</trkpt>
			<trkpt lat="28.888264" lon="118.063590">
				<speed>0.343445</speed>
				<ele>735.000000</ele>
				<time>2026-01-02T00:59:50Z</time>
			</trkpt>
			<trkpt lat="28.888301" lon="118.063621">
				<speed>0.727296</speed>
				<ele>737.000000</ele>
				<time>2026-01-02T00:59:57Z</time>
			</trkpt>
			<trkpt lat="28.888346" lon="118.063615">
				<speed>0.380830</speed>
				<ele>738.000000</ele>
				<time>2026-01-02T01:00:04Z</time>
			</trkpt>
			<trkpt lat="28.888391" lon="118.063627">
				<speed>0.675694</speed>
				<ele>737.000000</ele>
				<time>2026-01-02T01:00:11Z</time>
			</trkpt>
			<trkpt lat="28.888446" lon="118.063649">
				<speed>0.881349</speed>
				<ele>738.000000</ele>
				<time>2026-01-02T01:00:18Z</time>
			</trkpt>
			<trkpt lat="28.888493" lon="118.063646">
				<speed>0.558022</speed>
				<ele>738.000000</ele>
				<time>2026-01-02T01:00:24Z</time>
			</trkpt>
			<trkpt lat="28.888544" lon="118.063668">
				<speed>0.470690</speed>
				<ele>739.000000</ele>
				<time>2026-01-02T01:00:31Z</time>
			</trkpt>
			<trkpt lat="28.888594" lon="118.063671">
				<speed>0.689133</speed>
				<ele>737.000000</ele>
				<time>2026-01-02T01:00:35Z</time>
			</trkpt>
			<trkpt lat="28.888642" lon="118.063682">
				<speed>1.023351</speed>
				<ele>736.000000</ele>
				<time>2026-01-02T01:00:39Z</time>
			</trkpt>
			<trkpt lat="28.888691" lon="118.063686">
				<speed>0.716388</speed>
				<ele>736.000000</ele>
				<time>2026-01-02T01:00:43Z</time>
			</trkpt>
			<trkpt lat="28.888748" lon="118.063694">
				<speed>1.356511</speed>
				<ele>738.000000</ele>
				<time>2026-01-02T01:00:47Z</time>
			</trkpt>
			<trkpt lat="28.888795" lon="118.063728">
				<speed>0.961524</speed>
				<ele>739.000000</ele>
				<time>2026-01-02T01:00:52Z</time>
			</trkpt>
			<trkpt lat="28.888849" lon="118.063757">
				<speed>1.200243</speed>
				<ele>739.000000</ele>
				<time>2026-01-02T01:00:57Z</time>
			</trkpt>
			<trkpt lat="28.888899" lon="118.063760">
				<speed>0.859870</speed>
				<ele>740.000000</ele>
				<time>2026-01-02T01:01:02Z</time>
			</trkpt>
			<trkpt lat="28.888953" lon="118.063752">
				<speed>0.718813</speed>
				<ele>741.000000</ele>
				<time>2026-01-02T01:01:07Z</time>
			</trkpt>
			<trkpt lat="28.889004" lon="118.063738">
				<speed>0.850010</speed>
				<ele>742.000000</ele>
				<time>2026-01-02T01:01:11Z</time>
			</trkpt>
			<trkpt lat="28.889053" lon="118.063733">
				<speed>1.032666</speed>
				<ele>744.000000</ele>
				<time>2026-01-02T01:01:15Z</time>
			</trkpt>
			<trkpt lat="28.889106" lon="118.063716">
				<speed>0.664998</speed>
				<ele>743.000000</ele>
				<time>2026-01-02T01:01:21Z</time>
			</trkpt>
			<trkpt lat="28.889157" lon="118.063702">
				<speed>0.794670</speed>
				<ele>743.000000</ele>
				<time>2026-01-02T01:01:26Z</time>
			</trkpt>
			<trkpt lat="28.889202" lon="118.063682">
				<speed>0.680480</speed>
				<ele>744.000000</ele>
				<time>2026-01-02T01:01:31Z</time>
			</trkpt>
			<trkpt lat="28.889252" lon="118.063684">
				<speed>0.535885</speed>
				<ele>745.000000</ele>
				<time>2026-01-02T01:01:38Z</time>
			</trkpt>
			<trkpt lat="28.889303" lon="118.063691">
				<speed>1.022965</speed>
				<ele>746.000000</ele>
				<time>2026-01-02T01:01:44Z</time>
			</trkpt>
			<trkpt lat="28.889353" lon="118.063697">
				<speed>0.810288</speed>
				<ele>745.000000</ele>
				<time>2026-01-02T01:01:49Z</time>
			</trkpt>
			<trkpt lat="28.889401" lon="118.063693">
				<speed>0.789325</speed>
				<ele>745.000000</ele>
				<time>2026-01-02T01:01:54Z</time>
			</trkpt>
			<trkpt lat="28.889446" lon="118.063686">
				<speed>0.644225</speed>
				<ele>747.000000</ele>
				<time>2026-01-02T01:01:59Z</time>
			</trkpt>
			<trkpt lat="28.889480" lon="118.063645">
				<speed>0.589225</speed>
				<ele>750.000000</ele>
				<time>2026-01-02T01:02:04Z</time>
			</trkpt>
			<trkpt lat="28.889517" lon="118.063609">
				<speed>0.849384</speed>
				<ele>751.000000</ele>
				<time>2026-01-02T01:02:09Z</time>
			</trkpt>
			<trkpt lat="28.889563" lon="118.063607">
				<speed>0.471120</speed>
				<ele>752.000000</ele>
				<time>2026-01-02T01:02:13Z</time>
			</trkpt>
			<trkpt lat="28.889610" lon="118.063587">
				<speed>0.839467</speed>
				<ele>752.000000</ele>
				<time>2026-01-02T01:02:18Z</time>
			</trkpt>
			<trkpt lat="28.889653" lon="118.063562">
				<speed>0.429180</speed>
				<ele>754.000000</ele>
				<time>2026-01-02T01:02:23Z</time>
			</trkpt>
			<trkpt lat="28.889702" lon="118.063544">
				<speed>0.952395</speed>
				<ele>758.000000</ele>
				<time>2026-01-02T01:02:28Z</time>
			</trkpt>
			<trkpt lat="28.889748" lon="118.063547">
				<speed>0.545152</speed>
				<ele>759.000000</ele>
				<time>2026-01-02T01:02:33Z</time>
			</trkpt>
			<trkpt lat="28.889787" lon="118.063516">
				<speed>0.705410</speed>
				<ele>762.000000</ele>
				<time>2026-01-02T01:02:38Z</time>
			</trkpt>
			<trkpt lat="28.889832" lon="118.063501">
				<speed>0.610092</speed>
				<ele>761.000000</ele>
				<time>2026-01-02T01:02:43Z</time>
			</trkpt>
			<trkpt lat="28.889883" lon="118.063475">
				<speed>1.051807</speed>
				<ele>762.000000</ele>
				<time>2026-01-02T01:02:48Z</time>
			</trkpt>
			<trkpt lat="28.889934" lon="118.063445">
				<speed>0.431455</speed>
				<ele>764.000000</ele>
				<time>2026-01-02T01:02:55Z</time>
			</trkpt>
			<trkpt lat="28.889985" lon="118.063427">
				<speed>0.782419</speed>
				<ele>768.000000</ele>
				<time>2026-01-02T01:03:02Z</time>
			</trkpt>
			<trkpt lat="28.890041" lon="118.063413">
				<speed>0.866855</speed>
				<ele>767.000000</ele>
				<time>2026-01-02T01:03:10Z</time>
			</trkpt>
			<trkpt lat="28.890083" lon="118.063382">
				<speed>0.478878</speed>
				<ele>768.000000</ele>
				<time>2026-01-02T01:03:16Z</time>
			</trkpt>
			<trkpt lat="28.890128" lon="118.063349">
				<speed>1.082166</speed>
				<ele>768.000000</ele>
				<time>2026-01-02T01:03:19Z</time>
			</trkpt>
			<trkpt lat="28.890176" lon="118.063334">
				<speed>0.796665</speed>
				<ele>767.000000</ele>
				<time>2026-01-02T01:03:29Z</time>
			</trkpt>
			<trkpt lat="28.890226" lon="118.063324">
				<speed>0.313800</speed>
				<ele>774.000000</ele>
				<time>2026-01-02T01:03:47Z</time>
			</trkpt>
			<trkpt lat="28.890279" lon="118.063322">
				<speed>0.683530</speed>
				<ele>773.000000</ele>
				<time>2026-01-02T01:03:52Z</time>
			</trkpt>
			<trkpt lat="28.890323" lon="118.063337">
				<speed>0.702664</speed>
				<ele>771.000000</ele>
				<time>2026-01-02T01:03:57Z</time>
			</trkpt>
			<trkpt lat="28.890382" lon="118.063332">
				<speed>0.808577</speed>
				<ele>769.000000</ele>
				<time>2026-01-02T01:04:03Z</time>
			</trkpt>
			<trkpt lat="28.890425" lon="118.063367">
				<speed>0.581491</speed>
				<ele>770.000000</ele>
				<time>2026-01-02T01:04:11Z</time>
			</trkpt>
			<trkpt lat="28.890471" lon="118.063384">
				<speed>0.000000</speed>
				<ele>773.000000</ele>
				<time>2026-01-02T01:04:19Z</time>
			</trkpt>
			<trkpt lat="28.890509" lon="118.063349">
				<speed>0.156162</speed>
				<ele>773.000000</ele>
				<time>2026-01-02T01:04:26Z</time>
			</trkpt>
			<trkpt lat="28.890521" lon="118.063299">
				<speed>0.150379</speed>
				<ele>773.000000</ele>
				<time>2026-01-02T01:04:39Z</time>
			</trkpt>
			<trkpt lat="28.890539" lon="118.063246">
				<speed>0.430091</speed>
				<ele>773.000000</ele>
				<time>2026-01-02T01:04:50Z</time>
			</trkpt>
			<trkpt lat="28.890575" lon="118.063209">
				<speed>0.688251</speed>
				<ele>774.000000</ele>
				<time>2026-01-02T01:04:57Z</time>
			</trkpt>
			<trkpt lat="28.890609" lon="118.063168">
				<speed>0.326194</speed>
				<ele>771.000000</ele>
				<time>2026-01-02T01:05:14Z</time>
			</trkpt>
			<trkpt lat="28.890650" lon="118.063146">
				<speed>0.392919</speed>
				<ele>773.000000</ele>
				<time>2026-01-02T01:05:21Z</time>
			</trkpt>
			<trkpt lat="28.890699" lon="118.063129">
				<speed>0.547228</speed>
				<ele>774.000000</ele>
				<time>2026-01-02T01:05:33Z</time>
			</trkpt>
			<trkpt lat="28.890743" lon="118.063100">
				<speed>0.265309</speed>
				<ele>773.000000</ele>
				<time>2026-01-02T01:05:38Z</time>
			</trkpt>
			<trkpt lat="28.890791" lon="118.063090">
				<speed>0.748154</speed>
				<ele>774.000000</ele>
				<time>2026-01-02T01:05:41Z</time>
			</trkpt>
			<trkpt lat="28.890828" lon="118.063046">
				<speed>0.621944</speed>
				<ele>773.000000</ele>
				<time>2026-01-02T01:05:46Z</time>
			</trkpt>
			<trkpt lat="28.890879" lon="118.063023">
				<speed>0.612197</speed>
				<ele>775.000000</ele>
				<time>2026-01-02T01:05:52Z</time>
			</trkpt>
			<trkpt lat="28.890930" lon="118.062997">
				<speed>0.862453</speed>
				<ele>777.000000</ele>
				<time>2026-01-02T01:05:59Z</time>
			</trkpt>
			<trkpt lat="28.890978" lon="118.063004">
				<speed>0.988856</speed>
				<ele>779.000000</ele>
				<time>2026-01-02T01:06:04Z</time>
			</trkpt>
			<trkpt lat="28.891033" lon="118.063002">
				<speed>0.429723</speed>
				<ele>782.000000</ele>
				<time>2026-01-02T01:06:10Z</time>
			</trkpt>
			<trkpt lat="28.891077" lon="118.063015">
				<speed>0.325261</speed>
				<ele>787.000000</ele>
				<time>2026-01-02T01:06:16Z</time>
			</trkpt>
			<trkpt lat="28.891095" lon="118.062968">
				<speed>0.465982</speed>
				<ele>789.000000</ele>
				<time>2026-01-02T01:06:22Z</time>
			</trkpt>
			<trkpt lat="28.891117" lon="118.062916">
				<speed>0.599340</speed>
				<ele>790.000000</ele>
				<time>2026-01-02T01:06:29Z</time>
			</trkpt>
			<trkpt lat="28.891140" lon="118.062868">
				<speed>0.504719</speed>
				<ele>791.000000</ele>
				<time>2026-01-02T01:06:35Z</time>
			</trkpt>
			<trkpt lat="28.891175" lon="118.062831">
				<speed>0.490431</speed>
				<ele>792.000000</ele>
				<time>2026-01-02T01:06:42Z</time>
			</trkpt>
			<trkpt lat="28.891211" lon="118.062796">
				<speed>0.561129</speed>
				<ele>791.000000</ele>
				<time>2026-01-02T01:06:47Z</time>
			</trkpt>
			<trkpt lat="28.891242" lon="118.062751">
				<speed>0.695245</speed>
				<ele>791.000000</ele>
				<time>2026-01-02T01:06:53Z</time>
			</trkpt>
			<trkpt lat="28.891273" lon="118.062713">
				<speed>0.610642</speed>
				<ele>792.000000</ele>
				<time>2026-01-02T01:06:59Z</time>
			</trkpt>
			<trkpt lat="28.891309" lon="118.062678">
				<speed>0.735609</speed>
				<ele>793.000000</ele>
				<time>2026-01-02T01:07:09Z</time>
			</trkpt>
			<trkpt lat="28.891342" lon="118.062632">
				<speed>0.704560</speed>
				<ele>794.000000</ele>
				<time>2026-01-02T01:07:19Z</time>
			</trkpt>
			<trkpt lat="28.891388" lon="118.062604">
				<speed>0.463566</speed>
				<ele>795.000000</ele>
				<time>2026-01-02T01:07:26Z</time>
			</trkpt>
			<trkpt lat="28.891433" lon="118.062591">
				<speed>0.169961</speed>
				<ele>796.000000</ele>
				<time>2026-01-02T01:07:35Z</time>
			</trkpt>
			<trkpt lat="28.891479" lon="118.062567">
				<speed>0.543162</speed>
				<ele>796.000000</ele>
				<time>2026-01-02T01:07:41Z</time>
			</trkpt>
			<trkpt lat="28.891510" lon="118.062528">
				<speed>0.612838</speed>
				<ele>797.000000</ele>
				<time>2026-01-02T01:07:49Z</time>
			</trkpt>
			<trkpt lat="28.891543" lon="118.062490">
				<speed>0.389730</speed>
				<ele>798.000000</ele>
				<time>2026-01-02T01:07:56Z</time>
			</trkpt>
			<trkpt lat="28.891570" lon="118.062446">
				<speed>0.557166</speed>
				<ele>798.000000</ele>
				<time>2026-01-02T01:08:05Z</time>
			</trkpt>
			<trkpt lat="28.891612" lon="118.062425">
				<speed>0.627627</speed>
				<ele>799.000000</ele>
				<time>2026-01-02T01:08:12Z</time>
			</trkpt>
			<trkpt lat="28.891652" lon="118.062397">
				<speed>0.662358</speed>
				<ele>802.000000</ele>
				<time>2026-01-02T01:08:19Z</time>
			</trkpt>
			<trkpt lat="28.891683" lon="118.062346">
				<speed>0.577967</speed>
				<ele>803.000000</ele>
				<time>2026-01-02T01:08:26Z</time>
			</trkpt>
			<trkpt lat="28.891720" lon="118.062304">
				<speed>0.536027</speed>
				<ele>805.000000</ele>
				<time>2026-01-02T01:08:33Z</time>
			</trkpt>
			<trkpt lat="28.891772" lon="118.062298">
				<speed>0.627969</speed>
				<ele>805.000000</ele>
				<time>2026-01-02T01:08:42Z</time>
			</trkpt>
			<trkpt lat="28.891809" lon="118.062258">
				<speed>0.481720</speed>
				<ele>805.000000</ele>
				<time>2026-01-02T01:08:49Z</time>
			</trkpt>
			<trkpt lat="28.891853" lon="118.062229">
				<speed>0.558914</speed>
				<ele>807.000000</ele>
				<time>2026-01-02T01:08:55Z</time>
			</trkpt>
			<trkpt lat="28.891894" lon="118.062192">
				<speed>0.495427</speed>
				<ele>810.000000</ele>
				<time>2026-01-02T01:09:02Z</time>
			</trkpt>
			<trkpt lat="28.891938" lon="118.062165">
				<speed>0.521266</speed>
				<ele>814.000000</ele>
				<time>2026-01-02T01:09:11Z</time>
			</trkpt>
			<trkpt lat="28.891992" lon="118.062162">
				<speed>0.881910</speed>
				<ele>814.000000</ele>
				<time>2026-01-02T01:09:18Z</time>
			</trkpt>
			<trkpt lat="28.892038" lon="118.062148">
				<speed>1.126756</speed>
				<ele>814.000000</ele>
				<time>2026-01-02T01:09:22Z</time>
			</trkpt>
			<trkpt lat="28.892078" lon="118.062108">
				<speed>1.045831</speed>
				<ele>815.000000</ele>
				<time>2026-01-02T01:09:26Z</time>
			</trkpt>
			<trkpt lat="28.892121" lon="118.062074">
				<speed>0.972481</speed>
				<ele>817.000000</ele>
				<time>2026-01-02T01:09:30Z</time>
			</trkpt>
			<trkpt lat="28.892167" lon="118.062046">
				<speed>0.956661</speed>
				<ele>818.000000</ele>
				<time>2026-01-02T01:09:35Z</time>
			</trkpt>
			<trkpt lat="28.892213" lon="118.062013">
				<speed>0.943314</speed>
				<ele>820.000000</ele>
				<time>2026-01-02T01:09:40Z</time>
			</trkpt>
			<trkpt lat="28.892257" lon="118.061965">
				<speed>0.740859</speed>
				<ele>821.000000</ele>
				<time>2026-01-02T01:09:45Z</time>
			</trkpt>
			<trkpt lat="28.892298" lon="118.061942">
				<speed>0.497165</speed>
				<ele>822.000000</ele>
				<time>2026-01-02T01:09:51Z</time>
			</trkpt>
			<trkpt lat="28.892345" lon="118.061925">
				<speed>0.830007</speed>
				<ele>823.000000</ele>
				<time>2026-01-02T01:09:56Z</time>
			</trkpt>
			<trkpt lat="28.892387" lon="118.061898">
				<speed>0.535533</speed>
				<ele>823.000000</ele>
				<time>2026-01-02T01:10:01Z</time>
			</trkpt>
			<trkpt lat="28.892440" lon="118.061892">
				<speed>0.683415</speed>
				<ele>822.000000</ele>
				<time>2026-01-02T01:10:07Z</time>
			</trkpt>
			<trkpt lat="28.892462" lon="118.061843">
				<speed>0.792670</speed>
				<ele>821.000000</ele>
				<time>2026-01-02T01:10:12Z</time>
			</trkpt>
			<trkpt lat="28.892468" lon="118.061786">
				<speed>0.812948</speed>
				<ele>821.000000</ele>
				<time>2026-01-02T01:10:17Z</time>
			</trkpt>
			<trkpt lat="28.892488" lon="118.061740">
				<speed>0.433497</speed>
				<ele>824.000000</ele>
				<time>2026-01-02T01:10:23Z</time>
			</trkpt>
			<trkpt lat="28.892529" lon="118.061702">
				<speed>0.634385</speed>
				<ele>824.000000</ele>
				<time>2026-01-02T01:10:32Z</time>
			</trkpt>
			<trkpt lat="28.892574" lon="118.061688">
				<speed>0.332076</speed>
				<ele>823.000000</ele>
				<time>2026-01-02T01:10:40Z</time>
			</trkpt>
			<trkpt lat="28.892620" lon="118.061681">
				<speed>0.317495</speed>
				<ele>826.000000</ele>
				<time>2026-01-02T01:10:49Z</time>
			</trkpt>
			<trkpt lat="28.892665" lon="118.061693">
				<speed>0.404389</speed>
				<ele>827.000000</ele>
				<time>2026-01-02T01:10:58Z</time>
			</trkpt>
			<trkpt lat="28.892718" lon="118.061691">
				<speed>0.852260</speed>
				<ele>830.000000</ele>
				<time>2026-01-02T01:11:05Z</time>
			</trkpt>
			<trkpt lat="28.892767" lon="118.061681">
				<speed>0.188398</speed>
				<ele>827.000000</ele>
				<time>2026-01-02T01:11:13Z</time>
			</trkpt>
			<trkpt lat="28.892789" lon="118.061628">
				<speed>0.786115</speed>
				<ele>828.000000</ele>
				<time>2026-01-02T01:11:21Z</time>
			</trkpt>
			<trkpt lat="28.892825" lon="118.061590">
				<speed>0.816814</speed>
				<ele>827.000000</ele>
				<time>2026-01-02T01:11:27Z</time>
			</trkpt>
			<trkpt lat="28.892862" lon="118.061556">
				<speed>0.789763</speed>
				<ele>827.000000</ele>
				<time>2026-01-02T01:11:32Z</time>
			</trkpt>
			<trkpt lat="28.892911" lon="118.061574">
				<speed>0.689549</speed>
				<ele>828.000000</ele>
				<time>2026-01-02T01:11:37Z</time>
			</trkpt>
			<trkpt lat="28.892956" lon="118.061617">
				<speed>0.740060</speed>
				<ele>829.000000</ele>
				<time>2026-01-02T01:11:41Z</time>
			</trkpt>
			<trkpt lat="28.892937" lon="118.061671">
				<speed>0.587396</speed>
				<ele>837.000000</ele>
				<time>2026-01-02T01:11:48Z</time>
			</trkpt>
			<trkpt lat="28.892922" lon="118.061723">
				<speed>0.503269</speed>
				<ele>841.000000</ele>
				<time>2026-01-02T01:11:55Z</time>
			</trkpt>
			<trkpt lat="28.892969" lon="118.061728">
				<speed>0.545441</speed>
				<ele>841.000000</ele>
				<time>2026-01-02T01:12:03Z</time>
			</trkpt>
			<trkpt lat="28.893006" lon="118.061695">
				<speed>0.202186</speed>
				<ele>842.000000</ele>
				<time>2026-01-02T01:12:13Z</time>
			</trkpt>
			<trkpt lat="28.893050" lon="118.061713">
				<speed>0.570318</speed>
				<ele>864.000000</ele>
				<time>2026-01-02T01:12:44Z</time>
			</trkpt>
			<trkpt lat="28.893074" lon="118.061663">
				<speed>0.666995</speed>
				<ele>866.000000</ele>
				<time>2026-01-02T01:12:50Z</time>
			</trkpt>
			<trkpt lat="28.893109" lon="118.061627">
				<speed>0.706491</speed>
				<ele>864.000000</ele>
				<time>2026-01-02T01:12:55Z</time>
			</trkpt>
			<trkpt lat="28.893157" lon="118.061622">
				<speed>1.075316</speed>
				<ele>865.000000</ele>
				<time>2026-01-02T01:12:59Z</time>
			</trkpt>
			<trkpt lat="28.893204" lon="118.061607">
				<speed>0.611527</speed>
				<ele>866.000000</ele>
				<time>2026-01-02T01:13:03Z</time>
			</trkpt>
			<trkpt lat="28.893252" lon="118.061629">
				<speed>1.218303</speed>
				<ele>864.000000</ele>
				<time>2026-01-02T01:13:07Z</time>
			</trkpt>
			<trkpt lat="28.893298" lon="118.061641">
				<speed>0.685326</speed>
				<ele>863.000000</ele>
				<time>2026-01-02T01:13:12Z</time>
			</trkpt>
			<trkpt lat="28.893345" lon="118.061635">
				<speed>1.018515</speed>
				<ele>864.000000</ele>
				<time>2026-01-02T01:13:16Z</time>
			</trkpt>
			<trkpt lat="28.893385" lon="118.061600">
				<speed>0.589062</speed>
				<ele>864.000000</ele>
				<time>2026-01-02T01:13:22Z</time>
			</trkpt>
			<trkpt lat="28.893421" lon="118.061559">
				<speed>1.019439</speed>
				<ele>865.000000</ele>
				<time>2026-01-02T01:13:27Z</time>
			</trkpt>
			<trkpt lat="28.893449" lon="118.061514">
				<speed>0.945290</speed>
				<ele>865.000000</ele>
				<time>2026-01-02T01:13:32Z</time>
			</trkpt>
			<trkpt lat="28.893496" lon="118.061517">
				<speed>0.455711</speed>
				<ele>866.000000</ele>
				<time>2026-01-02T01:13:41Z</time>
			</trkpt>
			<trkpt lat="28.893541" lon="118.061513">
				<speed>0.083905</speed>
				<ele>868.000000</ele>
				<time>2026-01-02T01:13:57Z</time>
			</trkpt>
			<trkpt lat="28.893587" lon="118.061526">
				<speed>0.211555</speed>
				<ele>869.000000</ele>
				<time>2026-01-02T01:14:11Z</time>
			</trkpt>
			<trkpt lat="28.893633" lon="118.061531">
				<speed>0.087710</speed>
				<ele>872.000000</ele>
				<time>2026-01-02T01:14:27Z</time>
			</trkpt>
			<trkpt lat="28.893678" lon="118.061529">
				<speed>0.385419</speed>
				<ele>876.000000</ele>
				<time>2026-01-02T01:14:45Z</time>
			</trkpt>
			<trkpt lat="28.893723" lon="118.061543">
				<speed>0.497014</speed>
				<ele>879.000000</ele>
				<time>2026-01-02T01:14:52Z</time>
			</trkpt>
			<trkpt lat="28.893767" lon="118.061565">
				<speed>0.814328</speed>
				<ele>879.000000</ele>
				<time>2026-01-02T01:14:58Z</time>
			</trkpt>
			<trkpt lat="28.893795" lon="118.061611">
				<speed>0.659427</speed>
				<ele>880.000000</ele>
				<time>2026-01-02T01:15:05Z</time>
			</trkpt>
			<trkpt lat="28.893831" lon="118.061646">
				<speed>0.462421</speed>
				<ele>881.000000</ele>
				<time>2026-01-02T01:15:13Z</time>
			</trkpt>
			<trkpt lat="28.893874" lon="118.061671">
				<speed>0.726722</speed>
				<ele>882.000000</ele>
				<time>2026-01-02T01:15:23Z</time>
			</trkpt>
			<trkpt lat="28.893917" lon="118.061645">
				<speed>0.456334</speed>
				<ele>883.000000</ele>
				<time>2026-01-02T01:15:36Z</time>
			</trkpt>
			<trkpt lat="28.893963" lon="118.061646">
				<speed>0.798248</speed>
				<ele>886.000000</ele>
				<time>2026-01-02T01:15:51Z</time>
			</trkpt>
			<trkpt lat="28.894010" lon="118.061641">
				<speed>0.443526</speed>
				<ele>886.000000</ele>
				<time>2026-01-02T01:16:01Z</time>
			</trkpt>
			<trkpt lat="28.894048" lon="118.061679">
				<speed>0.429482</speed>
				<ele>888.000000</ele>
				<time>2026-01-02T01:16:17Z</time>
			</trkpt>
			<trkpt lat="28.894089" lon="118.061703">
				<speed>0.530985</speed>
				<ele>889.000000</ele>
				<time>2026-01-02T01:16:28Z</time>
			</trkpt>
			<trkpt lat="28.894130" lon="118.061724">
				<speed>0.458781</speed>
				<ele>889.000000</ele>
				<time>2026-01-02T01:16:36Z</time>
			</trkpt>
			<trkpt lat="28.894173" lon="118.061753">
				<speed>0.551567</speed>
				<ele>892.000000</ele>
				<time>2026-01-02T01:16:45Z</time>
			</trkpt>
			<trkpt lat="28.894224" lon="118.061777">
				<speed>0.800345</speed>
				<ele>895.000000</ele>
				<time>2026-01-02T01:16:53Z</time>
			</trkpt>
			<trkpt lat="28.894277" lon="118.061769">
				<speed>1.146845</speed>
				<ele>895.000000</ele>
				<time>2026-01-02T01:16:57Z</time>
			</trkpt>
			<trkpt lat="28.894326" lon="118.061777">
				<speed>0.813723</speed>
				<ele>895.000000</ele>
				<time>2026-01-02T01:17:02Z</time>
			</trkpt>
			<trkpt lat="28.894376" lon="118.061780">
				<speed>0.670482</speed>
				<ele>893.000000</ele>
				<time>2026-01-02T01:17:07Z</time>
			</trkpt>
			<trkpt lat="28.894424" lon="118.061780">
				<speed>0.484599</speed>
				<ele>892.000000</ele>
				<time>2026-01-02T01:17:11Z</time>
			</trkpt>
			<trkpt lat="28.894469" lon="118.061788">
				<speed>0.438437</speed>
				<ele>891.000000</ele>
				<time>2026-01-02T01:17:16Z</time>
			</trkpt>
			<trkpt lat="28.894514" lon="118.061797">
				<speed>0.760640</speed>
				<ele>892.000000</ele>
				<time>2026-01-02T01:17:21Z</time>
			</trkpt>
			<trkpt lat="28.894554" lon="118.061834">
				<speed>0.781426</speed>
				<ele>894.000000</ele>
				<time>2026-01-02T01:17:25Z</time>
			</trkpt>
			<trkpt lat="28.894600" lon="118.061845">
				<speed>0.706456</speed>
				<ele>895.000000</ele>
				<time>2026-01-02T01:17:29Z</time>
			</trkpt>
			<trkpt lat="28.894652" lon="118.061862">
				<speed>0.686263</speed>
				<ele>893.000000</ele>
				<time>2026-01-02T01:17:35Z</time>
			</trkpt>
			<trkpt lat="28.894696" lon="118.061882">
				<speed>0.688977</speed>
				<ele>895.000000</ele>
				<time>2026-01-02T01:17:40Z</time>
			</trkpt>
			<trkpt lat="28.894745" lon="118.061899">
				<speed>0.653199</speed>
				<ele>896.000000</ele>
				<time>2026-01-02T01:17:46Z</time>
			</trkpt>
			<trkpt lat="28.894794" lon="118.061924">
				<speed>0.761805</speed>
				<ele>898.000000</ele>
				<time>2026-01-02T01:17:52Z</time>
			</trkpt>
			<trkpt lat="28.894836" lon="118.061903">
				<speed>0.399634</speed>
				<ele>902.000000</ele>
				<time>2026-01-02T01:18:01Z</time>
			</trkpt>
			<trkpt lat="28.894874" lon="118.061874">
				<speed>0.284547</speed>
				<ele>906.000000</ele>
				<time>2026-01-02T01:18:10Z</time>
			</trkpt>
			<trkpt lat="28.894921" lon="118.061881">
				<speed>0.904844</speed>
				<ele>906.000000</ele>
				<time>2026-01-02T01:18:15Z</time>
			</trkpt>
			<trkpt lat="28.894966" lon="118.061897">
				<speed>0.795619</speed>
				<ele>906.000000</ele>
				<time>2026-01-02T01:18:21Z</time>
			</trkpt>
			<trkpt lat="28.895015" lon="118.061906">
				<speed>0.465404</speed>
				<ele>906.000000</ele>
				<time>2026-01-02T01:18:28Z</time>
			</trkpt>
			<trkpt lat="28.895065" lon="118.061890">
				<speed>0.488671</speed>
				<ele>907.000000</ele>
				<time>2026-01-02T01:18:35Z</time>
			</trkpt>
			<trkpt lat="28.895110" lon="118.061901">
				<speed>0.603758</speed>
				<ele>907.000000</ele>
				<time>2026-01-02T01:18:40Z</time>
			</trkpt>
			<trkpt lat="28.895160" lon="118.061913">
				<speed>0.824754</speed>
				<ele>907.000000</ele>
				<time>2026-01-02T01:18:45Z</time>
			</trkpt>
			<trkpt lat="28.895209" lon="118.061929">
				<speed>0.660374</speed>
				<ele>907.000000</ele>
				<time>2026-01-02T01:18:51Z</time>
			</trkpt>
			<trkpt lat="28.895257" lon="118.061936">
				<speed>0.465632</speed>
				<ele>908.000000</ele>
				<time>2026-01-02T01:18:59Z</time>
			</trkpt>
			<trkpt lat="28.895300" lon="118.061969">
				<speed>0.408251</speed>
				<ele>911.000000</ele>
				<time>2026-01-02T01:19:15Z</time>
			</trkpt>
			<trkpt lat="28.895335" lon="118.062006">
				<speed>0.656155</speed>
				<ele>913.000000</ele>
				<time>2026-01-02T01:19:21Z</time>
			</trkpt>
			<trkpt lat="28.895364" lon="118.062050">
				<speed>0.136093</speed>
				<ele>915.000000</ele>
				<time>2026-01-02T01:19:33Z</time>
			</trkpt>
			<trkpt lat="28.895400" lon="118.062088">
				<speed>0.971091</speed>
				<ele>915.000000</ele>
				<time>2026-01-02T01:19:41Z</time>
			</trkpt>
			<trkpt lat="28.895446" lon="118.062113">
				<speed>0.644123</speed>
				<ele>918.000000</ele>
				<time>2026-01-02T01:19:47Z</time>
			</trkpt>
			<trkpt lat="28.895495" lon="118.062132">
				<speed>0.720046</speed>
				<ele>918.000000</ele>
				<time>2026-01-02T01:19:52Z</time>
			</trkpt>
			<trkpt lat="28.895543" lon="118.062151">
				<speed>0.982895</speed>
				<ele>919.000000</ele>
				<time>2026-01-02T01:19:57Z</time>
			</trkpt>
			<trkpt lat="28.895590" lon="118.062164">
				<speed>1.058297</speed>
				<ele>918.000000</ele>
				<time>2026-01-02T01:20:01Z</time>
			</trkpt>
			<trkpt lat="28.895637" lon="118.062168">
				<speed>0.469847</speed>
				<ele>918.000000</ele>
				<time>2026-01-02T01:20:07Z</time>
			</trkpt>
			<trkpt lat="28.895688" lon="118.062166">
				<speed>0.533109</speed>
				<ele>916.000000</ele>
				<time>2026-01-02T01:20:12Z</time>
			</trkpt>
			<trkpt lat="28.895727" lon="118.062196">
				<speed>0.608752</speed>
				<ele>918.000000</ele>
				<time>2026-01-02T01:20:17Z</time>
			</trkpt>
			<trkpt lat="28.895752" lon="118.062248">
				<speed>0.962962</speed>
				<ele>917.000000</ele>
				<time>2026-01-02T01:20:23Z</time>
			</trkpt>
			<trkpt lat="28.895806" lon="118.062274">
				<speed>1.075908</speed>
				<ele>919.000000</ele>
				<time>2026-01-02T01:20:33Z</time>
			</trkpt>
			<trkpt lat="28.895828" lon="118.062319">
				<speed>0.160842</speed>
				<ele>918.000000</ele>
				<time>2026-01-02T01:20:42Z</time>
			</trkpt>
			<trkpt lat="28.895867" lon="118.062354">
				<speed>0.477400</speed>
				<ele>916.000000</ele>
				<time>2026-01-02T01:20:55Z</time>
			</trkpt>
			<trkpt lat="28.895901" lon="118.062319">
				<speed>0.413105</speed>
				<ele>918.000000</ele>
				<time>2026-01-02T01:21:02Z</time>
			</trkpt>
			<trkpt lat="28.895931" lon="118.062280">
				<speed>0.392360</speed>
				<ele>927.000000</ele>
				<time>2026-01-02T01:21:17Z</time>
			</trkpt>
			<trkpt lat="28.895959" lon="118.062238">
				<speed>0.417517</speed>
				<ele>931.000000</ele>
				<time>2026-01-02T01:21:31Z</time>
			</trkpt>
			<trkpt lat="28.895908" lon="118.062227">
				<speed>0.028658</speed>
				<ele>938.000000</ele>
				<time>2026-01-02T01:21:53Z</time>
			</trkpt>
			<trkpt lat="28.895930" lon="118.062168">
				<speed>1.299056</speed>
				<ele>938.000000</ele>
				<time>2026-01-02T01:22:07Z</time>
			</trkpt>
			<trkpt lat="28.895966" lon="118.062107">
				<speed>2.059162</speed>
				<ele>940.000000</ele>
				<time>2026-01-02T01:22:10Z</time>
			</trkpt>
			<trkpt lat="28.896020" lon="118.062153">
				<speed>0.241538</speed>
				<ele>938.000000</ele>
				<time>2026-01-02T01:22:13Z</time>
			</trkpt>
			<trkpt lat="28.896064" lon="118.062140">
				<speed>0.474570</speed>
				<ele>936.000000</ele>
				<time>2026-01-02T01:22:16Z</time>
			</trkpt>
			<trkpt lat="28.896100" lon="118.062172">
				<speed>0.344148</speed>
				<ele>928.000000</ele>
				<time>2026-01-02T01:22:25Z</time>
			</trkpt>
			<trkpt lat="28.896146" lon="118.062154">
				<speed>0.849334</speed>
				<ele>925.000000</ele>
				<time>2026-01-02T01:22:30Z</time>
			</trkpt>
			<trkpt lat="28.896181" lon="118.062119">
				<speed>0.826429</speed>
				<ele>926.000000</ele>
				<time>2026-01-02T01:22:37Z</time>
			</trkpt>
			<trkpt lat="28.896212" lon="118.062080">
				<speed>0.817561</speed>
				<ele>928.000000</ele>
				<time>2026-01-02T01:22:44Z</time>
			</trkpt>
			<trkpt lat="28.896245" lon="118.062043">
				<speed>0.603236</speed>
				<ele>929.000000</ele>
				<time>2026-01-02T01:22:51Z</time>
			</trkpt>
			<trkpt lat="28.896262" lon="118.061987">
				<speed>0.677486</speed>
				<ele>937.000000</ele>
				<time>2026-01-02T01:22:59Z</time>
			</trkpt>
			<trkpt lat="28.896308" lon="118.061982">
				<speed>0.281308</speed>
				<ele>935.000000</ele>
				<time>2026-01-02T01:23:06Z</time>
			</trkpt>
			<trkpt lat="28.896352" lon="118.061964">
				<speed>0.370406</speed>
				<ele>935.000000</ele>
				<time>2026-01-02T01:23:18Z</time>
			</trkpt>
			<trkpt lat="28.896391" lon="118.061917">
				<speed>0.742440</speed>
				<ele>935.000000</ele>
				<time>2026-01-02T01:23:29Z</time>
			</trkpt>
			<trkpt lat="28.896424" lon="118.061878">
				<speed>0.316596</speed>
				<ele>936.000000</ele>
				<time>2026-01-02T01:23:39Z</time>
			</trkpt>
			<trkpt lat="28.896436" lon="118.061819">
				<speed>0.482958</speed>
				<ele>946.000000</ele>
				<time>2026-01-02T01:23:58Z</time>
			</trkpt>
			<trkpt lat="28.896449" lon="118.061766">
				<speed>0.262938</speed>
				<ele>945.000000</ele>
				<time>2026-01-02T01:24:07Z</time>
			</trkpt>
			<trkpt lat="28.896489" lon="118.061725">
				<speed>0.657889</speed>
				<ele>943.000000</ele>
				<time>2026-01-02T01:24:14Z</time>
			</trkpt>
			<trkpt lat="28.896532" lon="118.061703">
				<speed>0.758050</speed>
				<ele>942.000000</ele>
				<time>2026-01-02T01:24:23Z</time>
			</trkpt>
			<trkpt lat="28.896581" lon="118.061700">
				<speed>0.617238</speed>
				<ele>944.000000</ele>
				<time>2026-01-02T01:24:28Z</time>
			</trkpt>
			<trkpt lat="28.896631" lon="118.061680">
				<speed>0.645140</speed>
				<ele>945.000000</ele>
				<time>2026-01-02T01:24:35Z</time>
			</trkpt>
			<trkpt lat="28.896679" lon="118.061676">
				<speed>0.323411</speed>
				<ele>954.000000</ele>
				<time>2026-01-02T01:24:46Z</time>
			</trkpt>
			<trkpt lat="28.896725" lon="118.061671">
				<speed>0.454985</speed>
				<ele>964.000000</ele>
				<time>2026-01-02T01:25:00Z</time>
			</trkpt>
			<trkpt lat="28.896751" lon="118.061627">
				<speed>0.357034</speed>
				<ele>972.000000</ele>
				<time>2026-01-02T01:25:11Z</time>
			</trkpt>
			<trkpt lat="28.896792" lon="118.061654">
				<speed>0.447892</speed>
				<ele>966.000000</ele>
				<time>2026-01-02T01:25:23Z</time>
			</trkpt>
			<trkpt lat="28.896836" lon="118.061675">
				<speed>0.318115</speed>
				<ele>967.000000</ele>
				<time>2026-01-02T01:25:29Z</time>
			</trkpt>
			<trkpt lat="28.896883" lon="118.061665">
				<speed>0.911647</speed>
				<ele>967.000000</ele>
				<time>2026-01-02T01:25:35Z</time>
			</trkpt>
			<trkpt lat="28.896935" lon="118.061661">
				<speed>0.970712</speed>
				<ele>966.000000</ele>
				<time>2026-01-02T01:25:42Z</time>
			</trkpt>
			<trkpt lat="28.896987" lon="118.061667">
				<speed>0.822501</speed>
				<ele>969.000000</ele>
				<time>2026-01-02T01:25:49Z</time>
			</trkpt>
			<trkpt lat="28.897028" lon="118.061643">
				<speed>0.450493</speed>
				<ele>971.000000</ele>
				<time>2026-01-02T01:25:56Z</time>
			</trkpt>
			<trkpt lat="28.897068" lon="118.061620">
				<speed>0.519164</speed>
				<ele>974.000000</ele>
				<time>2026-01-02T01:26:04Z</time>
			</trkpt>
			<trkpt lat="28.897116" lon="118.061615">
				<speed>0.553809</speed>
				<ele>975.000000</ele>
				<time>2026-01-02T01:26:17Z</time>
			</trkpt>
			<trkpt lat="28.897156" lon="118.061644">
				<speed>0.896698</speed>
				<ele>977.000000</ele>
				<time>2026-01-02T01:26:22Z</time>
			</trkpt>
			<trkpt lat="28.897214" lon="118.061639">
				<speed>0.892869</speed>
				<ele>981.000000</ele>
				<time>2026-01-02T01:26:28Z</time>
			</trkpt>
			<trkpt lat="28.897260" lon="118.061663">
				<speed>0.905256</speed>
				<ele>983.000000</ele>
				<time>2026-01-02T01:26:44Z</time>
			</trkpt>
			<trkpt lat="28.897208" lon="118.061654">
				<speed>0.427835</speed>
				<ele>984.000000</ele>
				<time>2026-01-02T01:26:53Z</time>
			</trkpt>
			<trkpt lat="28.897230" lon="118.061699">
				<speed>0.208671</speed>
				<ele>982.000000</ele>
				<time>2026-01-02T01:27:11Z</time>
			</trkpt>
			<trkpt lat="28.897277" lon="118.061717">
				<speed>0.053409</speed>
				<ele>984.000000</ele>
				<time>2026-01-02T01:27:22Z</time>
			</trkpt>
			<trkpt lat="28.897327" lon="118.061735">
				<speed>0.606089</speed>
				<ele>988.000000</ele>
				<time>2026-01-02T01:27:31Z</time>
			</trkpt>
			<trkpt lat="28.897376" lon="118.061743">
				<speed>0.765931</speed>
				<ele>988.000000</ele>
				<time>2026-01-02T01:27:37Z</time>
			</trkpt>
			<trkpt lat="28.897421" lon="118.061715">
				<speed>0.331885</speed>
				<ele>989.000000</ele>
				<time>2026-01-02T01:27:47Z</time>
			</trkpt>
			<trkpt lat="28.897468" lon="118.061739">
				<speed>0.501372</speed>
				<ele>991.000000</ele>
				<time>2026-01-02T01:27:52Z</time>
			</trkpt>
			<trkpt lat="28.897513" lon="118.061725">
				<speed>0.217362</speed>
				<ele>997.000000</ele>
				<time>2026-01-02T01:28:00Z</time>
			</trkpt>
			<trkpt lat="28.897573" lon="118.061747">
				<speed>1.418785</speed>
				<ele>997.000000</ele>
				<time>2026-01-02T01:28:12Z</time>
			</trkpt>
			<trkpt lat="28.897619" lon="118.061761">
				<speed>0.348761</speed>
				<ele>997.000000</ele>
				<time>2026-01-02T01:28:25Z</time>
			</trkpt>
			<trkpt lat="28.897664" lon="118.061758">
				<speed>0.367560</speed>
				<ele>997.000000</ele>
				<time>2026-01-02T01:28:31Z</time>
			</trkpt>
			<trkpt lat="28.897692" lon="118.061716">
				<speed>0.231594</speed>
				<ele>997.000000</ele>
				<time>2026-01-02T01:28:37Z</time>
			</trkpt>
			<trkpt lat="28.897713" lon="118.061663">
				<speed>0.696120</speed>
				<ele>994.000000</ele>
				<time>2026-01-02T01:28:42Z</time>
			</trkpt>
			<trkpt lat="28.897727" lon="118.061607">
				<speed>0.864704</speed>
				<ele>994.000000</ele>
				<time>2026-01-02T01:28:48Z</time>
			</trkpt>
			<trkpt lat="28.897746" lon="118.061553">
				<speed>0.494888</speed>
				<ele>995.000000</ele>
				<time>2026-01-02T01:28:54Z</time>
			</trkpt>
			<trkpt lat="28.897792" lon="118.061569">
				<speed>0.303224</speed>
				<ele>996.000000</ele>
				<time>2026-01-02T01:29:03Z</time>
			</trkpt>
			<trkpt lat="28.897838" lon="118.061589">
				<speed>0.937545</speed>
				<ele>995.000000</ele>
				<time>2026-01-02T01:29:07Z</time>
			</trkpt>
			<trkpt lat="28.897892" lon="118.061580">
				<speed>0.779889</speed>
				<ele>996.000000</ele>
				<time>2026-01-02T01:29:13Z</time>
			</trkpt>
			<trkpt lat="28.897941" lon="118.061577">
				<speed>0.253830</speed>
				<ele>999.000000</ele>
				<time>2026-01-02T01:29:20Z</time>
			</trkpt>
			<trkpt lat="28.897991" lon="118.061575">
				<speed>0.562453</speed>
				<ele>999.000000</ele>
				<time>2026-01-02T01:29:27Z</time>
			</trkpt>
			<trkpt lat="28.898037" lon="118.061600">
				<speed>0.429740</speed>
				<ele>1001.000000</ele>
				<time>2026-01-02T01:29:36Z</time>
			</trkpt>
			<trkpt lat="28.898083" lon="118.061589">
				<speed>0.779737</speed>
				<ele>1004.000000</ele>
				<time>2026-01-02T01:29:45Z</time>
			</trkpt>
			<trkpt lat="28.898136" lon="118.061596">
				<speed>0.940726</speed>
				<ele>1004.000000</ele>
				<time>2026-01-02T01:29:52Z</time>
			</trkpt>
			<trkpt lat="28.898179" lon="118.061617">
				<speed>0.746685</speed>
				<ele>1003.000000</ele>
				<time>2026-01-02T01:30:00Z</time>
			</trkpt>
			<trkpt lat="28.898224" lon="118.061632">
				<speed>0.860691</speed>
				<ele>1003.000000</ele>
				<time>2026-01-02T01:30:05Z</time>
			</trkpt>
			<trkpt lat="28.898270" lon="118.061631">
				<speed>0.393121</speed>
				<ele>1004.000000</ele>
				<time>2026-01-02T01:30:14Z</time>
			</trkpt>
			<trkpt lat="28.898313" lon="118.061650">
				<speed>0.421952</speed>
				<ele>1008.000000</ele>
				<time>2026-01-02T01:30:24Z</time>
			</trkpt>
			<trkpt lat="28.898359" lon="118.061629">
				<speed>0.174159</speed>
				<ele>1012.000000</ele>
				<time>2026-01-02T01:30:39Z</time>
			</trkpt>
			<trkpt lat="28.898413" lon="118.061629">
				<speed>0.765405</speed>
				<ele>1014.000000</ele>
				<time>2026-01-02T01:30:53Z</time>
			</trkpt>
			<trkpt lat="28.898461" lon="118.061643">
				<speed>0.470292</speed>
				<ele>1020.000000</ele>
				<time>2026-01-02T01:31:03Z</time>
			</trkpt>
			<trkpt lat="28.898515" lon="118.061646">
				<speed>0.281881</speed>
				<ele>1023.000000</ele>
				<time>2026-01-02T01:31:10Z</time>
			</trkpt>
			<trkpt lat="28.898558" lon="118.061624">
				<speed>0.325547</speed>
				<ele>1026.000000</ele>
				<time>2026-01-02T01:31:19Z</time>
			</trkpt>
			<trkpt lat="28.898601" lon="118.061655">
				<speed>0.377078</speed>
				<ele>1028.000000</ele>
				<time>2026-01-02T01:31:26Z</time>
			</trkpt>
			<trkpt lat="28.898647" lon="118.061647">
				<speed>0.094583</speed>
				<ele>1032.000000</ele>
				<time>2026-01-02T01:31:38Z</time>
			</trkpt>
			<trkpt lat="28.898690" lon="118.061623">
				<speed>0.182609</speed>
				<ele>1034.000000</ele>
				<time>2026-01-02T01:31:48Z</time>
			</trkpt>
			<trkpt lat="28.898735" lon="118.061640">
				<speed>0.013074</speed>
				<ele>1035.000000</ele>
				<time>2026-01-02T01:31:59Z</time>
			</trkpt>
			<trkpt lat="28.898779" lon="118.061653">
				<speed>0.174692</speed>
				<ele>1041.000000</ele>
				<time>2026-01-02T01:32:18Z</time>
			</trkpt>
			<trkpt lat="28.898793" lon="118.061594">
				<speed>0.142422</speed>
				<ele>1042.000000</ele>
				<time>2026-01-02T01:32:29Z</time>
			</trkpt>
			<trkpt lat="28.898839" lon="118.061608">
				<speed>0.312054</speed>
				<ele>1044.000000</ele>
				<time>2026-01-02T01:32:36Z</time>
			</trkpt>
			<trkpt lat="28.898865" lon="118.061559">
				<speed>0.177247</speed>
				<ele>1047.000000</ele>
				<time>2026-01-02T01:32:51Z</time>
			</trkpt>
			<trkpt lat="28.898904" lon="118.061586">
				<speed>0.233941</speed>
				<ele>1048.000000</ele>
				<time>2026-01-02T01:32:58Z</time>
			</trkpt>
			<trkpt lat="28.898946" lon="118.061606">
				<speed>0.471848</speed>
				<ele>1047.000000</ele>
				<time>2026-01-02T01:33:04Z</time>
			</trkpt>
			<trkpt lat="28.898994" lon="118.061592">
				<speed>0.537180</speed>
				<ele>1050.000000</ele>
				<time>2026-01-02T01:33:20Z</time>
			</trkpt>
			<trkpt lat="28.899034" lon="118.061620">
				<speed>0.264943</speed>
				<ele>1051.000000</ele>
				<time>2026-01-02T01:33:29Z</time>
			</trkpt>
			<trkpt lat="28.899081" lon="118.061622">
				<speed>0.189601</speed>
				<ele>1052.000000</ele>
				<time>2026-01-02T01:33:45Z</time>
			</trkpt>
			<trkpt lat="28.899064" lon="118.061559">
				<speed>0.044244</speed>
				<ele>1052.000000</ele>
				<time>2026-01-02T01:33:48Z</time>
			</trkpt>
			<trkpt lat="28.899108" lon="118.061576">
				<speed>0.153177</speed>
				<ele>1052.000000</ele>
				<time>2026-01-02T01:33:54Z</time>
			</trkpt>
			<trkpt lat="28.899153" lon="118.061566">
				<speed>0.404357</speed>
				<ele>1050.000000</ele>
				<time>2026-01-02T01:34:01Z</time>
			</trkpt>
			<trkpt lat="28.899192" lon="118.061595">
				<speed>0.000000</speed>
				<ele>1050.000000</ele>
				<time>2026-01-02T01:34:10Z</time>
			</trkpt>
			<trkpt lat="28.899148" lon="118.061581">
				<speed>0.064827</speed>
				<ele>1050.000000</ele>
				<time>2026-01-02T01:34:40Z</time>
			</trkpt>
			<trkpt lat="28.899194" lon="118.061578">
				<speed>0.428474</speed>
				<ele>1051.000000</ele>
				<time>2026-01-02T01:35:28Z</time>
			</trkpt>
			<trkpt lat="28.899233" lon="118.061553">
				<speed>0.215218</speed>
				<ele>1054.000000</ele>
				<time>2026-01-02T01:35:41Z</time>
			</trkpt>
			<trkpt lat="28.899276" lon="118.061580">
				<speed>0.481743</speed>
				<ele>1057.000000</ele>
				<time>2026-01-02T01:35:55Z</time>
			</trkpt>
			<trkpt lat="28.899301" lon="118.061630">
				<speed>0.406092</speed>
				<ele>1057.000000</ele>
				<time>2026-01-02T01:36:00Z</time>
			</trkpt>
			<trkpt lat="28.899348" lon="118.061621">
				<speed>0.351940</speed>
				<ele>1058.000000</ele>
				<time>2026-01-02T01:36:05Z</time>
			</trkpt>
			<trkpt lat="28.899405" lon="118.061643">
				<speed>0.468512</speed>
				<ele>1057.000000</ele>
				<time>2026-01-02T01:36:11Z</time>
			</trkpt>
			<trkpt lat="28.899455" lon="118.061657">
				<speed>0.109232</speed>
				<ele>1057.000000</ele>
				<time>2026-01-02T01:36:16Z</time>
			</trkpt>
			<trkpt lat="28.899500" lon="118.061649">
				<speed>0.381732</speed>
				<ele>1057.000000</ele>
				<time>2026-01-02T01:36:21Z</time>
			</trkpt>
			<trkpt lat="28.899545" lon="118.061662">
				<speed>0.077658</speed>
				<ele>1057.000000</ele>
				<time>2026-01-02T01:36:28Z</time>
			</trkpt>
			<trkpt lat="28.899595" lon="118.061658">
				<speed>0.710903</speed>
				<ele>1055.000000</ele>
				<time>2026-01-02T01:36:35Z</time>
			</trkpt>
			<trkpt lat="28.899637" lon="118.061640">
				<speed>0.224857</speed>
				<ele>1062.000000</ele>
				<time>2026-01-02T01:36:47Z</time>
			</trkpt>
			<trkpt lat="28.899656" lon="118.061592">
				<speed>0.556165</speed>
				<ele>1070.000000</ele>
				<time>2026-01-02T01:36:59Z</time>
			</trkpt>
			<trkpt lat="28.899690" lon="118.061556">
				<speed>0.323345</speed>
				<ele>1076.000000</ele>
				<time>2026-01-02T01:37:09Z</time>
			</trkpt>
			<trkpt lat="28.899717" lon="118.061514">
				<speed>0.271497</speed>
				<ele>1078.000000</ele>
				<time>2026-01-02T01:37:24Z</time>
			</trkpt>
			<trkpt lat="28.899741" lon="118.061470">
				<speed>0.294299</speed>
				<ele>1080.000000</ele>
				<time>2026-01-02T01:37:48Z</time>
			</trkpt>
			<trkpt lat="28.899786" lon="118.061483">
				<speed>0.082807</speed>
				<ele>1078.000000</ele>
				<time>2026-01-02T01:38:07Z</time>
			</trkpt>
			<trkpt lat="28.899824" lon="118.061454">
				<speed>0.186512</speed>
				<ele>1081.000000</ele>
				<time>2026-01-02T01:38:18Z</time>
			</trkpt>
			<trkpt lat="28.899868" lon="118.061473">
				<speed>0.061898</speed>
				<ele>1084.000000</ele>
				<time>2026-01-02T01:38:27Z</time>
			</trkpt>
			<trkpt lat="28.899896" lon="118.061518">
				<speed>0.289654</speed>
				<ele>1084.000000</ele>
				<time>2026-01-02T01:38:29Z</time>
			</trkpt>
			<trkpt lat="28.899938" lon="118.061541">
				<speed>0.261586</speed>
				<ele>1085.000000</ele>
				<time>2026-01-02T01:38:36Z</time>
			</trkpt>
			<trkpt lat="28.899975" lon="118.061571">
				<speed>0.082322</speed>
				<ele>1087.000000</ele>
				<time>2026-01-02T01:38:47Z</time>
			</trkpt>
			<trkpt lat="28.900023" lon="118.061562">
				<speed>0.305401</speed>
				<ele>1082.000000</ele>
				<time>2026-01-02T01:38:59Z</time>
			</trkpt>
			<trkpt lat="28.900056" lon="118.061522">
				<speed>0.043323</speed>
				<ele>1083.000000</ele>
				<time>2026-01-02T01:39:07Z</time>
			</trkpt>
			<trkpt lat="28.900103" lon="118.061506">
				<speed>0.404230</speed>
				<ele>1088.000000</ele>
				<time>2026-01-02T01:39:17Z</time>
			</trkpt>
			<trkpt lat="28.900134" lon="118.061549">
				<speed>0.124062</speed>
				<ele>1091.000000</ele>
				<time>2026-01-02T01:39:29Z</time>
			</trkpt>
			<trkpt lat="28.900168" lon="118.061585">
				<speed>0.442490</speed>
				<ele>1090.000000</ele>
				<time>2026-01-02T01:39:34Z</time>
			</trkpt>
			<trkpt lat="28.900210" lon="118.061604">
				<speed>0.351961</speed>
				<ele>1091.000000</ele>
				<time>2026-01-02T01:39:39Z</time>
			</trkpt>
			<trkpt lat="28.900237" lon="118.061558">
				<speed>0.176218</speed>
				<ele>1097.000000</ele>
				<time>2026-01-02T01:39:52Z</time>
			</trkpt>
			<trkpt lat="28.900227" lon="118.061504">
				<speed>0.099012</speed>
				<ele>1101.000000</ele>
				<time>2026-01-02T01:39:57Z</time>
			</trkpt>
			<trkpt lat="28.900226" lon="118.061449">
				<speed>0.231799</speed>
				<ele>1104.000000</ele>
				<time>2026-01-02T01:40:03Z</time>
			</trkpt>
			<trkpt lat="28.900269" lon="118.061425">
				<speed>0.661194</speed>
				<ele>1107.000000</ele>
				<time>2026-01-02T01:40:17Z</time>
			</trkpt>
			<trkpt lat="28.900313" lon="118.061446">
				<speed>0.583046</speed>
				<ele>1106.000000</ele>
				<time>2026-01-02T01:40:22Z</time>
			</trkpt>
			<trkpt lat="28.900355" lon="118.061469">
				<speed>0.242418</speed>
				<ele>1108.000000</ele>
				<time>2026-01-02T01:40:27Z</time>
			</trkpt>
			<trkpt lat="28.900384" lon="118.061512">
				<speed>1.075720</speed>
				<ele>1109.000000</ele>
				<time>2026-01-02T01:40:30Z</time>
			</trkpt>
			<trkpt lat="28.900400" lon="118.061463">
				<speed>0.310468</speed>
				<ele>1109.000000</ele>
				<time>2026-01-02T01:40:39Z</time>
			</trkpt>
			<trkpt lat="28.900428" lon="118.061416">
				<speed>0.491684</speed>
				<ele>1109.000000</ele>
				<time>2026-01-02T01:40:49Z</time>
			</trkpt>
			<trkpt lat="28.900479" lon="118.061391">
				<speed>0.186628</speed>
				<ele>1106.000000</ele>
				<time>2026-01-02T01:40:57Z</time>
			</trkpt>
			<trkpt lat="28.900384" lon="118.061461">
				<speed>0.055277</speed>
				<ele>1116.000000</ele>
				<time>2026-01-02T01:41:18Z</time>
			</trkpt>
			<trkpt lat="28.900443" lon="118.061497">
				<speed>0.684701</speed>
				<ele>1114.000000</ele>
				<time>2026-01-02T01:41:39Z</time>
			</trkpt>
			<trkpt lat="28.900473" lon="118.061454">
				<speed>0.338273</speed>
				<ele>1114.000000</ele>
				<time>2026-01-02T01:41:42Z</time>
			</trkpt>
			<trkpt lat="28.900528" lon="118.061436">
				<speed>0.498378</speed>
				<ele>1115.000000</ele>
				<time>2026-01-02T01:41:45Z</time>
			</trkpt>
			<trkpt lat="28.900571" lon="118.061417">
				<speed>0.040302</speed>
				<ele>1113.000000</ele>
				<time>2026-01-02T01:41:48Z</time>
			</trkpt>
			<trkpt lat="28.900608" lon="118.061382">
				<speed>0.304148</speed>
				<ele>1112.000000</ele>
				<time>2026-01-02T01:41:51Z</time>
			</trkpt>
			<trkpt lat="28.900625" lon="118.061332">
				<speed>0.401518</speed>
				<ele>1112.000000</ele>
				<time>2026-01-02T01:41:54Z</time>
			</trkpt>
			<trkpt lat="28.900674" lon="118.061325">
				<speed>0.391575</speed>
				<ele>1118.000000</ele>
				<time>2026-01-02T01:42:01Z</time>
			</trkpt>
			<trkpt lat="28.900720" lon="118.061310">
				<speed>0.294244</speed>
				<ele>1117.000000</ele>
				<time>2026-01-02T01:42:12Z</time>
			</trkpt>
			<trkpt lat="28.900757" lon="118.061271">
				<speed>0.208871</speed>
				<ele>1125.000000</ele>
				<time>2026-01-02T01:42:22Z</time>
			</trkpt>
			<trkpt lat="28.900791" lon="118.061306">
				<speed>0.220592</speed>
				<ele>1132.000000</ele>
				<time>2026-01-02T01:42:31Z</time>
			</trkpt>
			<trkpt lat="28.900838" lon="118.061314">
				<speed>0.106428</speed>
				<ele>1136.000000</ele>
				<time>2026-01-02T01:42:45Z</time>
			</trkpt>
			<trkpt lat="28.900881" lon="118.061285">
				<speed>0.564168</speed>
				<ele>1139.000000</ele>
				<time>2026-01-02T01:42:52Z</time>
			</trkpt>
			<trkpt lat="28.900920" lon="118.061261">
				<speed>0.132267</speed>
				<ele>1142.000000</ele>
				<time>2026-01-02T01:43:00Z</time>
			</trkpt>
			<trkpt lat="28.900962" lon="118.061239">
				<speed>0.232286</speed>
				<ele>1141.000000</ele>
				<time>2026-01-02T01:43:05Z</time>
			</trkpt>
			<trkpt lat="28.900982" lon="118.061187">
				<speed>0.596052</speed>
				<ele>1144.000000</ele>
				<time>2026-01-02T01:43:13Z</time>
			</trkpt>
			<trkpt lat="28.900988" lon="118.061129">
				<speed>0.210652</speed>
				<ele>1152.000000</ele>
				<time>2026-01-02T01:43:29Z</time>
			</trkpt>
			<trkpt lat="28.901019" lon="118.061082">
				<speed>0.421337</speed>
				<ele>1155.000000</ele>
				<time>2026-01-02T01:43:43Z</time>
			</trkpt>
			<trkpt lat="28.901042" lon="118.061030">
				<speed>0.792245</speed>
				<ele>1158.000000</ele>
				<time>2026-01-02T01:43:54Z</time>
			</trkpt>
			<trkpt lat="28.901043" lon="118.060978">
				<speed>0.386679</speed>
				<ele>1161.000000</ele>
				<time>2026-01-02T01:44:07Z</time>
			</trkpt>
			<trkpt lat="28.901091" lon="118.061004">
				<speed>0.102559</speed>
				<ele>1165.000000</ele>
				<time>2026-01-02T01:44:20Z</time>
			</trkpt>
			<trkpt lat="28.901133" lon="118.061033">
				<speed>0.060178</speed>
				<ele>1166.000000</ele>
				<time>2026-01-02T01:44:25Z</time>
			</trkpt>
			<trkpt lat="28.901129" lon="118.060981">
				<speed>0.303374</speed>
				<ele>1170.000000</ele>
				<time>2026-01-02T01:44:47Z</time>
			</trkpt>
			<trkpt lat="28.901101" lon="118.060937">
				<speed>0.031408</speed>
				<ele>1170.000000</ele>
				<time>2026-01-02T01:45:19Z</time>
			</trkpt>
			<trkpt lat="28.901066" lon="118.060901">
				<speed>0.000000</speed>
				<ele>1170.000000</ele>
				<time>2026-01-02T01:45:32Z</time>
			</trkpt>
			<trkpt lat="28.901120" lon="118.060897">
				<speed>0.216393</speed>
				<ele>1164.000000</ele>
				<time>2026-01-02T01:46:08Z</time>
			</trkpt>
			<trkpt lat="28.901176" lon="118.060944">
				<speed>1.793345</speed>
				<ele>1165.000000</ele>
				<time>2026-01-02T01:46:11Z</time>
			</trkpt>
			<trkpt lat="28.901177" lon="118.060999">
				<speed>2.931232</speed>
				<ele>1165.000000</ele>
				<time>2026-01-02T01:46:12Z</time>
			</trkpt>
			<trkpt lat="28.901117" lon="118.060965">
				<speed>0.871686</speed>
				<ele>1168.000000</ele>
				<time>2026-01-02T01:46:17Z</time>
			</trkpt>
			<trkpt lat="28.901098" lon="118.060916">
				<speed>1.736941</speed>
				<ele>1167.000000</ele>
				<time>2026-01-02T01:46:19Z</time>
			</trkpt>
			<trkpt lat="28.901047" lon="118.060827">
				<speed>4.133040</speed>
				<ele>1166.000000</ele>
				<time>2026-01-02T01:46:21Z</time>
			</trkpt>
			<trkpt lat="28.900992" lon="118.060795">
				<speed>5.049945</speed>
				<ele>1166.000000</ele>
				<time>2026-01-02T01:46:22Z</time>
			</trkpt>
			<trkpt lat="28.900967" lon="118.060714">
				<speed>6.154251</speed>
				<ele>1167.000000</ele>
				<time>2026-01-02T01:46:23Z</time>
			</trkpt>
			<trkpt lat="28.900917" lon="118.060629">
				<speed>6.005727</speed>
				<ele>1168.000000</ele>
				<time>2026-01-02T01:46:25Z</time>
			</trkpt>
			<trkpt lat="28.900837" lon="118.060604">
				<speed>6.614366</speed>
				<ele>1168.000000</ele>
				<time>2026-01-02T01:46:26Z</time>
			</trkpt>
			<trkpt lat="28.900955" lon="118.060702">
				<speed>0.000000</speed>
				<ele>1168.000000</ele>
				<time>2026-01-02T01:46:28Z</time>
			</trkpt>
			<trkpt lat="28.900903" lon="118.060704">
				<speed>0.293161</speed>
				<ele>1168.000000</ele>
				<time>2026-01-02T01:46:29Z</time>
			</trkpt>
			<trkpt lat="28.900963" lon="118.060667">
				<speed>1.009959</speed>
				<ele>1168.000000</ele>
				<time>2026-01-02T01:46:30Z</time>
			</trkpt>
			<trkpt lat="28.900939" lon="118.060726">
				<speed>3.043108</speed>
				<ele>1168.000000</ele>
				<time>2026-01-02T01:46:32Z</time>
			</trkpt>
			<trkpt lat="28.900895" lon="118.060682">
				<speed>2.355108</speed>
				<ele>1167.000000</ele>
				<time>2026-01-02T01:46:38Z</time>
			</trkpt>
			<trkpt lat="28.900860" lon="118.060624">
				<speed>2.247565</speed>
				<ele>1168.000000</ele>
				<time>2026-01-02T01:46:41Z</time>
			</trkpt>
			<trkpt lat="28.900825" lon="118.060564">
				<speed>2.255188</speed>
				<ele>1170.000000</ele>
				<time>2026-01-02T01:46:44Z</time>
			</trkpt>
			<trkpt lat="28.901095" lon="118.060882">
				<speed>0.000000</speed>
				<ele>1168.000000</ele>
				<time>2026-01-02T01:47:21Z</time>
			</trkpt>
			<trkpt lat="28.901197" lon="118.060944">
				<speed>0.000000</speed>
				<ele>1174.000000</ele>
				<time>2026-01-02T01:47:32Z</time>
			</trkpt>
			<trkpt lat="28.901151" lon="118.060911">
				<speed>0.378982</speed>
				<ele>1170.000000</ele>
				<time>2026-01-02T01:47:33Z</time>
			</trkpt>
			<trkpt lat="28.901098" lon="118.060898">
				<speed>0.038550</speed>
				<ele>1170.000000</ele>
				<time>2026-01-02T01:48:12Z</time>
			</trkpt>
			<trkpt lat="28.901129" lon="118.060941">
				<speed>0.288571</speed>
				<ele>1166.000000</ele>
				<time>2026-01-02T01:48:22Z</time>
			</trkpt>
			<trkpt lat="28.901154" lon="118.060892">
				<speed>0.125282</speed>
				<ele>1161.000000</ele>
				<time>2026-01-02T01:48:34Z</time>
			</trkpt>
			<trkpt lat="28.901171" lon="118.060835">
				<speed>0.367830</speed>
				<ele>1163.000000</ele>
				<time>2026-01-02T01:48:51Z</time>
			</trkpt>
			<trkpt lat="28.901218" lon="118.060808">
				<speed>0.517050</speed>
				<ele>1162.000000</ele>
				<time>2026-01-02T01:49:02Z</time>
			</trkpt>
			<trkpt lat="28.901238" lon="118.060758">
				<speed>0.154305</speed>
				<ele>1166.000000</ele>
				<time>2026-01-02T01:49:16Z</time>
			</trkpt>
			<trkpt lat="28.901254" lon="118.060710">
				<speed>0.511777</speed>
				<ele>1167.000000</ele>
				<time>2026-01-02T01:49:26Z</time>
			</trkpt>
			<trkpt lat="28.901270" lon="118.060661">
				<speed>0.568770</speed>
				<ele>1169.000000</ele>
				<time>2026-01-02T01:49:39Z</time>
			</trkpt>
			<trkpt lat="28.901235" lon="118.060629">
				<speed>0.279691</speed>
				<ele>1167.000000</ele>
				<time>2026-01-02T01:49:45Z</time>
			</trkpt>
			<trkpt lat="28.901267" lon="118.060591">
				<speed>0.209828</speed>
				<ele>1168.000000</ele>
				<time>2026-01-02T01:50:16Z</time>
			</trkpt>
			<trkpt lat="28.901306" lon="118.060558">
				<speed>0.206525</speed>
				<ele>1165.000000</ele>
				<time>2026-01-02T01:50:32Z</time>
			</trkpt>
			<trkpt lat="28.901355" lon="118.060540">
				<speed>0.501514</speed>
				<ele>1163.000000</ele>
				<time>2026-01-02T01:50:46Z</time>
			</trkpt>
			<trkpt lat="28.901403" lon="118.060519">
				<speed>0.965123</speed>
				<ele>1166.000000</ele>
				<time>2026-01-02T01:50:54Z</time>
			</trkpt>
			<trkpt lat="28.901450" lon="118.060518">
				<speed>0.328360</speed>
				<ele>1169.000000</ele>
				<time>2026-01-02T01:51:13Z</time>
			</trkpt>
			<trkpt lat="28.901478" lon="118.060562">
				<speed>0.504715</speed>
				<ele>1173.000000</ele>
				<time>2026-01-02T01:51:25Z</time>
			</trkpt>
			<trkpt lat="28.901516" lon="118.060605">
				<speed>0.984499</speed>
				<ele>1175.000000</ele>
				<time>2026-01-02T01:51:31Z</time>
			</trkpt>
			<trkpt lat="28.901550" lon="118.060640">
				<speed>0.518855</speed>
				<ele>1174.000000</ele>
				<time>2026-01-02T01:51:40Z</time>
			</trkpt>
			<trkpt lat="28.901594" lon="118.060657">
				<speed>0.469414</speed>
				<ele>1174.000000</ele>
				<time>2026-01-02T01:51:51Z</time>
			</trkpt>
			<trkpt lat="28.901614" lon="118.060705">
				<speed>0.933740</speed>
				<ele>1175.000000</ele>
				<time>2026-01-02T01:51:58Z</time>
			</trkpt>
			<trkpt lat="28.901586" lon="118.060755">
				<speed>0.838624</speed>
				<ele>1175.000000</ele>
				<time>2026-01-02T01:52:07Z</time>
			</trkpt>
			<trkpt lat="28.901576" lon="118.060806">
				<speed>0.954442</speed>
				<ele>1176.000000</ele>
				<time>2026-01-02T01:52:18Z</time>
			</trkpt>
			<trkpt lat="28.901611" lon="118.060854">
				<speed>0.616542</speed>
				<ele>1174.000000</ele>
				<time>2026-01-02T01:52:24Z</time>
			</trkpt>
			<trkpt lat="28.901644" lon="118.060893">
				<speed>0.652379</speed>
				<ele>1175.000000</ele>
				<time>2026-01-02T01:52:30Z</time>
			</trkpt>
			<trkpt lat="28.901688" lon="118.060906">
				<speed>0.128365</speed>
				<ele>1169.000000</ele>
				<time>2026-01-02T01:52:42Z</time>
			</trkpt>
			<trkpt lat="28.901723" lon="118.060941">
				<speed>0.422966</speed>
				<ele>1165.000000</ele>
				<time>2026-01-02T01:53:07Z</time>
			</trkpt>
			<trkpt lat="28.901772" lon="118.060942">
				<speed>1.581492</speed>
				<ele>1170.000000</ele>
				<time>2026-01-02T01:53:25Z</time>
			</trkpt>
			<trkpt lat="28.901773" lon="118.060995">
				<speed>0.142484</speed>
				<ele>1170.000000</ele>
				<time>2026-01-02T01:53:33Z</time>
			</trkpt>
			<trkpt lat="28.901808" lon="118.061029">
				<speed>0.262246</speed>
				<ele>1178.000000</ele>
				<time>2026-01-02T01:53:47Z</time>
			</trkpt>
			<trkpt lat="28.901853" lon="118.061045">
				<speed>0.447089</speed>
				<ele>1177.000000</ele>
				<time>2026-01-02T01:53:55Z</time>
			</trkpt>
			<trkpt lat="28.901884" lon="118.061083">
				<speed>0.362592</speed>
				<ele>1182.000000</ele>
				<time>2026-01-02T01:54:02Z</time>
			</trkpt>
			<trkpt lat="28.901915" lon="118.061128">
				<speed>0.623078</speed>
				<ele>1187.000000</ele>
				<time>2026-01-02T01:54:10Z</time>
			</trkpt>
			<trkpt lat="28.901957" lon="118.061147">
				<speed>0.715185</speed>
				<ele>1188.000000</ele>
				<time>2026-01-02T01:54:17Z</time>
			</trkpt>
			<trkpt lat="28.902005" lon="118.061170">
				<speed>0.396271</speed>
				<ele>1194.000000</ele>
				<time>2026-01-02T01:54:29Z</time>
			</trkpt>
			<trkpt lat="28.902035" lon="118.061210">
				<speed>0.452396</speed>
				<ele>1201.000000</ele>
				<time>2026-01-02T01:54:42Z</time>
			</trkpt>
			<trkpt lat="28.902056" lon="118.061265">
				<speed>0.839335</speed>
				<ele>1201.000000</ele>
				<time>2026-01-02T01:54:54Z</time>
			</trkpt>
			<trkpt lat="28.902073" lon="118.061316">
				<speed>0.786373</speed>
				<ele>1201.000000</ele>
				<time>2026-01-02T01:55:01Z</time>
			</trkpt>
			<trkpt lat="28.902037" lon="118.061353">
				<speed>0.490375</speed>
				<ele>1207.000000</ele>
				<time>2026-01-02T01:55:10Z</time>
			</trkpt>
			<trkpt lat="28.902016" lon="118.061401">
				<speed>0.503522</speed>
				<ele>1212.000000</ele>
				<time>2026-01-02T01:55:23Z</time>
			</trkpt>
			<trkpt lat="28.902056" lon="118.061432">
				<speed>0.316543</speed>
				<ele>1210.000000</ele>
				<time>2026-01-02T01:55:28Z</time>
			</trkpt>
			<trkpt lat="28.902061" lon="118.061483">
				<speed>0.423203</speed>
				<ele>1213.000000</ele>
				<time>2026-01-02T01:55:39Z</time>
			</trkpt>
			<trkpt lat="28.902092" lon="118.061528">
				<speed>0.598650</speed>
				<ele>1212.000000</ele>
				<time>2026-01-02T01:55:49Z</time>
			</trkpt>
			<trkpt lat="28.902141" lon="118.061537">
				<speed>1.112189</speed>
				<ele>1214.000000</ele>
				<time>2026-01-02T01:55:57Z</time>
			</trkpt>
			<trkpt lat="28.902191" lon="118.061562">
				<speed>0.742801</speed>
				<ele>1212.000000</ele>
				<time>2026-01-02T01:56:02Z</time>
			</trkpt>
			<trkpt lat="28.902226" lon="118.061602">
				<speed>0.506900</speed>
				<ele>1216.000000</ele>
				<time>2026-01-02T01:56:11Z</time>
			</trkpt>
			<trkpt lat="28.902286" lon="118.061593">
				<speed>0.655448</speed>
				<ele>1219.000000</ele>
				<time>2026-01-02T01:56:25Z</time>
			</trkpt>
			<trkpt lat="28.902337" lon="118.061610">
				<speed>0.185084</speed>
				<ele>1215.000000</ele>
				<time>2026-01-02T01:56:30Z</time>
			</trkpt>
			<trkpt lat="28.902377" lon="118.061637">
				<speed>0.630957</speed>
				<ele>1213.000000</ele>
				<time>2026-01-02T01:56:33Z</time>
			</trkpt>
			<trkpt lat="28.902424" lon="118.061650">
				<speed>0.673013</speed>
				<ele>1211.000000</ele>
				<time>2026-01-02T01:56:36Z</time>
			</trkpt>
			<trkpt lat="28.902467" lon="118.061666">
				<speed>0.491742</speed>
				<ele>1210.000000</ele>
				<time>2026-01-02T01:56:41Z</time>
			</trkpt>
			<trkpt lat="28.902513" lon="118.061650">
				<speed>0.200359</speed>
				<ele>1213.000000</ele>
				<time>2026-01-02T01:56:57Z</time>
			</trkpt>
			<trkpt lat="28.902517" lon="118.061706">
				<speed>0.509561</speed>
				<ele>1222.000000</ele>
				<time>2026-01-02T01:57:10Z</time>
			</trkpt>
			<trkpt lat="28.902520" lon="118.061760">
				<speed>0.420711</speed>
				<ele>1230.000000</ele>
				<time>2026-01-02T01:57:26Z</time>
			</trkpt>
			<trkpt lat="28.902503" lon="118.061809">
				<speed>0.179829</speed>
				<ele>1230.000000</ele>
				<time>2026-01-02T01:57:45Z</time>
			</trkpt>
			<trkpt lat="28.902529" lon="118.061852">
				<speed>0.074026</speed>
				<ele>1227.000000</ele>
				<time>2026-01-02T01:57:59Z</time>
			</trkpt>
			<trkpt lat="28.902529" lon="118.061909">
				<speed>0.543943</speed>
				<ele>1230.000000</ele>
				<time>2026-01-02T01:58:19Z</time>
			</trkpt>
			<trkpt lat="28.902542" lon="118.061965">
				<speed>0.321546</speed>
				<ele>1228.000000</ele>
				<time>2026-01-02T01:58:33Z</time>
			</trkpt>
			<trkpt lat="28.902579" lon="118.062005">
				<speed>0.412575</speed>
				<ele>1224.000000</ele>
				<time>2026-01-02T01:58:40Z</time>
			</trkpt>
			<trkpt lat="28.902565" lon="118.062057">
				<speed>1.030502</speed>
				<ele>1223.000000</ele>
				<time>2026-01-02T01:58:46Z</time>
			</trkpt>
			<trkpt lat="28.902526" lon="118.062086">
				<speed>0.823093</speed>
				<ele>1227.000000</ele>
				<time>2026-01-02T01:58:51Z</time>
			</trkpt>
			<trkpt lat="28.902496" lon="118.062124">
				<speed>0.929261</speed>
				<ele>1229.000000</ele>
				<time>2026-01-02T01:58:56Z</time>
			</trkpt>
			<trkpt lat="28.902478" lon="118.062178">
				<speed>0.290309</speed>
				<ele>1228.000000</ele>
				<time>2026-01-02T01:59:07Z</time>
			</trkpt>
			<trkpt lat="28.902516" lon="118.062206">
				<speed>0.032929</speed>
				<ele>1227.000000</ele>
				<time>2026-01-02T01:59:21Z</time>
			</trkpt>
			<trkpt lat="28.902561" lon="118.062187">
				<speed>0.146101</speed>
				<ele>1220.000000</ele>
				<time>2026-01-02T01:59:29Z</time>
			</trkpt>
			<trkpt lat="28.902593" lon="118.062149">
				<speed>0.023025</speed>
				<ele>1218.000000</ele>
				<time>2026-01-02T01:59:41Z</time>
			</trkpt>
			<trkpt lat="28.902621" lon="118.062105">
				<speed>0.087148</speed>
				<ele>1224.000000</ele>
				<time>2026-01-02T01:59:58Z</time>
			</trkpt>
			<trkpt lat="28.902667" lon="118.062075">
				<speed>0.672292</speed>
				<ele>1226.000000</ele>
				<time>2026-01-02T02:00:07Z</time>
			</trkpt>
			<trkpt lat="28.902641" lon="118.062022">
				<speed>0.727853</speed>
				<ele>1228.000000</ele>
				<time>2026-01-02T02:00:22Z</time>
			</trkpt>
			<trkpt lat="28.902585" lon="118.062020">
				<speed>0.237750</speed>
				<ele>1234.000000</ele>
				<time>2026-01-02T02:00:27Z</time>
			</trkpt>
			<trkpt lat="28.902632" lon="118.062028">
				<speed>1.441585</speed>
				<ele>1240.000000</ele>
				<time>2026-01-02T02:00:31Z</time>
			</trkpt>
			<trkpt lat="28.902598" lon="118.061994">
				<speed>0.392651</speed>
				<ele>1247.000000</ele>
				<time>2026-01-02T02:00:37Z</time>
			</trkpt>
			<trkpt lat="28.902693" lon="118.062010">
				<speed>-1.000000</speed>
				<ele>1242.000000</ele>
				<time>2026-01-02T02:00:56Z</time>
			</trkpt>
			<trkpt lat="28.902646" lon="118.062099">
				<speed>-1.000000</speed>
				<ele>1242.000000</ele>
				<time>2026-01-02T02:02:08Z</time>
			</trkpt>
			<trkpt lat="28.902645" lon="118.062097">
				<speed>-1.000000</speed>
				<ele>1242.000000</ele>
				<time>2026-01-02T02:02:32Z</time>
			</trkpt>
			<trkpt lat="28.902645" lon="118.062098">
				<speed>-1.000000</speed>
				<ele>1242.000000</ele>
				<time>2026-01-02T02:03:26Z</time>
			</trkpt>
			<trkpt lat="28.902666" lon="118.062037">
				<speed>-1.000000</speed>
				<ele>1242.000000</ele>
				<time>2026-01-02T02:09:26Z</time>
			</trkpt>
			<trkpt lat="28.902645" lon="118.062111">
				<speed>-1.000000</speed>
				<ele>1242.000000</ele>
				<time>2026-01-02T02:09:44Z</time>
			</trkpt>
			<trkpt lat="28.902630" lon="118.062167">
				<speed>-1.000000</speed>
				<ele>1242.000000</ele>
				<time>2026-01-02T02:09:50Z</time>
			</trkpt>
			<trkpt lat="28.902646" lon="118.062109">
				<speed>-1.000000</speed>
				<ele>1242.000000</ele>
				<time>2026-01-02T02:09:56Z</time>
			</trkpt>
			<trkpt lat="28.902659" lon="118.062080">
				<speed>-1.000000</speed>
				<ele>1242.000000</ele>
				<time>2026-01-02T02:10:14Z</time>
			</trkpt>
			<trkpt lat="28.902678" lon="118.062024">
				<speed>-1.000000</speed>
				<ele>1242.000000</ele>
				<time>2026-01-02T02:10:26Z</time>
			</trkpt>
			<trkpt lat="28.902647" lon="118.062092">
				<speed>-1.000000</speed>
				<ele>1242.000000</ele>
				<time>2026-01-02T02:10:32Z</time>
			</trkpt>
			<trkpt lat="28.902637" lon="118.062142">
				<speed>-1.000000</speed>
				<ele>1242.000000</ele>
				<time>2026-01-02T02:11:31Z</time>
			</trkpt>
			<trkpt lat="28.902552" lon="118.062028">
				<speed>0.261236</speed>
				<ele>1248.000000</ele>
				<time>2026-01-02T02:11:42Z</time>
			</trkpt>
			<trkpt lat="28.902599" lon="118.062045">
				<speed>0.000000</speed>
				<ele>1242.000000</ele>
				<time>2026-01-02T02:11:57Z</time>
			</trkpt>
			<trkpt lat="28.902559" lon="118.062073">
				<speed>0.464979</speed>
				<ele>1239.000000</ele>
				<time>2026-01-02T02:12:41Z</time>
			</trkpt>
			<trkpt lat="28.902553" lon="118.062126">
				<speed>0.597840</speed>
				<ele>1237.000000</ele>
				<time>2026-01-02T02:12:49Z</time>
			</trkpt>
			<trkpt lat="28.902563" lon="118.062177">
				<speed>0.721900</speed>
				<ele>1234.000000</ele>
				<time>2026-01-02T02:12:55Z</time>
			</trkpt>
			<trkpt lat="28.902529" lon="118.062217">
				<speed>0.276016</speed>
				<ele>1231.000000</ele>
				<time>2026-01-02T02:13:13Z</time>
			</trkpt>
			<trkpt lat="28.902505" lon="118.062261">
				<speed>0.308280</speed>
				<ele>1227.000000</ele>
				<time>2026-01-02T02:13:29Z</time>
			</trkpt>
			<trkpt lat="28.902464" lon="118.062294">
				<speed>0.497051</speed>
				<ele>1225.000000</ele>
				<time>2026-01-02T02:13:49Z</time>
			</trkpt>
			<trkpt lat="28.902504" lon="118.062318">
				<speed>0.304448</speed>
				<ele>1234.000000</ele>
				<time>2026-01-02T02:14:05Z</time>
			</trkpt>
			<trkpt lat="28.902550" lon="118.062342">
				<speed>0.408795</speed>
				<ele>1232.000000</ele>
				<time>2026-01-02T02:14:17Z</time>
			</trkpt>
			<trkpt lat="28.902597" lon="118.062328">
				<speed>0.521470</speed>
				<ele>1233.000000</ele>
				<time>2026-01-02T02:14:24Z</time>
			</trkpt>
			<trkpt lat="28.902642" lon="118.062339">
				<speed>0.603572</speed>
				<ele>1234.000000</ele>
				<time>2026-01-02T02:14:30Z</time>
			</trkpt>
			<trkpt lat="28.902688" lon="118.062343">
				<speed>0.214554</speed>
				<ele>1229.000000</ele>
				<time>2026-01-02T02:15:13Z</time>
			</trkpt>
			<trkpt lat="28.902732" lon="118.062361">
				<speed>0.441559</speed>
				<ele>1229.000000</ele>
				<time>2026-01-02T02:15:22Z</time>
			</trkpt>
			<trkpt lat="28.902778" lon="118.062363">
				<speed>0.673665</speed>
				<ele>1231.000000</ele>
				<time>2026-01-02T02:15:32Z</time>
			</trkpt>
			<trkpt lat="28.902824" lon="118.062370">
				<speed>0.176892</speed>
				<ele>1233.000000</ele>
				<time>2026-01-02T02:15:41Z</time>
			</trkpt>
			<trkpt lat="28.902877" lon="118.062364">
				<speed>0.688093</speed>
				<ele>1234.000000</ele>
				<time>2026-01-02T02:15:52Z</time>
			</trkpt>
			<trkpt lat="28.902922" lon="118.062346">
				<speed>0.778752</speed>
				<ele>1236.000000</ele>
				<time>2026-01-02T02:16:00Z</time>
			</trkpt>
			<trkpt lat="28.902973" lon="118.062338">
				<speed>0.065055</speed>
				<ele>1240.000000</ele>
				<time>2026-01-02T02:16:11Z</time>
			</trkpt>
			<trkpt lat="28.903019" lon="118.062350">
				<speed>1.099417</speed>
				<ele>1241.000000</ele>
				<time>2026-01-02T02:16:16Z</time>
			</trkpt>
			<trkpt lat="28.903047" lon="118.062306">
				<speed>0.444843</speed>
				<ele>1252.000000</ele>
				<time>2026-01-02T02:16:27Z</time>
			</trkpt>
			<trkpt lat="28.903064" lon="118.062254">
				<speed>0.464000</speed>
				<ele>1256.000000</ele>
				<time>2026-01-02T02:16:37Z</time>
			</trkpt>
			<trkpt lat="28.903092" lon="118.062192">
				<speed>1.176580</speed>
				<ele>1257.000000</ele>
				<time>2026-01-02T02:16:43Z</time>
			</trkpt>
			<trkpt lat="28.903119" lon="118.062148">
				<speed>0.762418</speed>
				<ele>1254.000000</ele>
				<time>2026-01-02T02:16:48Z</time>
			</trkpt>
			<trkpt lat="28.903134" lon="118.062099">
				<speed>0.349405</speed>
				<ele>1255.000000</ele>
				<time>2026-01-02T02:16:56Z</time>
			</trkpt>
			<trkpt lat="28.903128" lon="118.062044">
				<speed>0.103325</speed>
				<ele>1255.000000</ele>
				<time>2026-01-02T02:17:10Z</time>
			</trkpt>
			<trkpt lat="28.903163" lon="118.062009">
				<speed>0.273724</speed>
				<ele>1250.000000</ele>
				<time>2026-01-02T02:17:18Z</time>
			</trkpt>
			<trkpt lat="28.903173" lon="118.061958">
				<speed>0.352602</speed>
				<ele>1252.000000</ele>
				<time>2026-01-02T02:17:29Z</time>
			</trkpt>
			<trkpt lat="28.903183" lon="118.061896">
				<speed>0.971534</speed>
				<ele>1251.000000</ele>
				<time>2026-01-02T02:17:35Z</time>
			</trkpt>
			<trkpt lat="28.903214" lon="118.061850">
				<speed>0.845170</speed>
				<ele>1253.000000</ele>
				<time>2026-01-02T02:17:42Z</time>
			</trkpt>
			<trkpt lat="28.903261" lon="118.061850">
				<speed>0.722952</speed>
				<ele>1256.000000</ele>
				<time>2026-01-02T02:17:52Z</time>
			</trkpt>
			<trkpt lat="28.903272" lon="118.061787">
				<speed>0.552058</speed>
				<ele>1257.000000</ele>
				<time>2026-01-02T02:18:04Z</time>
			</trkpt>
			<trkpt lat="28.903310" lon="118.061815">
				<speed>0.118641</speed>
				<ele>1261.000000</ele>
				<time>2026-01-02T02:18:28Z</time>
			</trkpt>
			<trkpt lat="28.903352" lon="118.061793">
				<speed>0.105651</speed>
				<ele>1266.000000</ele>
				<time>2026-01-02T02:18:44Z</time>
			</trkpt>
			<trkpt lat="28.903392" lon="118.061755">
				<speed>0.973866</speed>
				<ele>1267.000000</ele>
				<time>2026-01-02T02:18:54Z</time>
			</trkpt>
			<trkpt lat="28.903420" lon="118.061714">
				<speed>0.561702</speed>
				<ele>1269.000000</ele>
				<time>2026-01-02T02:19:03Z</time>
			</trkpt>
			<trkpt lat="28.903455" lon="118.061678">
				<speed>0.513189</speed>
				<ele>1268.000000</ele>
				<time>2026-01-02T02:19:13Z</time>
			</trkpt>
			<trkpt lat="28.903491" lon="118.061647">
				<speed>0.599514</speed>
				<ele>1268.000000</ele>
				<time>2026-01-02T02:19:25Z</time>
			</trkpt>
			<trkpt lat="28.903541" lon="118.061655">
				<speed>0.271591</speed>
				<ele>1270.000000</ele>
				<time>2026-01-02T02:19:40Z</time>
			</trkpt>
			<trkpt lat="28.903560" lon="118.061705">
				<speed>0.399323</speed>
				<ele>1273.000000</ele>
				<time>2026-01-02T02:19:50Z</time>
			</trkpt>
			<trkpt lat="28.903573" lon="118.061759">
				<speed>0.123644</speed>
				<ele>1276.000000</ele>
				<time>2026-01-02T02:20:03Z</time>
			</trkpt>
			<trkpt lat="28.903573" lon="118.061811">
				<speed>0.420071</speed>
				<ele>1278.000000</ele>
				<time>2026-01-02T02:20:13Z</time>
			</trkpt>
			<trkpt lat="28.903617" lon="118.061796">
				<speed>0.055732</speed>
				<ele>1278.000000</ele>
				<time>2026-01-02T02:20:31Z</time>
			</trkpt>
			<trkpt lat="28.903626" lon="118.061739">
				<speed>0.268370</speed>
				<ele>1280.000000</ele>
				<time>2026-01-02T02:20:42Z</time>
			</trkpt>
			<trkpt lat="28.903639" lon="118.061689">
				<speed>0.331874</speed>
				<ele>1280.000000</ele>
				<time>2026-01-02T02:20:54Z</time>
			</trkpt>
			<trkpt lat="28.903673" lon="118.061646">
				<speed>0.690117</speed>
				<ele>1279.000000</ele>
				<time>2026-01-02T02:21:07Z</time>
			</trkpt>
			<trkpt lat="28.903723" lon="118.061661">
				<speed>0.250673</speed>
				<ele>1283.000000</ele>
				<time>2026-01-02T02:21:46Z</time>
			</trkpt>
			<trkpt lat="28.903770" lon="118.061668">
				<speed>0.237168</speed>
				<ele>1286.000000</ele>
				<time>2026-01-02T02:22:01Z</time>
			</trkpt>
			<trkpt lat="28.903773" lon="118.061612">
				<speed>0.308916</speed>
				<ele>1290.000000</ele>
				<time>2026-01-02T02:22:15Z</time>
			</trkpt>
			<trkpt lat="28.903826" lon="118.061597">
				<speed>0.800895</speed>
				<ele>1288.000000</ele>
				<time>2026-01-02T02:22:26Z</time>
			</trkpt>
			<trkpt lat="28.903864" lon="118.061567">
				<speed>0.238689</speed>
				<ele>1290.000000</ele>
				<time>2026-01-02T02:22:40Z</time>
			</trkpt>
			<trkpt lat="28.903907" lon="118.061540">
				<speed>0.505005</speed>
				<ele>1293.000000</ele>
				<time>2026-01-02T02:22:52Z</time>
			</trkpt>
			<trkpt lat="28.903954" lon="118.061532">
				<speed>0.397587</speed>
				<ele>1291.000000</ele>
				<time>2026-01-02T02:23:02Z</time>
			</trkpt>
			<trkpt lat="28.903922" lon="118.061571">
				<speed>0.368443</speed>
				<ele>1295.000000</ele>
				<time>2026-01-02T02:23:19Z</time>
			</trkpt>
			<trkpt lat="28.903914" lon="118.061630">
				<speed>0.295937</speed>
				<ele>1297.000000</ele>
				<time>2026-01-02T02:23:34Z</time>
			</trkpt>
			<trkpt lat="28.903940" lon="118.061677">
				<speed>0.663292</speed>
				<ele>1298.000000</ele>
				<time>2026-01-02T02:23:48Z</time>
			</trkpt>
			<trkpt lat="28.903929" lon="118.061732">
				<speed>0.710921</speed>
				<ele>1302.000000</ele>
				<time>2026-01-02T02:24:03Z</time>
			</trkpt>
			<trkpt lat="28.903979" lon="118.061722">
				<speed>0.394746</speed>
				<ele>1303.000000</ele>
				<time>2026-01-02T02:24:19Z</time>
			</trkpt>
			<trkpt lat="28.904030" lon="118.061713">
				<speed>0.438254</speed>
				<ele>1302.000000</ele>
				<time>2026-01-02T02:24:31Z</time>
			</trkpt>
			<trkpt lat="28.904071" lon="118.061692">
				<speed>0.106904</speed>
				<ele>1303.000000</ele>
				<time>2026-01-02T02:24:42Z</time>
			</trkpt>
			<trkpt lat="28.904108" lon="118.061660">
				<speed>0.232051</speed>
				<ele>1305.000000</ele>
				<time>2026-01-02T02:24:52Z</time>
			</trkpt>
			<trkpt lat="28.904110" lon="118.061711">
				<speed>0.252320</speed>
				<ele>1311.000000</ele>
				<time>2026-01-02T02:25:08Z</time>
			</trkpt>
			<trkpt lat="28.904094" lon="118.061761">
				<speed>0.778948</speed>
				<ele>1310.000000</ele>
				<time>2026-01-02T02:25:17Z</time>
			</trkpt>
			<trkpt lat="28.904059" lon="118.061800">
				<speed>0.044251</speed>
				<ele>1313.000000</ele>
				<time>2026-01-02T02:25:28Z</time>
			</trkpt>
			<trkpt lat="28.904052" lon="118.061854">
				<speed>0.249273</speed>
				<ele>1315.000000</ele>
				<time>2026-01-02T02:25:42Z</time>
			</trkpt>
			<trkpt lat="28.904097" lon="118.061862">
				<speed>0.220171</speed>
				<ele>1319.000000</ele>
				<time>2026-01-02T02:26:00Z</time>
			</trkpt>
			<trkpt lat="28.904142" lon="118.061865">
				<speed>0.205715</speed>
				<ele>1320.000000</ele>
				<time>2026-01-02T02:26:14Z</time>
			</trkpt>
			<trkpt lat="28.904128" lon="118.061917">
				<speed>0.018030</speed>
				<ele>1322.000000</ele>
				<time>2026-01-02T02:26:39Z</time>
			</trkpt>
			<trkpt lat="28.904149" lon="118.061967">
				<speed>0.553081</speed>
				<ele>1327.000000</ele>
				<time>2026-01-02T02:27:44Z</time>
			</trkpt>
			<trkpt lat="28.904191" lon="118.061947">
				<speed>0.539342</speed>
				<ele>1328.000000</ele>
				<time>2026-01-02T02:27:57Z</time>
			</trkpt>
			<trkpt lat="28.904231" lon="118.061973">
				<speed>0.667673</speed>
				<ele>1327.000000</ele>
				<time>2026-01-02T02:28:06Z</time>
			</trkpt>
			<trkpt lat="28.904278" lon="118.061966">
				<speed>0.469438</speed>
				<ele>1327.000000</ele>
				<time>2026-01-02T02:28:17Z</time>
			</trkpt>
			<trkpt lat="28.904322" lon="118.061940">
				<speed>0.124540</speed>
				<ele>1328.000000</ele>
				<time>2026-01-02T02:28:31Z</time>
			</trkpt>
			<trkpt lat="28.904341" lon="118.061891">
				<speed>0.171155</speed>
				<ele>1330.000000</ele>
				<time>2026-01-02T02:28:46Z</time>
			</trkpt>
			<trkpt lat="28.904371" lon="118.061851">
				<speed>0.238688</speed>
				<ele>1331.000000</ele>
				<time>2026-01-02T02:28:53Z</time>
			</trkpt>
			<trkpt lat="28.904369" lon="118.061799">
				<speed>0.200118</speed>
				<ele>1331.000000</ele>
				<time>2026-01-02T02:29:06Z</time>
			</trkpt>
			<trkpt lat="28.904403" lon="118.061749">
				<speed>0.404276</speed>
				<ele>1328.000000</ele>
				<time>2026-01-02T02:29:23Z</time>
			</trkpt>
			<trkpt lat="28.904427" lon="118.061683">
				<speed>0.810906</speed>
				<ele>1329.000000</ele>
				<time>2026-01-02T02:29:29Z</time>
			</trkpt>
			<trkpt lat="28.904448" lon="118.061635">
				<speed>0.320509</speed>
				<ele>1330.000000</ele>
				<time>2026-01-02T02:29:36Z</time>
			</trkpt>
			<trkpt lat="28.904460" lon="118.061570">
				<speed>0.829959</speed>
				<ele>1329.000000</ele>
				<time>2026-01-02T02:29:40Z</time>
			</trkpt>
			<trkpt lat="28.904469" lon="118.061518">
				<speed>1.036471</speed>
				<ele>1327.000000</ele>
				<time>2026-01-02T02:29:43Z</time>
			</trkpt>
			<trkpt lat="28.904480" lon="118.061464">
				<speed>0.905552</speed>
				<ele>1328.000000</ele>
				<time>2026-01-02T02:29:47Z</time>
			</trkpt>
			<trkpt lat="28.904475" lon="118.061406">
				<speed>1.292972</speed>
				<ele>1328.000000</ele>
				<time>2026-01-02T02:29:51Z</time>
			</trkpt>
			<trkpt lat="28.904443" lon="118.061368">
				<speed>0.599704</speed>
				<ele>1329.000000</ele>
				<time>2026-01-02T02:29:58Z</time>
			</trkpt>
			<trkpt lat="28.904425" lon="118.061313">
				<speed>0.734358</speed>
				<ele>1328.000000</ele>
				<time>2026-01-02T02:30:04Z</time>
			</trkpt>
			<trkpt lat="28.904405" lon="118.061258">
				<speed>0.925877</speed>
				<ele>1327.000000</ele>
				<time>2026-01-02T02:30:11Z</time>
			</trkpt>
			<trkpt lat="28.904369" lon="118.061214">
				<speed>0.922527</speed>
				<ele>1327.000000</ele>
				<time>2026-01-02T02:30:19Z</time>
			</trkpt>
			<trkpt lat="28.904334" lon="118.061182">
				<speed>0.503470</speed>
				<ele>1328.000000</ele>
				<time>2026-01-02T02:30:26Z</time>
			</trkpt>
			<trkpt lat="28.904302" lon="118.061143">
				<speed>0.446782</speed>
				<ele>1327.000000</ele>
				<time>2026-01-02T02:30:37Z</time>
			</trkpt>
			<trkpt lat="28.904291" lon="118.061090">
				<speed>0.503566</speed>
				<ele>1327.000000</ele>
				<time>2026-01-02T02:30:51Z</time>
			</trkpt>
			<trkpt lat="28.904260" lon="118.061039">
				<speed>0.684678</speed>
				<ele>1330.000000</ele>
				<time>2026-01-02T02:31:04Z</time>
			</trkpt>
			<trkpt lat="28.904245" lon="118.060988">
				<speed>0.582523</speed>
				<ele>1330.000000</ele>
				<time>2026-01-02T02:31:12Z</time>
			</trkpt>
			<trkpt lat="28.904225" lon="118.060939">
				<speed>0.587997</speed>
				<ele>1332.000000</ele>
				<time>2026-01-02T02:31:19Z</time>
			</trkpt>
			<trkpt lat="28.904249" lon="118.060894">
				<speed>0.300498</speed>
				<ele>1334.000000</ele>
				<time>2026-01-02T02:31:32Z</time>
			</trkpt>
			<trkpt lat="28.904300" lon="118.060903">
				<speed>0.777435</speed>
				<ele>1333.000000</ele>
				<time>2026-01-02T02:31:42Z</time>
			</trkpt>
			<trkpt lat="28.904343" lon="118.060881">
				<speed>0.500659</speed>
				<ele>1339.000000</ele>
				<time>2026-01-02T02:31:57Z</time>
			</trkpt>
			<trkpt lat="28.904394" lon="118.060878">
				<speed>0.350420</speed>
				<ele>1348.000000</ele>
				<time>2026-01-02T02:32:15Z</time>
			</trkpt>
			<trkpt lat="28.904441" lon="118.060868">
				<speed>1.463379</speed>
				<ele>1349.000000</ele>
				<time>2026-01-02T02:32:21Z</time>
			</trkpt>
			<trkpt lat="28.904408" lon="118.060821">
				<speed>0.571830</speed>
				<ele>1357.000000</ele>
				<time>2026-01-02T02:32:36Z</time>
			</trkpt>
			<trkpt lat="28.904381" lon="118.060775">
				<speed>0.562349</speed>
				<ele>1349.000000</ele>
				<time>2026-01-02T02:33:00Z</time>
			</trkpt>
			<trkpt lat="28.904351" lon="118.060731">
				<speed>0.302241</speed>
				<ele>1350.000000</ele>
				<time>2026-01-02T02:33:16Z</time>
			</trkpt>
			<trkpt lat="28.904316" lon="118.060693">
				<speed>0.321665</speed>
				<ele>1351.000000</ele>
				<time>2026-01-02T02:33:29Z</time>
			</trkpt>
			<trkpt lat="28.904288" lon="118.060646">
				<speed>0.580605</speed>
				<ele>1350.000000</ele>
				<time>2026-01-02T02:33:36Z</time>
			</trkpt>
			<trkpt lat="28.904259" lon="118.060600">
				<speed>0.822972</speed>
				<ele>1352.000000</ele>
				<time>2026-01-02T02:33:40Z</time>
			</trkpt>
			<trkpt lat="28.904223" lon="118.060569">
				<speed>0.491255</speed>
				<ele>1354.000000</ele>
				<time>2026-01-02T02:33:48Z</time>
			</trkpt>
			<trkpt lat="28.904194" lon="118.060527">
				<speed>0.074208</speed>
				<ele>1374.000000</ele>
				<time>2026-01-02T02:34:45Z</time>
			</trkpt>
			<trkpt lat="28.904240" lon="118.060524">
				<speed>0.385015</speed>
				<ele>1375.000000</ele>
				<time>2026-01-02T02:35:58Z</time>
			</trkpt>
			<trkpt lat="28.904263" lon="118.060577">
				<speed>0.609531</speed>
				<ele>1371.000000</ele>
				<time>2026-01-02T02:36:08Z</time>
			</trkpt>
			<trkpt lat="28.904293" lon="118.060615">
				<speed>0.523963</speed>
				<ele>1369.000000</ele>
				<time>2026-01-02T02:36:17Z</time>
			</trkpt>
			<trkpt lat="28.904335" lon="118.060641">
				<speed>0.407521</speed>
				<ele>1366.000000</ele>
				<time>2026-01-02T02:36:27Z</time>
			</trkpt>
			<trkpt lat="28.904343" lon="118.060589">
				<speed>0.105101</speed>
				<ele>1369.000000</ele>
				<time>2026-01-02T02:36:51Z</time>
			</trkpt>
			<trkpt lat="28.904343" lon="118.060537">
				<speed>0.231993</speed>
				<ele>1366.000000</ele>
				<time>2026-01-02T02:37:05Z</time>
			</trkpt>
			<trkpt lat="28.904379" lon="118.060571">
				<speed>0.150404</speed>
				<ele>1375.000000</ele>
				<time>2026-01-02T02:37:25Z</time>
			</trkpt>
			<trkpt lat="28.904426" lon="118.060593">
				<speed>0.932529</speed>
				<ele>1375.000000</ele>
				<time>2026-01-02T02:37:33Z</time>
			</trkpt>
			<trkpt lat="28.904475" lon="118.060605">
				<speed>0.490083</speed>
				<ele>1374.000000</ele>
				<time>2026-01-02T02:37:41Z</time>
			</trkpt>
			<trkpt lat="28.904506" lon="118.060563">
				<speed>0.102465</speed>
				<ele>1375.000000</ele>
				<time>2026-01-02T02:37:57Z</time>
			</trkpt>
			<trkpt lat="28.904518" lon="118.060510">
				<speed>0.552276</speed>
				<ele>1375.000000</ele>
				<time>2026-01-02T02:38:16Z</time>
			</trkpt>
			<trkpt lat="28.904520" lon="118.060455">
				<speed>0.509188</speed>
				<ele>1381.000000</ele>
				<time>2026-01-02T02:38:33Z</time>
			</trkpt>
			<trkpt lat="28.904502" lon="118.060398">
				<speed>0.637499</speed>
				<ele>1380.000000</ele>
				<time>2026-01-02T02:38:40Z</time>
			</trkpt>
			<trkpt lat="28.904485" lon="118.060350">
				<speed>0.181474</speed>
				<ele>1384.000000</ele>
				<time>2026-01-02T02:38:51Z</time>
			</trkpt>
			<trkpt lat="28.904482" lon="118.060295">
				<speed>0.335818</speed>
				<ele>1387.000000</ele>
				<time>2026-01-02T02:39:04Z</time>
			</trkpt>
			<trkpt lat="28.904526" lon="118.060284">
				<speed>0.280436</speed>
				<ele>1389.000000</ele>
				<time>2026-01-02T02:39:23Z</time>
			</trkpt>
			<trkpt lat="28.904565" lon="118.060246">
				<speed>1.019886</speed>
				<ele>1386.000000</ele>
				<time>2026-01-02T02:39:36Z</time>
			</trkpt>
			<trkpt lat="28.904570" lon="118.060183">
				<speed>0.824411</speed>
				<ele>1384.000000</ele>
				<time>2026-01-02T02:39:47Z</time>
			</trkpt>
			<trkpt lat="28.904570" lon="118.060131">
				<speed>0.584856</speed>
				<ele>1383.000000</ele>
				<time>2026-01-02T02:39:54Z</time>
			</trkpt>
			<trkpt lat="28.904576" lon="118.060078">
				<speed>0.198527</speed>
				<ele>1385.000000</ele>
				<time>2026-01-02T02:40:04Z</time>
			</trkpt>
			<trkpt lat="28.904603" lon="118.060033">
				<speed>0.394488</speed>
				<ele>1384.000000</ele>
				<time>2026-01-02T02:40:13Z</time>
			</trkpt>
			<trkpt lat="28.904635" lon="118.059991">
				<speed>0.214683</speed>
				<ele>1386.000000</ele>
				<time>2026-01-02T02:40:23Z</time>
			</trkpt>
			<trkpt lat="28.904634" lon="118.059937">
				<speed>0.260052</speed>
				<ele>1390.000000</ele>
				<time>2026-01-02T02:40:31Z</time>
			</trkpt>
			<trkpt lat="28.904624" lon="118.059879">
				<speed>0.400812</speed>
				<ele>1394.000000</ele>
				<time>2026-01-02T02:40:39Z</time>
			</trkpt>
			<trkpt lat="28.904626" lon="118.059818">
				<speed>0.229261</speed>
				<ele>1396.000000</ele>
				<time>2026-01-02T02:40:48Z</time>
			</trkpt>
			<trkpt lat="28.904615" lon="118.059766">
				<speed>0.704316</speed>
				<ele>1396.000000</ele>
				<time>2026-01-02T02:40:56Z</time>
			</trkpt>
			<trkpt lat="28.904592" lon="118.059713">
				<speed>0.581020</speed>
				<ele>1396.000000</ele>
				<time>2026-01-02T02:41:02Z</time>
			</trkpt>
			<trkpt lat="28.904586" lon="118.059654">
				<speed>1.010193</speed>
				<ele>1397.000000</ele>
				<time>2026-01-02T02:41:06Z</time>
			</trkpt>
			<trkpt lat="28.904555" lon="118.059607">
				<speed>0.885656</speed>
				<ele>1398.000000</ele>
				<time>2026-01-02T02:41:12Z</time>
			</trkpt>
			<trkpt lat="28.904551" lon="118.059549">
				<speed>0.731210</speed>
				<ele>1400.000000</ele>
				<time>2026-01-02T02:41:19Z</time>
			</trkpt>
			<trkpt lat="28.904580" lon="118.059503">
				<speed>0.254947</speed>
				<ele>1400.000000</ele>
				<time>2026-01-02T02:41:26Z</time>
			</trkpt>
			<trkpt lat="28.904621" lon="118.059482">
				<speed>0.685151</speed>
				<ele>1402.000000</ele>
				<time>2026-01-02T02:41:38Z</time>
			</trkpt>
			<trkpt lat="28.904650" lon="118.059438">
				<speed>0.190682</speed>
				<ele>1403.000000</ele>
				<time>2026-01-02T02:41:52Z</time>
			</trkpt>
			<trkpt lat="28.904643" lon="118.059382">
				<speed>0.098959</speed>
				<ele>1409.000000</ele>
				<time>2026-01-02T02:42:06Z</time>
			</trkpt>
			<trkpt lat="28.904625" lon="118.059334">
				<speed>0.248633</speed>
				<ele>1412.000000</ele>
				<time>2026-01-02T02:42:13Z</time>
			</trkpt>
			<trkpt lat="28.904610" lon="118.059282">
				<speed>0.193842</speed>
				<ele>1411.000000</ele>
				<time>2026-01-02T02:42:19Z</time>
			</trkpt>
			<trkpt lat="28.904568" lon="118.059254">
				<speed>0.166829</speed>
				<ele>1413.000000</ele>
				<time>2026-01-02T02:42:29Z</time>
			</trkpt>
			<trkpt lat="28.904544" lon="118.059208">
				<speed>0.358810</speed>
				<ele>1415.000000</ele>
				<time>2026-01-02T02:42:39Z</time>
			</trkpt>
			<trkpt lat="28.904547" lon="118.059157">
				<speed>0.423170</speed>
				<ele>1415.000000</ele>
				<time>2026-01-02T02:42:47Z</time>
			</trkpt>
			<trkpt lat="28.904539" lon="118.059103">
				<speed>0.247574</speed>
				<ele>1413.000000</ele>
				<time>2026-01-02T02:42:59Z</time>
			</trkpt>
			<trkpt lat="28.904547" lon="118.059051">
				<speed>0.318280</speed>
				<ele>1414.000000</ele>
				<time>2026-01-02T02:43:15Z</time>
			</trkpt>
			<trkpt lat="28.904557" lon="118.058998">
				<speed>0.584400</speed>
				<ele>1416.000000</ele>
				<time>2026-01-02T02:43:31Z</time>
			</trkpt>
			<trkpt lat="28.904579" lon="118.058947">
				<speed>0.524098</speed>
				<ele>1415.000000</ele>
				<time>2026-01-02T02:43:51Z</time>
			</trkpt>
			<trkpt lat="28.904588" lon="118.058891">
				<speed>0.862147</speed>
				<ele>1416.000000</ele>
				<time>2026-01-02T02:44:04Z</time>
			</trkpt>
			<trkpt lat="28.904600" lon="118.058837">
				<speed>0.293051</speed>
				<ele>1418.000000</ele>
				<time>2026-01-02T02:44:17Z</time>
			</trkpt>
			<trkpt lat="28.904620" lon="118.058782">
				<speed>0.273238</speed>
				<ele>1421.000000</ele>
				<time>2026-01-02T02:44:33Z</time>
			</trkpt>
			<trkpt lat="28.904660" lon="118.058757">
				<speed>0.296818</speed>
				<ele>1424.000000</ele>
				<time>2026-01-02T02:44:48Z</time>
			</trkpt>
			<trkpt lat="28.904675" lon="118.058707">
				<speed>0.100939</speed>
				<ele>1424.000000</ele>
				<time>2026-01-02T02:44:55Z</time>
			</trkpt>
			<trkpt lat="28.904676" lon="118.058654">
				<speed>0.375164</speed>
				<ele>1425.000000</ele>
				<time>2026-01-02T02:45:06Z</time>
			</trkpt>
			<trkpt lat="28.904697" lon="118.058603">
				<speed>0.316199</speed>
				<ele>1428.000000</ele>
				<time>2026-01-02T02:45:21Z</time>
			</trkpt>
			<trkpt lat="28.904702" lon="118.058551">
				<speed>0.446020</speed>
				<ele>1428.000000</ele>
				<time>2026-01-02T02:45:33Z</time>
			</trkpt>
			<trkpt lat="28.904672" lon="118.058503">
				<speed>0.418305</speed>
				<ele>1435.000000</ele>
				<time>2026-01-02T02:45:44Z</time>
			</trkpt>
			<trkpt lat="28.904657" lon="118.058553">
				<speed>0.057570</speed>
				<ele>1445.000000</ele>
				<time>2026-01-02T02:46:01Z</time>
			</trkpt>
			<trkpt lat="28.904674" lon="118.058601">
				<speed>0.556651</speed>
				<ele>1452.000000</ele>
				<time>2026-01-02T02:46:16Z</time>
			</trkpt>
			<trkpt lat="28.904706" lon="118.058638">
				<speed>0.471598</speed>
				<ele>1451.000000</ele>
				<time>2026-01-02T02:46:26Z</time>
			</trkpt>
			<trkpt lat="28.904727" lon="118.058692">
				<speed>0.537080</speed>
				<ele>1451.000000</ele>
				<time>2026-01-02T02:46:44Z</time>
			</trkpt>
			<trkpt lat="28.904718" lon="118.058748">
				<speed>0.340298</speed>
				<ele>1451.000000</ele>
				<time>2026-01-02T02:46:58Z</time>
			</trkpt>
			<trkpt lat="28.904747" lon="118.058790">
				<speed>0.139569</speed>
				<ele>1445.000000</ele>
				<time>2026-01-02T02:47:54Z</time>
			</trkpt>
			<trkpt lat="28.904704" lon="118.058823">
				<speed>0.147449</speed>
				<ele>1464.000000</ele>
				<time>2026-01-02T02:48:53Z</time>
			</trkpt>
			<trkpt lat="28.904740" lon="118.058789">
				<speed>0.509583</speed>
				<ele>1455.000000</ele>
				<time>2026-01-02T02:49:44Z</time>
			</trkpt>
			<trkpt lat="28.904767" lon="118.058744">
				<speed>0.267917</speed>
				<ele>1449.000000</ele>
				<time>2026-01-02T02:49:54Z</time>
			</trkpt>
			<trkpt lat="28.904791" lon="118.058698">
				<speed>0.260430</speed>
				<ele>1449.000000</ele>
				<time>2026-01-02T02:50:09Z</time>
			</trkpt>
			<trkpt lat="28.904799" lon="118.058642">
				<speed>0.539301</speed>
				<ele>1449.000000</ele>
				<time>2026-01-02T02:50:24Z</time>
			</trkpt>
			<trkpt lat="28.904807" lon="118.058590">
				<speed>0.427014</speed>
				<ele>1450.000000</ele>
				<time>2026-01-02T02:50:39Z</time>
			</trkpt>
			<trkpt lat="28.904828" lon="118.058539">
				<speed>0.249387</speed>
				<ele>1448.000000</ele>
				<time>2026-01-02T02:50:47Z</time>
			</trkpt>
			<trkpt lat="28.904810" lon="118.058490">
				<speed>0.222948</speed>
				<ele>1448.000000</ele>
				<time>2026-01-02T02:50:54Z</time>
			</trkpt>
			<trkpt lat="28.904802" lon="118.058430">
				<speed>0.767560</speed>
				<ele>1449.000000</ele>
				<time>2026-01-02T02:51:00Z</time>
			</trkpt>
			<trkpt lat="28.904833" lon="118.058378">
				<speed>0.830328</speed>
				<ele>1451.000000</ele>
				<time>2026-01-02T02:51:08Z</time>
			</trkpt>
			<trkpt lat="28.904843" lon="118.058328">
				<speed>0.283532</speed>
				<ele>1454.000000</ele>
				<time>2026-01-02T02:51:18Z</time>
			</trkpt>
			<trkpt lat="28.904824" lon="118.058270">
				<speed>0.294782</speed>
				<ele>1462.000000</ele>
				<time>2026-01-02T02:51:28Z</time>
			</trkpt>
			<trkpt lat="28.904799" lon="118.058225">
				<speed>0.308133</speed>
				<ele>1467.000000</ele>
				<time>2026-01-02T02:51:36Z</time>
			</trkpt>
			<trkpt lat="28.904814" lon="118.058176">
				<speed>0.241178</speed>
				<ele>1467.000000</ele>
				<time>2026-01-02T02:51:48Z</time>
			</trkpt>
			<trkpt lat="28.904805" lon="118.058123">
				<speed>0.369292</speed>
				<ele>1472.000000</ele>
				<time>2026-01-02T02:51:59Z</time>
			</trkpt>
			<trkpt lat="28.904796" lon="118.058063">
				<speed>0.572184</speed>
				<ele>1471.000000</ele>
				<time>2026-01-02T02:52:08Z</time>
			</trkpt>
			<trkpt lat="28.904817" lon="118.058016">
				<speed>0.354661</speed>
				<ele>1470.000000</ele>
				<time>2026-01-02T02:52:19Z</time>
			</trkpt>
			<trkpt lat="28.904854" lon="118.057984">
				<speed>0.698292</speed>
				<ele>1471.000000</ele>
				<time>2026-01-02T02:52:24Z</time>
			</trkpt>
			<trkpt lat="28.904894" lon="118.057951">
				<speed>0.670861</speed>
				<ele>1470.000000</ele>
				<time>2026-01-02T02:52:30Z</time>
			</trkpt>
			<trkpt lat="28.904929" lon="118.057906">
				<speed>0.735156</speed>
				<ele>1471.000000</ele>
				<time>2026-01-02T02:52:40Z</time>
			</trkpt>
			<trkpt lat="28.904905" lon="118.057861">
				<speed>0.424227</speed>
				<ele>1473.000000</ele>
				<time>2026-01-02T02:52:50Z</time>
			</trkpt>
			<trkpt lat="28.904856" lon="118.057841">
				<speed>0.771457</speed>
				<ele>1476.000000</ele>
				<time>2026-01-02T02:52:56Z</time>
			</trkpt>
			<trkpt lat="28.904827" lon="118.057801">
				<speed>0.655373</speed>
				<ele>1479.000000</ele>
				<time>2026-01-02T02:53:04Z</time>
			</trkpt>
			<trkpt lat="28.904818" lon="118.057746">
				<speed>0.460551</speed>
				<ele>1482.000000</ele>
				<time>2026-01-02T02:53:14Z</time>
			</trkpt>
			<trkpt lat="28.904799" lon="118.057690">
				<speed>0.817089</speed>
				<ele>1479.000000</ele>
				<time>2026-01-02T02:53:21Z</time>
			</trkpt>
			<trkpt lat="28.904755" lon="118.057695">
				<speed>0.348401</speed>
				<ele>1480.000000</ele>
				<time>2026-01-02T02:53:29Z</time>
			</trkpt>
			<trkpt lat="28.904708" lon="118.057697">
				<speed>0.314502</speed>
				<ele>1480.000000</ele>
				<time>2026-01-02T02:53:38Z</time>
			</trkpt>
			<trkpt lat="28.904754" lon="118.057722">
				<speed>0.551012</speed>
				<ele>1484.000000</ele>
				<time>2026-01-02T02:54:04Z</time>
			</trkpt>
			<trkpt lat="28.904803" lon="118.057718">
				<speed>0.789845</speed>
				<ele>1485.000000</ele>
				<time>2026-01-02T02:54:15Z</time>
			</trkpt>
			<trkpt lat="28.904852" lon="118.057727">
				<speed>0.585860</speed>
				<ele>1487.000000</ele>
				<time>2026-01-02T02:54:32Z</time>
			</trkpt>
			<trkpt lat="28.904898" lon="118.057723">
				<speed>0.617963</speed>
				<ele>1487.000000</ele>
				<time>2026-01-02T02:54:39Z</time>
			</trkpt>
			<trkpt lat="28.904941" lon="118.057740">
				<speed>0.383432</speed>
				<ele>1489.000000</ele>
				<time>2026-01-02T02:54:45Z</time>
			</trkpt>
			<trkpt lat="28.904986" lon="118.057747">
				<speed>0.448439</speed>
				<ele>1491.000000</ele>
				<time>2026-01-02T02:54:58Z</time>
			</trkpt>
			<trkpt lat="28.905029" lon="118.057770">
				<speed>0.277506</speed>
				<ele>1493.000000</ele>
				<time>2026-01-02T02:55:13Z</time>
			</trkpt>
			<trkpt lat="28.905009" lon="118.057712">
				<speed>0.537723</speed>
				<ele>1493.000000</ele>
				<time>2026-01-02T02:55:26Z</time>
			</trkpt>
			<trkpt lat="28.904963" lon="118.057695">
				<speed>0.144472</speed>
				<ele>1497.000000</ele>
				<time>2026-01-02T02:55:37Z</time>
			</trkpt>
			<trkpt lat="28.904927" lon="118.057661">
				<speed>0.472011</speed>
				<ele>1499.000000</ele>
				<time>2026-01-02T02:55:51Z</time>
			</trkpt>
			<trkpt lat="28.904877" lon="118.057660">
				<speed>0.336636</speed>
				<ele>1502.000000</ele>
				<time>2026-01-02T02:56:03Z</time>
			</trkpt>
			<trkpt lat="28.904831" lon="118.057639">
				<speed>0.345801</speed>
				<ele>1502.000000</ele>
				<time>2026-01-02T02:56:11Z</time>
			</trkpt>
			<trkpt lat="28.904795" lon="118.057594">
				<speed>0.605021</speed>
				<ele>1502.000000</ele>
				<time>2026-01-02T02:56:19Z</time>
			</trkpt>
			<trkpt lat="28.904773" lon="118.057547">
				<speed>0.710490</speed>
				<ele>1501.000000</ele>
				<time>2026-01-02T02:56:29Z</time>
			</trkpt>
			<trkpt lat="28.904743" lon="118.057499">
				<speed>0.491233</speed>
				<ele>1504.000000</ele>
				<time>2026-01-02T02:56:43Z</time>
			</trkpt>
			<trkpt lat="28.904726" lon="118.057446">
				<speed>0.420358</speed>
				<ele>1505.000000</ele>
				<time>2026-01-02T02:56:56Z</time>
			</trkpt>
			<trkpt lat="28.904703" lon="118.057399">
				<speed>0.358275</speed>
				<ele>1509.000000</ele>
				<time>2026-01-02T02:57:09Z</time>
			</trkpt>
			<trkpt lat="28.904679" lon="118.057354">
				<speed>0.476080</speed>
				<ele>1514.000000</ele>
				<time>2026-01-02T02:57:24Z</time>
			</trkpt>
			<trkpt lat="28.904639" lon="118.057329">
				<speed>0.455363</speed>
				<ele>1519.000000</ele>
				<time>2026-01-02T02:57:33Z</time>
			</trkpt>
			<trkpt lat="28.904607" lon="118.057279">
				<speed>0.627553</speed>
				<ele>1521.000000</ele>
				<time>2026-01-02T02:57:48Z</time>
			</trkpt>
			<trkpt lat="28.904605" lon="118.057227">
				<speed>0.087192</speed>
				<ele>1514.000000</ele>
				<time>2026-01-02T02:57:59Z</time>
			</trkpt>
			<trkpt lat="28.904576" lon="118.057173">
				<speed>0.637082</speed>
				<ele>1517.000000</ele>
				<time>2026-01-02T02:58:12Z</time>
			</trkpt>
			<trkpt lat="28.904530" lon="118.057146">
				<speed>0.696524</speed>
				<ele>1514.000000</ele>
				<time>2026-01-02T02:58:22Z</time>
			</trkpt>
			<trkpt lat="28.904526" lon="118.057095">
				<speed>0.626008</speed>
				<ele>1514.000000</ele>
				<time>2026-01-02T02:58:32Z</time>
			</trkpt>
			<trkpt lat="28.904542" lon="118.057144">
				<speed>0.578249</speed>
				<ele>1518.000000</ele>
				<time>2026-01-02T02:58:51Z</time>
			</trkpt>
			<trkpt lat="28.904551" lon="118.057092">
				<speed>0.056858</speed>
				<ele>1521.000000</ele>
				<time>2026-01-02T02:59:47Z</time>
			</trkpt>
			<trkpt lat="28.904527" lon="118.057043">
				<speed>0.068923</speed>
				<ele>1524.000000</ele>
				<time>2026-01-02T02:59:55Z</time>
			</trkpt>
			<trkpt lat="28.904575" lon="118.057033">
				<speed>0.637070</speed>
				<ele>1527.000000</ele>
				<time>2026-01-02T03:00:26Z</time>
			</trkpt>
			<trkpt lat="28.904589" lon="118.057086">
				<speed>0.799351</speed>
				<ele>1526.000000</ele>
				<time>2026-01-02T03:00:37Z</time>
			</trkpt>
			<trkpt lat="28.904624" lon="118.057119">
				<speed>0.202065</speed>
				<ele>1522.000000</ele>
				<time>2026-01-02T03:00:54Z</time>
			</trkpt>
			<trkpt lat="28.904666" lon="118.057099">
				<speed>0.534402</speed>
				<ele>1520.000000</ele>
				<time>2026-01-02T03:01:05Z</time>
			</trkpt>
			<trkpt lat="28.904703" lon="118.057066">
				<speed>0.369008</speed>
				<ele>1523.000000</ele>
				<time>2026-01-02T03:01:16Z</time>
			</trkpt>
			<trkpt lat="28.904742" lon="118.057032">
				<speed>0.416991</speed>
				<ele>1526.000000</ele>
				<time>2026-01-02T03:01:26Z</time>
			</trkpt>
			<trkpt lat="28.904784" lon="118.057055">
				<speed>0.218228</speed>
				<ele>1528.000000</ele>
				<time>2026-01-02T03:01:35Z</time>
			</trkpt>
			<trkpt lat="28.904836" lon="118.057043">
				<speed>0.583751</speed>
				<ele>1523.000000</ele>
				<time>2026-01-02T03:01:42Z</time>
			</trkpt>
			<trkpt lat="28.904875" lon="118.057014">
				<speed>0.433338</speed>
				<ele>1522.000000</ele>
				<time>2026-01-02T03:01:47Z</time>
			</trkpt>
			<trkpt lat="28.904922" lon="118.056991">
				<speed>0.571735</speed>
				<ele>1522.000000</ele>
				<time>2026-01-02T03:02:00Z</time>
			</trkpt>
			<trkpt lat="28.904969" lon="118.056979">
				<speed>0.589352</speed>
				<ele>1521.000000</ele>
				<time>2026-01-02T03:02:08Z</time>
			</trkpt>
			<trkpt lat="28.905014" lon="118.056968">
				<speed>0.486492</speed>
				<ele>1521.000000</ele>
				<time>2026-01-02T03:02:15Z</time>
			</trkpt>
			<trkpt lat="28.905062" lon="118.056971">
				<speed>0.416980</speed>
				<ele>1521.000000</ele>
				<time>2026-01-02T03:02:24Z</time>
			</trkpt>
			<trkpt lat="28.905103" lon="118.056949">
				<speed>0.309463</speed>
				<ele>1525.000000</ele>
				<time>2026-01-02T03:02:35Z</time>
			</trkpt>
			<trkpt lat="28.905151" lon="118.056956">
				<speed>0.390988</speed>
				<ele>1527.000000</ele>
				<time>2026-01-02T03:02:39Z</time>
			</trkpt>
			<trkpt lat="28.905194" lon="118.056931">
				<speed>0.469584</speed>
				<ele>1528.000000</ele>
				<time>2026-01-02T03:02:51Z</time>
			</trkpt>
			<trkpt lat="28.905239" lon="118.056912">
				<speed>0.657530</speed>
				<ele>1530.000000</ele>
				<time>2026-01-02T03:02:57Z</time>
			</trkpt>
			<trkpt lat="28.905277" lon="118.056860">
				<speed>0.708046</speed>
				<ele>1532.000000</ele>
				<time>2026-01-02T03:03:03Z</time>
			</trkpt>
			<trkpt lat="28.905315" lon="118.056827">
				<speed>0.692054</speed>
				<ele>1532.000000</ele>
				<time>2026-01-02T03:03:08Z</time>
			</trkpt>
			<trkpt lat="28.905325" lon="118.056766">
				<speed>0.685892</speed>
				<ele>1532.000000</ele>
				<time>2026-01-02T03:03:13Z</time>
			</trkpt>
			<trkpt lat="28.905372" lon="118.056707">
				<speed>1.968615</speed>
				<ele>1535.000000</ele>
				<time>2026-01-02T03:03:19Z</time>
			</trkpt>
			<trkpt lat="28.905404" lon="118.056665">
				<speed>1.060439</speed>
				<ele>1538.000000</ele>
				<time>2026-01-02T03:03:25Z</time>
			</trkpt>
			<trkpt lat="28.905455" lon="118.056666">
				<speed>0.642900</speed>
				<ele>1539.000000</ele>
				<time>2026-01-02T03:03:42Z</time>
			</trkpt>
			<trkpt lat="28.905497" lon="118.056692">
				<speed>0.575344</speed>
				<ele>1535.000000</ele>
				<time>2026-01-02T03:03:53Z</time>
			</trkpt>
			<trkpt lat="28.905519" lon="118.056642">
				<speed>1.366386</speed>
				<ele>1535.000000</ele>
				<time>2026-01-02T03:03:59Z</time>
			</trkpt>
			<trkpt lat="28.905563" lon="118.056657">
				<speed>0.836001</speed>
				<ele>1534.000000</ele>
				<time>2026-01-02T03:04:02Z</time>
			</trkpt>
			<trkpt lat="28.905605" lon="118.056678">
				<speed>0.618915</speed>
				<ele>1533.000000</ele>
				<time>2026-01-02T03:04:08Z</time>
			</trkpt>
			<trkpt lat="28.905656" lon="118.056669">
				<speed>0.485322</speed>
				<ele>1534.000000</ele>
				<time>2026-01-02T03:04:15Z</time>
			</trkpt>
			<trkpt lat="28.905707" lon="118.056666">
				<speed>0.585316</speed>
				<ele>1534.000000</ele>
				<time>2026-01-02T03:04:27Z</time>
			</trkpt>
			<trkpt lat="28.905753" lon="118.056652">
				<speed>0.518356</speed>
				<ele>1538.000000</ele>
				<time>2026-01-02T03:04:33Z</time>
			</trkpt>
			<trkpt lat="28.905804" lon="118.056642">
				<speed>0.539930</speed>
				<ele>1538.000000</ele>
				<time>2026-01-02T03:04:38Z</time>
			</trkpt>
			<trkpt lat="28.905849" lon="118.056621">
				<speed>0.447818</speed>
				<ele>1539.000000</ele>
				<time>2026-01-02T03:04:44Z</time>
			</trkpt>
			<trkpt lat="28.905896" lon="118.056624">
				<speed>0.614154</speed>
				<ele>1541.000000</ele>
				<time>2026-01-02T03:04:49Z</time>
			</trkpt>
			<trkpt lat="28.905950" lon="118.056624">
				<speed>0.695022</speed>
				<ele>1543.000000</ele>
				<time>2026-01-02T03:04:59Z</time>
			</trkpt>
			<trkpt lat="28.905998" lon="118.056625">
				<speed>0.679692</speed>
				<ele>1541.000000</ele>
				<time>2026-01-02T03:05:04Z</time>
			</trkpt>
			<trkpt lat="28.906043" lon="118.056619">
				<speed>0.413262</speed>
				<ele>1540.000000</ele>
				<time>2026-01-02T03:05:10Z</time>
			</trkpt>
			<trkpt lat="28.906082" lon="118.056582">
				<speed>0.892587</speed>
				<ele>1543.000000</ele>
				<time>2026-01-02T03:05:14Z</time>
			</trkpt>
			<trkpt lat="28.906121" lon="118.056553">
				<speed>0.614014</speed>
				<ele>1545.000000</ele>
				<time>2026-01-02T03:05:18Z</time>
			</trkpt>
			<trkpt lat="28.906167" lon="118.056535">
				<speed>1.125647</speed>
				<ele>1543.000000</ele>
				<time>2026-01-02T03:05:23Z</time>
			</trkpt>
			<trkpt lat="28.906216" lon="118.056524">
				<speed>1.030848</speed>
				<ele>1546.000000</ele>
				<time>2026-01-02T03:05:28Z</time>
			</trkpt>
			<trkpt lat="28.906262" lon="118.056526">
				<speed>0.880591</speed>
				<ele>1548.000000</ele>
				<time>2026-01-02T03:05:33Z</time>
			</trkpt>
			<trkpt lat="28.906311" lon="118.056525">
				<speed>1.256868</speed>
				<ele>1549.000000</ele>
				<time>2026-01-02T03:05:45Z</time>
			</trkpt>
			<trkpt lat="28.906355" lon="118.056514">
				<speed>0.785849</speed>
				<ele>1551.000000</ele>
				<time>2026-01-02T03:05:50Z</time>
			</trkpt>
			<trkpt lat="28.906401" lon="118.056514">
				<speed>0.830044</speed>
				<ele>1554.000000</ele>
				<time>2026-01-02T03:05:55Z</time>
			</trkpt>
			<trkpt lat="28.906446" lon="118.056511">
				<speed>0.809082</speed>
				<ele>1554.000000</ele>
				<time>2026-01-02T03:06:00Z</time>
			</trkpt>
			<trkpt lat="28.906502" lon="118.056509">
				<speed>0.910854</speed>
				<ele>1554.000000</ele>
				<time>2026-01-02T03:06:07Z</time>
			</trkpt>
			<trkpt lat="28.906550" lon="118.056510">
				<speed>0.568684</speed>
				<ele>1551.000000</ele>
				<time>2026-01-02T03:06:14Z</time>
			</trkpt>
			<trkpt lat="28.906597" lon="118.056502">
				<speed>0.395602</speed>
				<ele>1549.000000</ele>
				<time>2026-01-02T03:06:20Z</time>
			</trkpt>
			<trkpt lat="28.906646" lon="118.056487">
				<speed>0.883915</speed>
				<ele>1549.000000</ele>
				<time>2026-01-02T03:06:25Z</time>
			</trkpt>
			<trkpt lat="28.906695" lon="118.056483">
				<speed>0.586876</speed>
				<ele>1549.000000</ele>
				<time>2026-01-02T03:06:30Z</time>
			</trkpt>
			<trkpt lat="28.906749" lon="118.056463">
				<speed>0.902826</speed>
				<ele>1550.000000</ele>
				<time>2026-01-02T03:06:35Z</time>
			</trkpt>
			<trkpt lat="28.906793" lon="118.056443">
				<speed>0.872369</speed>
				<ele>1553.000000</ele>
				<time>2026-01-02T03:06:40Z</time>
			</trkpt>
			<trkpt lat="28.906829" lon="118.056409">
				<speed>0.821783</speed>
				<ele>1555.000000</ele>
				<time>2026-01-02T03:06:44Z</time>
			</trkpt>
			<trkpt lat="28.906875" lon="118.056390">
				<speed>0.776787</speed>
				<ele>1557.000000</ele>
				<time>2026-01-02T03:06:49Z</time>
			</trkpt>
			<trkpt lat="28.906917" lon="118.056366">
				<speed>0.867535</speed>
				<ele>1559.000000</ele>
				<time>2026-01-02T03:06:54Z</time>
			</trkpt>
			<trkpt lat="28.906964" lon="118.056342">
				<speed>1.170841</speed>
				<ele>1558.000000</ele>
				<time>2026-01-02T03:07:00Z</time>
			</trkpt>
			<trkpt lat="28.907012" lon="118.056348">
				<speed>0.316410</speed>
				<ele>1555.000000</ele>
				<time>2026-01-02T03:07:07Z</time>
			</trkpt>
			<trkpt lat="28.907064" lon="118.056320">
				<speed>1.044526</speed>
				<ele>1557.000000</ele>
				<time>2026-01-02T03:07:12Z</time>
			</trkpt>
			<trkpt lat="28.907115" lon="118.056322">
				<speed>0.903938</speed>
				<ele>1558.000000</ele>
				<time>2026-01-02T03:07:17Z</time>
			</trkpt>
			<trkpt lat="28.907159" lon="118.056297">
				<speed>0.809289</speed>
				<ele>1558.000000</ele>
				<time>2026-01-02T03:07:22Z</time>
			</trkpt>
			<trkpt lat="28.907207" lon="118.056286">
				<speed>0.730312</speed>
				<ele>1559.000000</ele>
				<time>2026-01-02T03:07:28Z</time>
			</trkpt>
			<trkpt lat="28.907254" lon="118.056275">
				<speed>0.534065</speed>
				<ele>1559.000000</ele>
				<time>2026-01-02T03:07:34Z</time>
			</trkpt>
			<trkpt lat="28.907262" lon="118.056340">
				<speed>0.713355</speed>
				<ele>1561.000000</ele>
				<time>2026-01-02T03:07:47Z</time>
			</trkpt>
			<trkpt lat="28.907286" lon="118.056401">
				<speed>0.187203</speed>
				<ele>1558.000000</ele>
				<time>2026-01-02T03:07:52Z</time>
			</trkpt>
			<trkpt lat="28.907321" lon="118.056444">
				<speed>0.068484</speed>
				<ele>1556.000000</ele>
				<time>2026-01-02T03:07:56Z</time>
			</trkpt>
			<trkpt lat="28.907373" lon="118.056413">
				<speed>0.182360</speed>
				<ele>1555.000000</ele>
				<time>2026-01-02T03:08:01Z</time>
			</trkpt>
			<trkpt lat="28.907414" lon="118.056370">
				<speed>0.455891</speed>
				<ele>1557.000000</ele>
				<time>2026-01-02T03:08:05Z</time>
			</trkpt>
			<trkpt lat="28.907460" lon="118.056332">
				<speed>0.908725</speed>
				<ele>1556.000000</ele>
				<time>2026-01-02T03:08:10Z</time>
			</trkpt>
			<trkpt lat="28.907508" lon="118.056307">
				<speed>0.764830</speed>
				<ele>1553.000000</ele>
				<time>2026-01-02T03:08:16Z</time>
			</trkpt>
			<trkpt lat="28.907543" lon="118.056265">
				<speed>0.659828</speed>
				<ele>1552.000000</ele>
				<time>2026-01-02T03:08:22Z</time>
			</trkpt>
			<trkpt lat="28.907583" lon="118.056228">
				<speed>1.027408</speed>
				<ele>1551.000000</ele>
				<time>2026-01-02T03:08:27Z</time>
			</trkpt>
			<trkpt lat="28.907633" lon="118.056213">
				<speed>0.821330</speed>
				<ele>1550.000000</ele>
				<time>2026-01-02T03:08:33Z</time>
			</trkpt>
			<trkpt lat="28.907673" lon="118.056178">
				<speed>0.788429</speed>
				<ele>1553.000000</ele>
				<time>2026-01-02T03:08:38Z</time>
			</trkpt>
			<trkpt lat="28.907715" lon="118.056138">
				<speed>0.767662</speed>
				<ele>1554.000000</ele>
				<time>2026-01-02T03:08:43Z</time>
			</trkpt>
			<trkpt lat="28.907728" lon="118.056074">
				<speed>0.982375</speed>
				<ele>1558.000000</ele>
				<time>2026-01-02T03:08:46Z</time>
			</trkpt>
			<trkpt lat="28.907747" lon="118.056023">
				<speed>0.722855</speed>
				<ele>1560.000000</ele>
				<time>2026-01-02T03:08:52Z</time>
			</trkpt>
			<trkpt lat="28.907742" lon="118.055970">
				<speed>0.512317</speed>
				<ele>1560.000000</ele>
				<time>2026-01-02T03:08:58Z</time>
			</trkpt>
			<trkpt lat="28.907764" lon="118.055925">
				<speed>0.691804</speed>
				<ele>1562.000000</ele>
				<time>2026-01-02T03:09:03Z</time>
			</trkpt>
			<trkpt lat="28.907805" lon="118.055897">
				<speed>0.474155</speed>
				<ele>1560.000000</ele>
				<time>2026-01-02T03:09:09Z</time>
			</trkpt>
			<trkpt lat="28.907838" lon="118.055856">
				<speed>0.491106</speed>
				<ele>1559.000000</ele>
				<time>2026-01-02T03:09:14Z</time>
			</trkpt>
			<trkpt lat="28.907870" lon="118.055816">
				<speed>0.314525</speed>
				<ele>1559.000000</ele>
				<time>2026-01-02T03:09:19Z</time>
			</trkpt>
			<trkpt lat="28.907918" lon="118.055799">
				<speed>0.576524</speed>
				<ele>1558.000000</ele>
				<time>2026-01-02T03:09:25Z</time>
			</trkpt>
			<trkpt lat="28.907965" lon="118.055791">
				<speed>0.601710</speed>
				<ele>1558.000000</ele>
				<time>2026-01-02T03:09:30Z</time>
			</trkpt>
			<trkpt lat="28.908009" lon="118.055777">
				<speed>0.691079</speed>
				<ele>1558.000000</ele>
				<time>2026-01-02T03:09:35Z</time>
			</trkpt>
			<trkpt lat="28.908060" lon="118.055771">
				<speed>1.017961</speed>
				<ele>1557.000000</ele>
				<time>2026-01-02T03:09:40Z</time>
			</trkpt>
			<trkpt lat="28.908103" lon="118.055751">
				<speed>0.775175</speed>
				<ele>1558.000000</ele>
				<time>2026-01-02T03:09:45Z</time>
			</trkpt>
			<trkpt lat="28.908152" lon="118.055757">
				<speed>0.625016</speed>
				<ele>1558.000000</ele>
				<time>2026-01-02T03:09:52Z</time>
			</trkpt>
			<trkpt lat="28.908200" lon="118.055753">
				<speed>0.818812</speed>
				<ele>1559.000000</ele>
				<time>2026-01-02T03:09:59Z</time>
			</trkpt>
			<trkpt lat="28.908247" lon="118.055751">
				<speed>0.635768</speed>
				<ele>1558.000000</ele>
				<time>2026-01-02T03:10:06Z</time>
			</trkpt>
			<trkpt lat="28.908299" lon="118.055747">
				<speed>0.711081</speed>
				<ele>1559.000000</ele>
				<time>2026-01-02T03:10:13Z</time>
			</trkpt>
			<trkpt lat="28.908332" lon="118.055787">
				<speed>0.907914</speed>
				<ele>1557.000000</ele>
				<time>2026-01-02T03:10:18Z</time>
			</trkpt>
			<trkpt lat="28.908302" lon="118.055826">
				<speed>0.529937</speed>
				<ele>1556.000000</ele>
				<time>2026-01-02T03:10:27Z</time>
			</trkpt>
			<trkpt lat="28.908267" lon="118.055872">
				<speed>1.170425</speed>
				<ele>1558.000000</ele>
				<time>2026-01-02T03:10:33Z</time>
			</trkpt>
			<trkpt lat="28.908227" lon="118.055914">
				<speed>0.874086</speed>
				<ele>1560.000000</ele>
				<time>2026-01-02T03:10:40Z</time>
			</trkpt>
			<trkpt lat="28.908192" lon="118.055950">
				<speed>0.496475</speed>
				<ele>1561.000000</ele>
				<time>2026-01-02T03:10:46Z</time>
			</trkpt>
			<trkpt lat="28.908147" lon="118.055967">
				<speed>1.190742</speed>
				<ele>1563.000000</ele>
				<time>2026-01-02T03:10:50Z</time>
			</trkpt>
			<trkpt lat="28.908144" lon="118.056023">
				<speed>0.570811</speed>
				<ele>1563.000000</ele>
				<time>2026-01-02T03:10:56Z</time>
			</trkpt>
			<trkpt lat="28.908119" lon="118.056067">
				<speed>0.662780</speed>
				<ele>1564.000000</ele>
				<time>2026-01-02T03:11:02Z</time>
			</trkpt>
			<trkpt lat="28.908079" lon="118.056104">
				<speed>0.774788</speed>
				<ele>1565.000000</ele>
				<time>2026-01-02T03:11:08Z</time>
			</trkpt>
			<trkpt lat="28.908053" lon="118.056148">
				<speed>0.553411</speed>
				<ele>1567.000000</ele>
				<time>2026-01-02T03:11:15Z</time>
			</trkpt>
			<trkpt lat="28.908036" lon="118.056201">
				<speed>0.695867</speed>
				<ele>1566.000000</ele>
				<time>2026-01-02T03:11:21Z</time>
			</trkpt>
			<trkpt lat="28.907994" lon="118.056224">
				<speed>0.615028</speed>
				<ele>1569.000000</ele>
				<time>2026-01-02T03:11:30Z</time>
			</trkpt>
			<trkpt lat="28.907953" lon="118.056257">
				<speed>0.615965</speed>
				<ele>1570.000000</ele>
				<time>2026-01-02T03:11:37Z</time>
			</trkpt>
			<trkpt lat="28.907911" lon="118.056299">
				<speed>1.039325</speed>
				<ele>1571.000000</ele>
				<time>2026-01-02T03:11:43Z</time>
			</trkpt>
			<trkpt lat="28.907906" lon="118.056362">
				<speed>0.511787</speed>
				<ele>1572.000000</ele>
				<time>2026-01-02T03:11:49Z</time>
			</trkpt>
			<trkpt lat="28.907928" lon="118.056411">
				<speed>0.723025</speed>
				<ele>1572.000000</ele>
				<time>2026-01-02T03:11:52Z</time>
			</trkpt>
			<trkpt lat="28.907965" lon="118.056445">
				<speed>0.879558</speed>
				<ele>1571.000000</ele>
				<time>2026-01-02T03:11:56Z</time>
			</trkpt>
			<trkpt lat="28.908009" lon="118.056434">
				<speed>0.882721</speed>
				<ele>1572.000000</ele>
				<time>2026-01-02T03:12:01Z</time>
			</trkpt>
			<trkpt lat="28.908054" lon="118.056461">
				<speed>0.703022</speed>
				<ele>1571.000000</ele>
				<time>2026-01-02T03:12:07Z</time>
			</trkpt>
			<trkpt lat="28.908100" lon="118.056473">
				<speed>0.558300</speed>
				<ele>1572.000000</ele>
				<time>2026-01-02T03:12:14Z</time>
			</trkpt>
			<trkpt lat="28.908145" lon="118.056464">
				<speed>0.610367</speed>
				<ele>1575.000000</ele>
				<time>2026-01-02T03:12:20Z</time>
			</trkpt>
			<trkpt lat="28.908198" lon="118.056465">
				<speed>0.774268</speed>
				<ele>1575.000000</ele>
				<time>2026-01-02T03:12:25Z</time>
			</trkpt>
			<trkpt lat="28.908244" lon="118.056478">
				<speed>0.540173</speed>
				<ele>1574.000000</ele>
				<time>2026-01-02T03:12:33Z</time>
			</trkpt>
			<trkpt lat="28.908294" lon="118.056489">
				<speed>0.515166</speed>
				<ele>1574.000000</ele>
				<time>2026-01-02T03:12:42Z</time>
			</trkpt>
			<trkpt lat="28.908341" lon="118.056484">
				<speed>0.670913</speed>
				<ele>1575.000000</ele>
				<time>2026-01-02T03:12:48Z</time>
			</trkpt>
			<trkpt lat="28.908387" lon="118.056472">
				<speed>0.542627</speed>
				<ele>1576.000000</ele>
				<time>2026-01-02T03:12:54Z</time>
			</trkpt>
			<trkpt lat="28.908436" lon="118.056475">
				<speed>0.588968</speed>
				<ele>1578.000000</ele>
				<time>2026-01-02T03:12:59Z</time>
			</trkpt>
			<trkpt lat="28.908481" lon="118.056492">
				<speed>0.717550</speed>
				<ele>1577.000000</ele>
				<time>2026-01-02T03:13:06Z</time>
			</trkpt>
			<trkpt lat="28.908469" lon="118.056543">
				<speed>0.596125</speed>
				<ele>1578.000000</ele>
				<time>2026-01-02T03:13:13Z</time>
			</trkpt>
			<trkpt lat="28.908461" lon="118.056603">
				<speed>0.714940</speed>
				<ele>1577.000000</ele>
				<time>2026-01-02T03:13:20Z</time>
			</trkpt>
			<trkpt lat="28.908492" lon="118.056644">
				<speed>0.168805</speed>
				<ele>1576.000000</ele>
				<time>2026-01-02T03:13:25Z</time>
			</trkpt>
			<trkpt lat="28.908496" lon="118.056703">
				<speed>0.315241</speed>
				<ele>1574.000000</ele>
				<time>2026-01-02T03:13:32Z</time>
			</trkpt>
			<trkpt lat="28.908529" lon="118.056757">
				<speed>0.860096</speed>
				<ele>1570.000000</ele>
				<time>2026-01-02T03:13:40Z</time>
			</trkpt>
			<trkpt lat="28.908558" lon="118.056799">
				<speed>0.586279</speed>
				<ele>1576.000000</ele>
				<time>2026-01-02T03:13:48Z</time>
			</trkpt>
			<trkpt lat="28.908581" lon="118.056844">
				<speed>0.612343</speed>
				<ele>1579.000000</ele>
				<time>2026-01-02T03:13:53Z</time>
			</trkpt>
			<trkpt lat="28.908563" lon="118.056904">
				<speed>0.710234</speed>
				<ele>1578.000000</ele>
				<time>2026-01-02T03:13:59Z</time>
			</trkpt>
			<trkpt lat="28.908562" lon="118.056965">
				<speed>1.074604</speed>
				<ele>1576.000000</ele>
				<time>2026-01-02T03:14:03Z</time>
			</trkpt>
			<trkpt lat="28.908596" lon="118.057001">
				<speed>0.693981</speed>
				<ele>1576.000000</ele>
				<time>2026-01-02T03:14:13Z</time>
			</trkpt>
			<trkpt lat="28.908638" lon="118.057035">
				<speed>0.455796</speed>
				<ele>1582.000000</ele>
				<time>2026-01-02T03:14:24Z</time>
			</trkpt>
			<trkpt lat="28.908672" lon="118.057073">
				<speed>0.949822</speed>
				<ele>1584.000000</ele>
				<time>2026-01-02T03:14:29Z</time>
			</trkpt>
			<trkpt lat="28.908703" lon="118.057123">
				<speed>0.880377</speed>
				<ele>1586.000000</ele>
				<time>2026-01-02T03:14:35Z</time>
			</trkpt>
			<trkpt lat="28.908699" lon="118.057185">
				<speed>0.865642</speed>
				<ele>1582.000000</ele>
				<time>2026-01-02T03:14:43Z</time>
			</trkpt>
			<trkpt lat="28.908687" lon="118.057248">
				<speed>0.904616</speed>
				<ele>1577.000000</ele>
				<time>2026-01-02T03:14:47Z</time>
			</trkpt>
			<trkpt lat="28.908677" lon="118.057301">
				<speed>0.554336</speed>
				<ele>1573.000000</ele>
				<time>2026-01-02T03:14:52Z</time>
			</trkpt>
			<trkpt lat="28.908676" lon="118.057353">
				<speed>0.796307</speed>
				<ele>1571.000000</ele>
				<time>2026-01-02T03:14:55Z</time>
			</trkpt>
			<trkpt lat="28.908703" lon="118.057406">
				<speed>0.649108</speed>
				<ele>1571.000000</ele>
				<time>2026-01-02T03:14:59Z</time>
			</trkpt>
			<trkpt lat="28.908760" lon="118.057413">
				<speed>0.797129</speed>
				<ele>1579.000000</ele>
				<time>2026-01-02T03:15:03Z</time>
			</trkpt>
			<trkpt lat="28.908810" lon="118.057425">
				<speed>0.663309</speed>
				<ele>1591.000000</ele>
				<time>2026-01-02T03:15:11Z</time>
			</trkpt>
			<trkpt lat="28.908837" lon="118.057375">
				<speed>0.135354</speed>
				<ele>1595.000000</ele>
				<time>2026-01-02T03:15:22Z</time>
			</trkpt>
			<trkpt lat="28.908825" lon="118.057322">
				<speed>0.214583</speed>
				<ele>1596.000000</ele>
				<time>2026-01-02T03:15:29Z</time>
			</trkpt>
			<trkpt lat="28.908832" lon="118.057266">
				<speed>0.752057</speed>
				<ele>1595.000000</ele>
				<time>2026-01-02T03:15:33Z</time>
			</trkpt>
			<trkpt lat="28.908856" lon="118.057215">
				<speed>0.621107</speed>
				<ele>1587.000000</ele>
				<time>2026-01-02T03:15:40Z</time>
			</trkpt>
			<trkpt lat="28.908892" lon="118.057180">
				<speed>0.396224</speed>
				<ele>1579.000000</ele>
				<time>2026-01-02T03:15:50Z</time>
			</trkpt>
			<trkpt lat="28.908922" lon="118.057132">
				<speed>1.520829</speed>
				<ele>1578.000000</ele>
				<time>2026-01-02T03:15:57Z</time>
			</trkpt>
			<trkpt lat="28.908919" lon="118.057080">
				<speed>0.859054</speed>
				<ele>1580.000000</ele>
				<time>2026-01-02T03:16:02Z</time>
			</trkpt>
			<trkpt lat="28.908953" lon="118.057029">
				<speed>0.751222</speed>
				<ele>1581.000000</ele>
				<time>2026-01-02T03:16:10Z</time>
			</trkpt>
			<trkpt lat="28.908954" lon="118.056977">
				<speed>0.958407</speed>
				<ele>1582.000000</ele>
				<time>2026-01-02T03:16:16Z</time>
			</trkpt>
			<trkpt lat="28.908978" lon="118.056930">
				<speed>1.078063</speed>
				<ele>1584.000000</ele>
				<time>2026-01-02T03:16:20Z</time>
			</trkpt>
			<trkpt lat="28.908984" lon="118.056876">
				<speed>0.893560</speed>
				<ele>1586.000000</ele>
				<time>2026-01-02T03:16:27Z</time>
			</trkpt>
			<trkpt lat="28.908958" lon="118.056826">
				<speed>0.744084</speed>
				<ele>1587.000000</ele>
				<time>2026-01-02T03:16:38Z</time>
			</trkpt>
			<trkpt lat="28.908965" lon="118.056770">
				<speed>0.963083</speed>
				<ele>1588.000000</ele>
				<time>2026-01-02T03:16:47Z</time>
			</trkpt>
			<trkpt lat="28.908997" lon="118.056726">
				<speed>0.481811</speed>
				<ele>1587.000000</ele>
				<time>2026-01-02T03:16:55Z</time>
			</trkpt>
			<trkpt lat="28.909017" lon="118.056673">
				<speed>0.331382</speed>
				<ele>1589.000000</ele>
				<time>2026-01-02T03:17:00Z</time>
			</trkpt>
			<trkpt lat="28.909036" lon="118.056621">
				<speed>0.383778</speed>
				<ele>1587.000000</ele>
				<time>2026-01-02T03:17:06Z</time>
			</trkpt>
			<trkpt lat="28.909074" lon="118.056580">
				<speed>0.557995</speed>
				<ele>1586.000000</ele>
				<time>2026-01-02T03:17:14Z</time>
			</trkpt>
			<trkpt lat="28.909127" lon="118.056564">
				<speed>0.688005</speed>
				<ele>1588.000000</ele>
				<time>2026-01-02T03:17:21Z</time>
			</trkpt>
			<trkpt lat="28.909133" lon="118.056500">
				<speed>0.829144</speed>
				<ele>1588.000000</ele>
				<time>2026-01-02T03:17:25Z</time>
			</trkpt>
			<trkpt lat="28.909127" lon="118.056437">
				<speed>1.024276</speed>
				<ele>1588.000000</ele>
				<time>2026-01-02T03:17:28Z</time>
			</trkpt>
			<trkpt lat="28.909169" lon="118.056414">
				<speed>0.446461</speed>
				<ele>1589.000000</ele>
				<time>2026-01-02T03:17:35Z</time>
			</trkpt>
			<trkpt lat="28.909174" lon="118.056357">
				<speed>0.415066</speed>
				<ele>1592.000000</ele>
				<time>2026-01-02T03:17:41Z</time>
			</trkpt>
			<trkpt lat="28.909180" lon="118.056303">
				<speed>0.995120</speed>
				<ele>1592.000000</ele>
				<time>2026-01-02T03:17:49Z</time>
			</trkpt>
			<trkpt lat="28.909192" lon="118.056250">
				<speed>0.877031</speed>
				<ele>1590.000000</ele>
				<time>2026-01-02T03:17:53Z</time>
			</trkpt>
			<trkpt lat="28.909251" lon="118.056251">
				<speed>0.889760</speed>
				<ele>1589.000000</ele>
				<time>2026-01-02T03:18:00Z</time>
			</trkpt>
			<trkpt lat="28.909270" lon="118.056204">
				<speed>0.628161</speed>
				<ele>1587.000000</ele>
				<time>2026-01-02T03:18:06Z</time>
			</trkpt>
			<trkpt lat="28.909303" lon="118.056163">
				<speed>0.736704</speed>
				<ele>1585.000000</ele>
				<time>2026-01-02T03:18:13Z</time>
			</trkpt>
			<trkpt lat="28.909301" lon="118.056112">
				<speed>0.788071</speed>
				<ele>1588.000000</ele>
				<time>2026-01-02T03:18:19Z</time>
			</trkpt>
			<trkpt lat="28.909337" lon="118.056072">
				<speed>0.685186</speed>
				<ele>1590.000000</ele>
				<time>2026-01-02T03:18:26Z</time>
			</trkpt>
			<trkpt lat="28.909369" lon="118.056021">
				<speed>0.905193</speed>
				<ele>1590.000000</ele>
				<time>2026-01-02T03:18:32Z</time>
			</trkpt>
			<trkpt lat="28.909426" lon="118.056025">
				<speed>0.672634</speed>
				<ele>1589.000000</ele>
				<time>2026-01-02T03:18:41Z</time>
			</trkpt>
			<trkpt lat="28.909463" lon="118.056070">
				<speed>0.787364</speed>
				<ele>1587.000000</ele>
				<time>2026-01-02T03:18:46Z</time>
			</trkpt>
			<trkpt lat="28.909504" lon="118.056097">
				<speed>0.531338</speed>
				<ele>1586.000000</ele>
				<time>2026-01-02T03:18:54Z</time>
			</trkpt>
			<trkpt lat="28.909554" lon="118.056118">
				<speed>0.427911</speed>
				<ele>1585.000000</ele>
				<time>2026-01-02T03:19:00Z</time>
			</trkpt>
			<trkpt lat="28.909597" lon="118.056138">
				<speed>1.156132</speed>
				<ele>1587.000000</ele>
				<time>2026-01-02T03:19:04Z</time>
			</trkpt>
			<trkpt lat="28.909643" lon="118.056118">
				<speed>0.516777</speed>
				<ele>1586.000000</ele>
				<time>2026-01-02T03:19:08Z</time>
			</trkpt>
			<trkpt lat="28.909688" lon="118.056080">
				<speed>0.904172</speed>
				<ele>1588.000000</ele>
				<time>2026-01-02T03:19:13Z</time>
			</trkpt>
			<trkpt lat="28.909723" lon="118.056041">
				<speed>0.809269</speed>
				<ele>1587.000000</ele>
				<time>2026-01-02T03:19:18Z</time>
			</trkpt>
			<trkpt lat="28.909749" lon="118.055998">
				<speed>0.620500</speed>
				<ele>1589.000000</ele>
				<time>2026-01-02T03:19:23Z</time>
			</trkpt>
			<trkpt lat="28.909804" lon="118.055992">
				<speed>0.531211</speed>
				<ele>1589.000000</ele>
				<time>2026-01-02T03:19:30Z</time>
			</trkpt>
			<trkpt lat="28.909861" lon="118.055986">
				<speed>1.323902</speed>
				<ele>1586.000000</ele>
				<time>2026-01-02T03:19:36Z</time>
			</trkpt>
			<trkpt lat="28.909901" lon="118.056025">
				<speed>0.544212</speed>
				<ele>1586.000000</ele>
				<time>2026-01-02T03:19:43Z</time>
			</trkpt>
			<trkpt lat="28.909941" lon="118.055994">
				<speed>1.123566</speed>
				<ele>1589.000000</ele>
				<time>2026-01-02T03:19:47Z</time>
			</trkpt>
			<trkpt lat="28.909985" lon="118.055972">
				<speed>1.277921</speed>
				<ele>1590.000000</ele>
				<time>2026-01-02T03:19:50Z</time>
			</trkpt>
			<trkpt lat="28.910022" lon="118.055931">
				<speed>1.338721</speed>
				<ele>1592.000000</ele>
				<time>2026-01-02T03:19:54Z</time>
			</trkpt>
			<trkpt lat="28.910064" lon="118.055900">
				<speed>1.289052</speed>
				<ele>1594.000000</ele>
				<time>2026-01-02T03:19:58Z</time>
			</trkpt>
			<trkpt lat="28.910116" lon="118.055902">
				<speed>0.766814</speed>
				<ele>1594.000000</ele>
				<time>2026-01-02T03:20:03Z</time>
			</trkpt>
			<trkpt lat="28.910156" lon="118.055878">
				<speed>0.955594</speed>
				<ele>1595.000000</ele>
				<time>2026-01-02T03:20:08Z</time>
			</trkpt>
			<trkpt lat="28.910206" lon="118.055872">
				<speed>0.842535</speed>
				<ele>1596.000000</ele>
				<time>2026-01-02T03:20:13Z</time>
			</trkpt>
			<trkpt lat="28.910229" lon="118.055921">
				<speed>0.314344</speed>
				<ele>1594.000000</ele>
				<time>2026-01-02T03:20:22Z</time>
			</trkpt>
			<trkpt lat="28.910264" lon="118.055958">
				<speed>0.268210</speed>
				<ele>1592.000000</ele>
				<time>2026-01-02T03:20:28Z</time>
			</trkpt>
			<trkpt lat="28.910321" lon="118.055984">
				<speed>1.067439</speed>
				<ele>1592.000000</ele>
				<time>2026-01-02T03:20:32Z</time>
			</trkpt>
			<trkpt lat="28.910376" lon="118.055976">
				<speed>0.912565</speed>
				<ele>1591.000000</ele>
				<time>2026-01-02T03:20:37Z</time>
			</trkpt>
			<trkpt lat="28.910419" lon="118.055960">
				<speed>1.001827</speed>
				<ele>1589.000000</ele>
				<time>2026-01-02T03:20:41Z</time>
			</trkpt>
			<trkpt lat="28.910473" lon="118.055961">
				<speed>1.196428</speed>
				<ele>1590.000000</ele>
				<time>2026-01-02T03:20:45Z</time>
			</trkpt>
			<trkpt lat="28.910530" lon="118.055963">
				<speed>1.117990</speed>
				<ele>1589.000000</ele>
				<time>2026-01-02T03:20:50Z</time>
			</trkpt>
			<trkpt lat="28.910577" lon="118.055955">
				<speed>1.195591</speed>
				<ele>1587.000000</ele>
				<time>2026-01-02T03:20:55Z</time>
			</trkpt>
			<trkpt lat="28.910624" lon="118.055948">
				<speed>0.951511</speed>
				<ele>1590.000000</ele>
				<time>2026-01-02T03:20:59Z</time>
			</trkpt>
			<trkpt lat="28.910680" lon="118.055969">
				<speed>1.013256</speed>
				<ele>1590.000000</ele>
				<time>2026-01-02T03:21:04Z</time>
			</trkpt>
			<trkpt lat="28.910711" lon="118.055927">
				<speed>0.743134</speed>
				<ele>1591.000000</ele>
				<time>2026-01-02T03:21:07Z</time>
			</trkpt>
			<trkpt lat="28.910738" lon="118.055869">
				<speed>1.211370</speed>
				<ele>1590.000000</ele>
				<time>2026-01-02T03:21:11Z</time>
			</trkpt>
			<trkpt lat="28.910756" lon="118.055804">
				<speed>1.150280</speed>
				<ele>1591.000000</ele>
				<time>2026-01-02T03:21:16Z</time>
			</trkpt>
			<trkpt lat="28.910793" lon="118.055761">
				<speed>0.468402</speed>
				<ele>1590.000000</ele>
				<time>2026-01-02T03:21:22Z</time>
			</trkpt>
			<trkpt lat="28.910808" lon="118.055712">
				<speed>0.426294</speed>
				<ele>1589.000000</ele>
				<time>2026-01-02T03:21:26Z</time>
			</trkpt>
			<trkpt lat="28.910842" lon="118.055666">
				<speed>0.914779</speed>
				<ele>1586.000000</ele>
				<time>2026-01-02T03:21:31Z</time>
			</trkpt>
			<trkpt lat="28.910882" lon="118.055620">
				<speed>0.911557</speed>
				<ele>1584.000000</ele>
				<time>2026-01-02T03:21:37Z</time>
			</trkpt>
			<trkpt lat="28.910915" lon="118.055577">
				<speed>1.036523</speed>
				<ele>1582.000000</ele>
				<time>2026-01-02T03:21:43Z</time>
			</trkpt>
			<trkpt lat="28.910872" lon="118.055558">
				<speed>0.166942</speed>
				<ele>1583.000000</ele>
				<time>2026-01-02T03:21:50Z</time>
			</trkpt>
			<trkpt lat="28.910826" lon="118.055544">
				<speed>0.865079</speed>
				<ele>1583.000000</ele>
				<time>2026-01-02T03:21:54Z</time>
			</trkpt>
			<trkpt lat="28.910790" lon="118.055502">
				<speed>1.128867</speed>
				<ele>1583.000000</ele>
				<time>2026-01-02T03:21:59Z</time>
			</trkpt>
			<trkpt lat="28.910792" lon="118.055447">
				<speed>0.759767</speed>
				<ele>1581.000000</ele>
				<time>2026-01-02T03:22:06Z</time>
			</trkpt>
			<trkpt lat="28.910816" lon="118.055394">
				<speed>0.890570</speed>
				<ele>1583.000000</ele>
				<time>2026-01-02T03:22:13Z</time>
			</trkpt>
			<trkpt lat="28.910837" lon="118.055347">
				<speed>0.669897</speed>
				<ele>1584.000000</ele>
				<time>2026-01-02T03:22:19Z</time>
			</trkpt>
			<trkpt lat="28.910877" lon="118.055306">
				<speed>0.806771</speed>
				<ele>1584.000000</ele>
				<time>2026-01-02T03:22:26Z</time>
			</trkpt>
			<trkpt lat="28.910924" lon="118.055291">
				<speed>0.761785</speed>
				<ele>1584.000000</ele>
				<time>2026-01-02T03:22:32Z</time>
			</trkpt>
			<trkpt lat="28.910953" lon="118.055247">
				<speed>0.685155</speed>
				<ele>1584.000000</ele>
				<time>2026-01-02T03:22:39Z</time>
			</trkpt>
			<trkpt lat="28.910986" lon="118.055204">
				<speed>0.982602</speed>
				<ele>1586.000000</ele>
				<time>2026-01-02T03:22:43Z</time>
			</trkpt>
			<trkpt lat="28.910999" lon="118.055148">
				<speed>1.101160</speed>
				<ele>1588.000000</ele>
				<time>2026-01-02T03:22:47Z</time>
			</trkpt>
			<trkpt lat="28.911040" lon="118.055118">
				<speed>0.925487</speed>
				<ele>1590.000000</ele>
				<time>2026-01-02T03:22:52Z</time>
			</trkpt>
			<trkpt lat="28.911088" lon="118.055119">
				<speed>0.602284</speed>
				<ele>1591.000000</ele>
				<time>2026-01-02T03:22:59Z</time>
			</trkpt>
			<trkpt lat="28.911110" lon="118.055177">
				<speed>0.797575</speed>
				<ele>1588.000000</ele>
				<time>2026-01-02T03:23:05Z</time>
			</trkpt>
			<trkpt lat="28.911157" lon="118.055196">
				<speed>0.510611</speed>
				<ele>1588.000000</ele>
				<time>2026-01-02T03:23:12Z</time>
			</trkpt>
			<trkpt lat="28.911198" lon="118.055218">
				<speed>0.799124</speed>
				<ele>1586.000000</ele>
				<time>2026-01-02T03:23:16Z</time>
			</trkpt>
			<trkpt lat="28.911251" lon="118.055186">
				<speed>1.027986</speed>
				<ele>1589.000000</ele>
				<time>2026-01-02T03:23:20Z</time>
			</trkpt>
			<trkpt lat="28.911304" lon="118.055184">
				<speed>1.260167</speed>
				<ele>1590.000000</ele>
				<time>2026-01-02T03:23:24Z</time>
			</trkpt>
			<trkpt lat="28.911359" lon="118.055181">
				<speed>0.901368</speed>
				<ele>1588.000000</ele>
				<time>2026-01-02T03:23:29Z</time>
			</trkpt>
			<trkpt lat="28.911410" lon="118.055164">
				<speed>0.647379</speed>
				<ele>1590.000000</ele>
				<time>2026-01-02T03:23:34Z</time>
			</trkpt>
			<trkpt lat="28.911458" lon="118.055161">
				<speed>0.653213</speed>
				<ele>1598.000000</ele>
				<time>2026-01-02T03:23:42Z</time>
			</trkpt>
			<trkpt lat="28.911500" lon="118.055131">
				<speed>0.935801</speed>
				<ele>1600.000000</ele>
				<time>2026-01-02T03:23:49Z</time>
			</trkpt>
			<trkpt lat="28.911551" lon="118.055115">
				<speed>0.870762</speed>
				<ele>1602.000000</ele>
				<time>2026-01-02T03:23:54Z</time>
			</trkpt>
			<trkpt lat="28.911603" lon="118.055118">
				<speed>0.893204</speed>
				<ele>1602.000000</ele>
				<time>2026-01-02T03:24:00Z</time>
			</trkpt>
			<trkpt lat="28.911652" lon="118.055140">
				<speed>0.739846</speed>
				<ele>1602.000000</ele>
				<time>2026-01-02T03:24:06Z</time>
			</trkpt>
			<trkpt lat="28.911702" lon="118.055125">
				<speed>0.561195</speed>
				<ele>1600.000000</ele>
				<time>2026-01-02T03:24:15Z</time>
			</trkpt>
			<trkpt lat="28.911733" lon="118.055080">
				<speed>0.800641</speed>
				<ele>1601.000000</ele>
				<time>2026-01-02T03:24:19Z</time>
			</trkpt>
			<trkpt lat="28.911744" lon="118.055029">
				<speed>1.201769</speed>
				<ele>1600.000000</ele>
				<time>2026-01-02T03:24:24Z</time>
			</trkpt>
			<trkpt lat="28.911753" lon="118.054979">
				<speed>0.374997</speed>
				<ele>1603.000000</ele>
				<time>2026-01-02T03:24:31Z</time>
			</trkpt>
			<trkpt lat="28.911784" lon="118.054938">
				<speed>0.712725</speed>
				<ele>1601.000000</ele>
				<time>2026-01-02T03:24:39Z</time>
			</trkpt>
			<trkpt lat="28.911834" lon="118.054912">
				<speed>0.719549</speed>
				<ele>1603.000000</ele>
				<time>2026-01-02T03:24:49Z</time>
			</trkpt>
			<trkpt lat="28.911879" lon="118.054905">
				<speed>0.558595</speed>
				<ele>1603.000000</ele>
				<time>2026-01-02T03:25:02Z</time>
			</trkpt>
			<trkpt lat="28.911919" lon="118.054869">
				<speed>0.053596</speed>
				<ele>1605.000000</ele>
				<time>2026-01-02T03:25:15Z</time>
			</trkpt>
			<trkpt lat="28.911966" lon="118.054883">
				<speed>0.817221</speed>
				<ele>1606.000000</ele>
				<time>2026-01-02T03:25:21Z</time>
			</trkpt>
			<trkpt lat="28.912019" lon="118.054883">
				<speed>0.726710</speed>
				<ele>1607.000000</ele>
				<time>2026-01-02T03:25:28Z</time>
			</trkpt>
			<trkpt lat="28.912068" lon="118.054873">
				<speed>0.506869</speed>
				<ele>1609.000000</ele>
				<time>2026-01-02T03:25:38Z</time>
			</trkpt>
			<trkpt lat="28.912108" lon="118.054849">
				<speed>0.856408</speed>
				<ele>1611.000000</ele>
				<time>2026-01-02T03:25:55Z</time>
			</trkpt>
			<trkpt lat="28.912153" lon="118.054827">
				<speed>0.317169</speed>
				<ele>1609.000000</ele>
				<time>2026-01-02T03:26:25Z</time>
			</trkpt>
			<trkpt lat="28.912199" lon="118.054864">
				<speed>0.827293</speed>
				<ele>1608.000000</ele>
				<time>2026-01-02T03:26:33Z</time>
			</trkpt>
			<trkpt lat="28.912241" lon="118.054893">
				<speed>1.009657</speed>
				<ele>1607.000000</ele>
				<time>2026-01-02T03:26:37Z</time>
			</trkpt>
			<trkpt lat="28.912290" lon="118.054883">
				<speed>1.706392</speed>
				<ele>1608.000000</ele>
				<time>2026-01-02T03:26:39Z</time>
			</trkpt>
			<trkpt lat="28.912349" lon="118.054898">
				<speed>1.531107</speed>
				<ele>1608.000000</ele>
				<time>2026-01-02T03:26:42Z</time>
			</trkpt>
			<trkpt lat="28.912379" lon="118.054942">
				<speed>0.887298</speed>
				<ele>1610.000000</ele>
				<time>2026-01-02T03:26:52Z</time>
			</trkpt>
			<trkpt lat="28.912436" lon="118.054950">
				<speed>1.202307</speed>
				<ele>1611.000000</ele>
				<time>2026-01-02T03:26:57Z</time>
			</trkpt>
			<trkpt lat="28.912481" lon="118.054927">
				<speed>1.186821</speed>
				<ele>1613.000000</ele>
				<time>2026-01-02T03:27:00Z</time>
			</trkpt>
			<trkpt lat="28.912487" lon="118.054874">
				<speed>1.301939</speed>
				<ele>1614.000000</ele>
				<time>2026-01-02T03:27:04Z</time>
			</trkpt>
			<trkpt lat="28.912501" lon="118.054813">
				<speed>1.383191</speed>
				<ele>1613.000000</ele>
				<time>2026-01-02T03:27:09Z</time>
			</trkpt>
			<trkpt lat="28.912542" lon="118.054786">
				<speed>0.331974</speed>
				<ele>1615.000000</ele>
				<time>2026-01-02T03:27:16Z</time>
			</trkpt>
			<trkpt lat="28.912592" lon="118.054805">
				<speed>0.633038</speed>
				<ele>1615.000000</ele>
				<time>2026-01-02T03:27:21Z</time>
			</trkpt>
			<trkpt lat="28.912644" lon="118.054806">
				<speed>0.599939</speed>
				<ele>1616.000000</ele>
				<time>2026-01-02T03:27:27Z</time>
			</trkpt>
			<trkpt lat="28.912692" lon="118.054804">
				<speed>0.541577</speed>
				<ele>1616.000000</ele>
				<time>2026-01-02T03:27:32Z</time>
			</trkpt>
			<trkpt lat="28.912742" lon="118.054817">
				<speed>0.446795</speed>
				<ele>1616.000000</ele>
				<time>2026-01-02T03:27:36Z</time>
			</trkpt>
			<trkpt lat="28.912800" lon="118.054801">
				<speed>0.469929</speed>
				<ele>1614.000000</ele>
				<time>2026-01-02T03:27:50Z</time>
			</trkpt>
			<trkpt lat="28.912830" lon="118.054844">
				<speed>0.426365</speed>
				<ele>1616.000000</ele>
				<time>2026-01-02T03:28:06Z</time>
			</trkpt>
			<trkpt lat="28.912886" lon="118.054825">
				<speed>1.083302</speed>
				<ele>1617.000000</ele>
				<time>2026-01-02T03:28:10Z</time>
			</trkpt>
			<trkpt lat="28.912923" lon="118.054855">
				<speed>0.219462</speed>
				<ele>1617.000000</ele>
				<time>2026-01-02T03:28:17Z</time>
			</trkpt>
			<trkpt lat="28.912940" lon="118.054903">
				<speed>0.104958</speed>
				<ele>1617.000000</ele>
				<time>2026-01-02T03:28:22Z</time>
			</trkpt>
			<trkpt lat="28.912964" lon="118.054958">
				<speed>0.872692</speed>
				<ele>1618.000000</ele>
				<time>2026-01-02T03:28:47Z</time>
			</trkpt>
			<trkpt lat="28.912956" lon="118.054898">
				<speed>0.040253</speed>
				<ele>1618.000000</ele>
				<time>2026-01-02T03:28:52Z</time>
			</trkpt>
			<trkpt lat="28.912906" lon="118.054927">
				<speed>1.122290</speed>
				<ele>1618.000000</ele>
				<time>2026-01-02T03:28:55Z</time>
			</trkpt>
			<trkpt lat="28.912857" lon="118.054935">
				<speed>0.970637</speed>
				<ele>1618.000000</ele>
				<time>2026-01-02T03:28:59Z</time>
			</trkpt>
			<trkpt lat="28.912844" lon="118.054869">
				<speed>0.349880</speed>
				<ele>1618.000000</ele>
				<time>2026-01-02T03:29:03Z</time>
			</trkpt>
			<trkpt lat="28.912821" lon="118.054815">
				<speed>0.875363</speed>
				<ele>1618.000000</ele>
				<time>2026-01-02T03:29:06Z</time>
			</trkpt>
			<trkpt lat="28.912786" lon="118.054774">
				<speed>1.008387</speed>
				<ele>1618.000000</ele>
				<time>2026-01-02T03:29:09Z</time>
			</trkpt>
			<trkpt lat="28.912769" lon="118.054823">
				<speed>0.000000</speed>
				<ele>1619.000000</ele>
				<time>2026-01-02T03:29:36Z</time>
			</trkpt>
			<trkpt lat="28.912807" lon="118.054790">
				<speed>0.273643</speed>
				<ele>1618.000000</ele>
				<time>2026-01-02T03:30:52Z</time>
			</trkpt>
			<trkpt lat="28.912775" lon="118.054749">
				<speed>0.223393</speed>
				<ele>1618.000000</ele>
				<time>2026-01-02T03:31:01Z</time>
			</trkpt>
			<trkpt lat="28.912763" lon="118.054696">
				<speed>0.289892</speed>
				<ele>1618.000000</ele>
				<time>2026-01-02T03:31:08Z</time>
			</trkpt>
			<trkpt lat="28.912747" lon="118.054641">
				<speed>0.275519</speed>
				<ele>1619.000000</ele>
				<time>2026-01-02T03:31:16Z</time>
			</trkpt>
			<trkpt lat="28.912770" lon="118.054589">
				<speed>0.487812</speed>
				<ele>1618.000000</ele>
				<time>2026-01-02T03:31:24Z</time>
			</trkpt>
			<trkpt lat="28.912762" lon="118.054530">
				<speed>0.179104</speed>
				<ele>1619.000000</ele>
				<time>2026-01-02T03:31:32Z</time>
			</trkpt>
			<trkpt lat="28.912737" lon="118.054473">
				<speed>0.762676</speed>
				<ele>1619.000000</ele>
				<time>2026-01-02T03:31:35Z</time>
			</trkpt>
			<trkpt lat="28.912698" lon="118.054435">
				<speed>0.805292</speed>
				<ele>1618.000000</ele>
				<time>2026-01-02T03:31:39Z</time>
			</trkpt>
			<trkpt lat="28.912672" lon="118.054393">
				<speed>0.773673</speed>
				<ele>1618.000000</ele>
				<time>2026-01-02T03:31:45Z</time>
			</trkpt>
			<trkpt lat="28.912643" lon="118.054339">
				<speed>0.643563</speed>
				<ele>1619.000000</ele>
				<time>2026-01-02T03:31:51Z</time>
			</trkpt>
			<trkpt lat="28.912613" lon="118.054294">
				<speed>0.404381</speed>
				<ele>1617.000000</ele>
				<time>2026-01-02T03:31:59Z</time>
			</trkpt>
			<trkpt lat="28.912572" lon="118.054258">
				<speed>0.658372</speed>
				<ele>1618.000000</ele>
				<time>2026-01-02T03:32:04Z</time>
			</trkpt>
			<trkpt lat="28.912531" lon="118.054232">
				<speed>0.677743</speed>
				<ele>1618.000000</ele>
				<time>2026-01-02T03:32:10Z</time>
			</trkpt>
			<trkpt lat="28.912487" lon="118.054199">
				<speed>0.947943</speed>
				<ele>1617.000000</ele>
				<time>2026-01-02T03:32:16Z</time>
			</trkpt>
			<trkpt lat="28.912460" lon="118.054154">
				<speed>1.091079</speed>
				<ele>1616.000000</ele>
				<time>2026-01-02T03:32:20Z</time>
			</trkpt>
			<trkpt lat="28.912449" lon="118.054102">
				<speed>0.350247</speed>
				<ele>1612.000000</ele>
				<time>2026-01-02T03:32:28Z</time>
			</trkpt>
			<trkpt lat="28.912413" lon="118.054050">
				<speed>1.010187</speed>
				<ele>1613.000000</ele>
				<time>2026-01-02T03:32:34Z</time>
			</trkpt>
			<trkpt lat="28.912370" lon="118.054021">
				<speed>0.842085</speed>
				<ele>1615.000000</ele>
				<time>2026-01-02T03:32:39Z</time>
			</trkpt>
			<trkpt lat="28.912314" lon="118.054005">
				<speed>0.796076</speed>
				<ele>1617.000000</ele>
				<time>2026-01-02T03:32:45Z</time>
			</trkpt>
			<trkpt lat="28.912259" lon="118.053980">
				<speed>1.098534</speed>
				<ele>1620.000000</ele>
				<time>2026-01-02T03:32:50Z</time>
			</trkpt>
			<trkpt lat="28.912210" lon="118.053979">
				<speed>0.848648</speed>
				<ele>1621.000000</ele>
				<time>2026-01-02T03:32:54Z</time>
			</trkpt>
			<trkpt lat="28.912172" lon="118.053940">
				<speed>0.712369</speed>
				<ele>1620.000000</ele>
				<time>2026-01-02T03:32:59Z</time>
			</trkpt>
			<trkpt lat="28.912131" lon="118.053907">
				<speed>0.607161</speed>
				<ele>1621.000000</ele>
				<time>2026-01-02T03:33:05Z</time>
			</trkpt>
			<trkpt lat="28.912181" lon="118.053894">
				<speed>0.429654</speed>
				<ele>1612.000000</ele>
				<time>2026-01-02T03:33:21Z</time>
			</trkpt>
			<trkpt lat="28.912223" lon="118.053867">
				<speed>1.061343</speed>
				<ele>1612.000000</ele>
				<time>2026-01-02T03:33:28Z</time>
			</trkpt>
			<trkpt lat="28.912268" lon="118.053852">
				<speed>0.521138</speed>
				<ele>1609.000000</ele>
				<time>2026-01-02T03:33:34Z</time>
			</trkpt>
			<trkpt lat="28.912321" lon="118.053848">
				<speed>0.742890</speed>
				<ele>1608.000000</ele>
				<time>2026-01-02T03:33:40Z</time>
			</trkpt>
			<trkpt lat="28.912366" lon="118.053851">
				<speed>0.654547</speed>
				<ele>1607.000000</ele>
				<time>2026-01-02T03:33:44Z</time>
			</trkpt>
			<trkpt lat="28.912408" lon="118.053832">
				<speed>1.000638</speed>
				<ele>1608.000000</ele>
				<time>2026-01-02T03:33:47Z</time>
			</trkpt>
			<trkpt lat="28.912462" lon="118.053812">
				<speed>1.047462</speed>
				<ele>1606.000000</ele>
				<time>2026-01-02T03:33:51Z</time>
			</trkpt>
			<trkpt lat="28.912468" lon="118.053761">
				<speed>1.033890</speed>
				<ele>1605.000000</ele>
				<time>2026-01-02T03:33:55Z</time>
			</trkpt>
			<trkpt lat="28.912486" lon="118.053712">
				<speed>1.278496</speed>
				<ele>1605.000000</ele>
				<time>2026-01-02T03:33:58Z</time>
			</trkpt>
			<trkpt lat="28.912508" lon="118.053662">
				<speed>1.181983</speed>
				<ele>1605.000000</ele>
				<time>2026-01-02T03:34:02Z</time>
			</trkpt>
			<trkpt lat="28.912521" lon="118.053609">
				<speed>0.908061</speed>
				<ele>1605.000000</ele>
				<time>2026-01-02T03:34:06Z</time>
			</trkpt>
			<trkpt lat="28.912523" lon="118.053552">
				<speed>1.002458</speed>
				<ele>1605.000000</ele>
				<time>2026-01-02T03:34:11Z</time>
			</trkpt>
			<trkpt lat="28.912512" lon="118.053495">
				<speed>0.906936</speed>
				<ele>1605.000000</ele>
				<time>2026-01-02T03:34:15Z</time>
			</trkpt>
			<trkpt lat="28.912469" lon="118.053457">
				<speed>1.126660</speed>
				<ele>1605.000000</ele>
				<time>2026-01-02T03:34:19Z</time>
			</trkpt>
			<trkpt lat="28.912447" lon="118.053409">
				<speed>0.427495</speed>
				<ele>1611.000000</ele>
				<time>2026-01-02T03:34:25Z</time>
			</trkpt>
			<trkpt lat="28.912440" lon="118.053351">
				<speed>0.680886</speed>
				<ele>1619.000000</ele>
				<time>2026-01-02T03:34:49Z</time>
			</trkpt>
			<trkpt lat="28.912478" lon="118.053318">
				<speed>0.890637</speed>
				<ele>1617.000000</ele>
				<time>2026-01-02T03:34:54Z</time>
			</trkpt>
			<trkpt lat="28.912533" lon="118.053315">
				<speed>0.978445</speed>
				<ele>1615.000000</ele>
				<time>2026-01-02T03:35:00Z</time>
			</trkpt>
			<trkpt lat="28.912577" lon="118.053341">
				<speed>1.139025</speed>
				<ele>1615.000000</ele>
				<time>2026-01-02T03:35:05Z</time>
			</trkpt>
			<trkpt lat="28.912625" lon="118.053365">
				<speed>0.888691</speed>
				<ele>1613.000000</ele>
				<time>2026-01-02T03:35:11Z</time>
			</trkpt>
			<trkpt lat="28.912675" lon="118.053366">
				<speed>0.612491</speed>
				<ele>1611.000000</ele>
				<time>2026-01-02T03:35:17Z</time>
			</trkpt>
			<trkpt lat="28.912725" lon="118.053353">
				<speed>0.921912</speed>
				<ele>1611.000000</ele>
				<time>2026-01-02T03:35:22Z</time>
			</trkpt>
			<trkpt lat="28.912768" lon="118.053323">
				<speed>0.805339</speed>
				<ele>1611.000000</ele>
				<time>2026-01-02T03:35:26Z</time>
			</trkpt>
			<trkpt lat="28.912808" lon="118.053289">
				<speed>0.967211</speed>
				<ele>1611.000000</ele>
				<time>2026-01-02T03:35:30Z</time>
			</trkpt>
			<trkpt lat="28.912852" lon="118.053264">
				<speed>1.107027</speed>
				<ele>1611.000000</ele>
				<time>2026-01-02T03:35:34Z</time>
			</trkpt>
			<trkpt lat="28.912899" lon="118.053251">
				<speed>0.785768</speed>
				<ele>1614.000000</ele>
				<time>2026-01-02T03:35:38Z</time>
			</trkpt>
			<trkpt lat="28.912941" lon="118.053231">
				<speed>0.852377</speed>
				<ele>1615.000000</ele>
				<time>2026-01-02T03:35:41Z</time>
			</trkpt>
			<trkpt lat="28.912984" lon="118.053191">
				<speed>0.957516</speed>
				<ele>1616.000000</ele>
				<time>2026-01-02T03:35:45Z</time>
			</trkpt>
			<trkpt lat="28.912962" lon="118.053134">
				<speed>0.966968</speed>
				<ele>1615.000000</ele>
				<time>2026-01-02T03:35:49Z</time>
			</trkpt>
			<trkpt lat="28.912927" lon="118.053084">
				<speed>1.315933</speed>
				<ele>1616.000000</ele>
				<time>2026-01-02T03:35:53Z</time>
			</trkpt>
			<trkpt lat="28.912901" lon="118.053037">
				<speed>1.087951</speed>
				<ele>1617.000000</ele>
				<time>2026-01-02T03:35:57Z</time>
			</trkpt>
			<trkpt lat="28.912940" lon="118.052998">
				<speed>0.929732</speed>
				<ele>1616.000000</ele>
				<time>2026-01-02T03:36:03Z</time>
			</trkpt>
			<trkpt lat="28.912990" lon="118.052999">
				<speed>0.946591</speed>
				<ele>1616.000000</ele>
				<time>2026-01-02T03:36:08Z</time>
			</trkpt>
			<trkpt lat="28.913040" lon="118.053019">
				<speed>1.284839</speed>
				<ele>1617.000000</ele>
				<time>2026-01-02T03:36:12Z</time>
			</trkpt>
			<trkpt lat="28.913092" lon="118.053042">
				<speed>1.208356</speed>
				<ele>1617.000000</ele>
				<time>2026-01-02T03:36:16Z</time>
			</trkpt>
			<trkpt lat="28.913155" lon="118.053053">
				<speed>1.592364</speed>
				<ele>1617.000000</ele>
				<time>2026-01-02T03:36:20Z</time>
			</trkpt>
			<trkpt lat="28.913110" lon="118.053028">
				<speed>0.117059</speed>
				<ele>1618.000000</ele>
				<time>2026-01-02T03:37:25Z</time>
			</trkpt>
			<trkpt lat="28.913060" lon="118.053002">
				<speed>0.103319</speed>
				<ele>1619.000000</ele>
				<time>2026-01-02T03:37:30Z</time>
			</trkpt>
			<trkpt lat="28.913007" lon="118.053012">
				<speed>0.097342</speed>
				<ele>1617.000000</ele>
				<time>2026-01-02T03:37:35Z</time>
			</trkpt>
			<trkpt lat="28.912958" lon="118.053031">
				<speed>0.061101</speed>
				<ele>1617.000000</ele>
				<time>2026-01-02T03:37:39Z</time>
			</trkpt>
			<trkpt lat="28.912909" lon="118.053058">
				<speed>0.082231</speed>
				<ele>1619.000000</ele>
				<time>2026-01-02T03:37:44Z</time>
			</trkpt>
			<trkpt lat="28.912920" lon="118.053113">
				<speed>1.013353</speed>
				<ele>1620.000000</ele>
				<time>2026-01-02T03:37:48Z</time>
			</trkpt>
			<trkpt lat="28.912947" lon="118.053155">
				<speed>1.440312</speed>
				<ele>1621.000000</ele>
				<time>2026-01-02T03:37:51Z</time>
			</trkpt>
			<trkpt lat="28.912961" lon="118.053211">
				<speed>0.998201</speed>
				<ele>1621.000000</ele>
				<time>2026-01-02T03:37:56Z</time>
			</trkpt>
			<trkpt lat="28.912931" lon="118.053256">
				<speed>1.174477</speed>
				<ele>1622.000000</ele>
				<time>2026-01-02T03:38:01Z</time>
			</trkpt>
			<trkpt lat="28.912884" lon="118.053271">
				<speed>1.511064</speed>
				<ele>1623.000000</ele>
				<time>2026-01-02T03:38:04Z</time>
			</trkpt>
			<trkpt lat="28.912843" lon="118.053297">
				<speed>1.261535</speed>
				<ele>1623.000000</ele>
				<time>2026-01-02T03:38:08Z</time>
			</trkpt>
			<trkpt lat="28.912805" lon="118.053337">
				<speed>1.155215</speed>
				<ele>1623.000000</ele>
				<time>2026-01-02T03:38:12Z</time>
			</trkpt>
			<trkpt lat="28.912758" lon="118.053358">
				<speed>1.180105</speed>
				<ele>1623.000000</ele>
				<time>2026-01-02T03:38:16Z</time>
			</trkpt>
			<trkpt lat="28.912708" lon="118.053381">
				<speed>1.133239</speed>
				<ele>1624.000000</ele>
				<time>2026-01-02T03:38:20Z</time>
			</trkpt>
			<trkpt lat="28.912652" lon="118.053380">
				<speed>1.241630</speed>
				<ele>1622.000000</ele>
				<time>2026-01-02T03:38:24Z</time>
			</trkpt>
			<trkpt lat="28.912596" lon="118.053376">
				<speed>1.071516</speed>
				<ele>1620.000000</ele>
				<time>2026-01-02T03:38:29Z</time>
			</trkpt>
			<trkpt lat="28.912548" lon="118.053353">
				<speed>1.159265</speed>
				<ele>1621.000000</ele>
				<time>2026-01-02T03:38:33Z</time>
			</trkpt>
			<trkpt lat="28.912502" lon="118.053341">
				<speed>0.890419</speed>
				<ele>1622.000000</ele>
				<time>2026-01-02T03:38:38Z</time>
			</trkpt>
			<trkpt lat="28.912452" lon="118.053366">
				<speed>0.966510</speed>
				<ele>1623.000000</ele>
				<time>2026-01-02T03:38:43Z</time>
			</trkpt>
			<trkpt lat="28.912431" lon="118.053412">
				<speed>0.542559</speed>
				<ele>1624.000000</ele>
				<time>2026-01-02T03:38:50Z</time>
			</trkpt>
			<trkpt lat="28.912450" lon="118.053461">
				<speed>0.548028</speed>
				<ele>1623.000000</ele>
				<time>2026-01-02T03:38:57Z</time>
			</trkpt>
			<trkpt lat="28.912494" lon="118.053477">
				<speed>0.837802</speed>
				<ele>1621.000000</ele>
				<time>2026-01-02T03:39:03Z</time>
			</trkpt>
			<trkpt lat="28.912536" lon="118.053503">
				<speed>0.998747</speed>
				<ele>1620.000000</ele>
				<time>2026-01-02T03:39:08Z</time>
			</trkpt>
			<trkpt lat="28.912573" lon="118.053542">
				<speed>1.056871</speed>
				<ele>1621.000000</ele>
				<time>2026-01-02T03:39:12Z</time>
			</trkpt>
			<trkpt lat="28.912556" lon="118.053591">
				<speed>0.893177</speed>
				<ele>1622.000000</ele>
				<time>2026-01-02T03:39:18Z</time>
			</trkpt>
			<trkpt lat="28.912533" lon="118.053651">
				<speed>1.447961</speed>
				<ele>1623.000000</ele>
				<time>2026-01-02T03:39:22Z</time>
			</trkpt>
			<trkpt lat="28.912504" lon="118.053704">
				<speed>1.230710</speed>
				<ele>1624.000000</ele>
				<time>2026-01-02T03:39:26Z</time>
			</trkpt>
			<trkpt lat="28.912474" lon="118.053752">
				<speed>1.171414</speed>
				<ele>1625.000000</ele>
				<time>2026-01-02T03:39:30Z</time>
			</trkpt>
			<trkpt lat="28.912431" lon="118.053798">
				<speed>1.162622</speed>
				<ele>1626.000000</ele>
				<time>2026-01-02T03:39:34Z</time>
			</trkpt>
			<trkpt lat="28.912377" lon="118.053812">
				<speed>1.191874</speed>
				<ele>1626.000000</ele>
				<time>2026-01-02T03:39:38Z</time>
			</trkpt>
			<trkpt lat="28.912325" lon="118.053811">
				<speed>1.416007</speed>
				<ele>1627.000000</ele>
				<time>2026-01-02T03:39:41Z</time>
			</trkpt>
			<trkpt lat="28.912282" lon="118.053842">
				<speed>0.978819</speed>
				<ele>1627.000000</ele>
				<time>2026-01-02T03:39:45Z</time>
			</trkpt>
			<trkpt lat="28.912233" lon="118.053860">
				<speed>1.029994</speed>
				<ele>1629.000000</ele>
				<time>2026-01-02T03:39:49Z</time>
			</trkpt>
			<trkpt lat="28.912183" lon="118.053869">
				<speed>1.020738</speed>
				<ele>1628.000000</ele>
				<time>2026-01-02T03:39:53Z</time>
			</trkpt>
			<trkpt lat="28.912137" lon="118.053871">
				<speed>1.092614</speed>
				<ele>1630.000000</ele>
				<time>2026-01-02T03:39:57Z</time>
			</trkpt>
			<trkpt lat="28.912095" lon="118.053901">
				<speed>1.048030</speed>
				<ele>1630.000000</ele>
				<time>2026-01-02T03:40:01Z</time>
			</trkpt>
			<trkpt lat="28.912114" lon="118.053949">
				<speed>1.052261</speed>
				<ele>1627.000000</ele>
				<time>2026-01-02T03:40:05Z</time>
			</trkpt>
			<trkpt lat="28.912154" lon="118.053995">
				<speed>1.245759</speed>
				<ele>1626.000000</ele>
				<time>2026-01-02T03:40:10Z</time>
			</trkpt>
			<trkpt lat="28.912194" lon="118.054020">
				<speed>1.261435</speed>
				<ele>1626.000000</ele>
				<time>2026-01-02T03:40:14Z</time>
			</trkpt>
			<trkpt lat="28.912241" lon="118.054025">
				<speed>0.920034</speed>
				<ele>1627.000000</ele>
				<time>2026-01-02T03:40:19Z</time>
			</trkpt>
			<trkpt lat="28.912287" lon="118.054025">
				<speed>1.117498</speed>
				<ele>1626.000000</ele>
				<time>2026-01-02T03:40:23Z</time>
			</trkpt>
			<trkpt lat="28.912345" lon="118.054027">
				<speed>1.237084</speed>
				<ele>1626.000000</ele>
				<time>2026-01-02T03:40:28Z</time>
			</trkpt>
			<trkpt lat="28.912394" lon="118.054020">
				<speed>1.199743</speed>
				<ele>1625.000000</ele>
				<time>2026-01-02T03:40:32Z</time>
			</trkpt>
			<trkpt lat="28.912437" lon="118.054055">
				<speed>0.760436</speed>
				<ele>1623.000000</ele>
				<time>2026-01-02T03:40:37Z</time>
			</trkpt>
			<trkpt lat="28.912436" lon="118.054119">
				<speed>1.021816</speed>
				<ele>1624.000000</ele>
				<time>2026-01-02T03:40:41Z</time>
			</trkpt>
			<trkpt lat="28.912443" lon="118.054172">
				<speed>1.105704</speed>
				<ele>1624.000000</ele>
				<time>2026-01-02T03:40:44Z</time>
			</trkpt>
			<trkpt lat="28.912467" lon="118.054225">
				<speed>1.277328</speed>
				<ele>1623.000000</ele>
				<time>2026-01-02T03:40:48Z</time>
			</trkpt>
			<trkpt lat="28.912506" lon="118.054258">
				<speed>1.094674</speed>
				<ele>1622.000000</ele>
				<time>2026-01-02T03:40:52Z</time>
			</trkpt>
			<trkpt lat="28.912557" lon="118.054271">
				<speed>1.393221</speed>
				<ele>1621.000000</ele>
				<time>2026-01-02T03:40:56Z</time>
			</trkpt>
			<trkpt lat="28.912603" lon="118.054272">
				<speed>1.083304</speed>
				<ele>1621.000000</ele>
				<time>2026-01-02T03:41:00Z</time>
			</trkpt>
			<trkpt lat="28.912635" lon="118.054309">
				<speed>0.708876</speed>
				<ele>1623.000000</ele>
				<time>2026-01-02T03:41:05Z</time>
			</trkpt>
			<trkpt lat="28.912650" lon="118.054366">
				<speed>0.877549</speed>
				<ele>1623.000000</ele>
				<time>2026-01-02T03:41:11Z</time>
			</trkpt>
			<trkpt lat="28.912695" lon="118.054398">
				<speed>0.952643</speed>
				<ele>1621.000000</ele>
				<time>2026-01-02T03:41:16Z</time>
			</trkpt>
			<trkpt lat="28.912729" lon="118.054441">
				<speed>0.904804</speed>
				<ele>1623.000000</ele>
				<time>2026-01-02T03:41:21Z</time>
			</trkpt>
			<trkpt lat="28.912761" lon="118.054484">
				<speed>0.914650</speed>
				<ele>1624.000000</ele>
				<time>2026-01-02T03:41:26Z</time>
			</trkpt>
			<trkpt lat="28.912751" lon="118.054539">
				<speed>0.480727</speed>
				<ele>1624.000000</ele>
				<time>2026-01-02T03:41:35Z</time>
			</trkpt>
			<trkpt lat="28.912717" lon="118.054576">
				<speed>0.651000</speed>
				<ele>1624.000000</ele>
				<time>2026-01-02T03:41:43Z</time>
			</trkpt>
			<trkpt lat="28.912709" lon="118.054636">
				<speed>0.700080</speed>
				<ele>1621.000000</ele>
				<time>2026-01-02T03:41:51Z</time>
			</trkpt>
			<trkpt lat="28.912749" lon="118.054679">
				<speed>1.078752</speed>
				<ele>1623.000000</ele>
				<time>2026-01-02T03:41:56Z</time>
			</trkpt>
			<trkpt lat="28.912788" lon="118.054718">
				<speed>1.188910</speed>
				<ele>1622.000000</ele>
				<time>2026-01-02T03:42:01Z</time>
			</trkpt>
			<trkpt lat="28.912808" lon="118.054776">
				<speed>1.052507</speed>
				<ele>1621.000000</ele>
				<time>2026-01-02T03:42:06Z</time>
			</trkpt>
			<trkpt lat="28.912833" lon="118.054822">
				<speed>0.310991</speed>
				<ele>1622.000000</ele>
				<time>2026-01-02T03:42:12Z</time>
			</trkpt>
			<trkpt lat="28.912877" lon="118.054856">
				<speed>0.842206</speed>
				<ele>1621.000000</ele>
				<time>2026-01-02T03:42:19Z</time>
			</trkpt>
			<trkpt lat="28.912928" lon="118.054888">
				<speed>1.137881</speed>
				<ele>1620.000000</ele>
				<time>2026-01-02T03:42:25Z</time>
			</trkpt>
			<trkpt lat="28.912983" lon="118.054901">
				<speed>1.158035</speed>
				<ele>1620.000000</ele>
				<time>2026-01-02T03:42:30Z</time>
			</trkpt>
			<trkpt lat="28.913032" lon="118.054908">
				<speed>0.921490</speed>
				<ele>1618.000000</ele>
				<time>2026-01-02T03:42:39Z</time>
			</trkpt>
			<trkpt lat="28.913081" lon="118.054919">
				<speed>1.047973</speed>
				<ele>1619.000000</ele>
				<time>2026-01-02T03:42:43Z</time>
			</trkpt>
			<trkpt lat="28.913130" lon="118.054936">
				<speed>1.207662</speed>
				<ele>1616.000000</ele>
				<time>2026-01-02T03:42:49Z</time>
			</trkpt>
			<trkpt lat="28.913176" lon="118.054941">
				<speed>0.702680</speed>
				<ele>1613.000000</ele>
				<time>2026-01-02T03:42:57Z</time>
			</trkpt>
			<trkpt lat="28.913219" lon="118.054958">
				<speed>0.766162</speed>
				<ele>1611.000000</ele>
				<time>2026-01-02T03:43:02Z</time>
			</trkpt>
			<trkpt lat="28.913257" lon="118.054991">
				<speed>1.039598</speed>
				<ele>1608.000000</ele>
				<time>2026-01-02T03:43:08Z</time>
			</trkpt>
			<trkpt lat="28.913305" lon="118.055024">
				<speed>1.042821</speed>
				<ele>1607.000000</ele>
				<time>2026-01-02T03:43:14Z</time>
			</trkpt>
			<trkpt lat="28.913346" lon="118.055055">
				<speed>0.556518</speed>
				<ele>1605.000000</ele>
				<time>2026-01-02T03:43:21Z</time>
			</trkpt>
			<trkpt lat="28.913393" lon="118.055071">
				<speed>0.789233</speed>
				<ele>1605.000000</ele>
				<time>2026-01-02T03:43:27Z</time>
			</trkpt>
			<trkpt lat="28.913447" lon="118.055083">
				<speed>1.035536</speed>
				<ele>1603.000000</ele>
				<time>2026-01-02T03:43:32Z</time>
			</trkpt>
			<trkpt lat="28.913489" lon="118.055108">
				<speed>0.803352</speed>
				<ele>1605.000000</ele>
				<time>2026-01-02T03:43:39Z</time>
			</trkpt>
			<trkpt lat="28.913536" lon="118.055128">
				<speed>0.549081</speed>
				<ele>1604.000000</ele>
				<time>2026-01-02T03:43:48Z</time>
			</trkpt>
			<trkpt lat="28.913580" lon="118.055144">
				<speed>0.865104</speed>
				<ele>1603.000000</ele>
				<time>2026-01-02T03:43:52Z</time>
			</trkpt>
			<trkpt lat="28.913622" lon="118.055174">
				<speed>0.399352</speed>
				<ele>1602.000000</ele>
				<time>2026-01-02T03:43:58Z</time>
			</trkpt>
			<trkpt lat="28.913626" lon="118.055230">
				<speed>0.185302</speed>
				<ele>1604.000000</ele>
				<time>2026-01-02T03:44:10Z</time>
			</trkpt>
			<trkpt lat="28.913595" lon="118.055276">
				<speed>0.106462</speed>
				<ele>1606.000000</ele>
				<time>2026-01-02T03:44:15Z</time>
			</trkpt>
			<trkpt lat="28.913580" lon="118.055328">
				<speed>0.353581</speed>
				<ele>1606.000000</ele>
				<time>2026-01-02T03:44:19Z</time>
			</trkpt>
			<trkpt lat="28.913621" lon="118.055374">
				<speed>1.121147</speed>
				<ele>1606.000000</ele>
				<time>2026-01-02T03:44:24Z</time>
			</trkpt>
			<trkpt lat="28.913668" lon="118.055373">
				<speed>0.868735</speed>
				<ele>1604.000000</ele>
				<time>2026-01-02T03:44:29Z</time>
			</trkpt>
			<trkpt lat="28.913725" lon="118.055367">
				<speed>1.127399</speed>
				<ele>1603.000000</ele>
				<time>2026-01-02T03:44:34Z</time>
			</trkpt>
			<trkpt lat="28.913776" lon="118.055374">
				<speed>0.858739</speed>
				<ele>1600.000000</ele>
				<time>2026-01-02T03:44:39Z</time>
			</trkpt>
			<trkpt lat="28.913823" lon="118.055363">
				<speed>0.688891</speed>
				<ele>1601.000000</ele>
				<time>2026-01-02T03:44:44Z</time>
			</trkpt>
			<trkpt lat="28.913865" lon="118.055386">
				<speed>0.776928</speed>
				<ele>1601.000000</ele>
				<time>2026-01-02T03:44:49Z</time>
			</trkpt>
			<trkpt lat="28.913898" lon="118.055425">
				<speed>0.632961</speed>
				<ele>1601.000000</ele>
				<time>2026-01-02T03:44:55Z</time>
			</trkpt>
			<trkpt lat="28.913922" lon="118.055474">
				<speed>0.681238</speed>
				<ele>1602.000000</ele>
				<time>2026-01-02T03:45:03Z</time>
			</trkpt>
			<trkpt lat="28.913962" lon="118.055502">
				<speed>0.344306</speed>
				<ele>1605.000000</ele>
				<time>2026-01-02T03:45:09Z</time>
			</trkpt>
			<trkpt lat="28.913986" lon="118.055548">
				<speed>0.858141</speed>
				<ele>1606.000000</ele>
				<time>2026-01-02T03:45:13Z</time>
			</trkpt>
			<trkpt lat="28.914001" lon="118.055609">
				<speed>1.052449</speed>
				<ele>1606.000000</ele>
				<time>2026-01-02T03:45:18Z</time>
			</trkpt>
			<trkpt lat="28.914017" lon="118.055667">
				<speed>1.273079</speed>
				<ele>1606.000000</ele>
				<time>2026-01-02T03:45:22Z</time>
			</trkpt>
			<trkpt lat="28.914002" lon="118.055718">
				<speed>0.986442</speed>
				<ele>1605.000000</ele>
				<time>2026-01-02T03:45:26Z</time>
			</trkpt>
			<trkpt lat="28.913989" lon="118.055782">
				<speed>1.192851</speed>
				<ele>1607.000000</ele>
				<time>2026-01-02T03:45:30Z</time>
			</trkpt>
			<trkpt lat="28.913963" lon="118.055836">
				<speed>1.404683</speed>
				<ele>1608.000000</ele>
				<time>2026-01-02T03:45:34Z</time>
			</trkpt>
			<trkpt lat="28.913938" lon="118.055891">
				<speed>1.381392</speed>
				<ele>1608.000000</ele>
				<time>2026-01-02T03:45:39Z</time>
			</trkpt>
			<trkpt lat="28.913912" lon="118.055935">
				<speed>1.416052</speed>
				<ele>1609.000000</ele>
				<time>2026-01-02T03:45:42Z</time>
			</trkpt>
			<trkpt lat="28.913874" lon="118.055981">
				<speed>1.545308</speed>
				<ele>1609.000000</ele>
				<time>2026-01-02T03:45:46Z</time>
			</trkpt>
			<trkpt lat="28.913842" lon="118.056028">
				<speed>1.002053</speed>
				<ele>1607.000000</ele>
				<time>2026-01-02T03:45:51Z</time>
			</trkpt>
			<trkpt lat="28.913808" lon="118.056068">
				<speed>1.105234</speed>
				<ele>1609.000000</ele>
				<time>2026-01-02T03:45:55Z</time>
			</trkpt>
			<trkpt lat="28.913790" lon="118.056124">
				<speed>1.282662</speed>
				<ele>1608.000000</ele>
				<time>2026-01-02T03:45:59Z</time>
			</trkpt>
			<trkpt lat="28.913814" lon="118.056175">
				<speed>0.712154</speed>
				<ele>1608.000000</ele>
				<time>2026-01-02T03:46:05Z</time>
			</trkpt>
			<trkpt lat="28.913857" lon="118.056199">
				<speed>1.150937</speed>
				<ele>1608.000000</ele>
				<time>2026-01-02T03:46:09Z</time>
			</trkpt>
			<trkpt lat="28.913894" lon="118.056232">
				<speed>0.790755</speed>
				<ele>1606.000000</ele>
				<time>2026-01-02T03:46:16Z</time>
			</trkpt>
			<trkpt lat="28.913941" lon="118.056222">
				<speed>0.668538</speed>
				<ele>1605.000000</ele>
				<time>2026-01-02T03:46:22Z</time>
			</trkpt>
			<trkpt lat="28.913985" lon="118.056238">
				<speed>0.825212</speed>
				<ele>1604.000000</ele>
				<time>2026-01-02T03:47:08Z</time>
			</trkpt>
			<trkpt lat="28.914024" lon="118.056270">
				<speed>0.746591</speed>
				<ele>1604.000000</ele>
				<time>2026-01-02T03:47:15Z</time>
			</trkpt>
			<trkpt lat="28.914049" lon="118.056320">
				<speed>0.654319</speed>
				<ele>1605.000000</ele>
				<time>2026-01-02T03:47:22Z</time>
			</trkpt>
			<trkpt lat="28.914067" lon="118.056373">
				<speed>0.785954</speed>
				<ele>1605.000000</ele>
				<time>2026-01-02T03:47:28Z</time>
			</trkpt>
			<trkpt lat="28.914078" lon="118.056427">
				<speed>0.902561</speed>
				<ele>1608.000000</ele>
				<time>2026-01-02T03:47:34Z</time>
			</trkpt>
			<trkpt lat="28.914079" lon="118.056494">
				<speed>1.187083</speed>
				<ele>1607.000000</ele>
				<time>2026-01-02T03:47:39Z</time>
			</trkpt>
			<trkpt lat="28.914115" lon="118.056528">
				<speed>0.630291</speed>
				<ele>1607.000000</ele>
				<time>2026-01-02T03:47:43Z</time>
			</trkpt>
			<trkpt lat="28.914161" lon="118.056560">
				<speed>1.224394</speed>
				<ele>1607.000000</ele>
				<time>2026-01-02T03:47:47Z</time>
			</trkpt>
			<trkpt lat="28.914174" lon="118.056610">
				<speed>0.450391</speed>
				<ele>1608.000000</ele>
				<time>2026-01-02T03:47:52Z</time>
			</trkpt>
			<trkpt lat="28.914160" lon="118.056662">
				<speed>0.802219</speed>
				<ele>1607.000000</ele>
				<time>2026-01-02T03:47:57Z</time>
			</trkpt>
			<trkpt lat="28.914152" lon="118.056717">
				<speed>1.036631</speed>
				<ele>1608.000000</ele>
				<time>2026-01-02T03:48:01Z</time>
			</trkpt>
			<trkpt lat="28.914136" lon="118.056765">
				<speed>0.974404</speed>
				<ele>1608.000000</ele>
				<time>2026-01-02T03:48:05Z</time>
			</trkpt>
			<trkpt lat="28.914114" lon="118.056819">
				<speed>0.881072</speed>
				<ele>1610.000000</ele>
				<time>2026-01-02T03:48:10Z</time>
			</trkpt>
			<trkpt lat="28.914077" lon="118.056850">
				<speed>1.390564</speed>
				<ele>1610.000000</ele>
				<time>2026-01-02T03:48:13Z</time>
			</trkpt>
			<trkpt lat="28.914039" lon="118.056888">
				<speed>0.637165</speed>
				<ele>1610.000000</ele>
				<time>2026-01-02T03:48:18Z</time>
			</trkpt>
			<trkpt lat="28.914006" lon="118.056938">
				<speed>1.112123</speed>
				<ele>1610.000000</ele>
				<time>2026-01-02T03:48:22Z</time>
			</trkpt>
			<trkpt lat="28.913980" lon="118.056990">
				<speed>1.018794</speed>
				<ele>1610.000000</ele>
				<time>2026-01-02T03:48:26Z</time>
			</trkpt>
			<trkpt lat="28.913939" lon="118.057030">
				<speed>1.007634</speed>
				<ele>1611.000000</ele>
				<time>2026-01-02T03:48:30Z</time>
			</trkpt>
			<trkpt lat="28.913909" lon="118.057083">
				<speed>0.747130</speed>
				<ele>1612.000000</ele>
				<time>2026-01-02T03:48:37Z</time>
			</trkpt>
			<trkpt lat="28.913876" lon="118.057121">
				<speed>0.586891</speed>
				<ele>1611.000000</ele>
				<time>2026-01-02T03:48:43Z</time>
			</trkpt>
			<trkpt lat="28.913855" lon="118.057169">
				<speed>0.365763</speed>
				<ele>1612.000000</ele>
				<time>2026-01-02T03:48:49Z</time>
			</trkpt>
			<trkpt lat="28.913841" lon="118.057219">
				<speed>0.060128</speed>
				<ele>1609.000000</ele>
				<time>2026-01-02T03:49:01Z</time>
			</trkpt>
			<trkpt lat="28.913843" lon="118.057272">
				<speed>0.413392</speed>
				<ele>1609.000000</ele>
				<time>2026-01-02T03:49:11Z</time>
			</trkpt>
			<trkpt lat="28.913810" lon="118.057311">
				<speed>0.308112</speed>
				<ele>1608.000000</ele>
				<time>2026-01-02T03:49:23Z</time>
			</trkpt>
			<trkpt lat="28.913768" lon="118.057332">
				<speed>0.586859</speed>
				<ele>1609.000000</ele>
				<time>2026-01-02T03:49:31Z</time>
			</trkpt>
			<trkpt lat="28.913736" lon="118.057369">
				<speed>0.687006</speed>
				<ele>1608.000000</ele>
				<time>2026-01-02T03:49:38Z</time>
			</trkpt>
			<trkpt lat="28.913701" lon="118.057415">
				<speed>1.201510</speed>
				<ele>1607.000000</ele>
				<time>2026-01-02T03:49:43Z</time>
			</trkpt>
			<trkpt lat="28.913697" lon="118.057470">
				<speed>0.323758</speed>
				<ele>1606.000000</ele>
				<time>2026-01-02T03:49:49Z</time>
			</trkpt>
			<trkpt lat="28.913683" lon="118.057523">
				<speed>0.580717</speed>
				<ele>1606.000000</ele>
				<time>2026-01-02T03:49:56Z</time>
			</trkpt>
			<trkpt lat="28.913652" lon="118.057564">
				<speed>0.310394</speed>
				<ele>1604.000000</ele>
				<time>2026-01-02T03:50:08Z</time>
			</trkpt>
			<trkpt lat="28.913606" lon="118.057586">
				<speed>0.167049</speed>
				<ele>1605.000000</ele>
				<time>2026-01-02T03:50:19Z</time>
			</trkpt>
			<trkpt lat="28.913572" lon="118.057623">
				<speed>0.468805</speed>
				<ele>1609.000000</ele>
				<time>2026-01-02T03:50:28Z</time>
			</trkpt>
			<trkpt lat="28.913536" lon="118.057656">
				<speed>1.012519</speed>
				<ele>1608.000000</ele>
				<time>2026-01-02T03:50:31Z</time>
			</trkpt>
			<trkpt lat="28.913516" lon="118.057708">
				<speed>0.678420</speed>
				<ele>1610.000000</ele>
				<time>2026-01-02T03:50:39Z</time>
			</trkpt>
			<trkpt lat="28.913490" lon="118.057754">
				<speed>0.650423</speed>
				<ele>1610.000000</ele>
				<time>2026-01-02T03:50:44Z</time>
			</trkpt>
			<trkpt lat="28.913454" lon="118.057788">
				<speed>0.703338</speed>
				<ele>1610.000000</ele>
				<time>2026-01-02T03:50:48Z</time>
			</trkpt>
			<trkpt lat="28.913422" lon="118.057826">
				<speed>0.494668</speed>
				<ele>1610.000000</ele>
				<time>2026-01-02T03:50:53Z</time>
			</trkpt>
			<trkpt lat="28.913384" lon="118.057865">
				<speed>0.476325</speed>
				<ele>1608.000000</ele>
				<time>2026-01-02T03:51:01Z</time>
			</trkpt>
			<trkpt lat="28.913344" lon="118.057899">
				<speed>0.584924</speed>
				<ele>1608.000000</ele>
				<time>2026-01-02T03:51:13Z</time>
			</trkpt>
			<trkpt lat="28.913337" lon="118.057950">
				<speed>0.377932</speed>
				<ele>1607.000000</ele>
				<time>2026-01-02T03:51:21Z</time>
			</trkpt>
			<trkpt lat="28.913382" lon="118.057957">
				<speed>0.305287</speed>
				<ele>1608.000000</ele>
				<time>2026-01-02T03:51:28Z</time>
			</trkpt>
			<trkpt lat="28.913412" lon="118.057907">
				<speed>0.082076</speed>
				<ele>1612.000000</ele>
				<time>2026-01-02T03:51:38Z</time>
			</trkpt>
			<trkpt lat="28.913371" lon="118.057941">
				<speed>1.915218</speed>
				<ele>1613.000000</ele>
				<time>2026-01-02T03:51:41Z</time>
			</trkpt>
			<trkpt lat="28.913352" lon="118.057989">
				<speed>0.610150</speed>
				<ele>1612.000000</ele>
				<time>2026-01-02T03:51:47Z</time>
			</trkpt>
			<trkpt lat="28.913310" lon="118.058012">
				<speed>0.357466</speed>
				<ele>1613.000000</ele>
				<time>2026-01-02T03:52:01Z</time>
			</trkpt>
			<trkpt lat="28.913285" lon="118.058064">
				<speed>0.393178</speed>
				<ele>1616.000000</ele>
				<time>2026-01-02T03:52:06Z</time>
			</trkpt>
			<trkpt lat="28.913244" lon="118.058091">
				<speed>1.186526</speed>
				<ele>1610.000000</ele>
				<time>2026-01-02T03:52:14Z</time>
			</trkpt>
			<trkpt lat="28.913202" lon="118.058123">
				<speed>0.841625</speed>
				<ele>1611.000000</ele>
				<time>2026-01-02T03:52:21Z</time>
			</trkpt>
			<trkpt lat="28.913150" lon="118.058131">
				<speed>0.725041</speed>
				<ele>1612.000000</ele>
				<time>2026-01-02T03:52:29Z</time>
			</trkpt>
			<trkpt lat="28.913115" lon="118.058170">
				<speed>0.864451</speed>
				<ele>1611.000000</ele>
				<time>2026-01-02T03:52:34Z</time>
			</trkpt>
			<trkpt lat="28.913080" lon="118.058218">
				<speed>1.086582</speed>
				<ele>1612.000000</ele>
				<time>2026-01-02T03:52:40Z</time>
			</trkpt>
			<trkpt lat="28.913041" lon="118.058244">
				<speed>1.272803</speed>
				<ele>1613.000000</ele>
				<time>2026-01-02T03:52:46Z</time>
			</trkpt>
			<trkpt lat="28.913008" lon="118.058296">
				<speed>1.223435</speed>
				<ele>1613.000000</ele>
				<time>2026-01-02T03:52:50Z</time>
			</trkpt>
			<trkpt lat="28.912967" lon="118.058324">
				<speed>0.708557</speed>
				<ele>1614.000000</ele>
				<time>2026-01-02T03:52:56Z</time>
			</trkpt>
			<trkpt lat="28.912921" lon="118.058329">
				<speed>0.524241</speed>
				<ele>1616.000000</ele>
				<time>2026-01-02T03:53:06Z</time>
			</trkpt>
			<trkpt lat="28.912964" lon="118.058364">
				<speed>2.219032</speed>
				<ele>1625.000000</ele>
				<time>2026-01-02T03:53:26Z</time>
			</trkpt>
			<trkpt lat="28.912910" lon="118.058344">
				<speed>0.180158</speed>
				<ele>1623.000000</ele>
				<time>2026-01-02T03:53:30Z</time>
			</trkpt>
			<trkpt lat="28.912898" lon="118.058409">
				<speed>1.364599</speed>
				<ele>1621.000000</ele>
				<time>2026-01-02T03:53:34Z</time>
			</trkpt>
			<trkpt lat="28.912920" lon="118.058462">
				<speed>0.637334</speed>
				<ele>1623.000000</ele>
				<time>2026-01-02T03:54:15Z</time>
			</trkpt>
			<trkpt lat="28.912935" lon="118.058513">
				<speed>0.281977</speed>
				<ele>1622.000000</ele>
				<time>2026-01-02T03:54:52Z</time>
			</trkpt>
			<trkpt lat="28.912912" lon="118.058561">
				<speed>0.602549</speed>
				<ele>1624.000000</ele>
				<time>2026-01-02T03:55:00Z</time>
			</trkpt>
			<trkpt lat="28.912874" lon="118.058590">
				<speed>0.314060</speed>
				<ele>1621.000000</ele>
				<time>2026-01-02T03:55:07Z</time>
			</trkpt>
			<trkpt lat="28.912841" lon="118.058627">
				<speed>0.511376</speed>
				<ele>1618.000000</ele>
				<time>2026-01-02T03:55:16Z</time>
			</trkpt>
			<trkpt lat="28.912814" lon="118.058674">
				<speed>0.419126</speed>
				<ele>1619.000000</ele>
				<time>2026-01-02T03:55:35Z</time>
			</trkpt>
			<trkpt lat="28.912779" lon="118.058714">
				<speed>0.976187</speed>
				<ele>1618.000000</ele>
				<time>2026-01-02T03:55:40Z</time>
			</trkpt>
			<trkpt lat="28.912780" lon="118.058771">
				<speed>0.722327</speed>
				<ele>1614.000000</ele>
				<time>2026-01-02T03:55:47Z</time>
			</trkpt>
			<trkpt lat="28.912829" lon="118.058806">
				<speed>1.812810</speed>
				<ele>1613.000000</ele>
				<time>2026-01-02T03:55:51Z</time>
			</trkpt>
			<trkpt lat="28.912869" lon="118.058771">
				<speed>1.504180</speed>
				<ele>1612.000000</ele>
				<time>2026-01-02T03:55:55Z</time>
			</trkpt>
			<trkpt lat="28.912912" lon="118.058751">
				<speed>1.853313</speed>
				<ele>1610.000000</ele>
				<time>2026-01-02T03:55:59Z</time>
			</trkpt>
			<trkpt lat="28.912870" lon="118.058795">
				<speed>0.748358</speed>
				<ele>1608.000000</ele>
				<time>2026-01-02T03:56:05Z</time>
			</trkpt>
			<trkpt lat="28.912819" lon="118.058791">
				<speed>0.334321</speed>
				<ele>1607.000000</ele>
				<time>2026-01-02T03:56:10Z</time>
			</trkpt>
			<trkpt lat="28.912773" lon="118.058789">
				<speed>0.027221</speed>
				<ele>1608.000000</ele>
				<time>2026-01-02T03:56:13Z</time>
			</trkpt>
			<trkpt lat="28.912721" lon="118.058802">
				<speed>0.185411</speed>
				<ele>1608.000000</ele>
				<time>2026-01-02T03:56:23Z</time>
			</trkpt>
			<trkpt lat="28.912673" lon="118.058812">
				<speed>0.075750</speed>
				<ele>1609.000000</ele>
				<time>2026-01-02T03:56:29Z</time>
			</trkpt>
			<trkpt lat="28.912624" lon="118.058816">
				<speed>0.039063</speed>
				<ele>1607.000000</ele>
				<time>2026-01-02T03:56:42Z</time>
			</trkpt>
			<trkpt lat="28.912577" lon="118.058850">
				<speed>0.076443</speed>
				<ele>1609.000000</ele>
				<time>2026-01-02T03:56:46Z</time>
			</trkpt>
			<trkpt lat="28.912548" lon="118.058893">
				<speed>0.073642</speed>
				<ele>1609.000000</ele>
				<time>2026-01-02T03:56:50Z</time>
			</trkpt>
			<trkpt lat="28.912518" lon="118.058944">
				<speed>0.096329</speed>
				<ele>1610.000000</ele>
				<time>2026-01-02T03:56:53Z</time>
			</trkpt>
			<trkpt lat="28.912489" lon="118.058984">
				<speed>0.571237</speed>
				<ele>1611.000000</ele>
				<time>2026-01-02T03:56:58Z</time>
			</trkpt>
			<trkpt lat="28.912458" lon="118.059034">
				<speed>0.847293</speed>
				<ele>1612.000000</ele>
				<time>2026-01-02T03:57:02Z</time>
			</trkpt>
			<trkpt lat="28.912429" lon="118.059074">
				<speed>0.217603</speed>
				<ele>1615.000000</ele>
				<time>2026-01-02T03:57:14Z</time>
			</trkpt>
			<trkpt lat="28.912419" lon="118.059126">
				<speed>0.240777</speed>
				<ele>1614.000000</ele>
				<time>2026-01-02T03:57:26Z</time>
			</trkpt>
			<trkpt lat="28.912411" lon="118.059190">
				<speed>0.931454</speed>
				<ele>1614.000000</ele>
				<time>2026-01-02T03:57:30Z</time>
			</trkpt>
			<trkpt lat="28.912385" lon="118.059244">
				<speed>0.580180</speed>
				<ele>1613.000000</ele>
				<time>2026-01-02T03:57:35Z</time>
			</trkpt>
			<trkpt lat="28.912377" lon="118.059302">
				<speed>0.112223</speed>
				<ele>1610.000000</ele>
				<time>2026-01-02T03:57:46Z</time>
			</trkpt>
			<trkpt lat="28.912366" lon="118.059365">
				<speed>0.467330</speed>
				<ele>1610.000000</ele>
				<time>2026-01-02T03:57:50Z</time>
			</trkpt>
			<trkpt lat="28.912330" lon="118.059408">
				<speed>0.593636</speed>
				<ele>1613.000000</ele>
				<time>2026-01-02T03:57:58Z</time>
			</trkpt>
			<trkpt lat="28.912303" lon="118.059452">
				<speed>0.042242</speed>
				<ele>1609.000000</ele>
				<time>2026-01-02T03:58:09Z</time>
			</trkpt>
			<trkpt lat="28.912263" lon="118.059487">
				<speed>0.872389</speed>
				<ele>1608.000000</ele>
				<time>2026-01-02T03:58:14Z</time>
			</trkpt>
			<trkpt lat="28.912213" lon="118.059512">
				<speed>0.752715</speed>
				<ele>1605.000000</ele>
				<time>2026-01-02T03:58:23Z</time>
			</trkpt>
			<trkpt lat="28.912210" lon="118.059568">
				<speed>0.782614</speed>
				<ele>1604.000000</ele>
				<time>2026-01-02T03:58:27Z</time>
			</trkpt>
			<trkpt lat="28.912217" lon="118.059624">
				<speed>0.148594</speed>
				<ele>1604.000000</ele>
				<time>2026-01-02T03:58:32Z</time>
			</trkpt>
			<trkpt lat="28.912197" lon="118.059675">
				<speed>0.534319</speed>
				<ele>1604.000000</ele>
				<time>2026-01-02T03:58:38Z</time>
			</trkpt>
			<trkpt lat="28.912221" lon="118.059733">
				<speed>0.480811</speed>
				<ele>1604.000000</ele>
				<time>2026-01-02T03:58:44Z</time>
			</trkpt>
			<trkpt lat="28.912268" lon="118.059728">
				<speed>0.280428</speed>
				<ele>1605.000000</ele>
				<time>2026-01-02T03:58:56Z</time>
			</trkpt>
			<trkpt lat="28.912314" lon="118.059750">
				<speed>0.208185</speed>
				<ele>1606.000000</ele>
				<time>2026-01-02T03:59:09Z</time>
			</trkpt>
			<trkpt lat="28.912315" lon="118.059809">
				<speed>0.381130</speed>
				<ele>1606.000000</ele>
				<time>2026-01-02T03:59:20Z</time>
			</trkpt>
			<trkpt lat="28.912287" lon="118.059854">
				<speed>0.267755</speed>
				<ele>1612.000000</ele>
				<time>2026-01-02T03:59:48Z</time>
			</trkpt>
			<trkpt lat="28.912263" lon="118.059899">
				<speed>0.483846</speed>
				<ele>1611.000000</ele>
				<time>2026-01-02T03:59:56Z</time>
			</trkpt>
			<trkpt lat="28.912219" lon="118.059917">
				<speed>0.152115</speed>
				<ele>1610.000000</ele>
				<time>2026-01-02T04:00:02Z</time>
			</trkpt>
			<trkpt lat="28.912190" lon="118.059958">
				<speed>0.673748</speed>
				<ele>1608.000000</ele>
				<time>2026-01-02T04:00:08Z</time>
			</trkpt>
			<trkpt lat="28.912141" lon="118.059946">
				<speed>0.285461</speed>
				<ele>1594.000000</ele>
				<time>2026-01-02T04:00:14Z</time>
			</trkpt>
			<trkpt lat="28.912076" lon="118.059963">
				<speed>1.162936</speed>
				<ele>1591.000000</ele>
				<time>2026-01-02T04:00:17Z</time>
			</trkpt>
			<trkpt lat="28.912024" lon="118.059990">
				<speed>0.915050</speed>
				<ele>1585.000000</ele>
				<time>2026-01-02T04:00:30Z</time>
			</trkpt>
			<trkpt lat="28.911978" lon="118.060007">
				<speed>0.708257</speed>
				<ele>1584.000000</ele>
				<time>2026-01-02T04:00:42Z</time>
			</trkpt>
			<trkpt lat="28.911938" lon="118.060049">
				<speed>0.250176</speed>
				<ele>1584.000000</ele>
				<time>2026-01-02T04:00:47Z</time>
			</trkpt>
			<trkpt lat="28.911895" lon="118.060083">
				<speed>0.463700</speed>
				<ele>1583.000000</ele>
				<time>2026-01-02T04:00:53Z</time>
			</trkpt>
			<trkpt lat="28.911888" lon="118.060140">
				<speed>0.676074</speed>
				<ele>1582.000000</ele>
				<time>2026-01-02T04:00:59Z</time>
			</trkpt>
			<trkpt lat="28.911863" lon="118.060185">
				<speed>0.673228</speed>
				<ele>1582.000000</ele>
				<time>2026-01-02T04:01:03Z</time>
			</trkpt>
			<trkpt lat="28.911818" lon="118.060217">
				<speed>0.851106</speed>
				<ele>1580.000000</ele>
				<time>2026-01-02T04:01:11Z</time>
			</trkpt>
			<trkpt lat="28.911843" lon="118.060270">
				<speed>0.194001</speed>
				<ele>1589.000000</ele>
				<time>2026-01-02T04:01:19Z</time>
			</trkpt>
			<trkpt lat="28.911845" lon="118.060329">
				<speed>0.082857</speed>
				<ele>1596.000000</ele>
				<time>2026-01-02T04:01:22Z</time>
			</trkpt>
			<trkpt lat="28.911841" lon="118.060404">
				<speed>0.153733</speed>
				<ele>1606.000000</ele>
				<time>2026-01-02T04:01:29Z</time>
			</trkpt>
			<trkpt lat="28.911801" lon="118.060448">
				<speed>0.317134</speed>
				<ele>1609.000000</ele>
				<time>2026-01-02T04:01:33Z</time>
			</trkpt>
			<trkpt lat="28.911781" lon="118.060398">
				<speed>0.000000</speed>
				<ele>1608.000000</ele>
				<time>2026-01-02T04:03:28Z</time>
			</trkpt>
			<trkpt lat="28.911760" lon="118.060445">
				<speed>0.023980</speed>
				<ele>1611.000000</ele>
				<time>2026-01-02T04:05:02Z</time>
			</trkpt>
			<trkpt lat="28.911714" lon="118.060458">
				<speed>0.491547</speed>
				<ele>1613.000000</ele>
				<time>2026-01-02T04:09:31Z</time>
			</trkpt>
			<trkpt lat="28.911663" lon="118.060416">
				<speed>1.354699</speed>
				<ele>1612.000000</ele>
				<time>2026-01-02T04:09:37Z</time>
			</trkpt>
			<trkpt lat="28.911618" lon="118.060404">
				<speed>0.992549</speed>
				<ele>1614.000000</ele>
				<time>2026-01-02T04:09:42Z</time>
			</trkpt>
			<trkpt lat="28.911611" lon="118.060344">
				<speed>1.344812</speed>
				<ele>1615.000000</ele>
				<time>2026-01-02T04:09:47Z</time>
			</trkpt>
			<trkpt lat="28.911615" lon="118.060290">
				<speed>1.082029</speed>
				<ele>1617.000000</ele>
				<time>2026-01-02T04:09:53Z</time>
			</trkpt>
			<trkpt lat="28.911638" lon="118.060238">
				<speed>1.281390</speed>
				<ele>1617.000000</ele>
				<time>2026-01-02T04:09:57Z</time>
			</trkpt>
			<trkpt lat="28.911658" lon="118.060187">
				<speed>0.789504</speed>
				<ele>1619.000000</ele>
				<time>2026-01-02T04:10:02Z</time>
			</trkpt>
			<trkpt lat="28.911677" lon="118.060134">
				<speed>0.480335</speed>
				<ele>1621.000000</ele>
				<time>2026-01-02T04:10:08Z</time>
			</trkpt>
			<trkpt lat="28.911669" lon="118.060066">
				<speed>1.156331</speed>
				<ele>1625.000000</ele>
				<time>2026-01-02T04:10:15Z</time>
			</trkpt>
			<trkpt lat="28.911631" lon="118.060103">
				<speed>0.091748</speed>
				<ele>1629.000000</ele>
				<time>2026-01-02T04:10:25Z</time>
			</trkpt>
			<trkpt lat="28.911598" lon="118.060153">
				<speed>0.082361</speed>
				<ele>1631.000000</ele>
				<time>2026-01-02T04:10:28Z</time>
			</trkpt>
			<trkpt lat="28.911554" lon="118.060190">
				<speed>0.264560</speed>
				<ele>1631.000000</ele>
				<time>2026-01-02T04:10:32Z</time>
			</trkpt>
			<trkpt lat="28.911510" lon="118.060212">
				<speed>0.448965</speed>
				<ele>1630.000000</ele>
				<time>2026-01-02T04:10:38Z</time>
			</trkpt>
			<trkpt lat="28.911464" lon="118.060216">
				<speed>0.628183</speed>
				<ele>1625.000000</ele>
				<time>2026-01-02T04:10:45Z</time>
			</trkpt>
			<trkpt lat="28.911413" lon="118.060202">
				<speed>0.993662</speed>
				<ele>1622.000000</ele>
				<time>2026-01-02T04:10:51Z</time>
			</trkpt>
			<trkpt lat="28.911359" lon="118.060185">
				<speed>1.030236</speed>
				<ele>1620.000000</ele>
				<time>2026-01-02T04:10:56Z</time>
			</trkpt>
			<trkpt lat="28.911315" lon="118.060174">
				<speed>1.013816</speed>
				<ele>1619.000000</ele>
				<time>2026-01-02T04:11:00Z</time>
			</trkpt>
			<trkpt lat="28.911289" lon="118.060217">
				<speed>1.123655</speed>
				<ele>1621.000000</ele>
				<time>2026-01-02T04:11:06Z</time>
			</trkpt>
			<trkpt lat="28.911249" lon="118.060246">
				<speed>1.077191</speed>
				<ele>1625.000000</ele>
				<time>2026-01-02T04:11:10Z</time>
			</trkpt>
			<trkpt lat="28.911210" lon="118.060282">
				<speed>0.686825</speed>
				<ele>1623.000000</ele>
				<time>2026-01-02T04:11:17Z</time>
			</trkpt>
			<trkpt lat="28.911161" lon="118.060276">
				<speed>0.732994</speed>
				<ele>1618.000000</ele>
				<time>2026-01-02T04:11:22Z</time>
			</trkpt>
			<trkpt lat="28.911116" lon="118.060268">
				<speed>0.773721</speed>
				<ele>1618.000000</ele>
				<time>2026-01-02T04:11:28Z</time>
			</trkpt>
			<trkpt lat="28.911075" lon="118.060307">
				<speed>0.707883</speed>
				<ele>1617.000000</ele>
				<time>2026-01-02T04:11:32Z</time>
			</trkpt>
			<trkpt lat="28.911029" lon="118.060333">
				<speed>0.999082</speed>
				<ele>1618.000000</ele>
				<time>2026-01-02T04:11:37Z</time>
			</trkpt>
			<trkpt lat="28.910980" lon="118.060333">
				<speed>1.375200</speed>
				<ele>1618.000000</ele>
				<time>2026-01-02T04:11:41Z</time>
			</trkpt>
			<trkpt lat="28.910922" lon="118.060319">
				<speed>1.297584</speed>
				<ele>1616.000000</ele>
				<time>2026-01-02T04:11:46Z</time>
			</trkpt>
			<trkpt lat="28.910923" lon="118.060265">
				<speed>0.998355</speed>
				<ele>1617.000000</ele>
				<time>2026-01-02T04:11:53Z</time>
			</trkpt>
			<trkpt lat="28.910973" lon="118.060265">
				<speed>0.745618</speed>
				<ele>1615.000000</ele>
				<time>2026-01-02T04:12:00Z</time>
			</trkpt>
			<trkpt lat="28.911015" lon="118.060231">
				<speed>1.154758</speed>
				<ele>1613.000000</ele>
				<time>2026-01-02T04:12:04Z</time>
			</trkpt>
			<trkpt lat="28.911052" lon="118.060178">
				<speed>1.553911</speed>
				<ele>1615.000000</ele>
				<time>2026-01-02T04:12:09Z</time>
			</trkpt>
			<trkpt lat="28.911060" lon="118.060124">
				<speed>0.658024</speed>
				<ele>1618.000000</ele>
				<time>2026-01-02T04:12:14Z</time>
			</trkpt>
			<trkpt lat="28.911033" lon="118.060057">
				<speed>0.879228</speed>
				<ele>1623.000000</ele>
				<time>2026-01-02T04:12:19Z</time>
			</trkpt>
			<trkpt lat="28.910986" lon="118.060044">
				<speed>0.374379</speed>
				<ele>1624.000000</ele>
				<time>2026-01-02T04:12:26Z</time>
			</trkpt>
			<trkpt lat="28.910936" lon="118.060036">
				<speed>0.906581</speed>
				<ele>1627.000000</ele>
				<time>2026-01-02T04:12:34Z</time>
			</trkpt>
			<trkpt lat="28.910898" lon="118.060079">
				<speed>0.906625</speed>
				<ele>1631.000000</ele>
				<time>2026-01-02T04:12:38Z</time>
			</trkpt>
			<trkpt lat="28.910851" lon="118.060052">
				<speed>0.823433</speed>
				<ele>1629.000000</ele>
				<time>2026-01-02T04:12:43Z</time>
			</trkpt>
			<trkpt lat="28.910805" lon="118.060042">
				<speed>0.741708</speed>
				<ele>1626.000000</ele>
				<time>2026-01-02T04:12:48Z</time>
			</trkpt>
			<trkpt lat="28.910757" lon="118.060027">
				<speed>0.942563</speed>
				<ele>1625.000000</ele>
				<time>2026-01-02T04:12:52Z</time>
			</trkpt>
			<trkpt lat="28.910707" lon="118.060012">
				<speed>0.802044</speed>
				<ele>1625.000000</ele>
				<time>2026-01-02T04:12:58Z</time>
			</trkpt>
			<trkpt lat="28.910657" lon="118.059988">
				<speed>1.153060</speed>
				<ele>1624.000000</ele>
				<time>2026-01-02T04:13:02Z</time>
			</trkpt>
			<trkpt lat="28.910608" lon="118.059970">
				<speed>0.886006</speed>
				<ele>1626.000000</ele>
				<time>2026-01-02T04:13:09Z</time>
			</trkpt>
			<trkpt lat="28.910554" lon="118.059955">
				<speed>0.723250</speed>
				<ele>1625.000000</ele>
				<time>2026-01-02T04:13:15Z</time>
			</trkpt>
			<trkpt lat="28.910520" lon="118.059917">
				<speed>0.454392</speed>
				<ele>1624.000000</ele>
				<time>2026-01-02T04:13:22Z</time>
			</trkpt>
			<trkpt lat="28.910470" lon="118.059913">
				<speed>0.719890</speed>
				<ele>1625.000000</ele>
				<time>2026-01-02T04:13:26Z</time>
			</trkpt>
			<trkpt lat="28.910423" lon="118.059937">
				<speed>0.735137</speed>
				<ele>1626.000000</ele>
				<time>2026-01-02T04:13:30Z</time>
			</trkpt>
			<trkpt lat="28.910373" lon="118.059932">
				<speed>0.918597</speed>
				<ele>1623.000000</ele>
				<time>2026-01-02T04:13:35Z</time>
			</trkpt>
			<trkpt lat="28.910325" lon="118.059936">
				<speed>0.830988</speed>
				<ele>1621.000000</ele>
				<time>2026-01-02T04:13:39Z</time>
			</trkpt>
			<trkpt lat="28.910284" lon="118.059902">
				<speed>1.131835</speed>
				<ele>1622.000000</ele>
				<time>2026-01-02T04:13:44Z</time>
			</trkpt>
			<trkpt lat="28.910234" lon="118.059891">
				<speed>0.988746</speed>
				<ele>1623.000000</ele>
				<time>2026-01-02T04:13:50Z</time>
			</trkpt>
			<trkpt lat="28.910189" lon="118.059858">
				<speed>0.868047</speed>
				<ele>1620.000000</ele>
				<time>2026-01-02T04:13:55Z</time>
			</trkpt>
			<trkpt lat="28.910146" lon="118.059880">
				<speed>1.090575</speed>
				<ele>1623.000000</ele>
				<time>2026-01-02T04:13:58Z</time>
			</trkpt>
			<trkpt lat="28.910098" lon="118.059903">
				<speed>1.261246</speed>
				<ele>1622.000000</ele>
				<time>2026-01-02T04:14:01Z</time>
			</trkpt>
			<trkpt lat="28.910044" lon="118.059908">
				<speed>1.181946</speed>
				<ele>1624.000000</ele>
				<time>2026-01-02T04:14:06Z</time>
			</trkpt>
			<trkpt lat="28.909985" lon="118.059912">
				<speed>1.052923</speed>
				<ele>1626.000000</ele>
				<time>2026-01-02T04:14:12Z</time>
			</trkpt>
			<trkpt lat="28.909930" lon="118.059918">
				<speed>0.945581</speed>
				<ele>1624.000000</ele>
				<time>2026-01-02T04:14:17Z</time>
			</trkpt>
			<trkpt lat="28.909886" lon="118.059930">
				<speed>1.079154</speed>
				<ele>1627.000000</ele>
				<time>2026-01-02T04:14:21Z</time>
			</trkpt>
			<trkpt lat="28.909831" lon="118.059945">
				<speed>1.084841</speed>
				<ele>1625.000000</ele>
				<time>2026-01-02T04:14:26Z</time>
			</trkpt>
			<trkpt lat="28.909782" lon="118.059977">
				<speed>0.925486</speed>
				<ele>1624.000000</ele>
				<time>2026-01-02T04:14:31Z</time>
			</trkpt>
			<trkpt lat="28.909737" lon="118.059982">
				<speed>1.142498</speed>
				<ele>1627.000000</ele>
				<time>2026-01-02T04:14:35Z</time>
			</trkpt>
			<trkpt lat="28.909698" lon="118.060014">
				<speed>0.780205</speed>
				<ele>1628.000000</ele>
				<time>2026-01-02T04:14:39Z</time>
			</trkpt>
			<trkpt lat="28.909682" lon="118.060073">
				<speed>1.042855</speed>
				<ele>1632.000000</ele>
				<time>2026-01-02T04:14:43Z</time>
			</trkpt>
			<trkpt lat="28.909696" lon="118.060131">
				<speed>0.699580</speed>
				<ele>1631.000000</ele>
				<time>2026-01-02T04:14:48Z</time>
			</trkpt>
			<trkpt lat="28.909737" lon="118.060165">
				<speed>1.114761</speed>
				<ele>1628.000000</ele>
				<time>2026-01-02T04:14:52Z</time>
			</trkpt>
			<trkpt lat="28.909716" lon="118.060215">
				<speed>0.835317</speed>
				<ele>1627.000000</ele>
				<time>2026-01-02T04:14:57Z</time>
			</trkpt>
			<trkpt lat="28.909687" lon="118.060254">
				<speed>1.090647</speed>
				<ele>1629.000000</ele>
				<time>2026-01-02T04:15:01Z</time>
			</trkpt>
			<trkpt lat="28.909716" lon="118.060299">
				<speed>1.021083</speed>
				<ele>1630.000000</ele>
				<time>2026-01-02T04:15:06Z</time>
			</trkpt>
			<trkpt lat="28.909754" lon="118.060336">
				<speed>0.569607</speed>
				<ele>1632.000000</ele>
				<time>2026-01-02T04:15:24Z</time>
			</trkpt>
			<trkpt lat="28.909786" lon="118.060375">
				<speed>0.574436</speed>
				<ele>1630.000000</ele>
				<time>2026-01-02T04:15:30Z</time>
			</trkpt>
			<trkpt lat="28.909842" lon="118.060364">
				<speed>0.715145</speed>
				<ele>1628.000000</ele>
				<time>2026-01-02T04:15:39Z</time>
			</trkpt>
			<trkpt lat="28.909889" lon="118.060380">
				<speed>0.969005</speed>
				<ele>1620.000000</ele>
				<time>2026-01-02T04:15:50Z</time>
			</trkpt>
			<trkpt lat="28.909912" lon="118.060429">
				<speed>0.729345</speed>
				<ele>1622.000000</ele>
				<time>2026-01-02T04:16:08Z</time>
			</trkpt>
			<trkpt lat="28.909897" lon="118.060497">
				<speed>1.213527</speed>
				<ele>1623.000000</ele>
				<time>2026-01-02T04:16:15Z</time>
			</trkpt>
			<trkpt lat="28.909857" lon="118.060527">
				<speed>0.519268</speed>
				<ele>1624.000000</ele>
				<time>2026-01-02T04:16:26Z</time>
			</trkpt>
			<trkpt lat="28.909822" lon="118.060560">
				<speed>0.541440</speed>
				<ele>1623.000000</ele>
				<time>2026-01-02T04:16:33Z</time>
			</trkpt>
			<trkpt lat="28.909800" lon="118.060614">
				<speed>1.024516</speed>
				<ele>1622.000000</ele>
				<time>2026-01-02T04:16:39Z</time>
			</trkpt>
			<trkpt lat="28.909815" lon="118.060664">
				<speed>1.086828</speed>
				<ele>1623.000000</ele>
				<time>2026-01-02T04:16:43Z</time>
			</trkpt>
			<trkpt lat="28.909848" lon="118.060709">
				<speed>0.791918</speed>
				<ele>1620.000000</ele>
				<time>2026-01-02T04:16:48Z</time>
			</trkpt>
			<trkpt lat="28.909888" lon="118.060743">
				<speed>0.773413</speed>
				<ele>1620.000000</ele>
				<time>2026-01-02T04:16:53Z</time>
			</trkpt>
			<trkpt lat="28.909930" lon="118.060761">
				<speed>0.738362</speed>
				<ele>1619.000000</ele>
				<time>2026-01-02T04:16:58Z</time>
			</trkpt>
			<trkpt lat="28.909982" lon="118.060760">
				<speed>0.790242</speed>
				<ele>1615.000000</ele>
				<time>2026-01-02T04:17:05Z</time>
			</trkpt>
			<trkpt lat="28.910033" lon="118.060752">
				<speed>0.957879</speed>
				<ele>1615.000000</ele>
				<time>2026-01-02T04:17:10Z</time>
			</trkpt>
			<trkpt lat="28.910072" lon="118.060779">
				<speed>0.774087</speed>
				<ele>1615.000000</ele>
				<time>2026-01-02T04:17:15Z</time>
			</trkpt>
			<trkpt lat="28.910058" lon="118.060833">
				<speed>0.949117</speed>
				<ele>1614.000000</ele>
				<time>2026-01-02T04:17:20Z</time>
			</trkpt>
			<trkpt lat="28.910045" lon="118.060890">
				<speed>1.034212</speed>
				<ele>1616.000000</ele>
				<time>2026-01-02T04:17:25Z</time>
			</trkpt>
			<trkpt lat="28.910002" lon="118.060922">
				<speed>0.955555</speed>
				<ele>1615.000000</ele>
				<time>2026-01-02T04:17:30Z</time>
			</trkpt>
			<trkpt lat="28.909966" lon="118.060970">
				<speed>0.904135</speed>
				<ele>1616.000000</ele>
				<time>2026-01-02T04:17:35Z</time>
			</trkpt>
			<trkpt lat="28.909969" lon="118.061032">
				<speed>0.989985</speed>
				<ele>1616.000000</ele>
				<time>2026-01-02T04:17:39Z</time>
			</trkpt>
			<trkpt lat="28.909957" lon="118.061088">
				<speed>0.919887</speed>
				<ele>1617.000000</ele>
				<time>2026-01-02T04:17:44Z</time>
			</trkpt>
			<trkpt lat="28.909943" lon="118.061140">
				<speed>0.956075</speed>
				<ele>1616.000000</ele>
				<time>2026-01-02T04:17:48Z</time>
			</trkpt>
			<trkpt lat="28.909933" lon="118.061190">
				<speed>0.994151</speed>
				<ele>1615.000000</ele>
				<time>2026-01-02T04:17:52Z</time>
			</trkpt>
			<trkpt lat="28.909919" lon="118.061245">
				<speed>0.527975</speed>
				<ele>1616.000000</ele>
				<time>2026-01-02T04:17:58Z</time>
			</trkpt>
			<trkpt lat="28.909924" lon="118.061314">
				<speed>1.110906</speed>
				<ele>1617.000000</ele>
				<time>2026-01-02T04:18:03Z</time>
			</trkpt>
			<trkpt lat="28.909970" lon="118.061360">
				<speed>1.666226</speed>
				<ele>1618.000000</ele>
				<time>2026-01-02T04:18:07Z</time>
			</trkpt>
			<trkpt lat="28.909999" lon="118.061402">
				<speed>1.039749</speed>
				<ele>1618.000000</ele>
				<time>2026-01-02T04:18:12Z</time>
			</trkpt>
			<trkpt lat="28.910015" lon="118.061453">
				<speed>0.823561</speed>
				<ele>1616.000000</ele>
				<time>2026-01-02T04:18:17Z</time>
			</trkpt>
			<trkpt lat="28.909998" lon="118.061503">
				<speed>0.718316</speed>
				<ele>1615.000000</ele>
				<time>2026-01-02T04:18:23Z</time>
			</trkpt>
			<trkpt lat="28.909959" lon="118.061529">
				<speed>0.657852</speed>
				<ele>1614.000000</ele>
				<time>2026-01-02T04:18:29Z</time>
			</trkpt>
			<trkpt lat="28.909936" lon="118.061584">
				<speed>0.730475</speed>
				<ele>1614.000000</ele>
				<time>2026-01-02T04:18:37Z</time>
			</trkpt>
			<trkpt lat="28.909900" lon="118.061627">
				<speed>1.262756</speed>
				<ele>1616.000000</ele>
				<time>2026-01-02T04:18:41Z</time>
			</trkpt>
			<trkpt lat="28.909858" lon="118.061658">
				<speed>1.375903</speed>
				<ele>1614.000000</ele>
				<time>2026-01-02T04:18:45Z</time>
			</trkpt>
			<trkpt lat="28.909812" lon="118.061655">
				<speed>1.063494</speed>
				<ele>1614.000000</ele>
				<time>2026-01-02T04:18:49Z</time>
			</trkpt>
			<trkpt lat="28.909768" lon="118.061678">
				<speed>0.740040</speed>
				<ele>1611.000000</ele>
				<time>2026-01-02T04:18:53Z</time>
			</trkpt>
			<trkpt lat="28.909728" lon="118.061705">
				<speed>0.966199</speed>
				<ele>1612.000000</ele>
				<time>2026-01-02T04:18:57Z</time>
			</trkpt>
			<trkpt lat="28.909684" lon="118.061718">
				<speed>0.819765</speed>
				<ele>1611.000000</ele>
				<time>2026-01-02T04:19:02Z</time>
			</trkpt>
			<trkpt lat="28.909637" lon="118.061722">
				<speed>0.625500</speed>
				<ele>1612.000000</ele>
				<time>2026-01-02T04:19:07Z</time>
			</trkpt>
			<trkpt lat="28.909621" lon="118.061673">
				<speed>0.665104</speed>
				<ele>1610.000000</ele>
				<time>2026-01-02T04:19:16Z</time>
			</trkpt>
			<trkpt lat="28.909625" lon="118.061613">
				<speed>0.707467</speed>
				<ele>1609.000000</ele>
				<time>2026-01-02T04:19:25Z</time>
			</trkpt>
			<trkpt lat="28.909614" lon="118.061555">
				<speed>0.511357</speed>
				<ele>1606.000000</ele>
				<time>2026-01-02T04:19:34Z</time>
			</trkpt>
			<trkpt lat="28.909562" lon="118.061546">
				<speed>0.754599</speed>
				<ele>1605.000000</ele>
				<time>2026-01-02T04:19:40Z</time>
			</trkpt>
			<trkpt lat="28.909507" lon="118.061533">
				<speed>1.090777</speed>
				<ele>1605.000000</ele>
				<time>2026-01-02T04:19:44Z</time>
			</trkpt>
			<trkpt lat="28.909462" lon="118.061525">
				<speed>1.242515</speed>
				<ele>1604.000000</ele>
				<time>2026-01-02T04:19:48Z</time>
			</trkpt>
			<trkpt lat="28.909413" lon="118.061544">
				<speed>1.362606</speed>
				<ele>1603.000000</ele>
				<time>2026-01-02T04:19:51Z</time>
			</trkpt>
			<trkpt lat="28.909363" lon="118.061536">
				<speed>1.163410</speed>
				<ele>1603.000000</ele>
				<time>2026-01-02T04:19:55Z</time>
			</trkpt>
			<trkpt lat="28.909313" lon="118.061524">
				<speed>0.616306</speed>
				<ele>1601.000000</ele>
				<time>2026-01-02T04:20:00Z</time>
			</trkpt>
			<trkpt lat="28.909274" lon="118.061489">
				<speed>1.141238</speed>
				<ele>1599.000000</ele>
				<time>2026-01-02T04:20:03Z</time>
			</trkpt>
			<trkpt lat="28.909234" lon="118.061463">
				<speed>0.821305</speed>
				<ele>1598.000000</ele>
				<time>2026-01-02T04:20:07Z</time>
			</trkpt>
			<trkpt lat="28.909185" lon="118.061474">
				<speed>1.214036</speed>
				<ele>1599.000000</ele>
				<time>2026-01-02T04:20:10Z</time>
			</trkpt>
			<trkpt lat="28.909132" lon="118.061498">
				<speed>1.272992</speed>
				<ele>1599.000000</ele>
				<time>2026-01-02T04:20:13Z</time>
			</trkpt>
			<trkpt lat="28.909085" lon="118.061499">
				<speed>1.311744</speed>
				<ele>1599.000000</ele>
				<time>2026-01-02T04:20:16Z</time>
			</trkpt>
			<trkpt lat="28.909042" lon="118.061482">
				<speed>1.439003</speed>
				<ele>1599.000000</ele>
				<time>2026-01-02T04:20:19Z</time>
			</trkpt>
			<trkpt lat="28.908999" lon="118.061461">
				<speed>1.457365</speed>
				<ele>1599.000000</ele>
				<time>2026-01-02T04:20:22Z</time>
			</trkpt>
			<trkpt lat="28.908975" lon="118.061522">
				<speed>1.540842</speed>
				<ele>1599.000000</ele>
				<time>2026-01-02T04:20:26Z</time>
			</trkpt>
			<trkpt lat="28.908944" lon="118.061564">
				<speed>1.630328</speed>
				<ele>1600.000000</ele>
				<time>2026-01-02T04:20:29Z</time>
			</trkpt>
			<trkpt lat="28.908899" lon="118.061541">
				<speed>1.509907</speed>
				<ele>1598.000000</ele>
				<time>2026-01-02T04:20:32Z</time>
			</trkpt>
			<trkpt lat="28.908858" lon="118.061513">
				<speed>1.481029</speed>
				<ele>1596.000000</ele>
				<time>2026-01-02T04:20:36Z</time>
			</trkpt>
			<trkpt lat="28.908811" lon="118.061483">
				<speed>1.628637</speed>
				<ele>1593.000000</ele>
				<time>2026-01-02T04:20:40Z</time>
			</trkpt>
			<trkpt lat="28.908761" lon="118.061490">
				<speed>1.768261</speed>
				<ele>1594.000000</ele>
				<time>2026-01-02T04:20:43Z</time>
			</trkpt>
			<trkpt lat="28.908711" lon="118.061530">
				<speed>1.716664</speed>
				<ele>1597.000000</ele>
				<time>2026-01-02T04:20:47Z</time>
			</trkpt>
			<trkpt lat="28.908672" lon="118.061557">
				<speed>1.724125</speed>
				<ele>1598.000000</ele>
				<time>2026-01-02T04:20:50Z</time>
			</trkpt>
			<trkpt lat="28.908634" lon="118.061594">
				<speed>1.551198</speed>
				<ele>1601.000000</ele>
				<time>2026-01-02T04:20:54Z</time>
			</trkpt>
			<trkpt lat="28.908602" lon="118.061633">
				<speed>1.623100</speed>
				<ele>1602.000000</ele>
				<time>2026-01-02T04:20:57Z</time>
			</trkpt>
			<trkpt lat="28.908627" lon="118.061685">
				<speed>1.808105</speed>
				<ele>1601.000000</ele>
				<time>2026-01-02T04:21:00Z</time>
			</trkpt>
			<trkpt lat="28.908594" lon="118.061725">
				<speed>1.753139</speed>
				<ele>1602.000000</ele>
				<time>2026-01-02T04:21:03Z</time>
			</trkpt>
			<trkpt lat="28.908548" lon="118.061742">
				<speed>1.728711</speed>
				<ele>1602.000000</ele>
				<time>2026-01-02T04:21:06Z</time>
			</trkpt>
			<trkpt lat="28.908490" lon="118.061759">
				<speed>1.782375</speed>
				<ele>1600.000000</ele>
				<time>2026-01-02T04:21:10Z</time>
			</trkpt>
			<trkpt lat="28.908439" lon="118.061772">
				<speed>1.720267</speed>
				<ele>1596.000000</ele>
				<time>2026-01-02T04:21:14Z</time>
			</trkpt>
			<trkpt lat="28.908393" lon="118.061776">
				<speed>1.749359</speed>
				<ele>1596.000000</ele>
				<time>2026-01-02T04:21:17Z</time>
			</trkpt>
			<trkpt lat="28.908354" lon="118.061811">
				<speed>1.755795</speed>
				<ele>1596.000000</ele>
				<time>2026-01-02T04:21:22Z</time>
			</trkpt>
			<trkpt lat="28.908301" lon="118.061824">
				<speed>1.757092</speed>
				<ele>1595.000000</ele>
				<time>2026-01-02T04:21:26Z</time>
			</trkpt>
			<trkpt lat="28.908249" lon="118.061832">
				<speed>1.670440</speed>
				<ele>1594.000000</ele>
				<time>2026-01-02T04:21:30Z</time>
			</trkpt>
			<trkpt lat="28.908200" lon="118.061815">
				<speed>1.708634</speed>
				<ele>1594.000000</ele>
				<time>2026-01-02T04:21:33Z</time>
			</trkpt>
			<trkpt lat="28.908148" lon="118.061816">
				<speed>1.686354</speed>
				<ele>1593.000000</ele>
				<time>2026-01-02T04:21:37Z</time>
			</trkpt>
			<trkpt lat="28.908105" lon="118.061832">
				<speed>1.617506</speed>
				<ele>1591.000000</ele>
				<time>2026-01-02T04:21:42Z</time>
			</trkpt>
			<trkpt lat="28.908065" lon="118.061860">
				<speed>1.121444</speed>
				<ele>1591.000000</ele>
				<time>2026-01-02T04:21:46Z</time>
			</trkpt>
			<trkpt lat="28.908015" lon="118.061871">
				<speed>1.401679</speed>
				<ele>1591.000000</ele>
				<time>2026-01-02T04:21:49Z</time>
			</trkpt>
			<trkpt lat="28.907969" lon="118.061887">
				<speed>1.159728</speed>
				<ele>1590.000000</ele>
				<time>2026-01-02T04:21:53Z</time>
			</trkpt>
			<trkpt lat="28.907924" lon="118.061927">
				<speed>1.467801</speed>
				<ele>1592.000000</ele>
				<time>2026-01-02T04:21:57Z</time>
			</trkpt>
			<trkpt lat="28.907934" lon="118.061992">
				<speed>1.327070</speed>
				<ele>1590.000000</ele>
				<time>2026-01-02T04:22:01Z</time>
			</trkpt>
			<trkpt lat="28.907909" lon="118.062046">
				<speed>1.238948</speed>
				<ele>1588.000000</ele>
				<time>2026-01-02T04:22:05Z</time>
			</trkpt>
			<trkpt lat="28.907885" lon="118.062108">
				<speed>1.272475</speed>
				<ele>1587.000000</ele>
				<time>2026-01-02T04:22:09Z</time>
			</trkpt>
			<trkpt lat="28.907896" lon="118.062165">
				<speed>1.036178</speed>
				<ele>1586.000000</ele>
				<time>2026-01-02T04:22:12Z</time>
			</trkpt>
			<trkpt lat="28.907898" lon="118.062221">
				<speed>1.543967</speed>
				<ele>1586.000000</ele>
				<time>2026-01-02T04:22:15Z</time>
			</trkpt>
			<trkpt lat="28.907881" lon="118.062268">
				<speed>1.260604</speed>
				<ele>1585.000000</ele>
				<time>2026-01-02T04:22:18Z</time>
			</trkpt>
			<trkpt lat="28.907892" lon="118.062334">
				<speed>1.285735</speed>
				<ele>1582.000000</ele>
				<time>2026-01-02T04:22:22Z</time>
			</trkpt>
			<trkpt lat="28.907937" lon="118.062352">
				<speed>1.299552</speed>
				<ele>1580.000000</ele>
				<time>2026-01-02T04:22:25Z</time>
			</trkpt>
			<trkpt lat="28.907976" lon="118.062384">
				<speed>1.781814</speed>
				<ele>1581.000000</ele>
				<time>2026-01-02T04:22:28Z</time>
			</trkpt>
			<trkpt lat="28.907996" lon="118.062438">
				<speed>1.565540</speed>
				<ele>1583.000000</ele>
				<time>2026-01-02T04:22:32Z</time>
			</trkpt>
			<trkpt lat="28.907962" lon="118.062473">
				<speed>0.500473</speed>
				<ele>1585.000000</ele>
				<time>2026-01-02T04:22:39Z</time>
			</trkpt>
			<trkpt lat="28.907916" lon="118.062496">
				<speed>0.927861</speed>
				<ele>1587.000000</ele>
				<time>2026-01-02T04:22:44Z</time>
			</trkpt>
			<trkpt lat="28.907868" lon="118.062497">
				<speed>1.073946</speed>
				<ele>1587.000000</ele>
				<time>2026-01-02T04:22:50Z</time>
			</trkpt>
			<trkpt lat="28.907824" lon="118.062520">
				<speed>0.860038</speed>
				<ele>1587.000000</ele>
				<time>2026-01-02T04:22:56Z</time>
			</trkpt>
			<trkpt lat="28.907783" lon="118.062551">
				<speed>1.003451</speed>
				<ele>1588.000000</ele>
				<time>2026-01-02T04:23:00Z</time>
			</trkpt>
			<trkpt lat="28.907737" lon="118.062557">
				<speed>0.516167</speed>
				<ele>1587.000000</ele>
				<time>2026-01-02T04:23:07Z</time>
			</trkpt>
			<trkpt lat="28.907731" lon="118.062502">
				<speed>0.790546</speed>
				<ele>1586.000000</ele>
				<time>2026-01-02T04:23:12Z</time>
			</trkpt>
			<trkpt lat="28.907706" lon="118.062459">
				<speed>0.547307</speed>
				<ele>1584.000000</ele>
				<time>2026-01-02T04:23:18Z</time>
			</trkpt>
			<trkpt lat="28.907663" lon="118.062431">
				<speed>0.664828</speed>
				<ele>1586.000000</ele>
				<time>2026-01-02T04:23:22Z</time>
			</trkpt>
			<trkpt lat="28.907617" lon="118.062400">
				<speed>1.003726</speed>
				<ele>1585.000000</ele>
				<time>2026-01-02T04:23:26Z</time>
			</trkpt>
			<trkpt lat="28.907572" lon="118.062371">
				<speed>1.005226</speed>
				<ele>1586.000000</ele>
				<time>2026-01-02T04:23:31Z</time>
			</trkpt>
			<trkpt lat="28.907533" lon="118.062331">
				<speed>1.038386</speed>
				<ele>1587.000000</ele>
				<time>2026-01-02T04:23:36Z</time>
			</trkpt>
			<trkpt lat="28.907530" lon="118.062280">
				<speed>0.439007</speed>
				<ele>1584.000000</ele>
				<time>2026-01-02T04:23:43Z</time>
			</trkpt>
			<trkpt lat="28.907488" lon="118.062254">
				<speed>0.683506</speed>
				<ele>1571.000000</ele>
				<time>2026-01-02T04:24:14Z</time>
			</trkpt>
			<trkpt lat="28.907441" lon="118.062253">
				<speed>0.888400</speed>
				<ele>1575.000000</ele>
				<time>2026-01-02T04:24:21Z</time>
			</trkpt>
			<trkpt lat="28.907396" lon="118.062259">
				<speed>0.600286</speed>
				<ele>1578.000000</ele>
				<time>2026-01-02T04:24:29Z</time>
			</trkpt>
			<trkpt lat="28.907351" lon="118.062281">
				<speed>0.843025</speed>
				<ele>1572.000000</ele>
				<time>2026-01-02T04:24:46Z</time>
			</trkpt>
			<trkpt lat="28.907305" lon="118.062269">
				<speed>0.798596</speed>
				<ele>1573.000000</ele>
				<time>2026-01-02T04:24:52Z</time>
			</trkpt>
			<trkpt lat="28.907258" lon="118.062289">
				<speed>0.974882</speed>
				<ele>1574.000000</ele>
				<time>2026-01-02T04:24:56Z</time>
			</trkpt>
			<trkpt lat="28.907226" lon="118.062335">
				<speed>0.884666</speed>
				<ele>1574.000000</ele>
				<time>2026-01-02T04:25:02Z</time>
			</trkpt>
			<trkpt lat="28.907198" lon="118.062294">
				<speed>0.127188</speed>
				<ele>1579.000000</ele>
				<time>2026-01-02T04:25:13Z</time>
			</trkpt>
			<trkpt lat="28.907163" lon="118.062260">
				<speed>0.395217</speed>
				<ele>1582.000000</ele>
				<time>2026-01-02T04:25:25Z</time>
			</trkpt>
			<trkpt lat="28.907121" lon="118.062230">
				<speed>0.842674</speed>
				<ele>1582.000000</ele>
				<time>2026-01-02T04:25:34Z</time>
			</trkpt>
			<trkpt lat="28.907070" lon="118.062220">
				<speed>0.988372</speed>
				<ele>1583.000000</ele>
				<time>2026-01-02T04:25:39Z</time>
			</trkpt>
			<trkpt lat="28.907025" lon="118.062213">
				<speed>0.092718</speed>
				<ele>1583.000000</ele>
				<time>2026-01-02T04:25:47Z</time>
			</trkpt>
			<trkpt lat="28.907010" lon="118.062267">
				<speed>0.206968</speed>
				<ele>1572.000000</ele>
				<time>2026-01-02T04:26:53Z</time>
			</trkpt>
			<trkpt lat="28.906984" lon="118.062315">
				<speed>0.074816</speed>
				<ele>1579.000000</ele>
				<time>2026-01-02T04:28:41Z</time>
			</trkpt>
			<trkpt lat="28.906933" lon="118.062333">
				<speed>0.149082</speed>
				<ele>1576.000000</ele>
				<time>2026-01-02T04:31:51Z</time>
			</trkpt>
			<trkpt lat="28.906961" lon="118.062292">
				<speed>0.000000</speed>
				<ele>1584.000000</ele>
				<time>2026-01-02T04:32:31Z</time>
			</trkpt>
			<trkpt lat="28.906991" lon="118.062244">
				<speed>0.327575</speed>
				<ele>1577.000000</ele>
				<time>2026-01-02T04:34:04Z</time>
			</trkpt>
			<trkpt lat="28.906967" lon="118.062294">
				<speed>0.000000</speed>
				<ele>1572.000000</ele>
				<time>2026-01-02T04:34:07Z</time>
			</trkpt>
			<trkpt lat="28.906940" lon="118.062336">
				<speed>0.670895</speed>
				<ele>1574.000000</ele>
				<time>2026-01-02T04:34:18Z</time>
			</trkpt>
			<trkpt lat="28.906961" lon="118.062390">
				<speed>0.306734</speed>
				<ele>1574.000000</ele>
				<time>2026-01-02T04:34:32Z</time>
			</trkpt>
			<trkpt lat="28.906913" lon="118.062351">
				<speed>0.048189</speed>
				<ele>1575.000000</ele>
				<time>2026-01-02T04:34:48Z</time>
			</trkpt>
			<trkpt lat="28.906941" lon="118.062420">
				<speed>1.549120</speed>
				<ele>1573.000000</ele>
				<time>2026-01-02T04:34:51Z</time>
			</trkpt>
			<trkpt lat="28.906991" lon="118.062402">
				<speed>0.000000</speed>
				<ele>1569.000000</ele>
				<time>2026-01-02T04:35:03Z</time>
			</trkpt>
			<trkpt lat="28.907040" lon="118.062402">
				<speed>0.042509</speed>
				<ele>1568.000000</ele>
				<time>2026-01-02T04:35:18Z</time>
			</trkpt>
			<trkpt lat="28.907043" lon="118.062284">
				<speed>0.056350</speed>
				<ele>1568.000000</ele>
				<time>2026-01-02T04:35:59Z</time>
			</trkpt>
			<trkpt lat="28.906986" lon="118.062277">
				<speed>0.365684</speed>
				<ele>1568.000000</ele>
				<time>2026-01-02T04:36:29Z</time>
			</trkpt>
			<trkpt lat="28.906950" lon="118.062310">
				<speed>0.163735</speed>
				<ele>1568.000000</ele>
				<time>2026-01-02T04:36:37Z</time>
			</trkpt>
			<trkpt lat="28.906953" lon="118.062362">
				<speed>0.214360</speed>
				<ele>1569.000000</ele>
				<time>2026-01-02T04:36:57Z</time>
			</trkpt>
			<trkpt lat="28.906960" lon="118.062392">
				<speed>0.000000</speed>
				<ele>1568.000000</ele>
				<time>2026-01-02T04:37:06Z</time>
			</trkpt>
			<trkpt lat="28.906945" lon="118.062342">
				<speed>0.033535</speed>
				<ele>1566.000000</ele>
				<time>2026-01-02T04:37:12Z</time>
			</trkpt>
			<trkpt lat="28.906908" lon="118.062308">
				<speed>0.144221</speed>
				<ele>1556.000000</ele>
				<time>2026-01-02T04:39:03Z</time>
			</trkpt>
			<trkpt lat="28.906866" lon="118.062287">
				<speed>0.000000</speed>
				<ele>1556.000000</ele>
				<time>2026-01-02T04:40:09Z</time>
			</trkpt>
			<trkpt lat="28.906894" lon="118.062238">
				<speed>0.272584</speed>
				<ele>1534.000000</ele>
				<time>2026-01-02T04:41:14Z</time>
			</trkpt>
			<trkpt lat="28.906932" lon="118.062201">
				<speed>0.181810</speed>
				<ele>1522.000000</ele>
				<time>2026-01-02T04:41:20Z</time>
			</trkpt>
			<trkpt lat="28.906889" lon="118.062225">
				<speed>0.153208</speed>
				<ele>1530.000000</ele>
				<time>2026-01-02T04:41:39Z</time>
			</trkpt>
			<trkpt lat="28.906856" lon="118.062267">
				<speed>0.270484</speed>
				<ele>1531.000000</ele>
				<time>2026-01-02T04:42:09Z</time>
			</trkpt>
			<trkpt lat="28.906826" lon="118.062307">
				<speed>0.284568</speed>
				<ele>1538.000000</ele>
				<time>2026-01-02T04:42:17Z</time>
			</trkpt>
			<trkpt lat="28.906794" lon="118.062347">
				<speed>0.372187</speed>
				<ele>1545.000000</ele>
				<time>2026-01-02T04:42:37Z</time>
			</trkpt>
			<trkpt lat="28.906837" lon="118.062326">
				<speed>0.094292</speed>
				<ele>1534.000000</ele>
				<time>2026-01-02T04:42:53Z</time>
			</trkpt>
			<trkpt lat="28.906788" lon="118.062317">
				<speed>0.141743</speed>
				<ele>1530.000000</ele>
				<time>2026-01-02T04:43:32Z</time>
			</trkpt>
			<trkpt lat="28.906751" lon="118.062347">
				<speed>0.135303</speed>
				<ele>1536.000000</ele>
				<time>2026-01-02T04:43:36Z</time>
			</trkpt>
			<trkpt lat="28.906702" lon="118.062349">
				<speed>0.453676</speed>
				<ele>1545.000000</ele>
				<time>2026-01-02T04:43:47Z</time>
			</trkpt>
			<trkpt lat="28.906692" lon="118.062298">
				<speed>0.288169</speed>
				<ele>1547.000000</ele>
				<time>2026-01-02T04:44:02Z</time>
			</trkpt>
			<trkpt lat="28.906647" lon="118.062305">
				<speed>0.690358</speed>
				<ele>1550.000000</ele>
				<time>2026-01-02T04:44:10Z</time>
			</trkpt>
			<trkpt lat="28.906599" lon="118.062311">
				<speed>0.459260</speed>
				<ele>1514.000000</ele>
				<time>2026-01-02T04:45:06Z</time>
			</trkpt>
			<trkpt lat="28.906581" lon="118.062255">
				<speed>1.644573</speed>
				<ele>1507.000000</ele>
				<time>2026-01-02T04:45:21Z</time>
			</trkpt>
			<trkpt lat="28.906554" lon="118.062214">
				<speed>0.695806</speed>
				<ele>1516.000000</ele>
				<time>2026-01-02T04:45:32Z</time>
			</trkpt>
			<trkpt lat="28.906512" lon="118.062233">
				<speed>0.704460</speed>
				<ele>1519.000000</ele>
				<time>2026-01-02T04:45:58Z</time>
			</trkpt>
			<trkpt lat="28.906477" lon="118.062201">
				<speed>0.000000</speed>
				<ele>1518.000000</ele>
				<time>2026-01-02T04:46:13Z</time>
			</trkpt>
			<trkpt lat="28.906517" lon="118.062174">
				<speed>0.275862</speed>
				<ele>1498.000000</ele>
				<time>2026-01-02T04:47:10Z</time>
			</trkpt>
			<trkpt lat="28.906520" lon="118.062229">
				<speed>0.298024</speed>
				<ele>1501.000000</ele>
				<time>2026-01-02T04:47:22Z</time>
			</trkpt>
			<trkpt lat="28.906473" lon="118.062261">
				<speed>0.529613</speed>
				<ele>1505.000000</ele>
				<time>2026-01-02T04:47:27Z</time>
			</trkpt>
			<trkpt lat="28.906448" lon="118.062308">
				<speed>0.853017</speed>
				<ele>1510.000000</ele>
				<time>2026-01-02T04:47:36Z</time>
			</trkpt>
			<trkpt lat="28.906399" lon="118.062300">
				<speed>0.562437</speed>
				<ele>1507.000000</ele>
				<time>2026-01-02T04:47:43Z</time>
			</trkpt>
			<trkpt lat="28.906348" lon="118.062292">
				<speed>0.547602</speed>
				<ele>1512.000000</ele>
				<time>2026-01-02T04:47:57Z</time>
			</trkpt>
			<trkpt lat="28.906313" lon="118.062334">
				<speed>1.153348</speed>
				<ele>1510.000000</ele>
				<time>2026-01-02T04:48:02Z</time>
			</trkpt>
			<trkpt lat="28.906283" lon="118.062379">
				<speed>0.401168</speed>
				<ele>1510.000000</ele>
				<time>2026-01-02T04:48:08Z</time>
			</trkpt>
			<trkpt lat="28.906242" lon="118.062407">
				<speed>0.402141</speed>
				<ele>1518.000000</ele>
				<time>2026-01-02T04:48:15Z</time>
			</trkpt>
			<trkpt lat="28.906279" lon="118.062444">
				<speed>0.669782</speed>
				<ele>1522.000000</ele>
				<time>2026-01-02T04:48:26Z</time>
			</trkpt>
			<trkpt lat="28.906308" lon="118.062486">
				<speed>1.114587</speed>
				<ele>1519.000000</ele>
				<time>2026-01-02T04:48:31Z</time>
			</trkpt>
			<trkpt lat="28.906254" lon="118.062517">
				<speed>1.075084</speed>
				<ele>1523.000000</ele>
				<time>2026-01-02T04:48:36Z</time>
			</trkpt>
			<trkpt lat="28.906224" lon="118.062556">
				<speed>0.232908</speed>
				<ele>1520.000000</ele>
				<time>2026-01-02T04:48:43Z</time>
			</trkpt>
			<trkpt lat="28.906241" lon="118.062616">
				<speed>0.190537</speed>
				<ele>1513.000000</ele>
				<time>2026-01-02T04:49:14Z</time>
			</trkpt>
			<trkpt lat="28.906286" lon="118.062647">
				<speed>0.599649</speed>
				<ele>1508.000000</ele>
				<time>2026-01-02T04:49:21Z</time>
			</trkpt>
			<trkpt lat="28.906341" lon="118.062657">
				<speed>0.752970</speed>
				<ele>1506.000000</ele>
				<time>2026-01-02T04:49:26Z</time>
			</trkpt>
			<trkpt lat="28.906356" lon="118.062706">
				<speed>0.682209</speed>
				<ele>1502.000000</ele>
				<time>2026-01-02T04:49:32Z</time>
			</trkpt>
			<trkpt lat="28.906380" lon="118.062758">
				<speed>0.898488</speed>
				<ele>1485.000000</ele>
				<time>2026-01-02T04:49:41Z</time>
			</trkpt>
			<trkpt lat="28.906393" lon="118.062810">
				<speed>0.610463</speed>
				<ele>1478.000000</ele>
				<time>2026-01-02T04:49:48Z</time>
			</trkpt>
			<trkpt lat="28.906420" lon="118.062863">
				<speed>0.578450</speed>
				<ele>1472.000000</ele>
				<time>2026-01-02T04:49:54Z</time>
			</trkpt>
			<trkpt lat="28.906454" lon="118.062916">
				<speed>0.532430</speed>
				<ele>1468.000000</ele>
				<time>2026-01-02T04:49:59Z</time>
			</trkpt>
			<trkpt lat="28.906448" lon="118.062984">
				<speed>0.489686</speed>
				<ele>1465.000000</ele>
				<time>2026-01-02T04:50:04Z</time>
			</trkpt>
			<trkpt lat="28.906421" lon="118.063025">
				<speed>0.267971</speed>
				<ele>1466.000000</ele>
				<time>2026-01-02T04:50:12Z</time>
			</trkpt>
			<trkpt lat="28.906376" lon="118.063002">
				<speed>0.308123</speed>
				<ele>1468.000000</ele>
				<time>2026-01-02T04:50:24Z</time>
			</trkpt>
			<trkpt lat="28.906333" lon="118.062979">
				<speed>0.295296</speed>
				<ele>1468.000000</ele>
				<time>2026-01-02T04:50:30Z</time>
			</trkpt>
			<trkpt lat="28.906322" lon="118.062928">
				<speed>0.422844</speed>
				<ele>1467.000000</ele>
				<time>2026-01-02T04:50:34Z</time>
			</trkpt>
			<trkpt lat="28.906271" lon="118.062915">
				<speed>0.085295</speed>
				<ele>1470.000000</ele>
				<time>2026-01-02T04:50:46Z</time>
			</trkpt>
			<trkpt lat="28.906254" lon="118.062864">
				<speed>0.426747</speed>
				<ele>1467.000000</ele>
				<time>2026-01-02T04:51:08Z</time>
			</trkpt>
			<trkpt lat="28.906216" lon="118.062831">
				<speed>0.756991</speed>
				<ele>1467.000000</ele>
				<time>2026-01-02T04:51:14Z</time>
			</trkpt>
			<trkpt lat="28.906171" lon="118.062814">
				<speed>0.491281</speed>
				<ele>1466.000000</ele>
				<time>2026-01-02T04:51:20Z</time>
			</trkpt>
			<trkpt lat="28.906130" lon="118.062857">
				<speed>1.278852</speed>
				<ele>1461.000000</ele>
				<time>2026-01-02T04:51:26Z</time>
			</trkpt>
			<trkpt lat="28.906099" lon="118.062819">
				<speed>1.131781</speed>
				<ele>1460.000000</ele>
				<time>2026-01-02T04:51:29Z</time>
			</trkpt>
			<trkpt lat="28.906056" lon="118.062854">
				<speed>1.014085</speed>
				<ele>1461.000000</ele>
				<time>2026-01-02T04:51:32Z</time>
			</trkpt>
			<trkpt lat="28.906013" lon="118.062807">
				<speed>0.440193</speed>
				<ele>1463.000000</ele>
				<time>2026-01-02T04:51:43Z</time>
			</trkpt>
			<trkpt lat="28.906032" lon="118.062758">
				<speed>0.275035</speed>
				<ele>1456.000000</ele>
				<time>2026-01-02T04:51:48Z</time>
			</trkpt>
			<trkpt lat="28.906021" lon="118.062695">
				<speed>0.125868</speed>
				<ele>1453.000000</ele>
				<time>2026-01-02T04:51:57Z</time>
			</trkpt>
			<trkpt lat="28.905972" lon="118.062668">
				<speed>0.478354</speed>
				<ele>1453.000000</ele>
				<time>2026-01-02T04:52:00Z</time>
			</trkpt>
			<trkpt lat="28.905925" lon="118.062667">
				<speed>0.558535</speed>
				<ele>1454.000000</ele>
				<time>2026-01-02T04:52:03Z</time>
			</trkpt>
			<trkpt lat="28.905869" lon="118.062664">
				<speed>0.503415</speed>
				<ele>1456.000000</ele>
				<time>2026-01-02T04:52:08Z</time>
			</trkpt>
			<trkpt lat="28.905818" lon="118.062678">
				<speed>0.085161</speed>
				<ele>1457.000000</ele>
				<time>2026-01-02T04:52:21Z</time>
			</trkpt>
			<trkpt lat="28.905772" lon="118.062652">
				<speed>0.294799</speed>
				<ele>1452.000000</ele>
				<time>2026-01-02T04:52:57Z</time>
			</trkpt>
			<trkpt lat="28.905772" lon="118.062592">
				<speed>0.526871</speed>
				<ele>1444.000000</ele>
				<time>2026-01-02T04:53:11Z</time>
			</trkpt>
			<trkpt lat="28.905740" lon="118.062549">
				<speed>0.345305</speed>
				<ele>1435.000000</ele>
				<time>2026-01-02T04:53:31Z</time>
			</trkpt>
			<trkpt lat="28.905717" lon="118.062498">
				<speed>0.674983</speed>
				<ele>1435.000000</ele>
				<time>2026-01-02T04:53:35Z</time>
			</trkpt>
			<trkpt lat="28.905726" lon="118.062443">
				<speed>0.760115</speed>
				<ele>1433.000000</ele>
				<time>2026-01-02T04:53:37Z</time>
			</trkpt>
			<trkpt lat="28.905719" lon="118.062380">
				<speed>0.472897</speed>
				<ele>1431.000000</ele>
				<time>2026-01-02T04:53:40Z</time>
			</trkpt>
			<trkpt lat="28.905678" lon="118.062344">
				<speed>0.592416</speed>
				<ele>1430.000000</ele>
				<time>2026-01-02T04:53:47Z</time>
			</trkpt>
			<trkpt lat="28.905625" lon="118.062322">
				<speed>1.157695</speed>
				<ele>1433.000000</ele>
				<time>2026-01-02T04:53:52Z</time>
			</trkpt>
			<trkpt lat="28.905582" lon="118.062338">
				<speed>0.769964</speed>
				<ele>1433.000000</ele>
				<time>2026-01-02T04:53:56Z</time>
			</trkpt>
			<trkpt lat="28.905523" lon="118.062336">
				<speed>1.178981</speed>
				<ele>1432.000000</ele>
				<time>2026-01-02T04:54:00Z</time>
			</trkpt>
			<trkpt lat="28.905469" lon="118.062313">
				<speed>1.117248</speed>
				<ele>1429.000000</ele>
				<time>2026-01-02T04:54:06Z</time>
			</trkpt>
			<trkpt lat="28.905417" lon="118.062303">
				<speed>0.648956</speed>
				<ele>1427.000000</ele>
				<time>2026-01-02T04:54:11Z</time>
			</trkpt>
			<trkpt lat="28.905449" lon="118.062264">
				<speed>0.732591</speed>
				<ele>1417.000000</ele>
				<time>2026-01-02T04:54:29Z</time>
			</trkpt>
			<trkpt lat="28.905497" lon="118.062265">
				<speed>0.365278</speed>
				<ele>1415.000000</ele>
				<time>2026-01-02T04:54:37Z</time>
			</trkpt>
			<trkpt lat="28.905538" lon="118.062223">
				<speed>0.434803</speed>
				<ele>1415.000000</ele>
				<time>2026-01-02T04:54:42Z</time>
			</trkpt>
			<trkpt lat="28.905509" lon="118.062179">
				<speed>0.344280</speed>
				<ele>1414.000000</ele>
				<time>2026-01-02T04:54:50Z</time>
			</trkpt>
			<trkpt lat="28.905533" lon="118.062131">
				<speed>0.429508</speed>
				<ele>1415.000000</ele>
				<time>2026-01-02T04:54:56Z</time>
			</trkpt>
			<trkpt lat="28.905544" lon="118.062072">
				<speed>0.655034</speed>
				<ele>1417.000000</ele>
				<time>2026-01-02T04:55:07Z</time>
			</trkpt>
			<trkpt lat="28.905525" lon="118.062017">
				<speed>0.547122</speed>
				<ele>1417.000000</ele>
				<time>2026-01-02T04:55:20Z</time>
			</trkpt>
			<trkpt lat="28.905481" lon="118.062001">
				<speed>0.259179</speed>
				<ele>1413.000000</ele>
				<time>2026-01-02T04:55:30Z</time>
			</trkpt>
			<trkpt lat="28.905477" lon="118.061949">
				<speed>0.740028</speed>
				<ele>1407.000000</ele>
				<time>2026-01-02T04:55:40Z</time>
			</trkpt>
			<trkpt lat="28.905495" lon="118.061897">
				<speed>0.521327</speed>
				<ele>1410.000000</ele>
				<time>2026-01-02T04:55:45Z</time>
			</trkpt>
			<trkpt lat="28.905509" lon="118.061839">
				<speed>0.520888</speed>
				<ele>1407.000000</ele>
				<time>2026-01-02T04:55:55Z</time>
			</trkpt>
			<trkpt lat="28.905534" lon="118.061788">
				<speed>0.811544</speed>
				<ele>1407.000000</ele>
				<time>2026-01-02T04:55:59Z</time>
			</trkpt>
			<trkpt lat="28.905530" lon="118.061718">
				<speed>1.023463</speed>
				<ele>1409.000000</ele>
				<time>2026-01-02T04:56:04Z</time>
			</trkpt>
			<trkpt lat="28.905570" lon="118.061693">
				<speed>0.230160</speed>
				<ele>1411.000000</ele>
				<time>2026-01-02T04:56:19Z</time>
			</trkpt>
			<trkpt lat="28.905614" lon="118.061709">
				<speed>0.137535</speed>
				<ele>1412.000000</ele>
				<time>2026-01-02T04:56:34Z</time>
			</trkpt>
			<trkpt lat="28.905661" lon="118.061671">
				<speed>0.392983</speed>
				<ele>1407.000000</ele>
				<time>2026-01-02T04:56:45Z</time>
			</trkpt>
			<trkpt lat="28.905692" lon="118.061626">
				<speed>0.540963</speed>
				<ele>1401.000000</ele>
				<time>2026-01-02T04:56:52Z</time>
			</trkpt>
			<trkpt lat="28.905746" lon="118.061615">
				<speed>0.688107</speed>
				<ele>1398.000000</ele>
				<time>2026-01-02T04:56:57Z</time>
			</trkpt>
			<trkpt lat="28.905791" lon="118.061597">
				<speed>0.546281</speed>
				<ele>1395.000000</ele>
				<time>2026-01-02T04:57:01Z</time>
			</trkpt>
			<trkpt lat="28.905843" lon="118.061585">
				<speed>0.830099</speed>
				<ele>1394.000000</ele>
				<time>2026-01-02T04:57:07Z</time>
			</trkpt>
			<trkpt lat="28.905887" lon="118.061550">
				<speed>0.816444</speed>
				<ele>1393.000000</ele>
				<time>2026-01-02T04:57:12Z</time>
			</trkpt>
			<trkpt lat="28.905911" lon="118.061485">
				<speed>0.726449</speed>
				<ele>1396.000000</ele>
				<time>2026-01-02T04:57:16Z</time>
			</trkpt>
			<trkpt lat="28.905901" lon="118.061424">
				<speed>1.209709</speed>
				<ele>1400.000000</ele>
				<time>2026-01-02T04:57:20Z</time>
			</trkpt>
			<trkpt lat="28.905936" lon="118.061376">
				<speed>1.042631</speed>
				<ele>1401.000000</ele>
				<time>2026-01-02T04:57:24Z</time>
			</trkpt>
			<trkpt lat="28.905903" lon="118.061329">
				<speed>1.138716</speed>
				<ele>1401.000000</ele>
				<time>2026-01-02T04:57:31Z</time>
			</trkpt>
			<trkpt lat="28.905853" lon="118.061318">
				<speed>0.129779</speed>
				<ele>1407.000000</ele>
				<time>2026-01-02T04:57:40Z</time>
			</trkpt>
			<trkpt lat="28.905814" lon="118.061289">
				<speed>0.116339</speed>
				<ele>1408.000000</ele>
				<time>2026-01-02T04:57:50Z</time>
			</trkpt>
			<trkpt lat="28.905809" lon="118.061238">
				<speed>0.525986</speed>
				<ele>1404.000000</ele>
				<time>2026-01-02T04:58:00Z</time>
			</trkpt>
			<trkpt lat="28.905815" lon="118.061187">
				<speed>0.824943</speed>
				<ele>1398.000000</ele>
				<time>2026-01-02T04:58:05Z</time>
			</trkpt>
			<trkpt lat="28.905844" lon="118.061134">
				<speed>0.418474</speed>
				<ele>1392.000000</ele>
				<time>2026-01-02T04:58:14Z</time>
			</trkpt>
			<trkpt lat="28.905863" lon="118.061085">
				<speed>0.546840</speed>
				<ele>1392.000000</ele>
				<time>2026-01-02T04:58:18Z</time>
			</trkpt>
			<trkpt lat="28.905865" lon="118.061032">
				<speed>0.642493</speed>
				<ele>1392.000000</ele>
				<time>2026-01-02T04:58:21Z</time>
			</trkpt>
			<trkpt lat="28.905841" lon="118.060987">
				<speed>0.393656</speed>
				<ele>1388.000000</ele>
				<time>2026-01-02T04:58:29Z</time>
			</trkpt>
			<trkpt lat="28.905797" lon="118.060965">
				<speed>0.748682</speed>
				<ele>1387.000000</ele>
				<time>2026-01-02T04:58:34Z</time>
			</trkpt>
			<trkpt lat="28.905749" lon="118.060999">
				<speed>1.181415</speed>
				<ele>1386.000000</ele>
				<time>2026-01-02T04:58:41Z</time>
			</trkpt>
			<trkpt lat="28.905699" lon="118.061036">
				<speed>0.945812</speed>
				<ele>1384.000000</ele>
				<time>2026-01-02T04:58:46Z</time>
			</trkpt>
			<trkpt lat="28.905648" lon="118.061073">
				<speed>1.219831</speed>
				<ele>1385.000000</ele>
				<time>2026-01-02T04:58:50Z</time>
			</trkpt>
			<trkpt lat="28.905608" lon="118.061036">
				<speed>0.493494</speed>
				<ele>1382.000000</ele>
				<time>2026-01-02T04:58:59Z</time>
			</trkpt>
			<trkpt lat="28.905552" lon="118.061036">
				<speed>1.201717</speed>
				<ele>1381.000000</ele>
				<time>2026-01-02T04:59:03Z</time>
			</trkpt>
			<trkpt lat="28.905506" lon="118.061008">
				<speed>0.695389</speed>
				<ele>1381.000000</ele>
				<time>2026-01-02T04:59:10Z</time>
			</trkpt>
			<trkpt lat="28.905485" lon="118.060952">
				<speed>0.958990</speed>
				<ele>1380.000000</ele>
				<time>2026-01-02T04:59:15Z</time>
			</trkpt>
			<trkpt lat="28.905441" lon="118.060927">
				<speed>0.523363</speed>
				<ele>1377.000000</ele>
				<time>2026-01-02T04:59:21Z</time>
			</trkpt>
			<trkpt lat="28.905384" lon="118.060907">
				<speed>1.016180</speed>
				<ele>1374.000000</ele>
				<time>2026-01-02T04:59:26Z</time>
			</trkpt>
			<trkpt lat="28.905334" lon="118.060901">
				<speed>0.603434</speed>
				<ele>1373.000000</ele>
				<time>2026-01-02T04:59:31Z</time>
			</trkpt>
			<trkpt lat="28.905292" lon="118.060938">
				<speed>0.814183</speed>
				<ele>1374.000000</ele>
				<time>2026-01-02T04:59:35Z</time>
			</trkpt>
			<trkpt lat="28.905246" lon="118.060948">
				<speed>0.435820</speed>
				<ele>1376.000000</ele>
				<time>2026-01-02T04:59:42Z</time>
			</trkpt>
			<trkpt lat="28.905214" lon="118.060904">
				<speed>0.773995</speed>
				<ele>1373.000000</ele>
				<time>2026-01-02T04:59:50Z</time>
			</trkpt>
			<trkpt lat="28.905212" lon="118.060851">
				<speed>0.358718</speed>
				<ele>1372.000000</ele>
				<time>2026-01-02T04:59:59Z</time>
			</trkpt>
			<trkpt lat="28.905162" lon="118.060845">
				<speed>0.437913</speed>
				<ele>1367.000000</ele>
				<time>2026-01-02T05:00:12Z</time>
			</trkpt>
			<trkpt lat="28.905138" lon="118.060794">
				<speed>0.644279</speed>
				<ele>1366.000000</ele>
				<time>2026-01-02T05:00:21Z</time>
			</trkpt>
			<trkpt lat="28.905083" lon="118.060786">
				<speed>0.440129</speed>
				<ele>1372.000000</ele>
				<time>2026-01-02T05:00:32Z</time>
			</trkpt>
			<trkpt lat="28.905043" lon="118.060753">
				<speed>0.779544</speed>
				<ele>1366.000000</ele>
				<time>2026-01-02T05:00:44Z</time>
			</trkpt>
			<trkpt lat="28.905007" lon="118.060721">
				<speed>0.390935</speed>
				<ele>1365.000000</ele>
				<time>2026-01-02T05:00:56Z</time>
			</trkpt>
			<trkpt lat="28.904962" lon="118.060701">
				<speed>0.175056</speed>
				<ele>1365.000000</ele>
				<time>2026-01-02T05:01:06Z</time>
			</trkpt>
			<trkpt lat="28.904916" lon="118.060707">
				<speed>0.483685</speed>
				<ele>1363.000000</ele>
				<time>2026-01-02T05:01:18Z</time>
			</trkpt>
			<trkpt lat="28.904877" lon="118.060671">
				<speed>0.856991</speed>
				<ele>1358.000000</ele>
				<time>2026-01-02T05:01:28Z</time>
			</trkpt>
			<trkpt lat="28.904831" lon="118.060649">
				<speed>0.551857</speed>
				<ele>1358.000000</ele>
				<time>2026-01-02T05:01:34Z</time>
			</trkpt>
			<trkpt lat="28.904785" lon="118.060649">
				<speed>0.434566</speed>
				<ele>1359.000000</ele>
				<time>2026-01-02T05:01:40Z</time>
			</trkpt>
			<trkpt lat="28.904741" lon="118.060637">
				<speed>1.148934</speed>
				<ele>1358.000000</ele>
				<time>2026-01-02T05:01:45Z</time>
			</trkpt>
			<trkpt lat="28.904696" lon="118.060629">
				<speed>1.029818</speed>
				<ele>1357.000000</ele>
				<time>2026-01-02T05:01:48Z</time>
			</trkpt>
			<trkpt lat="28.904648" lon="118.060622">
				<speed>0.950993</speed>
				<ele>1358.000000</ele>
				<time>2026-01-02T05:01:53Z</time>
			</trkpt>
			<trkpt lat="28.904601" lon="118.060597">
				<speed>0.994430</speed>
				<ele>1360.000000</ele>
				<time>2026-01-02T05:01:58Z</time>
			</trkpt>
			<trkpt lat="28.904550" lon="118.060597">
				<speed>1.113642</speed>
				<ele>1361.000000</ele>
				<time>2026-01-02T05:02:03Z</time>
			</trkpt>
			<trkpt lat="28.904504" lon="118.060597">
				<speed>1.015675</speed>
				<ele>1362.000000</ele>
				<time>2026-01-02T05:02:06Z</time>
			</trkpt>
			<trkpt lat="28.904458" lon="118.060583">
				<speed>0.629059</speed>
				<ele>1361.000000</ele>
				<time>2026-01-02T05:02:15Z</time>
			</trkpt>
			<trkpt lat="28.904414" lon="118.060559">
				<speed>0.530698</speed>
				<ele>1360.000000</ele>
				<time>2026-01-02T05:02:21Z</time>
			</trkpt>
			<trkpt lat="28.904374" lon="118.060534">
				<speed>0.695602</speed>
				<ele>1360.000000</ele>
				<time>2026-01-02T05:02:29Z</time>
			</trkpt>
			<trkpt lat="28.904334" lon="118.060503">
				<speed>0.256995</speed>
				<ele>1360.000000</ele>
				<time>2026-01-02T05:02:37Z</time>
			</trkpt>
			<trkpt lat="28.904292" lon="118.060520">
				<speed>0.327137</speed>
				<ele>1358.000000</ele>
				<time>2026-01-02T05:02:46Z</time>
			</trkpt>
			<trkpt lat="28.904313" lon="118.060570">
				<speed>0.419768</speed>
				<ele>1359.000000</ele>
				<time>2026-01-02T05:02:53Z</time>
			</trkpt>
			<trkpt lat="28.904348" lon="118.060613">
				<speed>1.156933</speed>
				<ele>1357.000000</ele>
				<time>2026-01-02T05:02:57Z</time>
			</trkpt>
			<trkpt lat="28.904381" lon="118.060657">
				<speed>0.864618</speed>
				<ele>1356.000000</ele>
				<time>2026-01-02T05:03:03Z</time>
			</trkpt>
			<trkpt lat="28.904392" lon="118.060710">
				<speed>1.365684</speed>
				<ele>1354.000000</ele>
				<time>2026-01-02T05:03:09Z</time>
			</trkpt>
			<trkpt lat="28.904418" lon="118.060754">
				<speed>0.518535</speed>
				<ele>1353.000000</ele>
				<time>2026-01-02T05:03:19Z</time>
			</trkpt>
			<trkpt lat="28.904447" lon="118.060798">
				<speed>0.380617</speed>
				<ele>1346.000000</ele>
				<time>2026-01-02T05:03:34Z</time>
			</trkpt>
			<trkpt lat="28.904479" lon="118.060839">
				<speed>0.290573</speed>
				<ele>1343.000000</ele>
				<time>2026-01-02T05:03:44Z</time>
			</trkpt>
			<trkpt lat="28.904437" lon="118.060860">
				<speed>0.631920</speed>
				<ele>1338.000000</ele>
				<time>2026-01-02T05:04:00Z</time>
			</trkpt>
			<trkpt lat="28.904389" lon="118.060865">
				<speed>0.564530</speed>
				<ele>1335.000000</ele>
				<time>2026-01-02T05:04:06Z</time>
			</trkpt>
			<trkpt lat="28.904339" lon="118.060865">
				<speed>0.505299</speed>
				<ele>1331.000000</ele>
				<time>2026-01-02T05:04:17Z</time>
			</trkpt>
			<trkpt lat="28.904314" lon="118.060913">
				<speed>0.769813</speed>
				<ele>1328.000000</ele>
				<time>2026-01-02T05:04:30Z</time>
			</trkpt>
			<trkpt lat="28.904325" lon="118.060976">
				<speed>0.976586</speed>
				<ele>1330.000000</ele>
				<time>2026-01-02T05:04:38Z</time>
			</trkpt>
			<trkpt lat="28.904333" lon="118.061034">
				<speed>0.503956</speed>
				<ele>1329.000000</ele>
				<time>2026-01-02T05:04:45Z</time>
			</trkpt>
			<trkpt lat="28.904341" lon="118.061085">
				<speed>0.605326</speed>
				<ele>1327.000000</ele>
				<time>2026-01-02T05:04:52Z</time>
			</trkpt>
			<trkpt lat="28.904374" lon="118.061124">
				<speed>0.707600</speed>
				<ele>1325.000000</ele>
				<time>2026-01-02T05:04:58Z</time>
			</trkpt>
			<trkpt lat="28.904400" lon="118.061170">
				<speed>0.944461</speed>
				<ele>1323.000000</ele>
				<time>2026-01-02T05:05:04Z</time>
			</trkpt>
			<trkpt lat="28.904427" lon="118.061211">
				<speed>0.818013</speed>
				<ele>1321.000000</ele>
				<time>2026-01-02T05:05:25Z</time>
			</trkpt>
			<trkpt lat="28.904449" lon="118.061267">
				<speed>1.000911</speed>
				<ele>1322.000000</ele>
				<time>2026-01-02T05:05:36Z</time>
			</trkpt>
			<trkpt lat="28.904465" lon="118.061316">
				<speed>1.100953</speed>
				<ele>1323.000000</ele>
				<time>2026-01-02T05:05:40Z</time>
			</trkpt>
			<trkpt lat="28.904477" lon="118.061370">
				<speed>1.234403</speed>
				<ele>1321.000000</ele>
				<time>2026-01-02T05:05:45Z</time>
			</trkpt>
			<trkpt lat="28.904499" lon="118.061427">
				<speed>1.103492</speed>
				<ele>1320.000000</ele>
				<time>2026-01-02T05:05:51Z</time>
			</trkpt>
			<trkpt lat="28.904514" lon="118.061489">
				<speed>1.253659</speed>
				<ele>1320.000000</ele>
				<time>2026-01-02T05:05:56Z</time>
			</trkpt>
			<trkpt lat="28.904508" lon="118.061540">
				<speed>1.213026</speed>
				<ele>1321.000000</ele>
				<time>2026-01-02T05:06:00Z</time>
			</trkpt>
			<trkpt lat="28.904496" lon="118.061592">
				<speed>1.108326</speed>
				<ele>1322.000000</ele>
				<time>2026-01-02T05:06:04Z</time>
			</trkpt>
			<trkpt lat="28.904498" lon="118.061645">
				<speed>1.236121</speed>
				<ele>1321.000000</ele>
				<time>2026-01-02T05:06:08Z</time>
			</trkpt>
			<trkpt lat="28.904473" lon="118.061700">
				<speed>1.197859</speed>
				<ele>1320.000000</ele>
				<time>2026-01-02T05:06:13Z</time>
			</trkpt>
			<trkpt lat="28.904445" lon="118.061749">
				<speed>1.215873</speed>
				<ele>1321.000000</ele>
				<time>2026-01-02T05:06:17Z</time>
			</trkpt>
			<trkpt lat="28.904409" lon="118.061797">
				<speed>1.148124</speed>
				<ele>1321.000000</ele>
				<time>2026-01-02T05:06:22Z</time>
			</trkpt>
			<trkpt lat="28.904382" lon="118.061840">
				<speed>0.658535</speed>
				<ele>1319.000000</ele>
				<time>2026-01-02T05:06:29Z</time>
			</trkpt>
			<trkpt lat="28.904358" lon="118.061893">
				<speed>0.929233</speed>
				<ele>1318.000000</ele>
				<time>2026-01-02T05:06:36Z</time>
			</trkpt>
			<trkpt lat="28.904318" lon="118.061921">
				<speed>0.425723</speed>
				<ele>1318.000000</ele>
				<time>2026-01-02T05:06:43Z</time>
			</trkpt>
			<trkpt lat="28.904270" lon="118.061922">
				<speed>0.295158</speed>
				<ele>1316.000000</ele>
				<time>2026-01-02T05:06:56Z</time>
			</trkpt>
			<trkpt lat="28.904218" lon="118.061911">
				<speed>0.551411</speed>
				<ele>1316.000000</ele>
				<time>2026-01-02T05:07:03Z</time>
			</trkpt>
			<trkpt lat="28.904240" lon="118.061862">
				<speed>0.533004</speed>
				<ele>1313.000000</ele>
				<time>2026-01-02T05:07:19Z</time>
			</trkpt>
			<trkpt lat="28.904200" lon="118.061835">
				<speed>0.565261</speed>
				<ele>1312.000000</ele>
				<time>2026-01-02T05:07:26Z</time>
			</trkpt>
			<trkpt lat="28.904149" lon="118.061833">
				<speed>0.473496</speed>
				<ele>1306.000000</ele>
				<time>2026-01-02T05:07:39Z</time>
			</trkpt>
			<trkpt lat="28.904128" lon="118.061787">
				<speed>0.362424</speed>
				<ele>1304.000000</ele>
				<time>2026-01-02T05:07:48Z</time>
			</trkpt>
			<trkpt lat="28.904161" lon="118.061748">
				<speed>0.333779</speed>
				<ele>1302.000000</ele>
				<time>2026-01-02T05:07:58Z</time>
			</trkpt>
			<trkpt lat="28.904181" lon="118.061694">
				<speed>0.420111</speed>
				<ele>1302.000000</ele>
				<time>2026-01-02T05:08:05Z</time>
			</trkpt>
			<trkpt lat="28.904191" lon="118.061637">
				<speed>0.274809</speed>
				<ele>1302.000000</ele>
				<time>2026-01-02T05:08:11Z</time>
			</trkpt>
			<trkpt lat="28.904146" lon="118.061646">
				<speed>0.054878</speed>
				<ele>1297.000000</ele>
				<time>2026-01-02T05:08:23Z</time>
			</trkpt>
			<trkpt lat="28.904103" lon="118.061670">
				<speed>0.257300</speed>
				<ele>1296.000000</ele>
				<time>2026-01-02T05:08:38Z</time>
			</trkpt>
			<trkpt lat="28.904052" lon="118.061677">
				<speed>0.438234</speed>
				<ele>1296.000000</ele>
				<time>2026-01-02T05:08:47Z</time>
			</trkpt>
			<trkpt lat="28.904027" lon="118.061627">
				<speed>0.492766</speed>
				<ele>1296.000000</ele>
				<time>2026-01-02T05:09:00Z</time>
			</trkpt>
			<trkpt lat="28.904003" lon="118.061582">
				<speed>0.416142</speed>
				<ele>1297.000000</ele>
				<time>2026-01-02T05:09:07Z</time>
			</trkpt>
			<trkpt lat="28.904002" lon="118.061525">
				<speed>0.409300</speed>
				<ele>1295.000000</ele>
				<time>2026-01-02T05:09:13Z</time>
			</trkpt>
			<trkpt lat="28.904037" lon="118.061487">
				<speed>0.299024</speed>
				<ele>1292.000000</ele>
				<time>2026-01-02T05:09:19Z</time>
			</trkpt>
			<trkpt lat="28.903987" lon="118.061495">
				<speed>0.660488</speed>
				<ele>1284.000000</ele>
				<time>2026-01-02T05:09:29Z</time>
			</trkpt>
			<trkpt lat="28.903942" lon="118.061517">
				<speed>0.674203</speed>
				<ele>1282.000000</ele>
				<time>2026-01-02T05:09:35Z</time>
			</trkpt>
			<trkpt lat="28.903912" lon="118.061560">
				<speed>0.337777</speed>
				<ele>1278.000000</ele>
				<time>2026-01-02T05:09:44Z</time>
			</trkpt>
			<trkpt lat="28.903852" lon="118.061585">
				<speed>0.632726</speed>
				<ele>1276.000000</ele>
				<time>2026-01-02T05:09:55Z</time>
			</trkpt>
			<trkpt lat="28.903825" lon="118.061630">
				<speed>0.470091</speed>
				<ele>1272.000000</ele>
				<time>2026-01-02T05:10:09Z</time>
			</trkpt>
			<trkpt lat="28.903780" lon="118.061650">
				<speed>0.849503</speed>
				<ele>1271.000000</ele>
				<time>2026-01-02T05:10:15Z</time>
			</trkpt>
			<trkpt lat="28.903732" lon="118.061625">
				<speed>1.151020</speed>
				<ele>1271.000000</ele>
				<time>2026-01-02T05:10:20Z</time>
			</trkpt>
			<trkpt lat="28.903704" lon="118.061672">
				<speed>0.275606</speed>
				<ele>1269.000000</ele>
				<time>2026-01-02T05:10:37Z</time>
			</trkpt>
			<trkpt lat="28.903703" lon="118.061726">
				<speed>0.396921</speed>
				<ele>1267.000000</ele>
				<time>2026-01-02T05:10:44Z</time>
			</trkpt>
			<trkpt lat="28.903678" lon="118.061770">
				<speed>0.364698</speed>
				<ele>1267.000000</ele>
				<time>2026-01-02T05:10:55Z</time>
			</trkpt>
			<trkpt lat="28.903669" lon="118.061719">
				<speed>0.116233</speed>
				<ele>1267.000000</ele>
				<time>2026-01-02T05:11:12Z</time>
			</trkpt>
			<trkpt lat="28.903671" lon="118.061665">
				<speed>0.483509</speed>
				<ele>1272.000000</ele>
				<time>2026-01-02T05:11:19Z</time>
			</trkpt>
			<trkpt lat="28.903654" lon="118.061616">
				<speed>0.522724</speed>
				<ele>1277.000000</ele>
				<time>2026-01-02T05:11:33Z</time>
			</trkpt>
			<trkpt lat="28.903624" lon="118.061576">
				<speed>0.206465</speed>
				<ele>1276.000000</ele>
				<time>2026-01-02T05:11:40Z</time>
			</trkpt>
			<trkpt lat="28.903579" lon="118.061588">
				<speed>0.965960</speed>
				<ele>1276.000000</ele>
				<time>2026-01-02T05:11:46Z</time>
			</trkpt>
			<trkpt lat="28.903541" lon="118.061623">
				<speed>0.718815</speed>
				<ele>1275.000000</ele>
				<time>2026-01-02T05:11:53Z</time>
			</trkpt>
			<trkpt lat="28.903513" lon="118.061674">
				<speed>1.128583</speed>
				<ele>1274.000000</ele>
				<time>2026-01-02T05:11:59Z</time>
			</trkpt>
			<trkpt lat="28.903472" lon="118.061705">
				<speed>0.855716</speed>
				<ele>1275.000000</ele>
				<time>2026-01-02T05:12:04Z</time>
			</trkpt>
			<trkpt lat="28.903428" lon="118.061694">
				<speed>0.580970</speed>
				<ele>1273.000000</ele>
				<time>2026-01-02T05:12:11Z</time>
			</trkpt>
			<trkpt lat="28.903384" lon="118.061713">
				<speed>0.820564</speed>
				<ele>1271.000000</ele>
				<time>2026-01-02T05:12:18Z</time>
			</trkpt>
			<trkpt lat="28.903334" lon="118.061729">
				<speed>0.718183</speed>
				<ele>1263.000000</ele>
				<time>2026-01-02T05:12:44Z</time>
			</trkpt>
			<trkpt lat="28.903299" lon="118.061761">
				<speed>0.391491</speed>
				<ele>1261.000000</ele>
				<time>2026-01-02T05:12:52Z</time>
			</trkpt>
			<trkpt lat="28.903249" lon="118.061788">
				<speed>0.893418</speed>
				<ele>1261.000000</ele>
				<time>2026-01-02T05:12:59Z</time>
			</trkpt>
			<trkpt lat="28.903222" lon="118.061843">
				<speed>0.985331</speed>
				<ele>1260.000000</ele>
				<time>2026-01-02T05:13:07Z</time>
			</trkpt>
			<trkpt lat="28.903258" lon="118.061887">
				<speed>1.066258</speed>
				<ele>1263.000000</ele>
				<time>2026-01-02T05:13:16Z</time>
			</trkpt>
			<trkpt lat="28.903244" lon="118.061936">
				<speed>0.270450</speed>
				<ele>1262.000000</ele>
				<time>2026-01-02T05:13:26Z</time>
			</trkpt>
			<trkpt lat="28.903235" lon="118.061989">
				<speed>0.393914</speed>
				<ele>1259.000000</ele>
				<time>2026-01-02T05:13:34Z</time>
			</trkpt>
			<trkpt lat="28.903230" lon="118.062045">
				<speed>0.926866</speed>
				<ele>1258.000000</ele>
				<time>2026-01-02T05:13:42Z</time>
			</trkpt>
			<trkpt lat="28.903199" lon="118.062083">
				<speed>0.948671</speed>
				<ele>1258.000000</ele>
				<time>2026-01-02T05:13:49Z</time>
			</trkpt>
			<trkpt lat="28.903177" lon="118.062136">
				<speed>1.199499</speed>
				<ele>1258.000000</ele>
				<time>2026-01-02T05:13:54Z</time>
			</trkpt>
			<trkpt lat="28.903142" lon="118.062176">
				<speed>0.935973</speed>
				<ele>1258.000000</ele>
				<time>2026-01-02T05:13:59Z</time>
			</trkpt>
			<trkpt lat="28.903123" lon="118.062225">
				<speed>0.526587</speed>
				<ele>1252.000000</ele>
				<time>2026-01-02T05:14:07Z</time>
			</trkpt>
			<trkpt lat="28.903093" lon="118.062263">
				<speed>0.471303</speed>
				<ele>1254.000000</ele>
				<time>2026-01-02T05:14:19Z</time>
			</trkpt>
			<trkpt lat="28.903047" lon="118.062252">
				<speed>0.340489</speed>
				<ele>1252.000000</ele>
				<time>2026-01-02T05:14:30Z</time>
			</trkpt>
			<trkpt lat="28.902995" lon="118.062222">
				<speed>1.133898</speed>
				<ele>1251.000000</ele>
				<time>2026-01-02T05:14:38Z</time>
			</trkpt>
			<trkpt lat="28.902949" lon="118.062248">
				<speed>0.821110</speed>
				<ele>1251.000000</ele>
				<time>2026-01-02T05:14:43Z</time>
			</trkpt>
			<trkpt lat="28.902903" lon="118.062257">
				<speed>0.867261</speed>
				<ele>1251.000000</ele>
				<time>2026-01-02T05:14:51Z</time>
			</trkpt>
			<trkpt lat="28.902855" lon="118.062266">
				<speed>0.797889</speed>
				<ele>1245.000000</ele>
				<time>2026-01-02T05:14:58Z</time>
			</trkpt>
			<trkpt lat="28.902801" lon="118.062276">
				<speed>0.752691</speed>
				<ele>1242.000000</ele>
				<time>2026-01-02T05:15:06Z</time>
			</trkpt>
			<trkpt lat="28.902756" lon="118.062269">
				<speed>0.846908</speed>
				<ele>1240.000000</ele>
				<time>2026-01-02T05:15:13Z</time>
			</trkpt>
			<trkpt lat="28.902709" lon="118.062251">
				<speed>0.854378</speed>
				<ele>1239.000000</ele>
				<time>2026-01-02T05:15:21Z</time>
			</trkpt>
			<trkpt lat="28.902656" lon="118.062248">
				<speed>1.380813</speed>
				<ele>1245.000000</ele>
				<time>2026-01-02T05:15:25Z</time>
			</trkpt>
			<trkpt lat="28.902607" lon="118.062246">
				<speed>0.377316</speed>
				<ele>1243.000000</ele>
				<time>2026-01-02T05:15:33Z</time>
			</trkpt>
			<trkpt lat="28.902559" lon="118.062248">
				<speed>0.588552</speed>
				<ele>1243.000000</ele>
				<time>2026-01-02T05:15:42Z</time>
			</trkpt>
			<trkpt lat="28.902527" lon="118.062209">
				<speed>0.458960</speed>
				<ele>1241.000000</ele>
				<time>2026-01-02T05:15:53Z</time>
			</trkpt>
			<trkpt lat="28.902567" lon="118.062184">
				<speed>0.490061</speed>
				<ele>1239.000000</ele>
				<time>2026-01-02T05:16:03Z</time>
			</trkpt>
			<trkpt lat="28.902603" lon="118.062151">
				<speed>0.544790</speed>
				<ele>1239.000000</ele>
				<time>2026-01-02T05:16:15Z</time>
			</trkpt>
			<trkpt lat="28.902635" lon="118.062115">
				<speed>1.327337</speed>
				<ele>1239.000000</ele>
				<time>2026-01-02T05:16:19Z</time>
			</trkpt>
			<trkpt lat="28.902666" lon="118.062058">
				<speed>1.327396</speed>
				<ele>1240.000000</ele>
				<time>2026-01-02T05:16:26Z</time>
			</trkpt>
			<trkpt lat="28.902705" lon="118.062026">
				<speed>0.831163</speed>
				<ele>1237.000000</ele>
				<time>2026-01-02T05:16:31Z</time>
			</trkpt>
			<trkpt lat="28.902756" lon="118.062040">
				<speed>0.691900</speed>
				<ele>1232.000000</ele>
				<time>2026-01-02T05:16:37Z</time>
			</trkpt>
			<trkpt lat="28.902807" lon="118.062053">
				<speed>0.964282</speed>
				<ele>1230.000000</ele>
				<time>2026-01-02T05:16:42Z</time>
			</trkpt>
			<trkpt lat="28.902855" lon="118.062018">
				<speed>0.822356</speed>
				<ele>1226.000000</ele>
				<time>2026-01-02T05:17:00Z</time>
			</trkpt>
			<trkpt lat="28.902856" lon="118.061961">
				<speed>1.077933</speed>
				<ele>1231.000000</ele>
				<time>2026-01-02T05:17:03Z</time>
			</trkpt>
			<trkpt lat="28.902909" lon="118.061942">
				<speed>1.238919</speed>
				<ele>1229.000000</ele>
				<time>2026-01-02T05:17:05Z</time>
			</trkpt>
			<trkpt lat="28.902962" lon="118.061926">
				<speed>1.297882</speed>
				<ele>1227.000000</ele>
				<time>2026-01-02T05:17:07Z</time>
			</trkpt>
			<trkpt lat="28.903000" lon="118.061896">
				<speed>1.552458</speed>
				<ele>1229.000000</ele>
				<time>2026-01-02T05:17:09Z</time>
			</trkpt>
			<trkpt lat="28.903011" lon="118.061844">
				<speed>1.076642</speed>
				<ele>1233.000000</ele>
				<time>2026-01-02T05:17:13Z</time>
			</trkpt>
			<trkpt lat="28.903006" lon="118.061782">
				<speed>1.154371</speed>
				<ele>1236.000000</ele>
				<time>2026-01-02T05:17:18Z</time>
			</trkpt>
			<trkpt lat="28.903003" lon="118.061729">
				<speed>0.879474</speed>
				<ele>1238.000000</ele>
				<time>2026-01-02T05:17:22Z</time>
			</trkpt>
			<trkpt lat="28.902967" lon="118.061690">
				<speed>1.103224</speed>
				<ele>1237.000000</ele>
				<time>2026-01-02T05:17:26Z</time>
			</trkpt>
			<trkpt lat="28.902928" lon="118.061644">
				<speed>1.341228</speed>
				<ele>1238.000000</ele>
				<time>2026-01-02T05:17:29Z</time>
			</trkpt>
			<trkpt lat="28.902894" lon="118.061603">
				<speed>0.060820</speed>
				<ele>1243.000000</ele>
				<time>2026-01-02T05:17:56Z</time>
			</trkpt>
			<trkpt lat="28.902950" lon="118.061558">
				<speed>0.045178</speed>
				<ele>1247.000000</ele>
				<time>2026-01-02T05:20:16Z</time>
			</trkpt>
		</trkseg>
	</trk>
	<extensions>
		<name>2026-01-02 08:40:03</name>
		<TrackTypeId>8</TrackTypeId>
		<SportType>18</SportType>
		<TrackTags><![CDATA[徒步]]></TrackTags>
		<BeginTime>1767314403000</BeginTime>
		<EndTime>1767331254176</EndTime>
		<PauseTime>2</PauseTime>
		<StartDistrictId>0</StartDistrictId>
		<EndDistrictId>0</EndDistrictId>
		<CreaterId>56392261</CreaterId>
		<CreaterName><![CDATA[Andy 的游历]]></CreaterName>
		<OriginCreaterId>56392261</OriginCreaterId>
		<OriginCreaterName><![CDATA[Andy 的游历]]></OriginCreaterName>
		<Distance>10711.044259</Distance>
		<ElevationGain>1256.180000</ElevationGain>
		<ElevationLoss>591.460000</ElevationLoss>
		<SportAvgSpeed>0.635733</SportAvgSpeed>
	</extensions>
</gpx>
