<?xml version="1.0" encoding="UTF-8"?>
<gpx xmlns="http://www.topografix.com/GPX/1/1" version="1.1" creator="GPSBabel - http://www.gpsbabel.org">
	<metadata>
		<author>
			<name><![CDATA[Andy 的游历]]></name>
		</author>
	</metadata>
	<trk>
		<trkseg>
			<trkpt lat="30.396681" lon="119.787790">
				<speed>1.049088</speed>
				<ele>73.000000</ele>
				<time>2026-03-20T02:44:29Z</time>
			</trkpt>
			<trkpt lat="30.396682" lon="119.787768">
				<speed>0.963650</speed>
				<ele>73.000000</ele>
				<time>2026-03-20T02:44:35Z</time>
			</trkpt>
			<trkpt lat="30.396676" lon="119.787701">
				<speed>1.037567</speed>
				<ele>73.000000</ele>
				<time>2026-03-20T02:44:39Z</time>
			</trkpt>
			<trkpt lat="30.396665" lon="119.787626">
				<speed>1.111575</speed>
				<ele>73.000000</ele>
				<time>2026-03-20T02:44:44Z</time>
			</trkpt>
			<trkpt lat="30.396652" lon="119.787564">
				<speed>1.088857</speed>
				<ele>74.000000</ele>
				<time>2026-03-20T02:44:49Z</time>
			</trkpt>
			<trkpt lat="30.396625" lon="119.787515">
				<speed>0.815243</speed>
				<ele>76.000000</ele>
				<time>2026-03-20T02:44:54Z</time>
			</trkpt>
			<trkpt lat="30.396605" lon="119.787462">
				<speed>1.040194</speed>
				<ele>78.000000</ele>
				<time>2026-03-20T02:44:59Z</time>
			</trkpt>
			<trkpt lat="30.396587" lon="119.787405">
				<speed>0.665698</speed>
				<ele>79.000000</ele>
				<time>2026-03-20T02:45:05Z</time>
			</trkpt>
			<trkpt lat="30.396569" lon="119.787350">
				<speed>0.759693</speed>
				<ele>80.000000</ele>
				<time>2026-03-20T02:45:12Z</time>
			</trkpt>
			<trkpt lat="30.396543" lon="119.787311">
				<speed>0.803536</speed>
				<ele>80.000000</ele>
				<time>2026-03-20T02:45:17Z</time>
			</trkpt>
			<trkpt lat="30.396523" lon="119.787267">
				<speed>0.631446</speed>
				<ele>79.000000</ele>
				<time>2026-03-20T02:45:21Z</time>
			</trkpt>
			<trkpt lat="30.396498" lon="119.787215">
				<speed>0.995995</speed>
				<ele>79.000000</ele>
				<time>2026-03-20T02:45:25Z</time>
			</trkpt>
			<trkpt lat="30.396474" lon="119.787154">
				<speed>0.989660</speed>
				<ele>79.000000</ele>
				<time>2026-03-20T02:45:31Z</time>
			</trkpt>
			<trkpt lat="30.396453" lon="119.787102">
				<speed>1.063687</speed>
				<ele>79.000000</ele>
				<time>2026-03-20T02:45:36Z</time>
			</trkpt>
			<trkpt lat="30.396425" lon="119.787062">
				<speed>1.195023</speed>
				<ele>80.000000</ele>
				<time>2026-03-20T02:45:40Z</time>
			</trkpt>
			<trkpt lat="30.396401" lon="119.787014">
				<speed>1.327235</speed>
				<ele>80.000000</ele>
				<time>2026-03-20T02:45:44Z</time>
			</trkpt>
			<trkpt lat="30.396375" lon="119.786967">
				<speed>1.173082</speed>
				<ele>80.000000</ele>
				<time>2026-03-20T02:45:48Z</time>
			</trkpt>
			<trkpt lat="30.396340" lon="119.786919">
				<speed>1.118567</speed>
				<ele>80.000000</ele>
				<time>2026-03-20T02:45:53Z</time>
			</trkpt>
			<trkpt lat="30.396309" lon="119.786877">
				<speed>0.941893</speed>
				<ele>80.000000</ele>
				<time>2026-03-20T02:45:58Z</time>
			</trkpt>
			<trkpt lat="30.396283" lon="119.786828">
				<speed>1.031589</speed>
				<ele>80.000000</ele>
				<time>2026-03-20T02:46:03Z</time>
			</trkpt>
			<trkpt lat="30.396260" lon="119.786784">
				<speed>1.150867</speed>
				<ele>80.000000</ele>
				<time>2026-03-20T02:46:07Z</time>
			</trkpt>
			<trkpt lat="30.396227" lon="119.786742">
				<speed>0.979537</speed>
				<ele>81.000000</ele>
				<time>2026-03-20T02:46:12Z</time>
			</trkpt>
			<trkpt lat="30.396197" lon="119.786698">
				<speed>0.976456</speed>
				<ele>83.000000</ele>
				<time>2026-03-20T02:46:17Z</time>
			</trkpt>
			<trkpt lat="30.396165" lon="119.786664">
				<speed>1.134116</speed>
				<ele>82.000000</ele>
				<time>2026-03-20T02:46:21Z</time>
			</trkpt>
			<trkpt lat="30.396124" lon="119.786621">
				<speed>1.106947</speed>
				<ele>82.000000</ele>
				<time>2026-03-20T02:46:26Z</time>
			</trkpt>
			<trkpt lat="30.396091" lon="119.786570">
				<speed>1.210607</speed>
				<ele>83.000000</ele>
				<time>2026-03-20T02:46:31Z</time>
			</trkpt>
			<trkpt lat="30.396056" lon="119.786520">
				<speed>1.158168</speed>
				<ele>83.000000</ele>
				<time>2026-03-20T02:46:36Z</time>
			</trkpt>
			<trkpt lat="30.396029" lon="119.786473">
				<speed>1.322843</speed>
				<ele>84.000000</ele>
				<time>2026-03-20T02:46:40Z</time>
			</trkpt>
			<trkpt lat="30.396005" lon="119.786414">
				<speed>1.111313</speed>
				<ele>84.000000</ele>
				<time>2026-03-20T02:46:45Z</time>
			</trkpt>
			<trkpt lat="30.395979" lon="119.786361">
				<speed>1.090175</speed>
				<ele>84.000000</ele>
				<time>2026-03-20T02:46:50Z</time>
			</trkpt>
			<trkpt lat="30.395955" lon="119.786318">
				<speed>1.299209</speed>
				<ele>84.000000</ele>
				<time>2026-03-20T02:46:54Z</time>
			</trkpt>
			<trkpt lat="30.395933" lon="119.786268">
				<speed>1.321043</speed>
				<ele>84.000000</ele>
				<time>2026-03-20T02:46:58Z</time>
			</trkpt>
			<trkpt lat="30.395910" lon="119.786220">
				<speed>1.338699</speed>
				<ele>85.000000</ele>
				<time>2026-03-20T02:47:02Z</time>
			</trkpt>
			<trkpt lat="30.395878" lon="119.786169">
				<speed>1.062143</speed>
				<ele>85.000000</ele>
				<time>2026-03-20T02:47:07Z</time>
			</trkpt>
			<trkpt lat="30.395852" lon="119.786117">
				<speed>0.936324</speed>
				<ele>84.000000</ele>
				<time>2026-03-20T02:47:14Z</time>
			</trkpt>
			<trkpt lat="30.395837" lon="119.786075">
				<speed>1.152065</speed>
				<ele>84.000000</ele>
				<time>2026-03-20T02:47:18Z</time>
			</trkpt>
			<trkpt lat="30.395824" lon="119.786021">
				<speed>0.937378</speed>
				<ele>85.000000</ele>
				<time>2026-03-20T02:47:23Z</time>
			</trkpt>
			<trkpt lat="30.395800" lon="119.785980">
				<speed>1.169134</speed>
				<ele>86.000000</ele>
				<time>2026-03-20T02:47:27Z</time>
			</trkpt>
			<trkpt lat="30.395760" lon="119.785952">
				<speed>0.994050</speed>
				<ele>86.000000</ele>
				<time>2026-03-20T02:47:31Z</time>
			</trkpt>
			<trkpt lat="30.395723" lon="119.785909">
				<speed>0.187763</speed>
				<ele>86.000000</ele>
				<time>2026-03-20T02:47:38Z</time>
			</trkpt>
			<trkpt lat="30.395672" lon="119.785891">
				<speed>0.778824</speed>
				<ele>87.000000</ele>
				<time>2026-03-20T02:47:50Z</time>
			</trkpt>
			<trkpt lat="30.395645" lon="119.785860">
				<speed>0.842591</speed>
				<ele>87.000000</ele>
				<time>2026-03-20T02:47:55Z</time>
			</trkpt>
			<trkpt lat="30.395616" lon="119.785817">
				<speed>0.729556</speed>
				<ele>87.000000</ele>
				<time>2026-03-20T02:48:00Z</time>
			</trkpt>
			<trkpt lat="30.395583" lon="119.785766">
				<speed>1.172327</speed>
				<ele>87.000000</ele>
				<time>2026-03-20T02:48:05Z</time>
			</trkpt>
			<trkpt lat="30.395549" lon="119.785711">
				<speed>1.164502</speed>
				<ele>86.000000</ele>
				<time>2026-03-20T02:48:10Z</time>
			</trkpt>
			<trkpt lat="30.395522" lon="119.785667">
				<speed>1.030069</speed>
				<ele>87.000000</ele>
				<time>2026-03-20T02:48:14Z</time>
			</trkpt>
			<trkpt lat="30.395498" lon="119.785620">
				<speed>1.133713</speed>
				<ele>87.000000</ele>
				<time>2026-03-20T02:48:18Z</time>
			</trkpt>
			<trkpt lat="30.395466" lon="119.785566">
				<speed>1.105196</speed>
				<ele>87.000000</ele>
				<time>2026-03-20T02:48:23Z</time>
			</trkpt>
			<trkpt lat="30.395433" lon="119.785518">
				<speed>1.090868</speed>
				<ele>87.000000</ele>
				<time>2026-03-20T02:48:28Z</time>
			</trkpt>
			<trkpt lat="30.395403" lon="119.785479">
				<speed>1.225628</speed>
				<ele>86.000000</ele>
				<time>2026-03-20T02:48:32Z</time>
			</trkpt>
			<trkpt lat="30.395366" lon="119.785430">
				<speed>1.747046</speed>
				<ele>87.000000</ele>
				<time>2026-03-20T02:48:37Z</time>
			</trkpt>
			<trkpt lat="30.395335" lon="119.785384">
				<speed>1.183326</speed>
				<ele>88.000000</ele>
				<time>2026-03-20T02:48:42Z</time>
			</trkpt>
			<trkpt lat="30.395306" lon="119.785341">
				<speed>1.304841</speed>
				<ele>89.000000</ele>
				<time>2026-03-20T02:48:46Z</time>
			</trkpt>
			<trkpt lat="30.395280" lon="119.785294">
				<speed>1.375887</speed>
				<ele>89.000000</ele>
				<time>2026-03-20T02:48:50Z</time>
			</trkpt>
			<trkpt lat="30.395252" lon="119.785244">
				<speed>1.415121</speed>
				<ele>89.000000</ele>
				<time>2026-03-20T02:48:54Z</time>
			</trkpt>
			<trkpt lat="30.395214" lon="119.785184">
				<speed>1.777691</speed>
				<ele>89.000000</ele>
				<time>2026-03-20T02:48:59Z</time>
			</trkpt>
			<trkpt lat="30.395184" lon="119.785140">
				<speed>1.484226</speed>
				<ele>89.000000</ele>
				<time>2026-03-20T02:49:03Z</time>
			</trkpt>
			<trkpt lat="30.395152" lon="119.785096">
				<speed>1.167868</speed>
				<ele>88.000000</ele>
				<time>2026-03-20T02:49:08Z</time>
			</trkpt>
			<trkpt lat="30.395122" lon="119.785061">
				<speed>1.233491</speed>
				<ele>88.000000</ele>
				<time>2026-03-20T02:49:12Z</time>
			</trkpt>
			<trkpt lat="30.395089" lon="119.785025">
				<speed>1.184765</speed>
				<ele>88.000000</ele>
				<time>2026-03-20T02:49:16Z</time>
			</trkpt>
			<trkpt lat="30.395053" lon="119.784982">
				<speed>1.141626</speed>
				<ele>87.000000</ele>
				<time>2026-03-20T02:49:21Z</time>
			</trkpt>
			<trkpt lat="30.395029" lon="119.784939">
				<speed>1.225779</speed>
				<ele>87.000000</ele>
				<time>2026-03-20T02:49:25Z</time>
			</trkpt>
			<trkpt lat="30.394997" lon="119.784893">
				<speed>0.989163</speed>
				<ele>87.000000</ele>
				<time>2026-03-20T02:49:30Z</time>
			</trkpt>
			<trkpt lat="30.394963" lon="119.784853">
				<speed>1.024930</speed>
				<ele>88.000000</ele>
				<time>2026-03-20T02:49:35Z</time>
			</trkpt>
			<trkpt lat="30.394941" lon="119.784805">
				<speed>1.140250</speed>
				<ele>89.000000</ele>
				<time>2026-03-20T02:49:40Z</time>
			</trkpt>
			<trkpt lat="30.394920" lon="119.784753">
				<speed>0.879160</speed>
				<ele>89.000000</ele>
				<time>2026-03-20T02:49:45Z</time>
			</trkpt>
			<trkpt lat="30.394892" lon="119.784704">
				<speed>0.886755</speed>
				<ele>89.000000</ele>
				<time>2026-03-20T02:49:50Z</time>
			</trkpt>
			<trkpt lat="30.394860" lon="119.784650">
				<speed>0.776936</speed>
				<ele>88.000000</ele>
				<time>2026-03-20T02:49:56Z</time>
			</trkpt>
			<trkpt lat="30.394833" lon="119.784609">
				<speed>1.094041</speed>
				<ele>89.000000</ele>
				<time>2026-03-20T02:50:00Z</time>
			</trkpt>
			<trkpt lat="30.394799" lon="119.784557">
				<speed>0.981344</speed>
				<ele>88.000000</ele>
				<time>2026-03-20T02:50:06Z</time>
			</trkpt>
			<trkpt lat="30.394766" lon="119.784521">
				<speed>0.957511</speed>
				<ele>89.000000</ele>
				<time>2026-03-20T02:50:11Z</time>
			</trkpt>
			<trkpt lat="30.394737" lon="119.784479">
				<speed>0.928790</speed>
				<ele>89.000000</ele>
				<time>2026-03-20T02:50:16Z</time>
			</trkpt>
			<trkpt lat="30.394706" lon="119.784439">
				<speed>0.838725</speed>
				<ele>90.000000</ele>
				<time>2026-03-20T02:50:21Z</time>
			</trkpt>
			<trkpt lat="30.394672" lon="119.784396">
				<speed>0.965109</speed>
				<ele>91.000000</ele>
				<time>2026-03-20T02:50:26Z</time>
			</trkpt>
			<trkpt lat="30.394637" lon="119.784353">
				<speed>1.102335</speed>
				<ele>91.000000</ele>
				<time>2026-03-20T02:50:31Z</time>
			</trkpt>
			<trkpt lat="30.394600" lon="119.784310">
				<speed>1.086741</speed>
				<ele>91.000000</ele>
				<time>2026-03-20T02:50:36Z</time>
			</trkpt>
			<trkpt lat="30.394567" lon="119.784259">
				<speed>0.940150</speed>
				<ele>92.000000</ele>
				<time>2026-03-20T02:50:42Z</time>
			</trkpt>
			<trkpt lat="30.394543" lon="119.784219">
				<speed>1.126425</speed>
				<ele>92.000000</ele>
				<time>2026-03-20T02:50:46Z</time>
			</trkpt>
			<trkpt lat="30.394513" lon="119.784172">
				<speed>1.256656</speed>
				<ele>93.000000</ele>
				<time>2026-03-20T02:50:51Z</time>
			</trkpt>
			<trkpt lat="30.394484" lon="119.784120">
				<speed>1.097683</speed>
				<ele>93.000000</ele>
				<time>2026-03-20T02:50:56Z</time>
			</trkpt>
			<trkpt lat="30.394455" lon="119.784067">
				<speed>1.257399</speed>
				<ele>93.000000</ele>
				<time>2026-03-20T02:51:01Z</time>
			</trkpt>
			<trkpt lat="30.394420" lon="119.784017">
				<speed>1.269491</speed>
				<ele>93.000000</ele>
				<time>2026-03-20T02:51:06Z</time>
			</trkpt>
			<trkpt lat="30.394386" lon="119.783967">
				<speed>1.007238</speed>
				<ele>93.000000</ele>
				<time>2026-03-20T02:51:11Z</time>
			</trkpt>
			<trkpt lat="30.394356" lon="119.783936">
				<speed>1.341293</speed>
				<ele>93.000000</ele>
				<time>2026-03-20T02:51:14Z</time>
			</trkpt>
			<trkpt lat="30.394319" lon="119.783884">
				<speed>1.081796</speed>
				<ele>94.000000</ele>
				<time>2026-03-20T02:51:20Z</time>
			</trkpt>
			<trkpt lat="30.394291" lon="119.783834">
				<speed>1.373417</speed>
				<ele>94.000000</ele>
				<time>2026-03-20T02:51:26Z</time>
			</trkpt>
			<trkpt lat="30.394258" lon="119.783785">
				<speed>1.182548</speed>
				<ele>94.000000</ele>
				<time>2026-03-20T02:51:32Z</time>
			</trkpt>
			<trkpt lat="30.394234" lon="119.783739">
				<speed>1.199451</speed>
				<ele>94.000000</ele>
				<time>2026-03-20T02:51:37Z</time>
			</trkpt>
			<trkpt lat="30.394207" lon="119.783690">
				<speed>1.162508</speed>
				<ele>94.000000</ele>
				<time>2026-03-20T02:51:42Z</time>
			</trkpt>
			<trkpt lat="30.394174" lon="119.783647">
				<speed>1.028683</speed>
				<ele>95.000000</ele>
				<time>2026-03-20T02:51:47Z</time>
			</trkpt>
			<trkpt lat="30.394138" lon="119.783603">
				<speed>1.295599</speed>
				<ele>95.000000</ele>
				<time>2026-03-20T02:51:52Z</time>
			</trkpt>
			<trkpt lat="30.394102" lon="119.783558">
				<speed>1.232367</speed>
				<ele>96.000000</ele>
				<time>2026-03-20T02:51:57Z</time>
			</trkpt>
			<trkpt lat="30.394071" lon="119.783519">
				<speed>1.303030</speed>
				<ele>96.000000</ele>
				<time>2026-03-20T02:52:01Z</time>
			</trkpt>
			<trkpt lat="30.394035" lon="119.783471">
				<speed>1.141290</speed>
				<ele>96.000000</ele>
				<time>2026-03-20T02:52:06Z</time>
			</trkpt>
			<trkpt lat="30.393995" lon="119.783434">
				<speed>1.077417</speed>
				<ele>97.000000</ele>
				<time>2026-03-20T02:52:11Z</time>
			</trkpt>
			<trkpt lat="30.393952" lon="119.783404">
				<speed>1.110189</speed>
				<ele>98.000000</ele>
				<time>2026-03-20T02:52:16Z</time>
			</trkpt>
			<trkpt lat="30.393909" lon="119.783369">
				<speed>1.271294</speed>
				<ele>98.000000</ele>
				<time>2026-03-20T02:52:21Z</time>
			</trkpt>
			<trkpt lat="30.393869" lon="119.783332">
				<speed>1.093403</speed>
				<ele>98.000000</ele>
				<time>2026-03-20T02:52:26Z</time>
			</trkpt>
			<trkpt lat="30.393829" lon="119.783295">
				<speed>1.059524</speed>
				<ele>98.000000</ele>
				<time>2026-03-20T02:52:31Z</time>
			</trkpt>
			<trkpt lat="30.393793" lon="119.783267">
				<speed>1.210834</speed>
				<ele>98.000000</ele>
				<time>2026-03-20T02:52:35Z</time>
			</trkpt>
			<trkpt lat="30.393749" lon="119.783227">
				<speed>1.280201</speed>
				<ele>98.000000</ele>
				<time>2026-03-20T02:52:40Z</time>
			</trkpt>
			<trkpt lat="30.393707" lon="119.783181">
				<speed>1.009110</speed>
				<ele>99.000000</ele>
				<time>2026-03-20T02:52:46Z</time>
			</trkpt>
			<trkpt lat="30.393676" lon="119.783145">
				<speed>1.310729</speed>
				<ele>100.000000</ele>
				<time>2026-03-20T02:52:50Z</time>
			</trkpt>
			<trkpt lat="30.393635" lon="119.783106">
				<speed>1.058287</speed>
				<ele>100.000000</ele>
				<time>2026-03-20T02:52:55Z</time>
			</trkpt>
			<trkpt lat="30.393590" lon="119.783072">
				<speed>1.164172</speed>
				<ele>101.000000</ele>
				<time>2026-03-20T02:53:00Z</time>
			</trkpt>
			<trkpt lat="30.393544" lon="119.783032">
				<speed>1.498314</speed>
				<ele>101.000000</ele>
				<time>2026-03-20T02:53:05Z</time>
			</trkpt>
			<trkpt lat="30.393499" lon="119.782998">
				<speed>1.009503</speed>
				<ele>102.000000</ele>
				<time>2026-03-20T02:53:11Z</time>
			</trkpt>
			<trkpt lat="30.393459" lon="119.782967">
				<speed>0.981358</speed>
				<ele>103.000000</ele>
				<time>2026-03-20T02:53:16Z</time>
			</trkpt>
			<trkpt lat="30.393420" lon="119.782929">
				<speed>0.926413</speed>
				<ele>103.000000</ele>
				<time>2026-03-20T02:53:22Z</time>
			</trkpt>
			<trkpt lat="30.393383" lon="119.782897">
				<speed>0.991701</speed>
				<ele>104.000000</ele>
				<time>2026-03-20T02:53:27Z</time>
			</trkpt>
			<trkpt lat="30.393346" lon="119.782862">
				<speed>0.961961</speed>
				<ele>104.000000</ele>
				<time>2026-03-20T02:53:32Z</time>
			</trkpt>
			<trkpt lat="30.393313" lon="119.782821">
				<speed>0.910554</speed>
				<ele>104.000000</ele>
				<time>2026-03-20T02:53:37Z</time>
			</trkpt>
			<trkpt lat="30.393273" lon="119.782780">
				<speed>0.844566</speed>
				<ele>104.000000</ele>
				<time>2026-03-20T02:53:43Z</time>
			</trkpt>
			<trkpt lat="30.393230" lon="119.782749">
				<speed>1.053463</speed>
				<ele>105.000000</ele>
				<time>2026-03-20T02:53:52Z</time>
			</trkpt>
			<trkpt lat="30.393190" lon="119.782740">
				<speed>0.976426</speed>
				<ele>106.000000</ele>
				<time>2026-03-20T02:53:57Z</time>
			</trkpt>
			<trkpt lat="30.393140" lon="119.782726">
				<speed>0.760074</speed>
				<ele>107.000000</ele>
				<time>2026-03-20T02:54:03Z</time>
			</trkpt>
			<trkpt lat="30.393093" lon="119.782710">
				<speed>0.563640</speed>
				<ele>108.000000</ele>
				<time>2026-03-20T02:54:09Z</time>
			</trkpt>
			<trkpt lat="30.393048" lon="119.782686">
				<speed>1.121374</speed>
				<ele>109.000000</ele>
				<time>2026-03-20T02:54:22Z</time>
			</trkpt>
			<trkpt lat="30.393008" lon="119.782670">
				<speed>1.084378</speed>
				<ele>108.000000</ele>
				<time>2026-03-20T02:54:27Z</time>
			</trkpt>
			<trkpt lat="30.392954" lon="119.782644">
				<speed>1.154365</speed>
				<ele>109.000000</ele>
				<time>2026-03-20T02:54:33Z</time>
			</trkpt>
			<trkpt lat="30.392905" lon="119.782610">
				<speed>1.120112</speed>
				<ele>109.000000</ele>
				<time>2026-03-20T02:54:38Z</time>
			</trkpt>
			<trkpt lat="30.392862" lon="119.782569">
				<speed>0.938372</speed>
				<ele>109.000000</ele>
				<time>2026-03-20T02:54:43Z</time>
			</trkpt>
			<trkpt lat="30.392832" lon="119.782529">
				<speed>0.977137</speed>
				<ele>109.000000</ele>
				<time>2026-03-20T02:54:47Z</time>
			</trkpt>
			<trkpt lat="30.392798" lon="119.782487">
				<speed>0.704672</speed>
				<ele>110.000000</ele>
				<time>2026-03-20T02:54:52Z</time>
			</trkpt>
			<trkpt lat="30.392761" lon="119.782442">
				<speed>1.087503</speed>
				<ele>111.000000</ele>
				<time>2026-03-20T02:54:57Z</time>
			</trkpt>
			<trkpt lat="30.392731" lon="119.782391">
				<speed>0.758209</speed>
				<ele>111.000000</ele>
				<time>2026-03-20T02:55:12Z</time>
			</trkpt>
			<trkpt lat="30.392701" lon="119.782363">
				<speed>1.095907</speed>
				<ele>111.000000</ele>
				<time>2026-03-20T02:55:17Z</time>
			</trkpt>
			<trkpt lat="30.392658" lon="119.782323">
				<speed>0.758618</speed>
				<ele>112.000000</ele>
				<time>2026-03-20T02:55:23Z</time>
			</trkpt>
			<trkpt lat="30.392623" lon="119.782281">
				<speed>1.026272</speed>
				<ele>113.000000</ele>
				<time>2026-03-20T02:55:28Z</time>
			</trkpt>
			<trkpt lat="30.392581" lon="119.782247">
				<speed>0.881034</speed>
				<ele>113.000000</ele>
				<time>2026-03-20T02:55:34Z</time>
			</trkpt>
			<trkpt lat="30.392550" lon="119.782208">
				<speed>0.892145</speed>
				<ele>113.000000</ele>
				<time>2026-03-20T02:55:39Z</time>
			</trkpt>
			<trkpt lat="30.392522" lon="119.782166">
				<speed>1.116829</speed>
				<ele>115.000000</ele>
				<time>2026-03-20T02:55:44Z</time>
			</trkpt>
			<trkpt lat="30.392487" lon="119.782125">
				<speed>1.233093</speed>
				<ele>115.000000</ele>
				<time>2026-03-20T02:55:49Z</time>
			</trkpt>
			<trkpt lat="30.392447" lon="119.782092">
				<speed>0.673295</speed>
				<ele>116.000000</ele>
				<time>2026-03-20T02:55:54Z</time>
			</trkpt>
			<trkpt lat="30.392410" lon="119.782061">
				<speed>1.254387</speed>
				<ele>117.000000</ele>
				<time>2026-03-20T02:55:58Z</time>
			</trkpt>
			<trkpt lat="30.392366" lon="119.782025">
				<speed>0.412192</speed>
				<ele>116.000000</ele>
				<time>2026-03-20T02:56:05Z</time>
			</trkpt>
			<trkpt lat="30.392326" lon="119.781999">
				<speed>1.029865</speed>
				<ele>117.000000</ele>
				<time>2026-03-20T02:56:11Z</time>
			</trkpt>
			<trkpt lat="30.392288" lon="119.781962">
				<speed>0.942721</speed>
				<ele>117.000000</ele>
				<time>2026-03-20T02:56:17Z</time>
			</trkpt>
			<trkpt lat="30.392250" lon="119.781924">
				<speed>0.819812</speed>
				<ele>118.000000</ele>
				<time>2026-03-20T02:56:23Z</time>
			</trkpt>
			<trkpt lat="30.392215" lon="119.781877">
				<speed>1.364600</speed>
				<ele>119.000000</ele>
				<time>2026-03-20T02:56:29Z</time>
			</trkpt>
			<trkpt lat="30.392172" lon="119.781849">
				<speed>0.684272</speed>
				<ele>119.000000</ele>
				<time>2026-03-20T02:56:34Z</time>
			</trkpt>
			<trkpt lat="30.392128" lon="119.781821">
				<speed>1.159788</speed>
				<ele>120.000000</ele>
				<time>2026-03-20T02:56:38Z</time>
			</trkpt>
			<trkpt lat="30.392078" lon="119.781791">
				<speed>0.569488</speed>
				<ele>120.000000</ele>
				<time>2026-03-20T02:56:43Z</time>
			</trkpt>
			<trkpt lat="30.392038" lon="119.781757">
				<speed>0.999451</speed>
				<ele>121.000000</ele>
				<time>2026-03-20T02:56:48Z</time>
			</trkpt>
			<trkpt lat="30.391996" lon="119.781722">
				<speed>1.095587</speed>
				<ele>122.000000</ele>
				<time>2026-03-20T02:56:54Z</time>
			</trkpt>
			<trkpt lat="30.391949" lon="119.781696">
				<speed>0.726816</speed>
				<ele>122.000000</ele>
				<time>2026-03-20T02:57:00Z</time>
			</trkpt>
			<trkpt lat="30.391909" lon="119.781677">
				<speed>0.977244</speed>
				<ele>123.000000</ele>
				<time>2026-03-20T02:57:04Z</time>
			</trkpt>
			<trkpt lat="30.391862" lon="119.781653">
				<speed>0.705378</speed>
				<ele>123.000000</ele>
				<time>2026-03-20T02:57:09Z</time>
			</trkpt>
			<trkpt lat="30.391815" lon="119.781628">
				<speed>0.977269</speed>
				<ele>122.000000</ele>
				<time>2026-03-20T02:57:14Z</time>
			</trkpt>
			<trkpt lat="30.391769" lon="119.781602">
				<speed>0.963422</speed>
				<ele>122.000000</ele>
				<time>2026-03-20T02:57:19Z</time>
			</trkpt>
			<trkpt lat="30.391722" lon="119.781583">
				<speed>0.947628</speed>
				<ele>123.000000</ele>
				<time>2026-03-20T02:57:24Z</time>
			</trkpt>
			<trkpt lat="30.391674" lon="119.781555">
				<speed>0.891482</speed>
				<ele>124.000000</ele>
				<time>2026-03-20T02:57:30Z</time>
			</trkpt>
			<trkpt lat="30.391635" lon="119.781508">
				<speed>1.489766</speed>
				<ele>125.000000</ele>
				<time>2026-03-20T02:57:38Z</time>
			</trkpt>
			<trkpt lat="30.391592" lon="119.781483">
				<speed>0.876240</speed>
				<ele>125.000000</ele>
				<time>2026-03-20T02:57:44Z</time>
			</trkpt>
			<trkpt lat="30.391539" lon="119.781453">
				<speed>1.055658</speed>
				<ele>124.000000</ele>
				<time>2026-03-20T02:57:50Z</time>
			</trkpt>
			<trkpt lat="30.391486" lon="119.781439">
				<speed>0.684135</speed>
				<ele>124.000000</ele>
				<time>2026-03-20T02:57:56Z</time>
			</trkpt>
			<trkpt lat="30.391445" lon="119.781421">
				<speed>1.143303</speed>
				<ele>125.000000</ele>
				<time>2026-03-20T02:58:00Z</time>
			</trkpt>
			<trkpt lat="30.391400" lon="119.781399">
				<speed>0.442800</speed>
				<ele>127.000000</ele>
				<time>2026-03-20T02:58:05Z</time>
			</trkpt>
			<trkpt lat="30.391355" lon="119.781378">
				<speed>0.849333</speed>
				<ele>128.000000</ele>
				<time>2026-03-20T02:58:10Z</time>
			</trkpt>
			<trkpt lat="30.391312" lon="119.781332">
				<speed>1.120429</speed>
				<ele>128.000000</ele>
				<time>2026-03-20T02:58:17Z</time>
			</trkpt>
			<trkpt lat="30.391285" lon="119.781283">
				<speed>0.970365</speed>
				<ele>128.000000</ele>
				<time>2026-03-20T02:58:23Z</time>
			</trkpt>
			<trkpt lat="30.391246" lon="119.781253">
				<speed>1.056853</speed>
				<ele>127.000000</ele>
				<time>2026-03-20T02:58:28Z</time>
			</trkpt>
			<trkpt lat="30.391202" lon="119.781214">
				<speed>1.231127</speed>
				<ele>128.000000</ele>
				<time>2026-03-20T02:58:36Z</time>
			</trkpt>
			<trkpt lat="30.391171" lon="119.781177">
				<speed>1.421028</speed>
				<ele>128.000000</ele>
				<time>2026-03-20T02:58:41Z</time>
			</trkpt>
			<trkpt lat="30.391136" lon="119.781136">
				<speed>0.968346</speed>
				<ele>129.000000</ele>
				<time>2026-03-20T02:58:46Z</time>
			</trkpt>
			<trkpt lat="30.391095" lon="119.781090">
				<speed>0.998960</speed>
				<ele>130.000000</ele>
				<time>2026-03-20T02:58:52Z</time>
			</trkpt>
			<trkpt lat="30.391060" lon="119.781047">
				<speed>0.729527</speed>
				<ele>130.000000</ele>
				<time>2026-03-20T02:58:58Z</time>
			</trkpt>
			<trkpt lat="30.391026" lon="119.781003">
				<speed>0.938665</speed>
				<ele>130.000000</ele>
				<time>2026-03-20T02:59:04Z</time>
			</trkpt>
			<trkpt lat="30.390986" lon="119.780962">
				<speed>0.772143</speed>
				<ele>131.000000</ele>
				<time>2026-03-20T02:59:11Z</time>
			</trkpt>
			<trkpt lat="30.390944" lon="119.780931">
				<speed>0.873475</speed>
				<ele>132.000000</ele>
				<time>2026-03-20T02:59:18Z</time>
			</trkpt>
			<trkpt lat="30.390900" lon="119.780904">
				<speed>0.637740</speed>
				<ele>133.000000</ele>
				<time>2026-03-20T02:59:25Z</time>
			</trkpt>
			<trkpt lat="30.390863" lon="119.780869">
				<speed>0.938962</speed>
				<ele>134.000000</ele>
				<time>2026-03-20T02:59:34Z</time>
			</trkpt>
			<trkpt lat="30.390829" lon="119.780844">
				<speed>1.088571</speed>
				<ele>134.000000</ele>
				<time>2026-03-20T02:59:39Z</time>
			</trkpt>
			<trkpt lat="30.390786" lon="119.780823">
				<speed>0.884629</speed>
				<ele>135.000000</ele>
				<time>2026-03-20T02:59:44Z</time>
			</trkpt>
			<trkpt lat="30.390737" lon="119.780797">
				<speed>0.861949</speed>
				<ele>136.000000</ele>
				<time>2026-03-20T02:59:51Z</time>
			</trkpt>
			<trkpt lat="30.390693" lon="119.780774">
				<speed>0.703130</speed>
				<ele>137.000000</ele>
				<time>2026-03-20T02:59:57Z</time>
			</trkpt>
			<trkpt lat="30.390649" lon="119.780745">
				<speed>0.724694</speed>
				<ele>138.000000</ele>
				<time>2026-03-20T03:00:04Z</time>
			</trkpt>
			<trkpt lat="30.390609" lon="119.780723">
				<speed>0.729019</speed>
				<ele>138.000000</ele>
				<time>2026-03-20T03:00:09Z</time>
			</trkpt>
			<trkpt lat="30.390562" lon="119.780696">
				<speed>0.686124</speed>
				<ele>140.000000</ele>
				<time>2026-03-20T03:00:15Z</time>
			</trkpt>
			<trkpt lat="30.390517" lon="119.780668">
				<speed>0.803297</speed>
				<ele>142.000000</ele>
				<time>2026-03-20T03:00:21Z</time>
			</trkpt>
			<trkpt lat="30.390489" lon="119.780626">
				<speed>0.904994</speed>
				<ele>141.000000</ele>
				<time>2026-03-20T03:00:26Z</time>
			</trkpt>
			<trkpt lat="30.390454" lon="119.780591">
				<speed>1.165468</speed>
				<ele>142.000000</ele>
				<time>2026-03-20T03:00:31Z</time>
			</trkpt>
			<trkpt lat="30.390399" lon="119.780563">
				<speed>0.649191</speed>
				<ele>142.000000</ele>
				<time>2026-03-20T03:00:46Z</time>
			</trkpt>
			<trkpt lat="30.390359" lon="119.780551">
				<speed>0.829552</speed>
				<ele>142.000000</ele>
				<time>2026-03-20T03:00:52Z</time>
			</trkpt>
			<trkpt lat="30.390308" lon="119.780531">
				<speed>1.032207</speed>
				<ele>142.000000</ele>
				<time>2026-03-20T03:00:58Z</time>
			</trkpt>
			<trkpt lat="30.390264" lon="119.780495">
				<speed>0.773884</speed>
				<ele>143.000000</ele>
				<time>2026-03-20T03:01:04Z</time>
			</trkpt>
			<trkpt lat="30.390223" lon="119.780458">
				<speed>0.938314</speed>
				<ele>144.000000</ele>
				<time>2026-03-20T03:01:10Z</time>
			</trkpt>
			<trkpt lat="30.390191" lon="119.780421">
				<speed>1.086434</speed>
				<ele>144.000000</ele>
				<time>2026-03-20T03:01:16Z</time>
			</trkpt>
			<trkpt lat="30.390155" lon="119.780383">
				<speed>1.038901</speed>
				<ele>145.000000</ele>
				<time>2026-03-20T03:01:21Z</time>
			</trkpt>
			<trkpt lat="30.390115" lon="119.780353">
				<speed>0.981139</speed>
				<ele>145.000000</ele>
				<time>2026-03-20T03:01:26Z</time>
			</trkpt>
			<trkpt lat="30.390064" lon="119.780320">
				<speed>1.003521</speed>
				<ele>146.000000</ele>
				<time>2026-03-20T03:01:52Z</time>
			</trkpt>
			<trkpt lat="30.390043" lon="119.780287">
				<speed>0.958507</speed>
				<ele>147.000000</ele>
				<time>2026-03-20T03:01:57Z</time>
			</trkpt>
			<trkpt lat="30.390011" lon="119.780234">
				<speed>1.112495</speed>
				<ele>147.000000</ele>
				<time>2026-03-20T03:02:02Z</time>
			</trkpt>
			<trkpt lat="30.389989" lon="119.780170">
				<speed>1.229286</speed>
				<ele>148.000000</ele>
				<time>2026-03-20T03:02:07Z</time>
			</trkpt>
			<trkpt lat="30.389969" lon="119.780114">
				<speed>1.029506</speed>
				<ele>150.000000</ele>
				<time>2026-03-20T03:02:12Z</time>
			</trkpt>
			<trkpt lat="30.389949" lon="119.780061">
				<speed>0.785124</speed>
				<ele>151.000000</ele>
				<time>2026-03-20T03:02:17Z</time>
			</trkpt>
			<trkpt lat="30.389927" lon="119.780010">
				<speed>0.746705</speed>
				<ele>151.000000</ele>
				<time>2026-03-20T03:02:23Z</time>
			</trkpt>
			<trkpt lat="30.389902" lon="119.779957">
				<speed>0.841293</speed>
				<ele>152.000000</ele>
				<time>2026-03-20T03:02:29Z</time>
			</trkpt>
			<trkpt lat="30.389903" lon="119.779896">
				<speed>0.398421</speed>
				<ele>155.000000</ele>
				<time>2026-03-20T03:03:06Z</time>
			</trkpt>
			<trkpt lat="30.389894" lon="119.779861">
				<speed>0.571510</speed>
				<ele>154.000000</ele>
				<time>2026-03-20T03:03:11Z</time>
			</trkpt>
			<trkpt lat="30.389882" lon="119.779801">
				<speed>0.600179</speed>
				<ele>154.000000</ele>
				<time>2026-03-20T03:03:16Z</time>
			</trkpt>
			<trkpt lat="30.389860" lon="119.779746">
				<speed>0.247196</speed>
				<ele>154.000000</ele>
				<time>2026-03-20T03:03:22Z</time>
			</trkpt>
			<trkpt lat="30.389830" lon="119.779703">
				<speed>0.723792</speed>
				<ele>155.000000</ele>
				<time>2026-03-20T03:03:26Z</time>
			</trkpt>
			<trkpt lat="30.389797" lon="119.779650">
				<speed>0.731241</speed>
				<ele>156.000000</ele>
				<time>2026-03-20T03:03:32Z</time>
			</trkpt>
			<trkpt lat="30.389761" lon="119.779611">
				<speed>0.681129</speed>
				<ele>158.000000</ele>
				<time>2026-03-20T03:03:38Z</time>
			</trkpt>
			<trkpt lat="30.389709" lon="119.779586">
				<speed>0.398706</speed>
				<ele>161.000000</ele>
				<time>2026-03-20T03:03:53Z</time>
			</trkpt>
			<trkpt lat="30.389686" lon="119.779539">
				<speed>0.731835</speed>
				<ele>162.000000</ele>
				<time>2026-03-20T03:04:03Z</time>
			</trkpt>
			<trkpt lat="30.389652" lon="119.779493">
				<speed>0.780077</speed>
				<ele>162.000000</ele>
				<time>2026-03-20T03:04:09Z</time>
			</trkpt>
			<trkpt lat="30.389617" lon="119.779452">
				<speed>0.470804</speed>
				<ele>163.000000</ele>
				<time>2026-03-20T03:04:16Z</time>
			</trkpt>
			<trkpt lat="30.389579" lon="119.779409">
				<speed>0.750694</speed>
				<ele>164.000000</ele>
				<time>2026-03-20T03:04:23Z</time>
			</trkpt>
			<trkpt lat="30.389543" lon="119.779372">
				<speed>0.399146</speed>
				<ele>166.000000</ele>
				<time>2026-03-20T03:04:33Z</time>
			</trkpt>
			<trkpt lat="30.389504" lon="119.779336">
				<speed>0.710873</speed>
				<ele>165.000000</ele>
				<time>2026-03-20T03:04:41Z</time>
			</trkpt>
			<trkpt lat="30.389471" lon="119.779293">
				<speed>0.398976</speed>
				<ele>166.000000</ele>
				<time>2026-03-20T03:04:48Z</time>
			</trkpt>
			<trkpt lat="30.389431" lon="119.779256">
				<speed>0.499207</speed>
				<ele>166.000000</ele>
				<time>2026-03-20T03:04:55Z</time>
			</trkpt>
			<trkpt lat="30.389393" lon="119.779216">
				<speed>0.613259</speed>
				<ele>168.000000</ele>
				<time>2026-03-20T03:05:02Z</time>
			</trkpt>
			<trkpt lat="30.389355" lon="119.779180">
				<speed>0.437591</speed>
				<ele>170.000000</ele>
				<time>2026-03-20T03:05:11Z</time>
			</trkpt>
			<trkpt lat="30.389316" lon="119.779150">
				<speed>0.588827</speed>
				<ele>172.000000</ele>
				<time>2026-03-20T03:05:19Z</time>
			</trkpt>
			<trkpt lat="30.389278" lon="119.779110">
				<speed>0.598817</speed>
				<ele>173.000000</ele>
				<time>2026-03-20T03:05:28Z</time>
			</trkpt>
			<trkpt lat="30.389226" lon="119.779136">
				<speed>0.771822</speed>
				<ele>175.000000</ele>
				<time>2026-03-20T03:05:43Z</time>
			</trkpt>
			<trkpt lat="30.389194" lon="119.779170">
				<speed>0.000000</speed>
				<ele>176.000000</ele>
				<time>2026-03-20T03:05:50Z</time>
			</trkpt>
			<trkpt lat="30.389234" lon="119.779172">
				<speed>0.067748</speed>
				<ele>176.000000</ele>
				<time>2026-03-20T03:06:06Z</time>
			</trkpt>
			<trkpt lat="30.389261" lon="119.779135">
				<speed>0.201158</speed>
				<ele>174.000000</ele>
				<time>2026-03-20T03:06:11Z</time>
			</trkpt>
			<trkpt lat="30.389237" lon="119.779092">
				<speed>0.723208</speed>
				<ele>173.000000</ele>
				<time>2026-03-20T03:06:16Z</time>
			</trkpt>
			<trkpt lat="30.389192" lon="119.779049">
				<speed>0.453427</speed>
				<ele>175.000000</ele>
				<time>2026-03-20T03:06:23Z</time>
			</trkpt>
			<trkpt lat="30.389151" lon="119.779009">
				<speed>0.545563</speed>
				<ele>178.000000</ele>
				<time>2026-03-20T03:06:29Z</time>
			</trkpt>
			<trkpt lat="30.389103" lon="119.778971">
				<speed>0.732184</speed>
				<ele>179.000000</ele>
				<time>2026-03-20T03:06:40Z</time>
			</trkpt>
			<trkpt lat="30.389072" lon="119.778941">
				<speed>0.609545</speed>
				<ele>179.000000</ele>
				<time>2026-03-20T03:06:46Z</time>
			</trkpt>
			<trkpt lat="30.389031" lon="119.778902">
				<speed>0.201399</speed>
				<ele>181.000000</ele>
				<time>2026-03-20T03:06:53Z</time>
			</trkpt>
			<trkpt lat="30.388991" lon="119.778867">
				<speed>0.665321</speed>
				<ele>182.000000</ele>
				<time>2026-03-20T03:06:59Z</time>
			</trkpt>
			<trkpt lat="30.388948" lon="119.778840">
				<speed>0.648009</speed>
				<ele>182.000000</ele>
				<time>2026-03-20T03:07:04Z</time>
			</trkpt>
			<trkpt lat="30.388900" lon="119.778818">
				<speed>0.671194</speed>
				<ele>183.000000</ele>
				<time>2026-03-20T03:07:11Z</time>
			</trkpt>
			<trkpt lat="30.388865" lon="119.778782">
				<speed>0.415392</speed>
				<ele>185.000000</ele>
				<time>2026-03-20T03:07:19Z</time>
			</trkpt>
			<trkpt lat="30.388834" lon="119.778747">
				<speed>0.416113</speed>
				<ele>188.000000</ele>
				<time>2026-03-20T03:07:25Z</time>
			</trkpt>
			<trkpt lat="30.388797" lon="119.778706">
				<speed>0.577882</speed>
				<ele>189.000000</ele>
				<time>2026-03-20T03:07:33Z</time>
			</trkpt>
			<trkpt lat="30.388769" lon="119.778668">
				<speed>0.795841</speed>
				<ele>190.000000</ele>
				<time>2026-03-20T03:07:38Z</time>
			</trkpt>
			<trkpt lat="30.388739" lon="119.778621">
				<speed>0.762073</speed>
				<ele>190.000000</ele>
				<time>2026-03-20T03:07:43Z</time>
			</trkpt>
			<trkpt lat="30.388702" lon="119.778574">
				<speed>0.677821</speed>
				<ele>191.000000</ele>
				<time>2026-03-20T03:07:49Z</time>
			</trkpt>
			<trkpt lat="30.388666" lon="119.778534">
				<speed>0.602115</speed>
				<ele>193.000000</ele>
				<time>2026-03-20T03:07:57Z</time>
			</trkpt>
			<trkpt lat="30.388633" lon="119.778502">
				<speed>0.703313</speed>
				<ele>195.000000</ele>
				<time>2026-03-20T03:08:04Z</time>
			</trkpt>
			<trkpt lat="30.388600" lon="119.778460">
				<speed>0.729894</speed>
				<ele>196.000000</ele>
				<time>2026-03-20T03:08:11Z</time>
			</trkpt>
			<trkpt lat="30.388559" lon="119.778426">
				<speed>1.096909</speed>
				<ele>197.000000</ele>
				<time>2026-03-20T03:08:47Z</time>
			</trkpt>
			<trkpt lat="30.388522" lon="119.778432">
				<speed>0.586115</speed>
				<ele>198.000000</ele>
				<time>2026-03-20T03:08:53Z</time>
			</trkpt>
			<trkpt lat="30.388465" lon="119.778421">
				<speed>0.770389</speed>
				<ele>199.000000</ele>
				<time>2026-03-20T03:09:00Z</time>
			</trkpt>
			<trkpt lat="30.388414" lon="119.778383">
				<speed>1.062081</speed>
				<ele>199.000000</ele>
				<time>2026-03-20T03:09:08Z</time>
			</trkpt>
			<trkpt lat="30.388372" lon="119.778344">
				<speed>0.970367</speed>
				<ele>200.000000</ele>
				<time>2026-03-20T03:09:14Z</time>
			</trkpt>
			<trkpt lat="30.388343" lon="119.778299">
				<speed>0.861905</speed>
				<ele>201.000000</ele>
				<time>2026-03-20T03:09:20Z</time>
			</trkpt>
			<trkpt lat="30.388302" lon="119.778257">
				<speed>1.022323</speed>
				<ele>202.000000</ele>
				<time>2026-03-20T03:09:26Z</time>
			</trkpt>
			<trkpt lat="30.388251" lon="119.778262">
				<speed>0.550001</speed>
				<ele>199.000000</ele>
				<time>2026-03-20T03:10:27Z</time>
			</trkpt>
			<trkpt lat="30.388278" lon="119.778211">
				<speed>0.830516</speed>
				<ele>203.000000</ele>
				<time>2026-03-20T03:12:38Z</time>
			</trkpt>
			<trkpt lat="30.388281" lon="119.778169">
				<speed>0.925513</speed>
				<ele>205.000000</ele>
				<time>2026-03-20T03:12:42Z</time>
			</trkpt>
			<trkpt lat="30.388265" lon="119.778125">
				<speed>1.034397</speed>
				<ele>206.000000</ele>
				<time>2026-03-20T03:12:46Z</time>
			</trkpt>
			<trkpt lat="30.388224" lon="119.778082">
				<speed>0.263436</speed>
				<ele>208.000000</ele>
				<time>2026-03-20T03:12:56Z</time>
			</trkpt>
			<trkpt lat="30.388203" lon="119.778136">
				<speed>0.025995</speed>
				<ele>207.000000</ele>
				<time>2026-03-20T03:13:51Z</time>
			</trkpt>
			<trkpt lat="30.388220" lon="119.778087">
				<speed>0.000000</speed>
				<ele>207.000000</ele>
				<time>2026-03-20T03:14:38Z</time>
			</trkpt>
			<trkpt lat="30.388170" lon="119.778082">
				<speed>0.916992</speed>
				<ele>205.000000</ele>
				<time>2026-03-20T03:15:26Z</time>
			</trkpt>
			<trkpt lat="30.388135" lon="119.778059">
				<speed>0.622040</speed>
				<ele>206.000000</ele>
				<time>2026-03-20T03:15:33Z</time>
			</trkpt>
			<trkpt lat="30.388097" lon="119.778019">
				<speed>0.790452</speed>
				<ele>207.000000</ele>
				<time>2026-03-20T03:15:38Z</time>
			</trkpt>
			<trkpt lat="30.388058" lon="119.777983">
				<speed>1.033791</speed>
				<ele>208.000000</ele>
				<time>2026-03-20T03:15:43Z</time>
			</trkpt>
			<trkpt lat="30.388013" lon="119.777956">
				<speed>0.866075</speed>
				<ele>209.000000</ele>
				<time>2026-03-20T03:15:48Z</time>
			</trkpt>
			<trkpt lat="30.387974" lon="119.777924">
				<speed>0.997093</speed>
				<ele>209.000000</ele>
				<time>2026-03-20T03:15:52Z</time>
			</trkpt>
			<trkpt lat="30.387931" lon="119.777892">
				<speed>0.415218</speed>
				<ele>208.000000</ele>
				<time>2026-03-20T03:15:58Z</time>
			</trkpt>
			<trkpt lat="30.387889" lon="119.777862">
				<speed>0.998927</speed>
				<ele>208.000000</ele>
				<time>2026-03-20T03:16:03Z</time>
			</trkpt>
			<trkpt lat="30.387846" lon="119.777832">
				<speed>0.765654</speed>
				<ele>210.000000</ele>
				<time>2026-03-20T03:16:08Z</time>
			</trkpt>
			<trkpt lat="30.387806" lon="119.777797">
				<speed>0.884129</speed>
				<ele>211.000000</ele>
				<time>2026-03-20T03:16:14Z</time>
			</trkpt>
			<trkpt lat="30.387768" lon="119.777769">
				<speed>0.966178</speed>
				<ele>211.000000</ele>
				<time>2026-03-20T03:16:19Z</time>
			</trkpt>
			<trkpt lat="30.387723" lon="119.777744">
				<speed>1.033699</speed>
				<ele>211.000000</ele>
				<time>2026-03-20T03:16:24Z</time>
			</trkpt>
			<trkpt lat="30.387685" lon="119.777716">
				<speed>1.007246</speed>
				<ele>210.000000</ele>
				<time>2026-03-20T03:16:28Z</time>
			</trkpt>
			<trkpt lat="30.387636" lon="119.777689">
				<speed>0.808062</speed>
				<ele>209.000000</ele>
				<time>2026-03-20T03:16:33Z</time>
			</trkpt>
			<trkpt lat="30.387596" lon="119.777656">
				<speed>0.871520</speed>
				<ele>208.000000</ele>
				<time>2026-03-20T03:16:38Z</time>
			</trkpt>
			<trkpt lat="30.387558" lon="119.777623">
				<speed>1.084369</speed>
				<ele>207.000000</ele>
				<time>2026-03-20T03:16:42Z</time>
			</trkpt>
			<trkpt lat="30.387521" lon="119.777592">
				<speed>1.014861</speed>
				<ele>207.000000</ele>
				<time>2026-03-20T03:16:46Z</time>
			</trkpt>
			<trkpt lat="30.387468" lon="119.777557">
				<speed>1.043686</speed>
				<ele>207.000000</ele>
				<time>2026-03-20T03:16:51Z</time>
			</trkpt>
			<trkpt lat="30.387419" lon="119.777529">
				<speed>1.075689</speed>
				<ele>207.000000</ele>
				<time>2026-03-20T03:16:56Z</time>
			</trkpt>
			<trkpt lat="30.387378" lon="119.777488">
				<speed>1.230909</speed>
				<ele>207.000000</ele>
				<time>2026-03-20T03:17:00Z</time>
			</trkpt>
			<trkpt lat="30.387341" lon="119.777448">
				<speed>1.051210</speed>
				<ele>207.000000</ele>
				<time>2026-03-20T03:17:04Z</time>
			</trkpt>
			<trkpt lat="30.387305" lon="119.777412">
				<speed>1.115981</speed>
				<ele>205.000000</ele>
				<time>2026-03-20T03:17:08Z</time>
			</trkpt>
			<trkpt lat="30.387268" lon="119.777380">
				<speed>1.394075</speed>
				<ele>204.000000</ele>
				<time>2026-03-20T03:17:12Z</time>
			</trkpt>
			<trkpt lat="30.387230" lon="119.777350">
				<speed>1.076146</speed>
				<ele>204.000000</ele>
				<time>2026-03-20T03:17:16Z</time>
			</trkpt>
			<trkpt lat="30.387180" lon="119.777327">
				<speed>1.072122</speed>
				<ele>204.000000</ele>
				<time>2026-03-20T03:17:21Z</time>
			</trkpt>
			<trkpt lat="30.387138" lon="119.777299">
				<speed>1.053264</speed>
				<ele>204.000000</ele>
				<time>2026-03-20T03:17:25Z</time>
			</trkpt>
			<trkpt lat="30.387094" lon="119.777265">
				<speed>1.358362</speed>
				<ele>203.000000</ele>
				<time>2026-03-20T03:17:29Z</time>
			</trkpt>
			<trkpt lat="30.387058" lon="119.777231">
				<speed>1.476253</speed>
				<ele>203.000000</ele>
				<time>2026-03-20T03:17:32Z</time>
			</trkpt>
			<trkpt lat="30.387018" lon="119.777187">
				<speed>1.292261</speed>
				<ele>203.000000</ele>
				<time>2026-03-20T03:17:36Z</time>
			</trkpt>
			<trkpt lat="30.386982" lon="119.777140">
				<speed>1.198445</speed>
				<ele>203.000000</ele>
				<time>2026-03-20T03:17:40Z</time>
			</trkpt>
			<trkpt lat="30.386946" lon="119.777095">
				<speed>1.384428</speed>
				<ele>203.000000</ele>
				<time>2026-03-20T03:17:44Z</time>
			</trkpt>
			<trkpt lat="30.386913" lon="119.777061">
				<speed>1.535310</speed>
				<ele>203.000000</ele>
				<time>2026-03-20T03:17:47Z</time>
			</trkpt>
			<trkpt lat="30.386879" lon="119.777014">
				<speed>1.070770</speed>
				<ele>203.000000</ele>
				<time>2026-03-20T03:17:51Z</time>
			</trkpt>
			<trkpt lat="30.386842" lon="119.776960">
				<speed>1.020099</speed>
				<ele>203.000000</ele>
				<time>2026-03-20T03:17:56Z</time>
			</trkpt>
			<trkpt lat="30.386810" lon="119.776922">
				<speed>1.122657</speed>
				<ele>202.000000</ele>
				<time>2026-03-20T03:18:01Z</time>
			</trkpt>
			<trkpt lat="30.386769" lon="119.776877">
				<speed>1.055235</speed>
				<ele>200.000000</ele>
				<time>2026-03-20T03:18:06Z</time>
			</trkpt>
			<trkpt lat="30.386740" lon="119.776835">
				<speed>1.064971</speed>
				<ele>199.000000</ele>
				<time>2026-03-20T03:18:10Z</time>
			</trkpt>
			<trkpt lat="30.386703" lon="119.776781">
				<speed>1.259570</speed>
				<ele>198.000000</ele>
				<time>2026-03-20T03:18:15Z</time>
			</trkpt>
			<trkpt lat="30.386674" lon="119.776722">
				<speed>1.232174</speed>
				<ele>198.000000</ele>
				<time>2026-03-20T03:18:20Z</time>
			</trkpt>
			<trkpt lat="30.386652" lon="119.776674">
				<speed>1.063955</speed>
				<ele>199.000000</ele>
				<time>2026-03-20T03:18:24Z</time>
			</trkpt>
			<trkpt lat="30.386626" lon="119.776629">
				<speed>0.787805</speed>
				<ele>199.000000</ele>
				<time>2026-03-20T03:18:28Z</time>
			</trkpt>
			<trkpt lat="30.386601" lon="119.776570">
				<speed>0.902923</speed>
				<ele>198.000000</ele>
				<time>2026-03-20T03:18:33Z</time>
			</trkpt>
			<trkpt lat="30.386579" lon="119.776522">
				<speed>0.867203</speed>
				<ele>198.000000</ele>
				<time>2026-03-20T03:18:37Z</time>
			</trkpt>
			<trkpt lat="30.386544" lon="119.776469">
				<speed>0.807306</speed>
				<ele>196.000000</ele>
				<time>2026-03-20T03:18:44Z</time>
			</trkpt>
			<trkpt lat="30.386507" lon="119.776433">
				<speed>0.801370</speed>
				<ele>197.000000</ele>
				<time>2026-03-20T03:18:52Z</time>
			</trkpt>
			<trkpt lat="30.386476" lon="119.776393">
				<speed>1.040023</speed>
				<ele>197.000000</ele>
				<time>2026-03-20T03:18:56Z</time>
			</trkpt>
			<trkpt lat="30.386444" lon="119.776349">
				<speed>1.253608</speed>
				<ele>197.000000</ele>
				<time>2026-03-20T03:19:00Z</time>
			</trkpt>
			<trkpt lat="30.386413" lon="119.776295">
				<speed>0.823373</speed>
				<ele>196.000000</ele>
				<time>2026-03-20T03:19:05Z</time>
			</trkpt>
			<trkpt lat="30.386381" lon="119.776241">
				<speed>0.526450</speed>
				<ele>193.000000</ele>
				<time>2026-03-20T03:19:10Z</time>
			</trkpt>
			<trkpt lat="30.386347" lon="119.776197">
				<speed>1.044748</speed>
				<ele>192.000000</ele>
				<time>2026-03-20T03:19:13Z</time>
			</trkpt>
			<trkpt lat="30.386322" lon="119.776141">
				<speed>0.600383</speed>
				<ele>191.000000</ele>
				<time>2026-03-20T03:19:17Z</time>
			</trkpt>
			<trkpt lat="30.386296" lon="119.776091">
				<speed>1.023611</speed>
				<ele>191.000000</ele>
				<time>2026-03-20T03:19:21Z</time>
			</trkpt>
			<trkpt lat="30.386272" lon="119.776044">
				<speed>0.697360</speed>
				<ele>191.000000</ele>
				<time>2026-03-20T03:19:25Z</time>
			</trkpt>
			<trkpt lat="30.386242" lon="119.775996">
				<speed>0.801389</speed>
				<ele>191.000000</ele>
				<time>2026-03-20T03:19:29Z</time>
			</trkpt>
			<trkpt lat="30.386216" lon="119.775944">
				<speed>1.056171</speed>
				<ele>190.000000</ele>
				<time>2026-03-20T03:19:34Z</time>
			</trkpt>
			<trkpt lat="30.386198" lon="119.775892">
				<speed>0.971555</speed>
				<ele>189.000000</ele>
				<time>2026-03-20T03:19:38Z</time>
			</trkpt>
			<trkpt lat="30.386175" lon="119.775832">
				<speed>1.016731</speed>
				<ele>188.000000</ele>
				<time>2026-03-20T03:19:42Z</time>
			</trkpt>
			<trkpt lat="30.386150" lon="119.775777">
				<speed>1.133511</speed>
				<ele>188.000000</ele>
				<time>2026-03-20T03:19:45Z</time>
			</trkpt>
			<trkpt lat="30.386124" lon="119.775719">
				<speed>1.013808</speed>
				<ele>187.000000</ele>
				<time>2026-03-20T03:19:49Z</time>
			</trkpt>
			<trkpt lat="30.386098" lon="119.775662">
				<speed>1.336437</speed>
				<ele>187.000000</ele>
				<time>2026-03-20T03:19:53Z</time>
			</trkpt>
			<trkpt lat="30.386063" lon="119.775616">
				<speed>1.303120</speed>
				<ele>187.000000</ele>
				<time>2026-03-20T03:19:57Z</time>
			</trkpt>
			<trkpt lat="30.386022" lon="119.775576">
				<speed>0.961735</speed>
				<ele>187.000000</ele>
				<time>2026-03-20T03:20:01Z</time>
			</trkpt>
			<trkpt lat="30.385980" lon="119.775543">
				<speed>0.749446</speed>
				<ele>187.000000</ele>
				<time>2026-03-20T03:20:05Z</time>
			</trkpt>
			<trkpt lat="30.385928" lon="119.775532">
				<speed>0.963708</speed>
				<ele>186.000000</ele>
				<time>2026-03-20T03:20:11Z</time>
			</trkpt>
			<trkpt lat="30.385874" lon="119.775521">
				<speed>0.890192</speed>
				<ele>186.000000</ele>
				<time>2026-03-20T03:20:16Z</time>
			</trkpt>
			<trkpt lat="30.385815" lon="119.775517">
				<speed>1.049611</speed>
				<ele>187.000000</ele>
				<time>2026-03-20T03:20:21Z</time>
			</trkpt>
			<trkpt lat="30.385766" lon="119.775513">
				<speed>0.620214</speed>
				<ele>187.000000</ele>
				<time>2026-03-20T03:20:25Z</time>
			</trkpt>
			<trkpt lat="30.385715" lon="119.775516">
				<speed>0.972508</speed>
				<ele>187.000000</ele>
				<time>2026-03-20T03:20:29Z</time>
			</trkpt>
			<trkpt lat="30.385656" lon="119.775530">
				<speed>0.958693</speed>
				<ele>188.000000</ele>
				<time>2026-03-20T03:20:35Z</time>
			</trkpt>
			<trkpt lat="30.385613" lon="119.775569">
				<speed>0.993310</speed>
				<ele>190.000000</ele>
				<time>2026-03-20T03:20:39Z</time>
			</trkpt>
			<trkpt lat="30.385569" lon="119.775601">
				<speed>1.095919</speed>
				<ele>190.000000</ele>
				<time>2026-03-20T03:20:43Z</time>
			</trkpt>
			<trkpt lat="30.385526" lon="119.775625">
				<speed>0.995692</speed>
				<ele>190.000000</ele>
				<time>2026-03-20T03:20:47Z</time>
			</trkpt>
			<trkpt lat="30.385474" lon="119.775641">
				<speed>0.739007</speed>
				<ele>190.000000</ele>
				<time>2026-03-20T03:20:52Z</time>
			</trkpt>
			<trkpt lat="30.385430" lon="119.775635">
				<speed>1.057334</speed>
				<ele>188.000000</ele>
				<time>2026-03-20T03:20:56Z</time>
			</trkpt>
			<trkpt lat="30.385377" lon="119.775625">
				<speed>0.981819</speed>
				<ele>188.000000</ele>
				<time>2026-03-20T03:21:00Z</time>
			</trkpt>
			<trkpt lat="30.385325" lon="119.775614">
				<speed>1.046395</speed>
				<ele>187.000000</ele>
				<time>2026-03-20T03:21:04Z</time>
			</trkpt>
			<trkpt lat="30.385281" lon="119.775608">
				<speed>1.290661</speed>
				<ele>187.000000</ele>
				<time>2026-03-20T03:21:06Z</time>
			</trkpt>
			<trkpt lat="30.385222" lon="119.775605">
				<speed>0.958886</speed>
				<ele>186.000000</ele>
				<time>2026-03-20T03:21:11Z</time>
			</trkpt>
			<trkpt lat="30.385179" lon="119.775589">
				<speed>1.066847</speed>
				<ele>186.000000</ele>
				<time>2026-03-20T03:21:15Z</time>
			</trkpt>
			<trkpt lat="30.385126" lon="119.775570">
				<speed>1.008348</speed>
				<ele>186.000000</ele>
				<time>2026-03-20T03:21:21Z</time>
			</trkpt>
			<trkpt lat="30.385075" lon="119.775570">
				<speed>0.854067</speed>
				<ele>186.000000</ele>
				<time>2026-03-20T03:21:26Z</time>
			</trkpt>
			<trkpt lat="30.385024" lon="119.775566">
				<speed>1.335726</speed>
				<ele>187.000000</ele>
				<time>2026-03-20T03:21:30Z</time>
			</trkpt>
			<trkpt lat="30.384971" lon="119.775564">
				<speed>1.012356</speed>
				<ele>187.000000</ele>
				<time>2026-03-20T03:21:34Z</time>
			</trkpt>
			<trkpt lat="30.384920" lon="119.775562">
				<speed>1.031224</speed>
				<ele>187.000000</ele>
				<time>2026-03-20T03:21:38Z</time>
			</trkpt>
			<trkpt lat="30.384867" lon="119.775561">
				<speed>1.064882</speed>
				<ele>186.000000</ele>
				<time>2026-03-20T03:21:42Z</time>
			</trkpt>
			<trkpt lat="30.384819" lon="119.775539">
				<speed>0.644437</speed>
				<ele>186.000000</ele>
				<time>2026-03-20T03:21:48Z</time>
			</trkpt>
			<trkpt lat="30.384790" lon="119.775504">
				<speed>1.267572</speed>
				<ele>186.000000</ele>
				<time>2026-03-20T03:21:51Z</time>
			</trkpt>
			<trkpt lat="30.384738" lon="119.775484">
				<speed>1.034878</speed>
				<ele>187.000000</ele>
				<time>2026-03-20T03:21:56Z</time>
			</trkpt>
			<trkpt lat="30.384679" lon="119.775465">
				<speed>1.097045</speed>
				<ele>186.000000</ele>
				<time>2026-03-20T03:22:01Z</time>
			</trkpt>
			<trkpt lat="30.384624" lon="119.775434">
				<speed>1.076482</speed>
				<ele>185.000000</ele>
				<time>2026-03-20T03:22:06Z</time>
			</trkpt>
			<trkpt lat="30.384574" lon="119.775412">
				<speed>0.453967</speed>
				<ele>185.000000</ele>
				<time>2026-03-20T03:22:11Z</time>
			</trkpt>
			<trkpt lat="30.384531" lon="119.775393">
				<speed>0.900302</speed>
				<ele>185.000000</ele>
				<time>2026-03-20T03:22:16Z</time>
			</trkpt>
			<trkpt lat="30.384481" lon="119.775394">
				<speed>0.887423</speed>
				<ele>186.000000</ele>
				<time>2026-03-20T03:22:22Z</time>
			</trkpt>
			<trkpt lat="30.384430" lon="119.775407">
				<speed>0.964816</speed>
				<ele>187.000000</ele>
				<time>2026-03-20T03:22:27Z</time>
			</trkpt>
			<trkpt lat="30.384379" lon="119.775425">
				<speed>0.872680</speed>
				<ele>187.000000</ele>
				<time>2026-03-20T03:22:32Z</time>
			</trkpt>
			<trkpt lat="30.384333" lon="119.775440">
				<speed>1.053268</speed>
				<ele>187.000000</ele>
				<time>2026-03-20T03:22:36Z</time>
			</trkpt>
			<trkpt lat="30.384286" lon="119.775441">
				<speed>0.857204</speed>
				<ele>187.000000</ele>
				<time>2026-03-20T03:22:40Z</time>
			</trkpt>
			<trkpt lat="30.384233" lon="119.775450">
				<speed>1.155291</speed>
				<ele>185.000000</ele>
				<time>2026-03-20T03:22:44Z</time>
			</trkpt>
			<trkpt lat="30.384180" lon="119.775464">
				<speed>1.006447</speed>
				<ele>183.000000</ele>
				<time>2026-03-20T03:22:48Z</time>
			</trkpt>
			<trkpt lat="30.384121" lon="119.775480">
				<speed>0.984025</speed>
				<ele>182.000000</ele>
				<time>2026-03-20T03:22:53Z</time>
			</trkpt>
			<trkpt lat="30.384079" lon="119.775500">
				<speed>0.843847</speed>
				<ele>183.000000</ele>
				<time>2026-03-20T03:22:57Z</time>
			</trkpt>
			<trkpt lat="30.384030" lon="119.775511">
				<speed>1.315050</speed>
				<ele>183.000000</ele>
				<time>2026-03-20T03:23:01Z</time>
			</trkpt>
			<trkpt lat="30.383975" lon="119.775502">
				<speed>0.854784</speed>
				<ele>183.000000</ele>
				<time>2026-03-20T03:23:07Z</time>
			</trkpt>
			<trkpt lat="30.383951" lon="119.775456">
				<speed>0.557021</speed>
				<ele>185.000000</ele>
				<time>2026-03-20T03:23:13Z</time>
			</trkpt>
			<trkpt lat="30.383916" lon="119.775410">
				<speed>0.650860</speed>
				<ele>188.000000</ele>
				<time>2026-03-20T03:24:34Z</time>
			</trkpt>
			<trkpt lat="30.383880" lon="119.775392">
				<speed>0.557218</speed>
				<ele>190.000000</ele>
				<time>2026-03-20T03:24:45Z</time>
			</trkpt>
			<trkpt lat="30.383839" lon="119.775352">
				<speed>0.551467</speed>
				<ele>191.000000</ele>
				<time>2026-03-20T03:24:52Z</time>
			</trkpt>
			<trkpt lat="30.383811" lon="119.775302">
				<speed>0.712521</speed>
				<ele>192.000000</ele>
				<time>2026-03-20T03:24:58Z</time>
			</trkpt>
			<trkpt lat="30.383783" lon="119.775261">
				<speed>0.910971</speed>
				<ele>192.000000</ele>
				<time>2026-03-20T03:25:03Z</time>
			</trkpt>
			<trkpt lat="30.383744" lon="119.775220">
				<speed>1.021270</speed>
				<ele>191.000000</ele>
				<time>2026-03-20T03:25:07Z</time>
			</trkpt>
			<trkpt lat="30.383702" lon="119.775188">
				<speed>0.638807</speed>
				<ele>192.000000</ele>
				<time>2026-03-20T03:25:13Z</time>
			</trkpt>
			<trkpt lat="30.383661" lon="119.775145">
				<speed>0.781930</speed>
				<ele>192.000000</ele>
				<time>2026-03-20T03:25:20Z</time>
			</trkpt>
			<trkpt lat="30.383623" lon="119.775105">
				<speed>0.378743</speed>
				<ele>193.000000</ele>
				<time>2026-03-20T03:25:27Z</time>
			</trkpt>
			<trkpt lat="30.383584" lon="119.775065">
				<speed>0.978090</speed>
				<ele>194.000000</ele>
				<time>2026-03-20T03:25:33Z</time>
			</trkpt>
			<trkpt lat="30.383545" lon="119.775026">
				<speed>0.574043</speed>
				<ele>195.000000</ele>
				<time>2026-03-20T03:25:39Z</time>
			</trkpt>
			<trkpt lat="30.383503" lon="119.774985">
				<speed>0.792788</speed>
				<ele>196.000000</ele>
				<time>2026-03-20T03:25:46Z</time>
			</trkpt>
			<trkpt lat="30.383474" lon="119.774943">
				<speed>0.770624</speed>
				<ele>197.000000</ele>
				<time>2026-03-20T03:25:52Z</time>
			</trkpt>
			<trkpt lat="30.383438" lon="119.774898">
				<speed>0.506901</speed>
				<ele>199.000000</ele>
				<time>2026-03-20T03:25:59Z</time>
			</trkpt>
			<trkpt lat="30.383402" lon="119.774860">
				<speed>0.434925</speed>
				<ele>201.000000</ele>
				<time>2026-03-20T03:27:38Z</time>
			</trkpt>
			<trkpt lat="30.383386" lon="119.774828">
				<speed>0.927489</speed>
				<ele>201.000000</ele>
				<time>2026-03-20T03:27:44Z</time>
			</trkpt>
			<trkpt lat="30.383342" lon="119.774769">
				<speed>0.957098</speed>
				<ele>203.000000</ele>
				<time>2026-03-20T03:27:53Z</time>
			</trkpt>
			<trkpt lat="30.383305" lon="119.774724">
				<speed>0.843559</speed>
				<ele>204.000000</ele>
				<time>2026-03-20T03:27:59Z</time>
			</trkpt>
			<trkpt lat="30.383265" lon="119.774689">
				<speed>0.647409</speed>
				<ele>204.000000</ele>
				<time>2026-03-20T03:28:05Z</time>
			</trkpt>
			<trkpt lat="30.383231" lon="119.774652">
				<speed>0.745814</speed>
				<ele>204.000000</ele>
				<time>2026-03-20T03:28:10Z</time>
			</trkpt>
			<trkpt lat="30.383194" lon="119.774619">
				<speed>0.563993</speed>
				<ele>205.000000</ele>
				<time>2026-03-20T03:28:14Z</time>
			</trkpt>
			<trkpt lat="30.383156" lon="119.774586">
				<speed>0.856534</speed>
				<ele>207.000000</ele>
				<time>2026-03-20T03:28:18Z</time>
			</trkpt>
			<trkpt lat="30.383113" lon="119.774554">
				<speed>0.850990</speed>
				<ele>208.000000</ele>
				<time>2026-03-20T03:28:23Z</time>
			</trkpt>
			<trkpt lat="30.383069" lon="119.774534">
				<speed>0.727919</speed>
				<ele>209.000000</ele>
				<time>2026-03-20T03:28:28Z</time>
			</trkpt>
			<trkpt lat="30.383020" lon="119.774530">
				<speed>0.886218</speed>
				<ele>209.000000</ele>
				<time>2026-03-20T03:28:34Z</time>
			</trkpt>
			<trkpt lat="30.382975" lon="119.774518">
				<speed>0.489932</speed>
				<ele>209.000000</ele>
				<time>2026-03-20T03:28:39Z</time>
			</trkpt>
			<trkpt lat="30.382932" lon="119.774512">
				<speed>0.869343</speed>
				<ele>211.000000</ele>
				<time>2026-03-20T03:28:43Z</time>
			</trkpt>
			<trkpt lat="30.382880" lon="119.774514">
				<speed>0.746189</speed>
				<ele>211.000000</ele>
				<time>2026-03-20T03:28:48Z</time>
			</trkpt>
			<trkpt lat="30.382830" lon="119.774508">
				<speed>0.674285</speed>
				<ele>212.000000</ele>
				<time>2026-03-20T03:28:55Z</time>
			</trkpt>
			<trkpt lat="30.382786" lon="119.774505">
				<speed>0.552422</speed>
				<ele>213.000000</ele>
				<time>2026-03-20T03:29:02Z</time>
			</trkpt>
			<trkpt lat="30.382748" lon="119.774469">
				<speed>1.299640</speed>
				<ele>216.000000</ele>
				<time>2026-03-20T03:29:10Z</time>
			</trkpt>
			<trkpt lat="30.382726" lon="119.774417">
				<speed>0.907066</speed>
				<ele>217.000000</ele>
				<time>2026-03-20T03:29:17Z</time>
			</trkpt>
			<trkpt lat="30.382724" lon="119.774347">
				<speed>1.044348</speed>
				<ele>219.000000</ele>
				<time>2026-03-20T03:29:27Z</time>
			</trkpt>
			<trkpt lat="30.382684" lon="119.774324">
				<speed>1.111639</speed>
				<ele>223.000000</ele>
				<time>2026-03-20T03:29:36Z</time>
			</trkpt>
			<trkpt lat="30.382651" lon="119.774359">
				<speed>1.281246</speed>
				<ele>226.000000</ele>
				<time>2026-03-20T03:29:42Z</time>
			</trkpt>
			<trkpt lat="30.382622" lon="119.774405">
				<speed>1.075214</speed>
				<ele>227.000000</ele>
				<time>2026-03-20T03:29:47Z</time>
			</trkpt>
			<trkpt lat="30.382591" lon="119.774458">
				<speed>0.965932</speed>
				<ele>228.000000</ele>
				<time>2026-03-20T03:29:53Z</time>
			</trkpt>
			<trkpt lat="30.382587" lon="119.774510">
				<speed>0.640960</speed>
				<ele>230.000000</ele>
				<time>2026-03-20T03:29:58Z</time>
			</trkpt>
			<trkpt lat="30.382553" lon="119.774539">
				<speed>0.927411</speed>
				<ele>231.000000</ele>
				<time>2026-03-20T03:30:06Z</time>
			</trkpt>
			<trkpt lat="30.382530" lon="119.774479">
				<speed>0.897953</speed>
				<ele>228.000000</ele>
				<time>2026-03-20T03:30:34Z</time>
			</trkpt>
			<trkpt lat="30.382518" lon="119.774428">
				<speed>1.127113</speed>
				<ele>231.000000</ele>
				<time>2026-03-20T03:30:41Z</time>
			</trkpt>
			<trkpt lat="30.382500" lon="119.774376">
				<speed>0.776177</speed>
				<ele>233.000000</ele>
				<time>2026-03-20T03:30:48Z</time>
			</trkpt>
			<trkpt lat="30.382493" lon="119.774326">
				<speed>0.854773</speed>
				<ele>233.000000</ele>
				<time>2026-03-20T03:30:53Z</time>
			</trkpt>
			<trkpt lat="30.382483" lon="119.774273">
				<speed>1.099762</speed>
				<ele>234.000000</ele>
				<time>2026-03-20T03:30:58Z</time>
			</trkpt>
			<trkpt lat="30.382464" lon="119.774218">
				<speed>0.548645</speed>
				<ele>236.000000</ele>
				<time>2026-03-20T03:31:05Z</time>
			</trkpt>
			<trkpt lat="30.382440" lon="119.774165">
				<speed>0.632843</speed>
				<ele>235.000000</ele>
				<time>2026-03-20T03:31:21Z</time>
			</trkpt>
			<trkpt lat="30.382417" lon="119.774121">
				<speed>0.411578</speed>
				<ele>236.000000</ele>
				<time>2026-03-20T03:31:28Z</time>
			</trkpt>
			<trkpt lat="30.382382" lon="119.774081">
				<speed>0.495839</speed>
				<ele>239.000000</ele>
				<time>2026-03-20T03:31:33Z</time>
			</trkpt>
			<trkpt lat="30.382346" lon="119.774035">
				<speed>0.437106</speed>
				<ele>242.000000</ele>
				<time>2026-03-20T03:31:39Z</time>
			</trkpt>
			<trkpt lat="30.382318" lon="119.773993">
				<speed>0.201166</speed>
				<ele>244.000000</ele>
				<time>2026-03-20T03:31:44Z</time>
			</trkpt>
			<trkpt lat="30.382316" lon="119.773935">
				<speed>0.000000</speed>
				<ele>246.000000</ele>
				<time>2026-03-20T03:31:52Z</time>
			</trkpt>
			<trkpt lat="30.382316" lon="119.773868">
				<speed>0.680670</speed>
				<ele>248.000000</ele>
				<time>2026-03-20T03:32:09Z</time>
			</trkpt>
			<trkpt lat="30.382286" lon="119.773835">
				<speed>0.336696</speed>
				<ele>250.000000</ele>
				<time>2026-03-20T03:32:15Z</time>
			</trkpt>
			<trkpt lat="30.382265" lon="119.773785">
				<speed>0.365387</speed>
				<ele>251.000000</ele>
				<time>2026-03-20T03:32:20Z</time>
			</trkpt>
			<trkpt lat="30.382251" lon="119.773718">
				<speed>0.376504</speed>
				<ele>251.000000</ele>
				<time>2026-03-20T03:32:26Z</time>
			</trkpt>
			<trkpt lat="30.382241" lon="119.773665">
				<speed>0.189680</speed>
				<ele>250.000000</ele>
				<time>2026-03-20T03:32:31Z</time>
			</trkpt>
			<trkpt lat="30.382231" lon="119.773613">
				<speed>0.275774</speed>
				<ele>251.000000</ele>
				<time>2026-03-20T03:32:36Z</time>
			</trkpt>
			<trkpt lat="30.382224" lon="119.773557">
				<speed>0.161641</speed>
				<ele>252.000000</ele>
				<time>2026-03-20T03:32:44Z</time>
			</trkpt>
			<trkpt lat="30.382213" lon="119.773515">
				<speed>0.420776</speed>
				<ele>253.000000</ele>
				<time>2026-03-20T03:32:47Z</time>
			</trkpt>
			<trkpt lat="30.382221" lon="119.773545">
				<speed>0.006629</speed>
				<ele>254.000000</ele>
				<time>2026-03-20T03:33:00Z</time>
			</trkpt>
			<trkpt lat="30.382185" lon="119.773523">
				<speed>0.853144</speed>
				<ele>254.000000</ele>
				<time>2026-03-20T03:33:25Z</time>
			</trkpt>
			<trkpt lat="30.382158" lon="119.773482">
				<speed>0.821489</speed>
				<ele>254.000000</ele>
				<time>2026-03-20T03:33:29Z</time>
			</trkpt>
			<trkpt lat="30.382126" lon="119.773437">
				<speed>0.787340</speed>
				<ele>253.000000</ele>
				<time>2026-03-20T03:33:33Z</time>
			</trkpt>
			<trkpt lat="30.382086" lon="119.773394">
				<speed>0.754572</speed>
				<ele>252.000000</ele>
				<time>2026-03-20T03:33:38Z</time>
			</trkpt>
			<trkpt lat="30.382057" lon="119.773340">
				<speed>0.641261</speed>
				<ele>253.000000</ele>
				<time>2026-03-20T03:33:47Z</time>
			</trkpt>
			<trkpt lat="30.382019" lon="119.773308">
				<speed>0.661707</speed>
				<ele>254.000000</ele>
				<time>2026-03-20T03:34:05Z</time>
			</trkpt>
			<trkpt lat="30.381976" lon="119.773292">
				<speed>0.576909</speed>
				<ele>255.000000</ele>
				<time>2026-03-20T03:34:12Z</time>
			</trkpt>
			<trkpt lat="30.381929" lon="119.773290">
				<speed>2.085240</speed>
				<ele>257.000000</ele>
				<time>2026-03-20T03:34:15Z</time>
			</trkpt>
			<trkpt lat="30.381869" lon="119.773290">
				<speed>2.228305</speed>
				<ele>261.000000</ele>
				<time>2026-03-20T03:34:18Z</time>
			</trkpt>
			<trkpt lat="30.381808" lon="119.773279">
				<speed>0.530863</speed>
				<ele>262.000000</ele>
				<time>2026-03-20T03:34:22Z</time>
			</trkpt>
			<trkpt lat="30.381752" lon="119.773264">
				<speed>1.196530</speed>
				<ele>262.000000</ele>
				<time>2026-03-20T03:34:26Z</time>
			</trkpt>
			<trkpt lat="30.381715" lon="119.773206">
				<speed>0.025797</speed>
				<ele>261.000000</ele>
				<time>2026-03-20T03:34:38Z</time>
			</trkpt>
			<trkpt lat="30.381684" lon="119.773182">
				<speed>0.766853</speed>
				<ele>261.000000</ele>
				<time>2026-03-20T03:34:49Z</time>
			</trkpt>
			<trkpt lat="30.381633" lon="119.773176">
				<speed>0.924298</speed>
				<ele>262.000000</ele>
				<time>2026-03-20T03:34:55Z</time>
			</trkpt>
			<trkpt lat="30.381581" lon="119.773173">
				<speed>0.750091</speed>
				<ele>263.000000</ele>
				<time>2026-03-20T03:35:00Z</time>
			</trkpt>
			<trkpt lat="30.381531" lon="119.773167">
				<speed>0.762316</speed>
				<ele>264.000000</ele>
				<time>2026-03-20T03:35:05Z</time>
			</trkpt>
			<trkpt lat="30.381486" lon="119.773149">
				<speed>1.325773</speed>
				<ele>264.000000</ele>
				<time>2026-03-20T03:35:10Z</time>
			</trkpt>
			<trkpt lat="30.381445" lon="119.773125">
				<speed>2.494774</speed>
				<ele>266.000000</ele>
				<time>2026-03-20T03:35:13Z</time>
			</trkpt>
			<trkpt lat="30.381403" lon="119.773113">
				<speed>2.747724</speed>
				<ele>267.000000</ele>
				<time>2026-03-20T03:35:15Z</time>
			</trkpt>
			<trkpt lat="30.381336" lon="119.773099">
				<speed>1.703112</speed>
				<ele>271.000000</ele>
				<time>2026-03-20T03:35:19Z</time>
			</trkpt>
			<trkpt lat="30.381284" lon="119.773099">
				<speed>1.662448</speed>
				<ele>273.000000</ele>
				<time>2026-03-20T03:35:22Z</time>
			</trkpt>
			<trkpt lat="30.381285" lon="119.773046">
				<speed>1.151980</speed>
				<ele>273.000000</ele>
				<time>2026-03-20T03:35:47Z</time>
			</trkpt>
			<trkpt lat="30.381308" lon="119.773009">
				<speed>1.091923</speed>
				<ele>273.000000</ele>
				<time>2026-03-20T03:35:51Z</time>
			</trkpt>
			<trkpt lat="30.381312" lon="119.772958">
				<speed>1.096497</speed>
				<ele>273.000000</ele>
				<time>2026-03-20T03:35:55Z</time>
			</trkpt>
			<trkpt lat="30.381317" lon="119.772900">
				<speed>1.522170</speed>
				<ele>274.000000</ele>
				<time>2026-03-20T03:35:59Z</time>
			</trkpt>
			<trkpt lat="30.381328" lon="119.772839">
				<speed>1.140368</speed>
				<ele>275.000000</ele>
				<time>2026-03-20T03:36:03Z</time>
			</trkpt>
			<trkpt lat="30.381339" lon="119.772777">
				<speed>1.271929</speed>
				<ele>275.000000</ele>
				<time>2026-03-20T03:36:07Z</time>
			</trkpt>
			<trkpt lat="30.381350" lon="119.772714">
				<speed>1.498929</speed>
				<ele>276.000000</ele>
				<time>2026-03-20T03:36:11Z</time>
			</trkpt>
			<trkpt lat="30.381353" lon="119.772656">
				<speed>1.268584</speed>
				<ele>276.000000</ele>
				<time>2026-03-20T03:36:15Z</time>
			</trkpt>
			<trkpt lat="30.381360" lon="119.772595">
				<speed>0.880079</speed>
				<ele>276.000000</ele>
				<time>2026-03-20T03:36:20Z</time>
			</trkpt>
			<trkpt lat="30.381370" lon="119.772541">
				<speed>1.467925</speed>
				<ele>277.000000</ele>
				<time>2026-03-20T03:36:24Z</time>
			</trkpt>
			<trkpt lat="30.381386" lon="119.772479">
				<speed>1.514601</speed>
				<ele>277.000000</ele>
				<time>2026-03-20T03:36:28Z</time>
			</trkpt>
			<trkpt lat="30.381391" lon="119.772411">
				<speed>1.000310</speed>
				<ele>277.000000</ele>
				<time>2026-03-20T03:36:33Z</time>
			</trkpt>
			<trkpt lat="30.381383" lon="119.772359">
				<speed>1.045424</speed>
				<ele>278.000000</ele>
				<time>2026-03-20T03:36:37Z</time>
			</trkpt>
			<trkpt lat="30.381358" lon="119.772309">
				<speed>1.137386</speed>
				<ele>279.000000</ele>
				<time>2026-03-20T03:36:42Z</time>
			</trkpt>
			<trkpt lat="30.381316" lon="119.772283">
				<speed>1.484044</speed>
				<ele>280.000000</ele>
				<time>2026-03-20T03:36:46Z</time>
			</trkpt>
			<trkpt lat="30.381261" lon="119.772273">
				<speed>1.476958</speed>
				<ele>281.000000</ele>
				<time>2026-03-20T03:36:50Z</time>
			</trkpt>
			<trkpt lat="30.381205" lon="119.772273">
				<speed>1.460088</speed>
				<ele>282.000000</ele>
				<time>2026-03-20T03:36:54Z</time>
			</trkpt>
			<trkpt lat="30.381149" lon="119.772269">
				<speed>1.522358</speed>
				<ele>281.000000</ele>
				<time>2026-03-20T03:36:58Z</time>
			</trkpt>
			<trkpt lat="30.381098" lon="119.772248">
				<speed>1.350263</speed>
				<ele>281.000000</ele>
				<time>2026-03-20T03:37:02Z</time>
			</trkpt>
			<trkpt lat="30.381063" lon="119.772198">
				<speed>0.905888</speed>
				<ele>279.000000</ele>
				<time>2026-03-20T03:37:07Z</time>
			</trkpt>
			<trkpt lat="30.381030" lon="119.772146">
				<speed>0.645968</speed>
				<ele>277.000000</ele>
				<time>2026-03-20T03:37:14Z</time>
			</trkpt>
			<trkpt lat="30.381016" lon="119.772093">
				<speed>1.203785</speed>
				<ele>276.000000</ele>
				<time>2026-03-20T03:37:19Z</time>
			</trkpt>
			<trkpt lat="30.381011" lon="119.772036">
				<speed>1.466900</speed>
				<ele>275.000000</ele>
				<time>2026-03-20T03:37:23Z</time>
			</trkpt>
			<trkpt lat="30.381002" lon="119.771984">
				<speed>1.508168</speed>
				<ele>275.000000</ele>
				<time>2026-03-20T03:37:26Z</time>
			</trkpt>
			<trkpt lat="30.380991" lon="119.771919">
				<speed>0.831359</speed>
				<ele>274.000000</ele>
				<time>2026-03-20T03:37:31Z</time>
			</trkpt>
			<trkpt lat="30.380987" lon="119.771868">
				<speed>0.561550</speed>
				<ele>273.000000</ele>
				<time>2026-03-20T03:37:35Z</time>
			</trkpt>
			<trkpt lat="30.380990" lon="119.771801">
				<speed>0.754118</speed>
				<ele>271.000000</ele>
				<time>2026-03-20T03:37:46Z</time>
			</trkpt>
			<trkpt lat="30.380996" lon="119.771752">
				<speed>0.675464</speed>
				<ele>270.000000</ele>
				<time>2026-03-20T03:37:53Z</time>
			</trkpt>
			<trkpt lat="30.381012" lon="119.771796">
				<speed>0.133533</speed>
				<ele>273.000000</ele>
				<time>2026-03-20T03:38:07Z</time>
			</trkpt>
			<trkpt lat="30.381009" lon="119.771836">
				<speed>1.745751</speed>
				<ele>274.000000</ele>
				<time>2026-03-20T03:38:09Z</time>
			</trkpt>
			<trkpt lat="30.381008" lon="119.771896">
				<speed>1.764514</speed>
				<ele>275.000000</ele>
				<time>2026-03-20T03:38:12Z</time>
			</trkpt>
			<trkpt lat="30.381014" lon="119.771972">
				<speed>1.009773</speed>
				<ele>274.000000</ele>
				<time>2026-03-20T03:38:17Z</time>
			</trkpt>
			<trkpt lat="30.381029" lon="119.772037">
				<speed>1.852840</speed>
				<ele>274.000000</ele>
				<time>2026-03-20T03:38:21Z</time>
			</trkpt>
			<trkpt lat="30.381046" lon="119.772098">
				<speed>1.068950</speed>
				<ele>274.000000</ele>
				<time>2026-03-20T03:38:25Z</time>
			</trkpt>
			<trkpt lat="30.381068" lon="119.772157">
				<speed>1.315417</speed>
				<ele>275.000000</ele>
				<time>2026-03-20T03:38:29Z</time>
			</trkpt>
			<trkpt lat="30.381108" lon="119.772204">
				<speed>1.172845</speed>
				<ele>277.000000</ele>
				<time>2026-03-20T03:38:34Z</time>
			</trkpt>
			<trkpt lat="30.381163" lon="119.772229">
				<speed>1.462008</speed>
				<ele>279.000000</ele>
				<time>2026-03-20T03:38:39Z</time>
			</trkpt>
			<trkpt lat="30.381211" lon="119.772246">
				<speed>0.478922</speed>
				<ele>278.000000</ele>
				<time>2026-03-20T03:38:44Z</time>
			</trkpt>
			<trkpt lat="30.381258" lon="119.772257">
				<speed>0.951257</speed>
				<ele>277.000000</ele>
				<time>2026-03-20T03:38:48Z</time>
			</trkpt>
			<trkpt lat="30.381316" lon="119.772263">
				<speed>1.062246</speed>
				<ele>278.000000</ele>
				<time>2026-03-20T03:38:53Z</time>
			</trkpt>
			<trkpt lat="30.381366" lon="119.772280">
				<speed>1.151666</speed>
				<ele>278.000000</ele>
				<time>2026-03-20T03:38:57Z</time>
			</trkpt>
			<trkpt lat="30.381406" lon="119.772329">
				<speed>1.374343</speed>
				<ele>279.000000</ele>
				<time>2026-03-20T03:39:02Z</time>
			</trkpt>
			<trkpt lat="30.381417" lon="119.772379">
				<speed>1.482097</speed>
				<ele>279.000000</ele>
				<time>2026-03-20T03:39:05Z</time>
			</trkpt>
			<trkpt lat="30.381421" lon="119.772443">
				<speed>1.361219</speed>
				<ele>278.000000</ele>
				<time>2026-03-20T03:39:09Z</time>
			</trkpt>
			<trkpt lat="30.381408" lon="119.772508">
				<speed>1.434377</speed>
				<ele>277.000000</ele>
				<time>2026-03-20T03:39:13Z</time>
			</trkpt>
			<trkpt lat="30.381391" lon="119.772561">
				<speed>1.491186</speed>
				<ele>277.000000</ele>
				<time>2026-03-20T03:39:16Z</time>
			</trkpt>
			<trkpt lat="30.381379" lon="119.772614">
				<speed>1.442220</speed>
				<ele>277.000000</ele>
				<time>2026-03-20T03:39:19Z</time>
			</trkpt>
			<trkpt lat="30.381363" lon="119.772673">
				<speed>1.159179</speed>
				<ele>277.000000</ele>
				<time>2026-03-20T03:39:23Z</time>
			</trkpt>
			<trkpt lat="30.381356" lon="119.772731">
				<speed>1.220173</speed>
				<ele>278.000000</ele>
				<time>2026-03-20T03:39:27Z</time>
			</trkpt>
			<trkpt lat="30.381352" lon="119.772799">
				<speed>1.187248</speed>
				<ele>278.000000</ele>
				<time>2026-03-20T03:39:32Z</time>
			</trkpt>
			<trkpt lat="30.381344" lon="119.772847">
				<speed>1.498650</speed>
				<ele>277.000000</ele>
				<time>2026-03-20T03:39:35Z</time>
			</trkpt>
			<trkpt lat="30.381326" lon="119.772911">
				<speed>1.404932</speed>
				<ele>277.000000</ele>
				<time>2026-03-20T03:39:39Z</time>
			</trkpt>
			<trkpt lat="30.381304" lon="119.772976">
				<speed>1.368430</speed>
				<ele>276.000000</ele>
				<time>2026-03-20T03:39:43Z</time>
			</trkpt>
			<trkpt lat="30.381295" lon="119.773041">
				<speed>1.344703</speed>
				<ele>276.000000</ele>
				<time>2026-03-20T03:39:47Z</time>
			</trkpt>
			<trkpt lat="30.381284" lon="119.773103">
				<speed>1.207239</speed>
				<ele>276.000000</ele>
				<time>2026-03-20T03:39:51Z</time>
			</trkpt>
			<trkpt lat="30.381309" lon="119.773112">
				<speed>1.348874</speed>
				<ele>275.000000</ele>
				<time>2026-03-20T03:39:55Z</time>
			</trkpt>
			<trkpt lat="30.381362" lon="119.773105">
				<speed>1.615293</speed>
				<ele>273.000000</ele>
				<time>2026-03-20T03:40:00Z</time>
			</trkpt>
			<trkpt lat="30.381429" lon="119.773107">
				<speed>0.408152</speed>
				<ele>267.000000</ele>
				<time>2026-03-20T03:40:15Z</time>
			</trkpt>
			<trkpt lat="30.381471" lon="119.773112">
				<speed>0.552367</speed>
				<ele>265.000000</ele>
				<time>2026-03-20T03:40:23Z</time>
			</trkpt>
			<trkpt lat="30.381511" lon="119.773145">
				<speed>0.473911</speed>
				<ele>263.000000</ele>
				<time>2026-03-20T03:40:31Z</time>
			</trkpt>
			<trkpt lat="30.381552" lon="119.773177">
				<speed>0.721997</speed>
				<ele>261.000000</ele>
				<time>2026-03-20T03:40:40Z</time>
			</trkpt>
			<trkpt lat="30.381595" lon="119.773165">
				<speed>0.409970</speed>
				<ele>259.000000</ele>
				<time>2026-03-20T03:40:48Z</time>
			</trkpt>
			<trkpt lat="30.381640" lon="119.773173">
				<speed>0.391763</speed>
				<ele>258.000000</ele>
				<time>2026-03-20T03:40:56Z</time>
			</trkpt>
			<trkpt lat="30.381685" lon="119.773197">
				<speed>0.491974</speed>
				<ele>258.000000</ele>
				<time>2026-03-20T03:41:05Z</time>
			</trkpt>
			<trkpt lat="30.381726" lon="119.773229">
				<speed>0.803416</speed>
				<ele>257.000000</ele>
				<time>2026-03-20T03:41:11Z</time>
			</trkpt>
			<trkpt lat="30.381766" lon="119.773256">
				<speed>0.886465</speed>
				<ele>256.000000</ele>
				<time>2026-03-20T03:41:16Z</time>
			</trkpt>
			<trkpt lat="30.381820" lon="119.773267">
				<speed>0.619827</speed>
				<ele>254.000000</ele>
				<time>2026-03-20T03:41:24Z</time>
			</trkpt>
			<trkpt lat="30.381873" lon="119.773259">
				<speed>0.477515</speed>
				<ele>253.000000</ele>
				<time>2026-03-20T03:41:40Z</time>
			</trkpt>
			<trkpt lat="30.381918" lon="119.773254">
				<speed>0.765811</speed>
				<ele>252.000000</ele>
				<time>2026-03-20T03:41:51Z</time>
			</trkpt>
			<trkpt lat="30.381962" lon="119.773280">
				<speed>1.269901</speed>
				<ele>252.000000</ele>
				<time>2026-03-20T03:41:56Z</time>
			</trkpt>
			<trkpt lat="30.382008" lon="119.773305">
				<speed>0.512314</speed>
				<ele>252.000000</ele>
				<time>2026-03-20T03:42:01Z</time>
			</trkpt>
			<trkpt lat="30.382050" lon="119.773346">
				<speed>0.919625</speed>
				<ele>252.000000</ele>
				<time>2026-03-20T03:42:06Z</time>
			</trkpt>
			<trkpt lat="30.382085" lon="119.773385">
				<speed>1.465598</speed>
				<ele>250.000000</ele>
				<time>2026-03-20T03:42:10Z</time>
			</trkpt>
			<trkpt lat="30.382120" lon="119.773430">
				<speed>0.759321</speed>
				<ele>250.000000</ele>
				<time>2026-03-20T03:42:15Z</time>
			</trkpt>
			<trkpt lat="30.382166" lon="119.773459">
				<speed>0.855499</speed>
				<ele>250.000000</ele>
				<time>2026-03-20T03:42:20Z</time>
			</trkpt>
			<trkpt lat="30.382225" lon="119.773492">
				<speed>0.740773</speed>
				<ele>255.000000</ele>
				<time>2026-03-20T03:42:46Z</time>
			</trkpt>
			<trkpt lat="30.382261" lon="119.773512">
				<speed>0.968595</speed>
				<ele>257.000000</ele>
				<time>2026-03-20T03:42:54Z</time>
			</trkpt>
			<trkpt lat="30.382312" lon="119.773569">
				<speed>1.146963</speed>
				<ele>257.000000</ele>
				<time>2026-03-20T03:43:04Z</time>
			</trkpt>
			<trkpt lat="30.382344" lon="119.773616">
				<speed>0.853097</speed>
				<ele>255.000000</ele>
				<time>2026-03-20T03:43:11Z</time>
			</trkpt>
			<trkpt lat="30.382373" lon="119.773660">
				<speed>0.870483</speed>
				<ele>255.000000</ele>
				<time>2026-03-20T03:43:16Z</time>
			</trkpt>
			<trkpt lat="30.382407" lon="119.773698">
				<speed>0.463399</speed>
				<ele>256.000000</ele>
				<time>2026-03-20T03:43:21Z</time>
			</trkpt>
			<trkpt lat="30.382459" lon="119.773718">
				<speed>0.546727</speed>
				<ele>259.000000</ele>
				<time>2026-03-20T03:43:30Z</time>
			</trkpt>
			<trkpt lat="30.382453" lon="119.773672">
				<speed>0.648018</speed>
				<ele>260.000000</ele>
				<time>2026-03-20T03:43:37Z</time>
			</trkpt>
			<trkpt lat="30.382449" lon="119.773615">
				<speed>0.744794</speed>
				<ele>261.000000</ele>
				<time>2026-03-20T03:43:44Z</time>
			</trkpt>
			<trkpt lat="30.382438" lon="119.773558">
				<speed>0.905603</speed>
				<ele>262.000000</ele>
				<time>2026-03-20T03:43:49Z</time>
			</trkpt>
			<trkpt lat="30.382427" lon="119.773494">
				<speed>0.321366</speed>
				<ele>263.000000</ele>
				<time>2026-03-20T03:43:56Z</time>
			</trkpt>
			<trkpt lat="30.382419" lon="119.773440">
				<speed>0.675482</speed>
				<ele>264.000000</ele>
				<time>2026-03-20T03:44:20Z</time>
			</trkpt>
			<trkpt lat="30.382420" lon="119.773403">
				<speed>1.030825</speed>
				<ele>265.000000</ele>
				<time>2026-03-20T03:44:25Z</time>
			</trkpt>
			<trkpt lat="30.382408" lon="119.773333">
				<speed>0.779916</speed>
				<ele>264.000000</ele>
				<time>2026-03-20T03:44:33Z</time>
			</trkpt>
			<trkpt lat="30.382394" lon="119.773279">
				<speed>1.129027</speed>
				<ele>265.000000</ele>
				<time>2026-03-20T03:44:39Z</time>
			</trkpt>
			<trkpt lat="30.382370" lon="119.773229">
				<speed>0.200638</speed>
				<ele>266.000000</ele>
				<time>2026-03-20T03:44:48Z</time>
			</trkpt>
			<trkpt lat="30.382339" lon="119.773191">
				<speed>0.465797</speed>
				<ele>268.000000</ele>
				<time>2026-03-20T03:46:36Z</time>
			</trkpt>
			<trkpt lat="30.382310" lon="119.773167">
				<speed>0.609300</speed>
				<ele>269.000000</ele>
				<time>2026-03-20T03:46:42Z</time>
			</trkpt>
			<trkpt lat="30.382270" lon="119.773129">
				<speed>0.849177</speed>
				<ele>271.000000</ele>
				<time>2026-03-20T03:46:47Z</time>
			</trkpt>
			<trkpt lat="30.382224" lon="119.773085">
				<speed>0.548896</speed>
				<ele>274.000000</ele>
				<time>2026-03-20T03:46:54Z</time>
			</trkpt>
			<trkpt lat="30.382198" lon="119.773030">
				<speed>0.735211</speed>
				<ele>276.000000</ele>
				<time>2026-03-20T03:47:01Z</time>
			</trkpt>
			<trkpt lat="30.382209" lon="119.772974">
				<speed>0.700377</speed>
				<ele>278.000000</ele>
				<time>2026-03-20T03:47:08Z</time>
			</trkpt>
			<trkpt lat="30.382248" lon="119.772924">
				<speed>1.106160</speed>
				<ele>279.000000</ele>
				<time>2026-03-20T03:47:14Z</time>
			</trkpt>
			<trkpt lat="30.382272" lon="119.772884">
				<speed>0.809655</speed>
				<ele>278.000000</ele>
				<time>2026-03-20T03:47:17Z</time>
			</trkpt>
			<trkpt lat="30.382313" lon="119.772821">
				<speed>1.083631</speed>
				<ele>281.000000</ele>
				<time>2026-03-20T03:47:23Z</time>
			</trkpt>
			<trkpt lat="30.382282" lon="119.772783">
				<speed>0.845175</speed>
				<ele>286.000000</ele>
				<time>2026-03-20T03:47:46Z</time>
			</trkpt>
			<trkpt lat="30.382237" lon="119.772788">
				<speed>0.597126</speed>
				<ele>286.000000</ele>
				<time>2026-03-20T03:47:52Z</time>
			</trkpt>
			<trkpt lat="30.382190" lon="119.772789">
				<speed>0.837726</speed>
				<ele>288.000000</ele>
				<time>2026-03-20T03:47:59Z</time>
			</trkpt>
			<trkpt lat="30.382150" lon="119.772764">
				<speed>1.046691</speed>
				<ele>291.000000</ele>
				<time>2026-03-20T03:48:04Z</time>
			</trkpt>
			<trkpt lat="30.382102" lon="119.772745">
				<speed>0.592927</speed>
				<ele>295.000000</ele>
				<time>2026-03-20T03:48:10Z</time>
			</trkpt>
			<trkpt lat="30.382054" lon="119.772724">
				<speed>0.988046</speed>
				<ele>297.000000</ele>
				<time>2026-03-20T03:48:16Z</time>
			</trkpt>
			<trkpt lat="30.382005" lon="119.772723">
				<speed>0.206774</speed>
				<ele>293.000000</ele>
				<time>2026-03-20T03:49:18Z</time>
			</trkpt>
			<trkpt lat="30.381964" lon="119.772694">
				<speed>0.713138</speed>
				<ele>294.000000</ele>
				<time>2026-03-20T03:50:01Z</time>
			</trkpt>
			<trkpt lat="30.381919" lon="119.772675">
				<speed>0.687543</speed>
				<ele>296.000000</ele>
				<time>2026-03-20T03:50:07Z</time>
			</trkpt>
			<trkpt lat="30.381867" lon="119.772659">
				<speed>0.468988</speed>
				<ele>296.000000</ele>
				<time>2026-03-20T03:50:15Z</time>
			</trkpt>
			<trkpt lat="30.381826" lon="119.772647">
				<speed>0.767955</speed>
				<ele>296.000000</ele>
				<time>2026-03-20T03:50:20Z</time>
			</trkpt>
			<trkpt lat="30.381788" lon="119.772612">
				<speed>0.530674</speed>
				<ele>297.000000</ele>
				<time>2026-03-20T03:50:26Z</time>
			</trkpt>
			<trkpt lat="30.381777" lon="119.772557">
				<speed>0.597386</speed>
				<ele>298.000000</ele>
				<time>2026-03-20T03:50:32Z</time>
			</trkpt>
			<trkpt lat="30.381782" lon="119.772500">
				<speed>0.475979</speed>
				<ele>299.000000</ele>
				<time>2026-03-20T03:50:38Z</time>
			</trkpt>
			<trkpt lat="30.381790" lon="119.772444">
				<speed>0.710149</speed>
				<ele>299.000000</ele>
				<time>2026-03-20T03:50:43Z</time>
			</trkpt>
			<trkpt lat="30.381798" lon="119.772384">
				<speed>0.695976</speed>
				<ele>300.000000</ele>
				<time>2026-03-20T03:50:48Z</time>
			</trkpt>
			<trkpt lat="30.381798" lon="119.772333">
				<speed>0.845830</speed>
				<ele>300.000000</ele>
				<time>2026-03-20T03:50:52Z</time>
			</trkpt>
			<trkpt lat="30.381798" lon="119.772273">
				<speed>0.565176</speed>
				<ele>302.000000</ele>
				<time>2026-03-20T03:50:57Z</time>
			</trkpt>
			<trkpt lat="30.381789" lon="119.772211">
				<speed>0.794123</speed>
				<ele>304.000000</ele>
				<time>2026-03-20T03:51:02Z</time>
			</trkpt>
			<trkpt lat="30.381776" lon="119.772152">
				<speed>0.729252</speed>
				<ele>304.000000</ele>
				<time>2026-03-20T03:51:07Z</time>
			</trkpt>
			<trkpt lat="30.381769" lon="119.772101">
				<speed>0.894606</speed>
				<ele>305.000000</ele>
				<time>2026-03-20T03:51:11Z</time>
			</trkpt>
			<trkpt lat="30.381761" lon="119.772040">
				<speed>0.704635</speed>
				<ele>304.000000</ele>
				<time>2026-03-20T03:51:16Z</time>
			</trkpt>
			<trkpt lat="30.381749" lon="119.771985">
				<speed>0.620639</speed>
				<ele>304.000000</ele>
				<time>2026-03-20T03:51:21Z</time>
			</trkpt>
			<trkpt lat="30.381739" lon="119.771927">
				<speed>0.514320</speed>
				<ele>304.000000</ele>
				<time>2026-03-20T03:51:45Z</time>
			</trkpt>
			<trkpt lat="30.381710" lon="119.771897">
				<speed>0.886441</speed>
				<ele>305.000000</ele>
				<time>2026-03-20T03:51:51Z</time>
			</trkpt>
			<trkpt lat="30.381677" lon="119.771845">
				<speed>0.586823</speed>
				<ele>306.000000</ele>
				<time>2026-03-20T03:51:57Z</time>
			</trkpt>
			<trkpt lat="30.381670" lon="119.771781">
				<speed>0.673059</speed>
				<ele>307.000000</ele>
				<time>2026-03-20T03:52:04Z</time>
			</trkpt>
			<trkpt lat="30.381682" lon="119.771729">
				<speed>0.705886</speed>
				<ele>309.000000</ele>
				<time>2026-03-20T03:52:09Z</time>
			</trkpt>
			<trkpt lat="30.381699" lon="119.771658">
				<speed>1.555560</speed>
				<ele>312.000000</ele>
				<time>2026-03-20T03:52:13Z</time>
			</trkpt>
			<trkpt lat="30.381702" lon="119.771589">
				<speed>0.653861</speed>
				<ele>314.000000</ele>
				<time>2026-03-20T03:52:19Z</time>
			</trkpt>
			<trkpt lat="30.381696" lon="119.771535">
				<speed>0.766903</speed>
				<ele>316.000000</ele>
				<time>2026-03-20T03:52:23Z</time>
			</trkpt>
			<trkpt lat="30.381694" lon="119.771482">
				<speed>0.842230</speed>
				<ele>318.000000</ele>
				<time>2026-03-20T03:52:27Z</time>
			</trkpt>
			<trkpt lat="30.381685" lon="119.771421">
				<speed>0.871969</speed>
				<ele>318.000000</ele>
				<time>2026-03-20T03:52:32Z</time>
			</trkpt>
			<trkpt lat="30.381677" lon="119.771362">
				<speed>0.673445</speed>
				<ele>320.000000</ele>
				<time>2026-03-20T03:52:38Z</time>
			</trkpt>
			<trkpt lat="30.381684" lon="119.771306">
				<speed>0.875313</speed>
				<ele>321.000000</ele>
				<time>2026-03-20T03:52:43Z</time>
			</trkpt>
			<trkpt lat="30.381727" lon="119.771271">
				<speed>0.056000</speed>
				<ele>323.000000</ele>
				<time>2026-03-20T03:53:07Z</time>
			</trkpt>
			<trkpt lat="30.381762" lon="119.771230">
				<speed>0.810518</speed>
				<ele>325.000000</ele>
				<time>2026-03-20T03:54:16Z</time>
			</trkpt>
			<trkpt lat="30.381807" lon="119.771213">
				<speed>0.453003</speed>
				<ele>333.000000</ele>
				<time>2026-03-20T03:54:30Z</time>
			</trkpt>
			<trkpt lat="30.381817" lon="119.771166">
				<speed>0.022632</speed>
				<ele>332.000000</ele>
				<time>2026-03-20T03:54:45Z</time>
			</trkpt>
			<trkpt lat="30.381831" lon="119.771225">
				<speed>0.067858</speed>
				<ele>336.000000</ele>
				<time>2026-03-20T03:57:43Z</time>
			</trkpt>
			<trkpt lat="30.381825" lon="119.771269">
				<speed>0.140532</speed>
				<ele>335.000000</ele>
				<time>2026-03-20T03:57:48Z</time>
			</trkpt>
			<trkpt lat="30.381823" lon="119.771328">
				<speed>0.413118</speed>
				<ele>334.000000</ele>
				<time>2026-03-20T03:57:55Z</time>
			</trkpt>
			<trkpt lat="30.381833" lon="119.771383">
				<speed>0.684900</speed>
				<ele>333.000000</ele>
				<time>2026-03-20T03:58:01Z</time>
			</trkpt>
			<trkpt lat="30.381881" lon="119.771392">
				<speed>0.378854</speed>
				<ele>331.000000</ele>
				<time>2026-03-20T03:58:12Z</time>
			</trkpt>
			<trkpt lat="30.381913" lon="119.771344">
				<speed>0.513292</speed>
				<ele>331.000000</ele>
				<time>2026-03-20T03:58:23Z</time>
			</trkpt>
			<trkpt lat="30.381948" lon="119.771316">
				<speed>0.504911</speed>
				<ele>331.000000</ele>
				<time>2026-03-20T03:58:30Z</time>
			</trkpt>
			<trkpt lat="30.382000" lon="119.771323">
				<speed>0.626132</speed>
				<ele>334.000000</ele>
				<time>2026-03-20T03:58:39Z</time>
			</trkpt>
			<trkpt lat="30.381969" lon="119.771360">
				<speed>0.404348</speed>
				<ele>340.000000</ele>
				<time>2026-03-20T03:59:06Z</time>
			</trkpt>
			<trkpt lat="30.381949" lon="119.771399">
				<speed>0.689250</speed>
				<ele>340.000000</ele>
				<time>2026-03-20T03:59:11Z</time>
			</trkpt>
			<trkpt lat="30.381950" lon="119.771458">
				<speed>0.850873</speed>
				<ele>340.000000</ele>
				<time>2026-03-20T03:59:16Z</time>
			</trkpt>
			<trkpt lat="30.381962" lon="119.771522">
				<speed>0.890726</speed>
				<ele>339.000000</ele>
				<time>2026-03-20T03:59:21Z</time>
			</trkpt>
			<trkpt lat="30.381983" lon="119.771583">
				<speed>1.140388</speed>
				<ele>340.000000</ele>
				<time>2026-03-20T03:59:26Z</time>
			</trkpt>
			<trkpt lat="30.382010" lon="119.771635">
				<speed>1.819487</speed>
				<ele>342.000000</ele>
				<time>2026-03-20T03:59:30Z</time>
			</trkpt>
			<trkpt lat="30.382050" lon="119.771673">
				<speed>0.177351</speed>
				<ele>342.000000</ele>
				<time>2026-03-20T03:59:35Z</time>
			</trkpt>
			<trkpt lat="30.382084" lon="119.771629">
				<speed>0.245138</speed>
				<ele>344.000000</ele>
				<time>2026-03-20T03:59:46Z</time>
			</trkpt>
			<trkpt lat="30.382079" lon="119.771565">
				<speed>0.061219</speed>
				<ele>346.000000</ele>
				<time>2026-03-20T03:59:55Z</time>
			</trkpt>
			<trkpt lat="30.382076" lon="119.771508">
				<speed>0.114513</speed>
				<ele>347.000000</ele>
				<time>2026-03-20T04:00:07Z</time>
			</trkpt>
			<trkpt lat="30.382092" lon="119.771462">
				<speed>0.172383</speed>
				<ele>345.000000</ele>
				<time>2026-03-20T04:00:14Z</time>
			</trkpt>
			<trkpt lat="30.382129" lon="119.771424">
				<speed>0.981387</speed>
				<ele>345.000000</ele>
				<time>2026-03-20T04:00:22Z</time>
			</trkpt>
			<trkpt lat="30.382165" lon="119.771367">
				<speed>0.850563</speed>
				<ele>349.000000</ele>
				<time>2026-03-20T04:00:32Z</time>
			</trkpt>
			<trkpt lat="30.382177" lon="119.771317">
				<speed>0.610488</speed>
				<ele>351.000000</ele>
				<time>2026-03-20T04:00:38Z</time>
			</trkpt>
			<trkpt lat="30.382179" lon="119.771261">
				<speed>0.958268</speed>
				<ele>353.000000</ele>
				<time>2026-03-20T04:00:43Z</time>
			</trkpt>
			<trkpt lat="30.382180" lon="119.771200">
				<speed>0.840928</speed>
				<ele>354.000000</ele>
				<time>2026-03-20T04:00:50Z</time>
			</trkpt>
			<trkpt lat="30.382180" lon="119.771145">
				<speed>0.691558</speed>
				<ele>355.000000</ele>
				<time>2026-03-20T04:00:56Z</time>
			</trkpt>
			<trkpt lat="30.382178" lon="119.771085">
				<speed>0.693186</speed>
				<ele>357.000000</ele>
				<time>2026-03-20T04:01:02Z</time>
			</trkpt>
			<trkpt lat="30.382174" lon="119.771029">
				<speed>0.431262</speed>
				<ele>358.000000</ele>
				<time>2026-03-20T04:01:08Z</time>
			</trkpt>
			<trkpt lat="30.382177" lon="119.770965">
				<speed>0.964674</speed>
				<ele>358.000000</ele>
				<time>2026-03-20T04:01:15Z</time>
			</trkpt>
			<trkpt lat="30.382185" lon="119.770910">
				<speed>0.665970</speed>
				<ele>357.000000</ele>
				<time>2026-03-20T04:01:21Z</time>
			</trkpt>
			<trkpt lat="30.382198" lon="119.770867">
				<speed>1.734863</speed>
				<ele>358.000000</ele>
				<time>2026-03-20T04:01:24Z</time>
			</trkpt>
			<trkpt lat="30.382204" lon="119.770812">
				<speed>1.780075</speed>
				<ele>359.000000</ele>
				<time>2026-03-20T04:01:27Z</time>
			</trkpt>
			<trkpt lat="30.382233" lon="119.770747">
				<speed>1.470435</speed>
				<ele>360.000000</ele>
				<time>2026-03-20T04:01:32Z</time>
			</trkpt>
			<trkpt lat="30.382248" lon="119.770693">
				<speed>1.596166</speed>
				<ele>362.000000</ele>
				<time>2026-03-20T04:01:36Z</time>
			</trkpt>
			<trkpt lat="30.382253" lon="119.770633">
				<speed>0.143139</speed>
				<ele>364.000000</ele>
				<time>2026-03-20T04:01:58Z</time>
			</trkpt>
			<trkpt lat="30.382250" lon="119.770586">
				<speed>0.553044</speed>
				<ele>365.000000</ele>
				<time>2026-03-20T04:02:11Z</time>
			</trkpt>
			<trkpt lat="30.382252" lon="119.770525">
				<speed>0.697563</speed>
				<ele>366.000000</ele>
				<time>2026-03-20T04:02:17Z</time>
			</trkpt>
			<trkpt lat="30.382248" lon="119.770461">
				<speed>0.603950</speed>
				<ele>369.000000</ele>
				<time>2026-03-20T04:02:23Z</time>
			</trkpt>
			<trkpt lat="30.382263" lon="119.770409">
				<speed>0.791956</speed>
				<ele>370.000000</ele>
				<time>2026-03-20T04:02:28Z</time>
			</trkpt>
			<trkpt lat="30.382291" lon="119.770355">
				<speed>0.041205</speed>
				<ele>370.000000</ele>
				<time>2026-03-20T04:02:50Z</time>
			</trkpt>
			<trkpt lat="30.382335" lon="119.770370">
				<speed>0.004430</speed>
				<ele>372.000000</ele>
				<time>2026-03-20T04:04:30Z</time>
			</trkpt>
			<trkpt lat="30.382322" lon="119.770317">
				<speed>0.433419</speed>
				<ele>369.000000</ele>
				<time>2026-03-20T04:05:43Z</time>
			</trkpt>
			<trkpt lat="30.382342" lon="119.770274">
				<speed>0.510646</speed>
				<ele>371.000000</ele>
				<time>2026-03-20T04:05:52Z</time>
			</trkpt>
			<trkpt lat="30.382377" lon="119.770230">
				<speed>0.083307</speed>
				<ele>386.000000</ele>
				<time>2026-03-20T04:09:17Z</time>
			</trkpt>
			<trkpt lat="30.382379" lon="119.770181">
				<speed>0.648443</speed>
				<ele>387.000000</ele>
				<time>2026-03-20T04:09:32Z</time>
			</trkpt>
			<trkpt lat="30.382398" lon="119.770128">
				<speed>0.397492</speed>
				<ele>387.000000</ele>
				<time>2026-03-20T04:09:41Z</time>
			</trkpt>
			<trkpt lat="30.382404" lon="119.770079">
				<speed>0.677093</speed>
				<ele>386.000000</ele>
				<time>2026-03-20T04:09:48Z</time>
			</trkpt>
			<trkpt lat="30.382425" lon="119.770038">
				<speed>0.504234</speed>
				<ele>384.000000</ele>
				<time>2026-03-20T04:09:53Z</time>
			</trkpt>
			<trkpt lat="30.382452" lon="119.769988">
				<speed>0.553592</speed>
				<ele>384.000000</ele>
				<time>2026-03-20T04:09:58Z</time>
			</trkpt>
			<trkpt lat="30.382484" lon="119.769933">
				<speed>0.739901</speed>
				<ele>383.000000</ele>
				<time>2026-03-20T04:10:04Z</time>
			</trkpt>
			<trkpt lat="30.382491" lon="119.769885">
				<speed>0.752143</speed>
				<ele>387.000000</ele>
				<time>2026-03-20T04:10:08Z</time>
			</trkpt>
			<trkpt lat="30.382504" lon="119.769825">
				<speed>0.835122</speed>
				<ele>389.000000</ele>
				<time>2026-03-20T04:10:13Z</time>
			</trkpt>
			<trkpt lat="30.382530" lon="119.769774">
				<speed>0.935085</speed>
				<ele>390.000000</ele>
				<time>2026-03-20T04:10:18Z</time>
			</trkpt>
			<trkpt lat="30.382545" lon="119.769712">
				<speed>0.658355</speed>
				<ele>391.000000</ele>
				<time>2026-03-20T04:10:24Z</time>
			</trkpt>
			<trkpt lat="30.382546" lon="119.769647">
				<speed>0.895743</speed>
				<ele>392.000000</ele>
				<time>2026-03-20T04:10:31Z</time>
			</trkpt>
			<trkpt lat="30.382542" lon="119.769593">
				<speed>0.861469</speed>
				<ele>392.000000</ele>
				<time>2026-03-20T04:10:37Z</time>
			</trkpt>
			<trkpt lat="30.382534" lon="119.769537">
				<speed>0.322180</speed>
				<ele>390.000000</ele>
				<time>2026-03-20T04:10:46Z</time>
			</trkpt>
			<trkpt lat="30.382532" lon="119.769487">
				<speed>0.718013</speed>
				<ele>392.000000</ele>
				<time>2026-03-20T04:10:52Z</time>
			</trkpt>
			<trkpt lat="30.382531" lon="119.769434">
				<speed>0.307896</speed>
				<ele>394.000000</ele>
				<time>2026-03-20T04:10:58Z</time>
			</trkpt>
			<trkpt lat="30.382516" lon="119.769375">
				<speed>0.567889</speed>
				<ele>395.000000</ele>
				<time>2026-03-20T04:11:06Z</time>
			</trkpt>
			<trkpt lat="30.382507" lon="119.769322">
				<speed>0.627857</speed>
				<ele>397.000000</ele>
				<time>2026-03-20T04:11:13Z</time>
			</trkpt>
			<trkpt lat="30.382513" lon="119.769264">
				<speed>0.884857</speed>
				<ele>397.000000</ele>
				<time>2026-03-20T04:11:19Z</time>
			</trkpt>
			<trkpt lat="30.382529" lon="119.769207">
				<speed>0.222887</speed>
				<ele>398.000000</ele>
				<time>2026-03-20T04:11:27Z</time>
			</trkpt>
			<trkpt lat="30.382562" lon="119.769166">
				<speed>0.649499</speed>
				<ele>400.000000</ele>
				<time>2026-03-20T04:11:45Z</time>
			</trkpt>
			<trkpt lat="30.382593" lon="119.769138">
				<speed>0.983310</speed>
				<ele>401.000000</ele>
				<time>2026-03-20T04:11:51Z</time>
			</trkpt>
			<trkpt lat="30.382631" lon="119.769099">
				<speed>0.594979</speed>
				<ele>402.000000</ele>
				<time>2026-03-20T04:11:57Z</time>
			</trkpt>
			<trkpt lat="30.382667" lon="119.769057">
				<speed>0.987220</speed>
				<ele>404.000000</ele>
				<time>2026-03-20T04:12:02Z</time>
			</trkpt>
			<trkpt lat="30.382708" lon="119.769023">
				<speed>0.773571</speed>
				<ele>405.000000</ele>
				<time>2026-03-20T04:12:08Z</time>
			</trkpt>
			<trkpt lat="30.382749" lon="119.768994">
				<speed>0.618715</speed>
				<ele>408.000000</ele>
				<time>2026-03-20T04:12:15Z</time>
			</trkpt>
			<trkpt lat="30.382787" lon="119.768973">
				<speed>0.744794</speed>
				<ele>408.000000</ele>
				<time>2026-03-20T04:12:20Z</time>
			</trkpt>
			<trkpt lat="30.382823" lon="119.768934">
				<speed>0.715721</speed>
				<ele>411.000000</ele>
				<time>2026-03-20T04:12:25Z</time>
			</trkpt>
			<trkpt lat="30.382857" lon="119.768886">
				<speed>0.823913</speed>
				<ele>412.000000</ele>
				<time>2026-03-20T04:12:31Z</time>
			</trkpt>
			<trkpt lat="30.382878" lon="119.768837">
				<speed>0.905838</speed>
				<ele>413.000000</ele>
				<time>2026-03-20T04:12:36Z</time>
			</trkpt>
			<trkpt lat="30.382898" lon="119.768777">
				<speed>0.590008</speed>
				<ele>413.000000</ele>
				<time>2026-03-20T04:12:44Z</time>
			</trkpt>
			<trkpt lat="30.382921" lon="119.768734">
				<speed>0.615593</speed>
				<ele>412.000000</ele>
				<time>2026-03-20T04:12:51Z</time>
			</trkpt>
			<trkpt lat="30.382934" lon="119.768683">
				<speed>0.322126</speed>
				<ele>414.000000</ele>
				<time>2026-03-20T04:13:00Z</time>
			</trkpt>
			<trkpt lat="30.382947" lon="119.768631">
				<speed>0.292542</speed>
				<ele>420.000000</ele>
				<time>2026-03-20T04:15:06Z</time>
			</trkpt>
			<trkpt lat="30.382969" lon="119.768591">
				<speed>0.550745</speed>
				<ele>417.000000</ele>
				<time>2026-03-20T04:15:17Z</time>
			</trkpt>
			<trkpt lat="30.382994" lon="119.768532">
				<speed>0.736121</speed>
				<ele>416.000000</ele>
				<time>2026-03-20T04:15:26Z</time>
			</trkpt>
			<trkpt lat="30.383017" lon="119.768484">
				<speed>0.673706</speed>
				<ele>417.000000</ele>
				<time>2026-03-20T04:15:34Z</time>
			</trkpt>
			<trkpt lat="30.383026" lon="119.768426">
				<speed>0.737079</speed>
				<ele>420.000000</ele>
				<time>2026-03-20T04:15:42Z</time>
			</trkpt>
			<trkpt lat="30.383031" lon="119.768369">
				<speed>0.712189</speed>
				<ele>423.000000</ele>
				<time>2026-03-20T04:15:48Z</time>
			</trkpt>
			<trkpt lat="30.383041" lon="119.768308">
				<speed>0.552162</speed>
				<ele>424.000000</ele>
				<time>2026-03-20T04:16:03Z</time>
			</trkpt>
			<trkpt lat="30.383050" lon="119.768259">
				<speed>0.607223</speed>
				<ele>425.000000</ele>
				<time>2026-03-20T04:16:11Z</time>
			</trkpt>
			<trkpt lat="30.383053" lon="119.768200">
				<speed>0.633893</speed>
				<ele>427.000000</ele>
				<time>2026-03-20T04:16:19Z</time>
			</trkpt>
			<trkpt lat="30.383056" lon="119.768143">
				<speed>0.792397</speed>
				<ele>428.000000</ele>
				<time>2026-03-20T04:16:27Z</time>
			</trkpt>
			<trkpt lat="30.383046" lon="119.768094">
				<speed>0.568233</speed>
				<ele>429.000000</ele>
				<time>2026-03-20T04:16:33Z</time>
			</trkpt>
			<trkpt lat="30.383044" lon="119.768041">
				<speed>0.535326</speed>
				<ele>432.000000</ele>
				<time>2026-03-20T04:16:39Z</time>
			</trkpt>
			<trkpt lat="30.383065" lon="119.767989">
				<speed>0.763239</speed>
				<ele>432.000000</ele>
				<time>2026-03-20T04:16:45Z</time>
			</trkpt>
			<trkpt lat="30.383080" lon="119.767939">
				<speed>0.604082</speed>
				<ele>433.000000</ele>
				<time>2026-03-20T04:16:50Z</time>
			</trkpt>
			<trkpt lat="30.383097" lon="119.767880">
				<speed>0.353403</speed>
				<ele>435.000000</ele>
				<time>2026-03-20T04:17:01Z</time>
			</trkpt>
			<trkpt lat="30.383112" lon="119.767831">
				<speed>0.416872</speed>
				<ele>435.000000</ele>
				<time>2026-03-20T04:17:10Z</time>
			</trkpt>
			<trkpt lat="30.383133" lon="119.767779">
				<speed>0.572622</speed>
				<ele>435.000000</ele>
				<time>2026-03-20T04:17:27Z</time>
			</trkpt>
			<trkpt lat="30.383167" lon="119.767736">
				<speed>0.701669</speed>
				<ele>436.000000</ele>
				<time>2026-03-20T04:17:36Z</time>
			</trkpt>
			<trkpt lat="30.383197" lon="119.767695">
				<speed>0.603286</speed>
				<ele>439.000000</ele>
				<time>2026-03-20T04:17:43Z</time>
			</trkpt>
			<trkpt lat="30.383249" lon="119.767689">
				<speed>0.300098</speed>
				<ele>448.000000</ele>
				<time>2026-03-20T04:18:26Z</time>
			</trkpt>
			<trkpt lat="30.383295" lon="119.767701">
				<speed>0.650214</speed>
				<ele>449.000000</ele>
				<time>2026-03-20T04:18:35Z</time>
			</trkpt>
			<trkpt lat="30.383344" lon="119.767685">
				<speed>1.458939</speed>
				<ele>450.000000</ele>
				<time>2026-03-20T04:18:39Z</time>
			</trkpt>
			<trkpt lat="30.383398" lon="119.767642">
				<speed>1.253563</speed>
				<ele>451.000000</ele>
				<time>2026-03-20T04:18:45Z</time>
			</trkpt>
			<trkpt lat="30.383416" lon="119.767590">
				<speed>1.098575</speed>
				<ele>452.000000</ele>
				<time>2026-03-20T04:18:50Z</time>
			</trkpt>
			<trkpt lat="30.383429" lon="119.767532">
				<speed>1.207144</speed>
				<ele>453.000000</ele>
				<time>2026-03-20T04:18:54Z</time>
			</trkpt>
			<trkpt lat="30.383439" lon="119.767459">
				<speed>0.914649</speed>
				<ele>453.000000</ele>
				<time>2026-03-20T04:19:00Z</time>
			</trkpt>
			<trkpt lat="30.383434" lon="119.767407">
				<speed>0.926968</speed>
				<ele>453.000000</ele>
				<time>2026-03-20T04:19:04Z</time>
			</trkpt>
			<trkpt lat="30.383403" lon="119.767354">
				<speed>0.668078</speed>
				<ele>453.000000</ele>
				<time>2026-03-20T04:19:10Z</time>
			</trkpt>
			<trkpt lat="30.383370" lon="119.767311">
				<speed>1.069087</speed>
				<ele>454.000000</ele>
				<time>2026-03-20T04:19:15Z</time>
			</trkpt>
			<trkpt lat="30.383336" lon="119.767260">
				<speed>0.681911</speed>
				<ele>456.000000</ele>
				<time>2026-03-20T04:19:21Z</time>
			</trkpt>
			<trkpt lat="30.383305" lon="119.767211">
				<speed>0.765837</speed>
				<ele>458.000000</ele>
				<time>2026-03-20T04:19:27Z</time>
			</trkpt>
			<trkpt lat="30.383270" lon="119.767175">
				<speed>0.810211</speed>
				<ele>459.000000</ele>
				<time>2026-03-20T04:19:33Z</time>
			</trkpt>
			<trkpt lat="30.383247" lon="119.767123">
				<speed>0.850617</speed>
				<ele>459.000000</ele>
				<time>2026-03-20T04:19:39Z</time>
			</trkpt>
			<trkpt lat="30.383224" lon="119.767065">
				<speed>0.936071</speed>
				<ele>460.000000</ele>
				<time>2026-03-20T04:19:45Z</time>
			</trkpt>
			<trkpt lat="30.383215" lon="119.767010">
				<speed>0.488188</speed>
				<ele>462.000000</ele>
				<time>2026-03-20T04:19:51Z</time>
			</trkpt>
			<trkpt lat="30.383214" lon="119.766945">
				<speed>1.058372</speed>
				<ele>463.000000</ele>
				<time>2026-03-20T04:19:57Z</time>
			</trkpt>
			<trkpt lat="30.383197" lon="119.766892">
				<speed>0.963157</speed>
				<ele>463.000000</ele>
				<time>2026-03-20T04:20:02Z</time>
			</trkpt>
			<trkpt lat="30.383182" lon="119.766833">
				<speed>0.662982</speed>
				<ele>466.000000</ele>
				<time>2026-03-20T04:20:09Z</time>
			</trkpt>
			<trkpt lat="30.383171" lon="119.766777">
				<speed>0.701035</speed>
				<ele>466.000000</ele>
				<time>2026-03-20T04:20:16Z</time>
			</trkpt>
			<trkpt lat="30.383161" lon="119.766721">
				<speed>0.107440</speed>
				<ele>465.000000</ele>
				<time>2026-03-20T04:20:33Z</time>
			</trkpt>
			<trkpt lat="30.383148" lon="119.766680">
				<speed>0.731505</speed>
				<ele>466.000000</ele>
				<time>2026-03-20T04:20:38Z</time>
			</trkpt>
			<trkpt lat="30.383142" lon="119.766619">
				<speed>0.654256</speed>
				<ele>467.000000</ele>
				<time>2026-03-20T04:20:44Z</time>
			</trkpt>
			<trkpt lat="30.383137" lon="119.766557">
				<speed>0.612048</speed>
				<ele>468.000000</ele>
				<time>2026-03-20T04:20:51Z</time>
			</trkpt>
			<trkpt lat="30.383132" lon="119.766506">
				<speed>0.911583</speed>
				<ele>470.000000</ele>
				<time>2026-03-20T04:20:56Z</time>
			</trkpt>
			<trkpt lat="30.383130" lon="119.766449">
				<speed>0.517030</speed>
				<ele>473.000000</ele>
				<time>2026-03-20T04:21:02Z</time>
			</trkpt>
			<trkpt lat="30.383122" lon="119.766392">
				<speed>0.613940</speed>
				<ele>475.000000</ele>
				<time>2026-03-20T04:21:10Z</time>
			</trkpt>
			<trkpt lat="30.383106" lon="119.766338">
				<speed>0.713938</speed>
				<ele>475.000000</ele>
				<time>2026-03-20T04:21:19Z</time>
			</trkpt>
			<trkpt lat="30.383105" lon="119.766281">
				<speed>0.975913</speed>
				<ele>477.000000</ele>
				<time>2026-03-20T04:21:25Z</time>
			</trkpt>
			<trkpt lat="30.383111" lon="119.766225">
				<speed>0.822264</speed>
				<ele>479.000000</ele>
				<time>2026-03-20T04:21:30Z</time>
			</trkpt>
			<trkpt lat="30.383140" lon="119.766185">
				<speed>0.690644</speed>
				<ele>480.000000</ele>
				<time>2026-03-20T04:21:35Z</time>
			</trkpt>
			<trkpt lat="30.383182" lon="119.766145">
				<speed>0.903720</speed>
				<ele>481.000000</ele>
				<time>2026-03-20T04:21:41Z</time>
			</trkpt>
			<trkpt lat="30.383200" lon="119.766092">
				<speed>0.615937</speed>
				<ele>481.000000</ele>
				<time>2026-03-20T04:21:48Z</time>
			</trkpt>
			<trkpt lat="30.383190" lon="119.766036">
				<speed>0.825016</speed>
				<ele>481.000000</ele>
				<time>2026-03-20T04:21:57Z</time>
			</trkpt>
			<trkpt lat="30.383193" lon="119.765975">
				<speed>0.841295</speed>
				<ele>483.000000</ele>
				<time>2026-03-20T04:22:06Z</time>
			</trkpt>
			<trkpt lat="30.383206" lon="119.765919">
				<speed>0.478076</speed>
				<ele>484.000000</ele>
				<time>2026-03-20T04:22:13Z</time>
			</trkpt>
			<trkpt lat="30.383216" lon="119.765867">
				<speed>0.645043</speed>
				<ele>484.000000</ele>
				<time>2026-03-20T04:22:19Z</time>
			</trkpt>
			<trkpt lat="30.383229" lon="119.765814">
				<speed>0.504236</speed>
				<ele>485.000000</ele>
				<time>2026-03-20T04:22:25Z</time>
			</trkpt>
			<trkpt lat="30.383216" lon="119.765762">
				<speed>0.756461</speed>
				<ele>487.000000</ele>
				<time>2026-03-20T04:22:33Z</time>
			</trkpt>
			<trkpt lat="30.383189" lon="119.765718">
				<speed>0.617707</speed>
				<ele>490.000000</ele>
				<time>2026-03-20T04:22:43Z</time>
			</trkpt>
			<trkpt lat="30.383150" lon="119.765682">
				<speed>0.734121</speed>
				<ele>490.000000</ele>
				<time>2026-03-20T04:22:51Z</time>
			</trkpt>
			<trkpt lat="30.383117" lon="119.765647">
				<speed>0.605202</speed>
				<ele>489.000000</ele>
				<time>2026-03-20T04:22:57Z</time>
			</trkpt>
			<trkpt lat="30.383092" lon="119.765604">
				<speed>0.756433</speed>
				<ele>490.000000</ele>
				<time>2026-03-20T04:23:02Z</time>
			</trkpt>
			<trkpt lat="30.383057" lon="119.765550">
				<speed>0.931094</speed>
				<ele>493.000000</ele>
				<time>2026-03-20T04:23:08Z</time>
			</trkpt>
			<trkpt lat="30.383030" lon="119.765500">
				<speed>0.758046</speed>
				<ele>493.000000</ele>
				<time>2026-03-20T04:23:13Z</time>
			</trkpt>
			<trkpt lat="30.382993" lon="119.765461">
				<speed>1.474549</speed>
				<ele>493.000000</ele>
				<time>2026-03-20T04:23:17Z</time>
			</trkpt>
			<trkpt lat="30.382954" lon="119.765413">
				<speed>0.861886</speed>
				<ele>493.000000</ele>
				<time>2026-03-20T04:23:23Z</time>
			</trkpt>
			<trkpt lat="30.382923" lon="119.765370">
				<speed>0.729448</speed>
				<ele>495.000000</ele>
				<time>2026-03-20T04:23:29Z</time>
			</trkpt>
			<trkpt lat="30.382897" lon="119.765317">
				<speed>0.909034</speed>
				<ele>497.000000</ele>
				<time>2026-03-20T04:23:35Z</time>
			</trkpt>
			<trkpt lat="30.382882" lon="119.765269">
				<speed>1.040659</speed>
				<ele>498.000000</ele>
				<time>2026-03-20T04:23:39Z</time>
			</trkpt>
			<trkpt lat="30.382857" lon="119.765220">
				<speed>1.076337</speed>
				<ele>498.000000</ele>
				<time>2026-03-20T04:23:43Z</time>
			</trkpt>
			<trkpt lat="30.382814" lon="119.765176">
				<speed>0.808407</speed>
				<ele>498.000000</ele>
				<time>2026-03-20T04:23:52Z</time>
			</trkpt>
			<trkpt lat="30.382781" lon="119.765152">
				<speed>0.712190</speed>
				<ele>499.000000</ele>
				<time>2026-03-20T04:23:57Z</time>
			</trkpt>
			<trkpt lat="30.382736" lon="119.765113">
				<speed>1.292959</speed>
				<ele>500.000000</ele>
				<time>2026-03-20T04:24:03Z</time>
			</trkpt>
			<trkpt lat="30.382703" lon="119.765066">
				<speed>0.825244</speed>
				<ele>501.000000</ele>
				<time>2026-03-20T04:24:10Z</time>
			</trkpt>
			<trkpt lat="30.382688" lon="119.765012">
				<speed>0.951990</speed>
				<ele>503.000000</ele>
				<time>2026-03-20T04:24:16Z</time>
			</trkpt>
			<trkpt lat="30.382675" lon="119.764954">
				<speed>0.992272</speed>
				<ele>504.000000</ele>
				<time>2026-03-20T04:24:22Z</time>
			</trkpt>
			<trkpt lat="30.382674" lon="119.764899">
				<speed>0.772131</speed>
				<ele>504.000000</ele>
				<time>2026-03-20T04:24:28Z</time>
			</trkpt>
			<trkpt lat="30.382667" lon="119.764844">
				<speed>0.925268</speed>
				<ele>506.000000</ele>
				<time>2026-03-20T04:24:35Z</time>
			</trkpt>
			<trkpt lat="30.382653" lon="119.764799">
				<speed>0.794063</speed>
				<ele>506.000000</ele>
				<time>2026-03-20T04:24:40Z</time>
			</trkpt>
			<trkpt lat="30.382636" lon="119.764749">
				<speed>0.958449</speed>
				<ele>506.000000</ele>
				<time>2026-03-20T04:24:45Z</time>
			</trkpt>
			<trkpt lat="30.382622" lon="119.764685">
				<speed>0.934160</speed>
				<ele>506.000000</ele>
				<time>2026-03-20T04:24:52Z</time>
			</trkpt>
			<trkpt lat="30.382616" lon="119.764633">
				<speed>1.003314</speed>
				<ele>507.000000</ele>
				<time>2026-03-20T04:24:57Z</time>
			</trkpt>
			<trkpt lat="30.382620" lon="119.764584">
				<speed>0.704079</speed>
				<ele>507.000000</ele>
				<time>2026-03-20T04:25:01Z</time>
			</trkpt>
			<trkpt lat="30.382622" lon="119.764527">
				<speed>1.063655</speed>
				<ele>507.000000</ele>
				<time>2026-03-20T04:25:06Z</time>
			</trkpt>
			<trkpt lat="30.382622" lon="119.764476">
				<speed>1.019806</speed>
				<ele>508.000000</ele>
				<time>2026-03-20T04:25:10Z</time>
			</trkpt>
			<trkpt lat="30.382616" lon="119.764412">
				<speed>1.077105</speed>
				<ele>509.000000</ele>
				<time>2026-03-20T04:25:16Z</time>
			</trkpt>
			<trkpt lat="30.382602" lon="119.764355">
				<speed>1.177318</speed>
				<ele>509.000000</ele>
				<time>2026-03-20T04:25:21Z</time>
			</trkpt>
			<trkpt lat="30.382579" lon="119.764308">
				<speed>0.545281</speed>
				<ele>510.000000</ele>
				<time>2026-03-20T04:25:25Z</time>
			</trkpt>
			<trkpt lat="30.382540" lon="119.764269">
				<speed>1.122311</speed>
				<ele>512.000000</ele>
				<time>2026-03-20T04:25:30Z</time>
			</trkpt>
			<trkpt lat="30.382482" lon="119.764252">
				<speed>0.923961</speed>
				<ele>516.000000</ele>
				<time>2026-03-20T04:25:38Z</time>
			</trkpt>
			<trkpt lat="30.382428" lon="119.764242">
				<speed>1.024316</speed>
				<ele>518.000000</ele>
				<time>2026-03-20T04:25:45Z</time>
			</trkpt>
			<trkpt lat="30.382392" lon="119.764207">
				<speed>1.099223</speed>
				<ele>519.000000</ele>
				<time>2026-03-20T04:25:51Z</time>
			</trkpt>
			<trkpt lat="30.382358" lon="119.764165">
				<speed>1.189434</speed>
				<ele>520.000000</ele>
				<time>2026-03-20T04:25:56Z</time>
			</trkpt>
			<trkpt lat="30.382318" lon="119.764127">
				<speed>0.547430</speed>
				<ele>522.000000</ele>
				<time>2026-03-20T04:26:01Z</time>
			</trkpt>
			<trkpt lat="30.382262" lon="119.764116">
				<speed>0.549373</speed>
				<ele>524.000000</ele>
				<time>2026-03-20T04:26:10Z</time>
			</trkpt>
			<trkpt lat="30.382217" lon="119.764123">
				<speed>0.707130</speed>
				<ele>527.000000</ele>
				<time>2026-03-20T04:26:16Z</time>
			</trkpt>
			<trkpt lat="30.382196" lon="119.764097">
				<speed>1.094429</speed>
				<ele>526.000000</ele>
				<time>2026-03-20T04:26:18Z</time>
			</trkpt>
			<trkpt lat="30.382146" lon="119.764067">
				<speed>1.069014</speed>
				<ele>522.000000</ele>
				<time>2026-03-20T04:26:23Z</time>
			</trkpt>
			<trkpt lat="30.382170" lon="119.764018">
				<speed>0.308127</speed>
				<ele>517.000000</ele>
				<time>2026-03-20T04:26:47Z</time>
			</trkpt>
			<trkpt lat="30.382202" lon="119.763994">
				<speed>0.791524</speed>
				<ele>516.000000</ele>
				<time>2026-03-20T04:26:50Z</time>
			</trkpt>
			<trkpt lat="30.382156" lon="119.763961">
				<speed>0.149292</speed>
				<ele>512.000000</ele>
				<time>2026-03-20T04:27:14Z</time>
			</trkpt>
			<trkpt lat="30.382173" lon="119.763868">
				<speed>0.000000</speed>
				<ele>509.000000</ele>
				<time>2026-03-20T04:28:30Z</time>
			</trkpt>
			<trkpt lat="30.382100" lon="119.763907">
				<speed>0.000000</speed>
				<ele>511.000000</ele>
				<time>2026-03-20T04:29:17Z</time>
			</trkpt>
			<trkpt lat="30.382053" lon="119.763915">
				<speed>2.793162</speed>
				<ele>511.000000</ele>
				<time>2026-03-20T04:29:20Z</time>
			</trkpt>
			<trkpt lat="30.382017" lon="119.763959">
				<speed>1.258717</speed>
				<ele>511.000000</ele>
				<time>2026-03-20T04:29:23Z</time>
			</trkpt>
			<trkpt lat="30.381963" lon="119.763999">
				<speed>1.511521</speed>
				<ele>511.000000</ele>
				<time>2026-03-20T04:29:26Z</time>
			</trkpt>
			<trkpt lat="30.381921" lon="119.763988">
				<speed>1.543886</speed>
				<ele>510.000000</ele>
				<time>2026-03-20T04:29:28Z</time>
			</trkpt>
			<trkpt lat="30.381920" lon="119.763954">
				<speed>0.953356</speed>
				<ele>510.000000</ele>
				<time>2026-03-20T04:29:31Z</time>
			</trkpt>
			<trkpt lat="30.381953" lon="119.763944">
				<speed>0.703849</speed>
				<ele>509.000000</ele>
				<time>2026-03-20T04:29:32Z</time>
			</trkpt>
			<trkpt lat="30.381997" lon="119.763943">
				<speed>0.761885</speed>
				<ele>509.000000</ele>
				<time>2026-03-20T04:29:34Z</time>
			</trkpt>
			<trkpt lat="30.382089" lon="119.763960">
				<speed>0.017369</speed>
				<ele>508.000000</ele>
				<time>2026-03-20T04:29:40Z</time>
			</trkpt>
			<trkpt lat="30.382123" lon="119.764088">
				<speed>0.000000</speed>
				<ele>512.000000</ele>
				<time>2026-03-20T04:30:09Z</time>
			</trkpt>
			<trkpt lat="30.382108" lon="119.764035">
				<speed>0.064831</speed>
				<ele>511.000000</ele>
				<time>2026-03-20T04:30:35Z</time>
			</trkpt>
			<trkpt lat="30.382129" lon="119.763983">
				<speed>0.151162</speed>
				<ele>511.000000</ele>
				<time>2026-03-20T04:30:49Z</time>
			</trkpt>
			<trkpt lat="30.382132" lon="119.763926">
				<speed>0.599365</speed>
				<ele>510.000000</ele>
				<time>2026-03-20T04:30:58Z</time>
			</trkpt>
			<trkpt lat="30.382139" lon="119.763890">
				<speed>1.815694</speed>
				<ele>509.000000</ele>
				<time>2026-03-20T04:31:00Z</time>
			</trkpt>
			<trkpt lat="30.382153" lon="119.763829">
				<speed>2.387091</speed>
				<ele>509.000000</ele>
				<time>2026-03-20T04:31:03Z</time>
			</trkpt>
			<trkpt lat="30.382165" lon="119.763776">
				<speed>2.369117</speed>
				<ele>509.000000</ele>
				<time>2026-03-20T04:31:05Z</time>
			</trkpt>
			<trkpt lat="30.382171" lon="119.763736">
				<speed>2.582126</speed>
				<ele>509.000000</ele>
				<time>2026-03-20T04:31:06Z</time>
			</trkpt>
			<trkpt lat="30.382150" lon="119.763802">
				<speed>0.039118</speed>
				<ele>513.000000</ele>
				<time>2026-03-20T04:31:19Z</time>
			</trkpt>
			<trkpt lat="30.382140" lon="119.763880">
				<speed>0.000000</speed>
				<ele>516.000000</ele>
				<time>2026-03-20T04:31:23Z</time>
			</trkpt>
			<trkpt lat="30.382135" lon="119.763950">
				<speed>0.043455</speed>
				<ele>520.000000</ele>
				<time>2026-03-20T04:31:30Z</time>
			</trkpt>
			<trkpt lat="30.382107" lon="119.763993">
				<speed>0.031254</speed>
				<ele>520.000000</ele>
				<time>2026-03-20T04:33:13Z</time>
			</trkpt>
			<trkpt lat="30.382073" lon="119.763937">
				<speed>0.432037</speed>
				<ele>514.000000</ele>
				<time>2026-03-20T04:34:47Z</time>
			</trkpt>
			<trkpt lat="30.382071" lon="119.763903">
				<speed>0.541662</speed>
				<ele>514.000000</ele>
				<time>2026-03-20T04:34:53Z</time>
			</trkpt>
			<trkpt lat="30.382049" lon="119.763834">
				<speed>0.504975</speed>
				<ele>511.000000</ele>
				<time>2026-03-20T04:35:07Z</time>
			</trkpt>
			<trkpt lat="30.382019" lon="119.763788">
				<speed>0.390065</speed>
				<ele>510.000000</ele>
				<time>2026-03-20T04:35:15Z</time>
			</trkpt>
			<trkpt lat="30.381980" lon="119.763754">
				<speed>0.471599</speed>
				<ele>515.000000</ele>
				<time>2026-03-20T04:35:28Z</time>
			</trkpt>
			<trkpt lat="30.381958" lon="119.763715">
				<speed>0.769415</speed>
				<ele>516.000000</ele>
				<time>2026-03-20T04:35:33Z</time>
			</trkpt>
			<trkpt lat="30.381921" lon="119.763674">
				<speed>0.666779</speed>
				<ele>516.000000</ele>
				<time>2026-03-20T04:35:40Z</time>
			</trkpt>
			<trkpt lat="30.381887" lon="119.763635">
				<speed>0.727422</speed>
				<ele>516.000000</ele>
				<time>2026-03-20T04:35:45Z</time>
			</trkpt>
			<trkpt lat="30.381860" lon="119.763577">
				<speed>0.978804</speed>
				<ele>518.000000</ele>
				<time>2026-03-20T04:35:52Z</time>
			</trkpt>
			<trkpt lat="30.381837" lon="119.763526">
				<speed>1.085333</speed>
				<ele>520.000000</ele>
				<time>2026-03-20T04:35:58Z</time>
			</trkpt>
			<trkpt lat="30.381820" lon="119.763472">
				<speed>1.243635</speed>
				<ele>522.000000</ele>
				<time>2026-03-20T04:36:04Z</time>
			</trkpt>
			<trkpt lat="30.381830" lon="119.763417">
				<speed>1.169873</speed>
				<ele>524.000000</ele>
				<time>2026-03-20T04:36:09Z</time>
			</trkpt>
			<trkpt lat="30.381822" lon="119.763364">
				<speed>1.057343</speed>
				<ele>526.000000</ele>
				<time>2026-03-20T04:36:16Z</time>
			</trkpt>
			<trkpt lat="30.381817" lon="119.763310">
				<speed>0.810022</speed>
				<ele>522.000000</ele>
				<time>2026-03-20T04:36:27Z</time>
			</trkpt>
			<trkpt lat="30.381806" lon="119.763264">
				<speed>0.626355</speed>
				<ele>520.000000</ele>
				<time>2026-03-20T04:36:34Z</time>
			</trkpt>
			<trkpt lat="30.381803" lon="119.763206">
				<speed>0.875447</speed>
				<ele>518.000000</ele>
				<time>2026-03-20T04:36:40Z</time>
			</trkpt>
			<trkpt lat="30.381810" lon="119.763148">
				<speed>0.694822</speed>
				<ele>517.000000</ele>
				<time>2026-03-20T04:36:46Z</time>
			</trkpt>
			<trkpt lat="30.381800" lon="119.763091">
				<speed>1.152215</speed>
				<ele>518.000000</ele>
				<time>2026-03-20T04:36:51Z</time>
			</trkpt>
			<trkpt lat="30.381794" lon="119.763030">
				<speed>0.784904</speed>
				<ele>518.000000</ele>
				<time>2026-03-20T04:36:58Z</time>
			</trkpt>
			<trkpt lat="30.381804" lon="119.762980">
				<speed>0.911933</speed>
				<ele>520.000000</ele>
				<time>2026-03-20T04:37:03Z</time>
			</trkpt>
			<trkpt lat="30.381830" lon="119.762935">
				<speed>0.953418</speed>
				<ele>522.000000</ele>
				<time>2026-03-20T04:37:08Z</time>
			</trkpt>
			<trkpt lat="30.381876" lon="119.762898">
				<speed>1.614782</speed>
				<ele>522.000000</ele>
				<time>2026-03-20T04:37:14Z</time>
			</trkpt>
			<trkpt lat="30.381923" lon="119.762857">
				<speed>1.001079</speed>
				<ele>523.000000</ele>
				<time>2026-03-20T04:37:21Z</time>
			</trkpt>
			<trkpt lat="30.381960" lon="119.762831">
				<speed>1.115112</speed>
				<ele>523.000000</ele>
				<time>2026-03-20T04:37:25Z</time>
			</trkpt>
			<trkpt lat="30.382011" lon="119.762788">
				<speed>1.257879</speed>
				<ele>524.000000</ele>
				<time>2026-03-20T04:37:34Z</time>
			</trkpt>
			<trkpt lat="30.382042" lon="119.762751">
				<speed>0.733864</speed>
				<ele>522.000000</ele>
				<time>2026-03-20T04:37:42Z</time>
			</trkpt>
			<trkpt lat="30.382066" lon="119.762710">
				<speed>0.613522</speed>
				<ele>522.000000</ele>
				<time>2026-03-20T04:37:47Z</time>
			</trkpt>
			<trkpt lat="30.382098" lon="119.762664">
				<speed>0.940086</speed>
				<ele>522.000000</ele>
				<time>2026-03-20T04:37:53Z</time>
			</trkpt>
			<trkpt lat="30.382112" lon="119.762612">
				<speed>1.435458</speed>
				<ele>522.000000</ele>
				<time>2026-03-20T04:37:58Z</time>
			</trkpt>
			<trkpt lat="30.382120" lon="119.762551">
				<speed>0.862572</speed>
				<ele>523.000000</ele>
				<time>2026-03-20T04:38:06Z</time>
			</trkpt>
			<trkpt lat="30.382098" lon="119.762508">
				<speed>0.827589</speed>
				<ele>521.000000</ele>
				<time>2026-03-20T04:38:12Z</time>
			</trkpt>
			<trkpt lat="30.382077" lon="119.762459">
				<speed>1.104114</speed>
				<ele>520.000000</ele>
				<time>2026-03-20T04:38:16Z</time>
			</trkpt>
			<trkpt lat="30.382046" lon="119.762403">
				<speed>1.222707</speed>
				<ele>520.000000</ele>
				<time>2026-03-20T04:38:22Z</time>
			</trkpt>
			<trkpt lat="30.382030" lon="119.762348">
				<speed>1.053249</speed>
				<ele>520.000000</ele>
				<time>2026-03-20T04:38:27Z</time>
			</trkpt>
			<trkpt lat="30.382005" lon="119.762295">
				<speed>0.950106</speed>
				<ele>519.000000</ele>
				<time>2026-03-20T04:38:33Z</time>
			</trkpt>
			<trkpt lat="30.381980" lon="119.762264">
				<speed>1.348697</speed>
				<ele>520.000000</ele>
				<time>2026-03-20T04:38:36Z</time>
			</trkpt>
			<trkpt lat="30.381937" lon="119.762232">
				<speed>0.736436</speed>
				<ele>521.000000</ele>
				<time>2026-03-20T04:38:41Z</time>
			</trkpt>
			<trkpt lat="30.381905" lon="119.762192">
				<speed>0.921223</speed>
				<ele>522.000000</ele>
				<time>2026-03-20T04:38:46Z</time>
			</trkpt>
			<trkpt lat="30.381886" lon="119.762138">
				<speed>0.795741</speed>
				<ele>525.000000</ele>
				<time>2026-03-20T04:38:52Z</time>
			</trkpt>
			<trkpt lat="30.381891" lon="119.762073">
				<speed>0.588879</speed>
				<ele>523.000000</ele>
				<time>2026-03-20T04:39:06Z</time>
			</trkpt>
			<trkpt lat="30.381899" lon="119.762027">
				<speed>0.299727</speed>
				<ele>523.000000</ele>
				<time>2026-03-20T04:39:12Z</time>
			</trkpt>
			<trkpt lat="30.381888" lon="119.762064">
				<speed>0.093687</speed>
				<ele>525.000000</ele>
				<time>2026-03-20T04:39:22Z</time>
			</trkpt>
			<trkpt lat="30.381899" lon="119.762017">
				<speed>0.742772</speed>
				<ele>520.000000</ele>
				<time>2026-03-20T04:39:54Z</time>
			</trkpt>
			<trkpt lat="30.381901" lon="119.761957">
				<speed>0.015665</speed>
				<ele>522.000000</ele>
				<time>2026-03-20T04:40:26Z</time>
			</trkpt>
			<trkpt lat="30.381905" lon="119.761904">
				<speed>0.531644</speed>
				<ele>523.000000</ele>
				<time>2026-03-20T04:40:53Z</time>
			</trkpt>
			<trkpt lat="30.381914" lon="119.761851">
				<speed>0.544151</speed>
				<ele>522.000000</ele>
				<time>2026-03-20T04:41:00Z</time>
			</trkpt>
			<trkpt lat="30.381909" lon="119.761789">
				<speed>0.382397</speed>
				<ele>519.000000</ele>
				<time>2026-03-20T04:41:22Z</time>
			</trkpt>
			<trkpt lat="30.381908" lon="119.761749">
				<speed>1.048008</speed>
				<ele>520.000000</ele>
				<time>2026-03-20T04:41:26Z</time>
			</trkpt>
			<trkpt lat="30.381880" lon="119.761690">
				<speed>1.071878</speed>
				<ele>522.000000</ele>
				<time>2026-03-20T04:41:32Z</time>
			</trkpt>
			<trkpt lat="30.381838" lon="119.761652">
				<speed>1.008734</speed>
				<ele>522.000000</ele>
				<time>2026-03-20T04:41:37Z</time>
			</trkpt>
			<trkpt lat="30.381803" lon="119.761608">
				<speed>1.100118</speed>
				<ele>522.000000</ele>
				<time>2026-03-20T04:41:42Z</time>
			</trkpt>
			<trkpt lat="30.381792" lon="119.761560">
				<speed>1.281508</speed>
				<ele>522.000000</ele>
				<time>2026-03-20T04:41:46Z</time>
			</trkpt>
			<trkpt lat="30.381800" lon="119.761499">
				<speed>0.828739</speed>
				<ele>523.000000</ele>
				<time>2026-03-20T04:41:53Z</time>
			</trkpt>
			<trkpt lat="30.381811" lon="119.761442">
				<speed>0.898051</speed>
				<ele>525.000000</ele>
				<time>2026-03-20T04:41:59Z</time>
			</trkpt>
			<trkpt lat="30.381822" lon="119.761389">
				<speed>0.953781</speed>
				<ele>526.000000</ele>
				<time>2026-03-20T04:42:04Z</time>
			</trkpt>
			<trkpt lat="30.381849" lon="119.761329">
				<speed>0.515197</speed>
				<ele>524.000000</ele>
				<time>2026-03-20T04:42:11Z</time>
			</trkpt>
			<trkpt lat="30.381889" lon="119.761293">
				<speed>0.685700</speed>
				<ele>524.000000</ele>
				<time>2026-03-20T04:42:18Z</time>
			</trkpt>
			<trkpt lat="30.381927" lon="119.761258">
				<speed>0.130105</speed>
				<ele>526.000000</ele>
				<time>2026-03-20T04:42:27Z</time>
			</trkpt>
			<trkpt lat="30.381973" lon="119.761224">
				<speed>0.135623</speed>
				<ele>526.000000</ele>
				<time>2026-03-20T04:42:37Z</time>
			</trkpt>
			<trkpt lat="30.381933" lon="119.761240">
				<speed>0.064066</speed>
				<ele>529.000000</ele>
				<time>2026-03-20T04:42:44Z</time>
			</trkpt>
			<trkpt lat="30.381925" lon="119.761303">
				<speed>0.360905</speed>
				<ele>530.000000</ele>
				<time>2026-03-20T04:43:06Z</time>
			</trkpt>
			<trkpt lat="30.381954" lon="119.761262">
				<speed>0.298691</speed>
				<ele>529.000000</ele>
				<time>2026-03-20T04:43:59Z</time>
			</trkpt>
			<trkpt lat="30.381899" lon="119.761271">
				<speed>0.027835</speed>
				<ele>529.000000</ele>
				<time>2026-03-20T04:44:47Z</time>
			</trkpt>
			<trkpt lat="30.381915" lon="119.761219">
				<speed>0.181025</speed>
				<ele>529.000000</ele>
				<time>2026-03-20T04:46:20Z</time>
			</trkpt>
			<trkpt lat="30.381952" lon="119.761246">
				<speed>0.533431</speed>
				<ele>527.000000</ele>
				<time>2026-03-20T04:46:33Z</time>
			</trkpt>
			<trkpt lat="30.381976" lon="119.761215">
				<speed>1.021125</speed>
				<ele>525.000000</ele>
				<time>2026-03-20T04:46:40Z</time>
			</trkpt>
			<trkpt lat="30.382017" lon="119.761202">
				<speed>0.594429</speed>
				<ele>526.000000</ele>
				<time>2026-03-20T04:46:45Z</time>
			</trkpt>
			<trkpt lat="30.382070" lon="119.761195">
				<speed>1.099092</speed>
				<ele>525.000000</ele>
				<time>2026-03-20T04:46:49Z</time>
			</trkpt>
			<trkpt lat="30.382130" lon="119.761186">
				<speed>0.783458</speed>
				<ele>526.000000</ele>
				<time>2026-03-20T04:46:54Z</time>
			</trkpt>
			<trkpt lat="30.382177" lon="119.761167">
				<speed>0.495447</speed>
				<ele>528.000000</ele>
				<time>2026-03-20T04:46:59Z</time>
			</trkpt>
			<trkpt lat="30.382226" lon="119.761173">
				<speed>0.681949</speed>
				<ele>527.000000</ele>
				<time>2026-03-20T04:47:31Z</time>
			</trkpt>
			<trkpt lat="30.382272" lon="119.761128">
				<speed>2.841018</speed>
				<ele>527.000000</ele>
				<time>2026-03-20T04:47:50Z</time>
			</trkpt>
			<trkpt lat="30.382181" lon="119.761087">
				<speed>2.841018</speed>
				<ele>527.000000</ele>
				<time>2026-03-20T04:47:51Z</time>
			</trkpt>
			<trkpt lat="30.382128" lon="119.761106">
				<speed>0.077699</speed>
				<ele>528.000000</ele>
				<time>2026-03-20T04:47:54Z</time>
			</trkpt>
			<trkpt lat="30.382121" lon="119.761127">
				<speed>0.063846</speed>
				<ele>528.000000</ele>
				<time>2026-03-20T04:47:55Z</time>
			</trkpt>
			<trkpt lat="30.382116" lon="119.761110">
				<speed>0.688901</speed>
				<ele>529.000000</ele>
				<time>2026-03-20T04:48:04Z</time>
			</trkpt>
			<trkpt lat="30.382097" lon="119.761062">
				<speed>1.285456</speed>
				<ele>529.000000</ele>
				<time>2026-03-20T04:48:11Z</time>
			</trkpt>
			<trkpt lat="30.382066" lon="119.761013">
				<speed>1.141497</speed>
				<ele>529.000000</ele>
				<time>2026-03-20T04:48:17Z</time>
			</trkpt>
			<trkpt lat="30.382025" lon="119.760969">
				<speed>1.281698</speed>
				<ele>528.000000</ele>
				<time>2026-03-20T04:48:25Z</time>
			</trkpt>
			<trkpt lat="30.381991" lon="119.760911">
				<speed>2.737057</speed>
				<ele>527.000000</ele>
				<time>2026-03-20T04:48:29Z</time>
			</trkpt>
			<trkpt lat="30.382010" lon="119.760876">
				<speed>1.072362</speed>
				<ele>526.000000</ele>
				<time>2026-03-20T04:48:32Z</time>
			</trkpt>
			<trkpt lat="30.382066" lon="119.760877">
				<speed>1.484495</speed>
				<ele>526.000000</ele>
				<time>2026-03-20T04:48:37Z</time>
			</trkpt>
			<trkpt lat="30.382089" lon="119.760909">
				<speed>1.441470</speed>
				<ele>526.000000</ele>
				<time>2026-03-20T04:48:38Z</time>
			</trkpt>
			<trkpt lat="30.382127" lon="119.760908">
				<speed>0.883829</speed>
				<ele>526.000000</ele>
				<time>2026-03-20T04:48:40Z</time>
			</trkpt>
			<trkpt lat="30.382157" lon="119.760859">
				<speed>0.695597</speed>
				<ele>526.000000</ele>
				<time>2026-03-20T04:48:48Z</time>
			</trkpt>
			<trkpt lat="30.382170" lon="119.760801">
				<speed>0.662332</speed>
				<ele>527.000000</ele>
				<time>2026-03-20T04:48:52Z</time>
			</trkpt>
			<trkpt lat="30.382187" lon="119.760811">
				<speed>0.592841</speed>
				<ele>525.000000</ele>
				<time>2026-03-20T04:48:54Z</time>
			</trkpt>
			<trkpt lat="30.382226" lon="119.760799">
				<speed>0.534279</speed>
				<ele>524.000000</ele>
				<time>2026-03-20T04:49:00Z</time>
			</trkpt>
			<trkpt lat="30.382273" lon="119.760774">
				<speed>0.655612</speed>
				<ele>524.000000</ele>
				<time>2026-03-20T04:49:08Z</time>
			</trkpt>
			<trkpt lat="30.382320" lon="119.760783">
				<speed>0.302173</speed>
				<ele>530.000000</ele>
				<time>2026-03-20T04:49:24Z</time>
			</trkpt>
			<trkpt lat="30.382341" lon="119.760824">
				<speed>0.646683</speed>
				<ele>530.000000</ele>
				<time>2026-03-20T04:49:30Z</time>
			</trkpt>
			<trkpt lat="30.382379" lon="119.760860">
				<speed>0.664470</speed>
				<ele>529.000000</ele>
				<time>2026-03-20T04:49:38Z</time>
			</trkpt>
			<trkpt lat="30.382427" lon="119.760858">
				<speed>0.626939</speed>
				<ele>528.000000</ele>
				<time>2026-03-20T04:49:46Z</time>
			</trkpt>
			<trkpt lat="30.382471" lon="119.760849">
				<speed>0.939817</speed>
				<ele>528.000000</ele>
				<time>2026-03-20T04:49:51Z</time>
			</trkpt>
			<trkpt lat="30.382529" lon="119.760836">
				<speed>0.655008</speed>
				<ele>531.000000</ele>
				<time>2026-03-20T04:50:01Z</time>
			</trkpt>
			<trkpt lat="30.382579" lon="119.760824">
				<speed>0.707216</speed>
				<ele>533.000000</ele>
				<time>2026-03-20T04:50:24Z</time>
			</trkpt>
			<trkpt lat="30.382610" lon="119.760790">
				<speed>0.584309</speed>
				<ele>532.000000</ele>
				<time>2026-03-20T04:50:31Z</time>
			</trkpt>
			<trkpt lat="30.382665" lon="119.760789">
				<speed>0.641814</speed>
				<ele>531.000000</ele>
				<time>2026-03-20T04:50:45Z</time>
			</trkpt>
			<trkpt lat="30.382699" lon="119.760762">
				<speed>0.271425</speed>
				<ele>529.000000</ele>
				<time>2026-03-20T04:50:51Z</time>
			</trkpt>
			<trkpt lat="30.382746" lon="119.760730">
				<speed>0.384816</speed>
				<ele>525.000000</ele>
				<time>2026-03-20T04:51:25Z</time>
			</trkpt>
			<trkpt lat="30.382715" lon="119.760691">
				<speed>0.476134</speed>
				<ele>522.000000</ele>
				<time>2026-03-20T04:52:02Z</time>
			</trkpt>
			<trkpt lat="30.382715" lon="119.760643">
				<speed>0.719300</speed>
				<ele>523.000000</ele>
				<time>2026-03-20T04:52:08Z</time>
			</trkpt>
			<trkpt lat="30.382733" lon="119.760590">
				<speed>0.300005</speed>
				<ele>524.000000</ele>
				<time>2026-03-20T04:52:15Z</time>
			</trkpt>
			<trkpt lat="30.382707" lon="119.760545">
				<speed>0.195885</speed>
				<ele>524.000000</ele>
				<time>2026-03-20T04:53:28Z</time>
			</trkpt>
			<trkpt lat="30.382742" lon="119.760512">
				<speed>0.380372</speed>
				<ele>525.000000</ele>
				<time>2026-03-20T04:54:09Z</time>
			</trkpt>
			<trkpt lat="30.382769" lon="119.760468">
				<speed>0.723571</speed>
				<ele>524.000000</ele>
				<time>2026-03-20T04:54:17Z</time>
			</trkpt>
			<trkpt lat="30.382798" lon="119.760430">
				<speed>0.409976</speed>
				<ele>526.000000</ele>
				<time>2026-03-20T04:54:24Z</time>
			</trkpt>
			<trkpt lat="30.382776" lon="119.760382">
				<speed>0.849859</speed>
				<ele>528.000000</ele>
				<time>2026-03-20T04:54:36Z</time>
			</trkpt>
			<trkpt lat="30.382740" lon="119.760342">
				<speed>0.971461</speed>
				<ele>528.000000</ele>
				<time>2026-03-20T04:54:42Z</time>
			</trkpt>
			<trkpt lat="30.382713" lon="119.760297">
				<speed>1.119087</speed>
				<ele>527.000000</ele>
				<time>2026-03-20T04:54:47Z</time>
			</trkpt>
			<trkpt lat="30.382676" lon="119.760255">
				<speed>1.201848</speed>
				<ele>526.000000</ele>
				<time>2026-03-20T04:54:52Z</time>
			</trkpt>
			<trkpt lat="30.382654" lon="119.760199">
				<speed>1.000473</speed>
				<ele>526.000000</ele>
				<time>2026-03-20T04:54:57Z</time>
			</trkpt>
			<trkpt lat="30.382648" lon="119.760140">
				<speed>0.812873</speed>
				<ele>525.000000</ele>
				<time>2026-03-20T04:55:02Z</time>
			</trkpt>
			<trkpt lat="30.382630" lon="119.760086">
				<speed>1.111688</speed>
				<ele>525.000000</ele>
				<time>2026-03-20T04:55:10Z</time>
			</trkpt>
			<trkpt lat="30.382604" lon="119.760042">
				<speed>0.779665</speed>
				<ele>527.000000</ele>
				<time>2026-03-20T04:55:20Z</time>
			</trkpt>
			<trkpt lat="30.382569" lon="119.760017">
				<speed>1.183994</speed>
				<ele>527.000000</ele>
				<time>2026-03-20T04:55:25Z</time>
			</trkpt>
			<trkpt lat="30.382530" lon="119.759978">
				<speed>0.723147</speed>
				<ele>526.000000</ele>
				<time>2026-03-20T04:55:32Z</time>
			</trkpt>
			<trkpt lat="30.382518" lon="119.759914">
				<speed>2.549400</speed>
				<ele>526.000000</ele>
				<time>2026-03-20T04:56:04Z</time>
			</trkpt>
			<trkpt lat="30.382485" lon="119.759915">
				<speed>1.439271</speed>
				<ele>526.000000</ele>
				<time>2026-03-20T04:56:10Z</time>
			</trkpt>
			<trkpt lat="30.382474" lon="119.759966">
				<speed>0.340488</speed>
				<ele>525.000000</ele>
				<time>2026-03-20T04:56:16Z</time>
			</trkpt>
			<trkpt lat="30.382478" lon="119.760021">
				<speed>0.350585</speed>
				<ele>524.000000</ele>
				<time>2026-03-20T04:56:18Z</time>
			</trkpt>
			<trkpt lat="30.382495" lon="119.760103">
				<speed>0.626696</speed>
				<ele>524.000000</ele>
				<time>2026-03-20T04:56:25Z</time>
			</trkpt>
			<trkpt lat="30.382521" lon="119.760165">
				<speed>0.099699</speed>
				<ele>526.000000</ele>
				<time>2026-03-20T04:56:33Z</time>
			</trkpt>
			<trkpt lat="30.382562" lon="119.760191">
				<speed>0.198316</speed>
				<ele>526.000000</ele>
				<time>2026-03-20T04:57:17Z</time>
			</trkpt>
			<trkpt lat="30.382590" lon="119.760240">
				<speed>0.679050</speed>
				<ele>525.000000</ele>
				<time>2026-03-20T04:57:35Z</time>
			</trkpt>
			<trkpt lat="30.382611" lon="119.760281">
				<speed>0.227619</speed>
				<ele>525.000000</ele>
				<time>2026-03-20T04:57:39Z</time>
			</trkpt>
			<trkpt lat="30.382600" lon="119.760258">
				<speed>0.707423</speed>
				<ele>525.000000</ele>
				<time>2026-03-20T04:57:43Z</time>
			</trkpt>
			<trkpt lat="30.382592" lon="119.760187">
				<speed>0.272699</speed>
				<ele>525.000000</ele>
				<time>2026-03-20T04:57:48Z</time>
			</trkpt>
			<trkpt lat="30.382570" lon="119.760188">
				<speed>1.286952</speed>
				<ele>525.000000</ele>
				<time>2026-03-20T04:57:50Z</time>
			</trkpt>
			<trkpt lat="30.382521" lon="119.760207">
				<speed>1.456995</speed>
				<ele>525.000000</ele>
				<time>2026-03-20T04:57:56Z</time>
			</trkpt>
			<trkpt lat="30.382618" lon="119.760231">
				<speed>-1.000000</speed>
				<ele>528.000000</ele>
				<time>2026-03-20T04:58:07Z</time>
			</trkpt>
			<trkpt lat="30.382636" lon="119.760228">
				<speed>-1.000000</speed>
				<ele>526.000000</ele>
				<time>2026-03-20T04:58:13Z</time>
			</trkpt>
			<trkpt lat="30.382580" lon="119.760240">
				<speed>-1.000000</speed>
				<ele>525.000000</ele>
				<time>2026-03-20T04:58:25Z</time>
			</trkpt>
			<trkpt lat="30.382527" lon="119.760228">
				<speed>-1.000000</speed>
				<ele>525.000000</ele>
				<time>2026-03-20T04:58:55Z</time>
			</trkpt>
			<trkpt lat="30.382613" lon="119.760240">
				<speed>-1.000000</speed>
				<ele>525.000000</ele>
				<time>2026-03-20T04:59:07Z</time>
			</trkpt>
			<trkpt lat="30.382545" lon="119.760234">
				<speed>-1.000000</speed>
				<ele>525.000000</ele>
				<time>2026-03-20T04:59:55Z</time>
			</trkpt>
			<trkpt lat="30.382556" lon="119.760232">
				<speed>-1.000000</speed>
				<ele>526.000000</ele>
				<time>2026-03-20T05:00:13Z</time>
			</trkpt>
			<trkpt lat="30.382622" lon="119.760260">
				<speed>-1.000000</speed>
				<ele>525.000000</ele>
				<time>2026-03-20T05:00:32Z</time>
			</trkpt>
			<trkpt lat="30.382543" lon="119.760247">
				<speed>-1.000000</speed>
				<ele>525.000000</ele>
				<time>2026-03-20T05:00:49Z</time>
			</trkpt>
			<trkpt lat="30.382611" lon="119.760259">
				<speed>-1.000000</speed>
				<ele>525.000000</ele>
				<time>2026-03-20T05:01:01Z</time>
			</trkpt>
			<trkpt lat="30.382561" lon="119.760235">
				<speed>-1.000000</speed>
				<ele>525.000000</ele>
				<time>2026-03-20T05:01:19Z</time>
			</trkpt>
			<trkpt lat="30.382587" lon="119.760223">
				<speed>-1.000000</speed>
				<ele>525.000000</ele>
				<time>2026-03-20T05:01:25Z</time>
			</trkpt>
			<trkpt lat="30.382589" lon="119.760244">
				<speed>-1.000000</speed>
				<ele>525.000000</ele>
				<time>2026-03-20T05:01:31Z</time>
			</trkpt>
			<trkpt lat="30.382470" lon="119.760224">
				<speed>-1.000000</speed>
				<ele>525.000000</ele>
				<time>2026-03-20T05:01:37Z</time>
			</trkpt>
			<trkpt lat="30.382487" lon="119.760218">
				<speed>-1.000000</speed>
				<ele>525.000000</ele>
				<time>2026-03-20T05:01:49Z</time>
			</trkpt>
			<trkpt lat="30.382631" lon="119.760238">
				<speed>-1.000000</speed>
				<ele>525.000000</ele>
				<time>2026-03-20T05:02:01Z</time>
			</trkpt>
			<trkpt lat="30.382551" lon="119.760231">
				<speed>-1.000000</speed>
				<ele>525.000000</ele>
				<time>2026-03-20T05:02:07Z</time>
			</trkpt>
			<trkpt lat="30.382576" lon="119.760239">
				<speed>-1.000000</speed>
				<ele>525.000000</ele>
				<time>2026-03-20T05:02:13Z</time>
			</trkpt>
			<trkpt lat="30.382523" lon="119.760238">
				<speed>-1.000000</speed>
				<ele>525.000000</ele>
				<time>2026-03-20T05:02:55Z</time>
			</trkpt>
			<trkpt lat="30.382608" lon="119.760241">
				<speed>-1.000000</speed>
				<ele>525.000000</ele>
				<time>2026-03-20T05:03:32Z</time>
			</trkpt>
			<trkpt lat="30.382553" lon="119.760231">
				<speed>-1.000000</speed>
				<ele>525.000000</ele>
				<time>2026-03-20T05:03:50Z</time>
			</trkpt>
			<trkpt lat="30.382620" lon="119.760251">
				<speed>-1.000000</speed>
				<ele>525.000000</ele>
				<time>2026-03-20T05:05:22Z</time>
			</trkpt>
			<trkpt lat="30.382562" lon="119.760242">
				<speed>-1.000000</speed>
				<ele>525.000000</ele>
				<time>2026-03-20T05:05:52Z</time>
			</trkpt>
			<trkpt lat="30.382507" lon="119.760224">
				<speed>-1.000000</speed>
				<ele>525.000000</ele>
				<time>2026-03-20T05:06:10Z</time>
			</trkpt>
			<trkpt lat="30.382458" lon="119.760219">
				<speed>-1.000000</speed>
				<ele>525.000000</ele>
				<time>2026-03-20T05:06:22Z</time>
			</trkpt>
			<trkpt lat="30.382552" lon="119.760231">
				<speed>-1.000000</speed>
				<ele>525.000000</ele>
				<time>2026-03-20T05:06:34Z</time>
			</trkpt>
			<trkpt lat="30.382508" lon="119.760224">
				<speed>-1.000000</speed>
				<ele>525.000000</ele>
				<time>2026-03-20T05:06:46Z</time>
			</trkpt>
			<trkpt lat="30.382561" lon="119.760241">
				<speed>-1.000000</speed>
				<ele>525.000000</ele>
				<time>2026-03-20T05:07:10Z</time>
			</trkpt>
			<trkpt lat="30.382518" lon="119.760213">
				<speed>-1.000000</speed>
				<ele>526.000000</ele>
				<time>2026-03-20T05:07:48Z</time>
			</trkpt>
			<trkpt lat="30.382407" lon="119.760206">
				<speed>-1.000000</speed>
				<ele>526.000000</ele>
				<time>2026-03-20T05:07:54Z</time>
			</trkpt>
			<trkpt lat="30.382416" lon="119.760205">
				<speed>-1.000000</speed>
				<ele>526.000000</ele>
				<time>2026-03-20T05:07:54Z</time>
			</trkpt>
			<trkpt lat="30.382439" lon="119.760205">
				<speed>-1.000000</speed>
				<ele>526.000000</ele>
				<time>2026-03-20T05:07:54Z</time>
			</trkpt>
			<trkpt lat="30.382550" lon="119.760232">
				<speed>-1.000000</speed>
				<ele>526.000000</ele>
				<time>2026-03-20T05:08:12Z</time>
			</trkpt>
			<trkpt lat="30.382648" lon="119.760246">
				<speed>-1.000000</speed>
				<ele>525.000000</ele>
				<time>2026-03-20T05:08:18Z</time>
			</trkpt>
			<trkpt lat="30.382659" lon="119.760248">
				<speed>-1.000000</speed>
				<ele>525.000000</ele>
				<time>2026-03-20T05:08:24Z</time>
			</trkpt>
			<trkpt lat="30.382568" lon="119.760235">
				<speed>-1.000000</speed>
				<ele>525.000000</ele>
				<time>2026-03-20T05:08:30Z</time>
			</trkpt>
			<trkpt lat="30.382447" lon="119.760201">
				<speed>-1.000000</speed>
				<ele>525.000000</ele>
				<time>2026-03-20T05:08:48Z</time>
			</trkpt>
			<trkpt lat="30.382442" lon="119.760198">
				<speed>-1.000000</speed>
				<ele>525.000000</ele>
				<time>2026-03-20T05:08:49Z</time>
			</trkpt>
			<trkpt lat="30.382488" lon="119.760209">
				<speed>-1.000000</speed>
				<ele>525.000000</ele>
				<time>2026-03-20T05:08:54Z</time>
			</trkpt>
			<trkpt lat="30.382529" lon="119.760226">
				<speed>-1.000000</speed>
				<ele>525.000000</ele>
				<time>2026-03-20T05:09:00Z</time>
			</trkpt>
			<trkpt lat="30.382159" lon="119.760090">
				<speed>0.469186</speed>
				<ele>516.000000</ele>
				<time>2026-03-20T06:18:10Z</time>
			</trkpt>
			<trkpt lat="30.382159" lon="119.760090">
				<speed>0.178137</speed>
				<ele>516.000000</ele>
				<time>2026-03-20T06:18:11Z</time>
			</trkpt>
			<trkpt lat="30.382149" lon="119.760102">
				<speed>0.612568</speed>
				<ele>518.000000</ele>
				<time>2026-03-20T06:18:16Z</time>
			</trkpt>
			<trkpt lat="30.382141" lon="119.760156">
				<speed>0.847400</speed>
				<ele>524.000000</ele>
				<time>2026-03-20T06:18:20Z</time>
			</trkpt>
			<trkpt lat="30.382100" lon="119.760174">
				<speed>0.415538</speed>
				<ele>527.000000</ele>
				<time>2026-03-20T06:18:24Z</time>
			</trkpt>
			<trkpt lat="30.382097" lon="119.760173">
				<speed>0.000000</speed>
				<ele>527.000000</ele>
				<time>2026-03-20T06:18:42Z</time>
			</trkpt>
			<trkpt lat="30.382079" lon="119.760125">
				<speed>0.190120</speed>
				<ele>528.000000</ele>
				<time>2026-03-20T06:20:02Z</time>
			</trkpt>
			<trkpt lat="30.382072" lon="119.760065">
				<speed>0.638247</speed>
				<ele>529.000000</ele>
				<time>2026-03-20T06:22:01Z</time>
			</trkpt>
			<trkpt lat="30.382066" lon="119.760017">
				<speed>0.944538</speed>
				<ele>528.000000</ele>
				<time>2026-03-20T06:22:06Z</time>
			</trkpt>
			<trkpt lat="30.382026" lon="119.759970">
				<speed>0.949637</speed>
				<ele>531.000000</ele>
				<time>2026-03-20T06:22:15Z</time>
			</trkpt>
			<trkpt lat="30.381986" lon="119.759938">
				<speed>0.837087</speed>
				<ele>533.000000</ele>
				<time>2026-03-20T06:22:21Z</time>
			</trkpt>
			<trkpt lat="30.381940" lon="119.759922">
				<speed>0.963258</speed>
				<ele>533.000000</ele>
				<time>2026-03-20T06:22:28Z</time>
			</trkpt>
			<trkpt lat="30.381893" lon="119.759897">
				<speed>0.578296</speed>
				<ele>532.000000</ele>
				<time>2026-03-20T06:22:36Z</time>
			</trkpt>
			<trkpt lat="30.381841" lon="119.759881">
				<speed>0.709926</speed>
				<ele>531.000000</ele>
				<time>2026-03-20T06:22:46Z</time>
			</trkpt>
			<trkpt lat="30.381799" lon="119.759864">
				<speed>0.858792</speed>
				<ele>531.000000</ele>
				<time>2026-03-20T06:22:53Z</time>
			</trkpt>
			<trkpt lat="30.381750" lon="119.759847">
				<speed>0.879934</speed>
				<ele>532.000000</ele>
				<time>2026-03-20T06:22:59Z</time>
			</trkpt>
			<trkpt lat="30.381699" lon="119.759828">
				<speed>0.805346</speed>
				<ele>534.000000</ele>
				<time>2026-03-20T06:23:06Z</time>
			</trkpt>
			<trkpt lat="30.381662" lon="119.759793">
				<speed>0.953676</speed>
				<ele>537.000000</ele>
				<time>2026-03-20T06:23:11Z</time>
			</trkpt>
			<trkpt lat="30.381611" lon="119.759769">
				<speed>0.940566</speed>
				<ele>537.000000</ele>
				<time>2026-03-20T06:23:18Z</time>
			</trkpt>
			<trkpt lat="30.381566" lon="119.759780">
				<speed>0.958246</speed>
				<ele>536.000000</ele>
				<time>2026-03-20T06:23:24Z</time>
			</trkpt>
			<trkpt lat="30.381514" lon="119.759804">
				<speed>0.896042</speed>
				<ele>536.000000</ele>
				<time>2026-03-20T06:23:32Z</time>
			</trkpt>
			<trkpt lat="30.381475" lon="119.759840">
				<speed>0.847980</speed>
				<ele>535.000000</ele>
				<time>2026-03-20T06:23:38Z</time>
			</trkpt>
			<trkpt lat="30.381440" lon="119.759873">
				<speed>0.954381</speed>
				<ele>534.000000</ele>
				<time>2026-03-20T06:23:43Z</time>
			</trkpt>
			<trkpt lat="30.381397" lon="119.759904">
				<speed>1.069510</speed>
				<ele>534.000000</ele>
				<time>2026-03-20T06:23:49Z</time>
			</trkpt>
			<trkpt lat="30.381357" lon="119.759933">
				<speed>0.869261</speed>
				<ele>534.000000</ele>
				<time>2026-03-20T06:23:55Z</time>
			</trkpt>
			<trkpt lat="30.381316" lon="119.759967">
				<speed>0.975529</speed>
				<ele>535.000000</ele>
				<time>2026-03-20T06:24:01Z</time>
			</trkpt>
			<trkpt lat="30.381273" lon="119.760003">
				<speed>0.673232</speed>
				<ele>536.000000</ele>
				<time>2026-03-20T06:24:08Z</time>
			</trkpt>
			<trkpt lat="30.381233" lon="119.760027">
				<speed>0.905385</speed>
				<ele>536.000000</ele>
				<time>2026-03-20T06:24:13Z</time>
			</trkpt>
			<trkpt lat="30.381183" lon="119.760040">
				<speed>0.863724</speed>
				<ele>535.000000</ele>
				<time>2026-03-20T06:24:18Z</time>
			</trkpt>
			<trkpt lat="30.381129" lon="119.760051">
				<speed>0.771394</speed>
				<ele>535.000000</ele>
				<time>2026-03-20T06:24:24Z</time>
			</trkpt>
			<trkpt lat="30.381087" lon="119.760089">
				<speed>0.956870</speed>
				<ele>535.000000</ele>
				<time>2026-03-20T06:24:30Z</time>
			</trkpt>
			<trkpt lat="30.381049" lon="119.760131">
				<speed>0.877613</speed>
				<ele>535.000000</ele>
				<time>2026-03-20T06:24:36Z</time>
			</trkpt>
			<trkpt lat="30.381017" lon="119.760170">
				<speed>0.891163</speed>
				<ele>536.000000</ele>
				<time>2026-03-20T06:24:41Z</time>
			</trkpt>
			<trkpt lat="30.380982" lon="119.760211">
				<speed>1.163781</speed>
				<ele>536.000000</ele>
				<time>2026-03-20T06:24:46Z</time>
			</trkpt>
			<trkpt lat="30.380968" lon="119.760264">
				<speed>0.859830</speed>
				<ele>535.000000</ele>
				<time>2026-03-20T06:24:51Z</time>
			</trkpt>
			<trkpt lat="30.380951" lon="119.760321">
				<speed>0.876210</speed>
				<ele>536.000000</ele>
				<time>2026-03-20T06:24:57Z</time>
			</trkpt>
			<trkpt lat="30.380932" lon="119.760375">
				<speed>0.945709</speed>
				<ele>534.000000</ele>
				<time>2026-03-20T06:25:03Z</time>
			</trkpt>
			<trkpt lat="30.380911" lon="119.760425">
				<speed>0.342540</speed>
				<ele>533.000000</ele>
				<time>2026-03-20T06:25:10Z</time>
			</trkpt>
			<trkpt lat="30.380896" lon="119.760475">
				<speed>0.886500</speed>
				<ele>532.000000</ele>
				<time>2026-03-20T06:25:20Z</time>
			</trkpt>
			<trkpt lat="30.380865" lon="119.760505">
				<speed>0.874938</speed>
				<ele>532.000000</ele>
				<time>2026-03-20T06:25:26Z</time>
			</trkpt>
			<trkpt lat="30.380832" lon="119.760468">
				<speed>0.176481</speed>
				<ele>532.000000</ele>
				<time>2026-03-20T06:25:38Z</time>
			</trkpt>
			<trkpt lat="30.380806" lon="119.760420">
				<speed>0.855816</speed>
				<ele>530.000000</ele>
				<time>2026-03-20T06:25:47Z</time>
			</trkpt>
			<trkpt lat="30.380773" lon="119.760361">
				<speed>0.870722</speed>
				<ele>528.000000</ele>
				<time>2026-03-20T06:25:58Z</time>
			</trkpt>
			<trkpt lat="30.380785" lon="119.760317">
				<speed>1.520564</speed>
				<ele>528.000000</ele>
				<time>2026-03-20T06:26:02Z</time>
			</trkpt>
			<trkpt lat="30.380792" lon="119.760241">
				<speed>1.052991</speed>
				<ele>528.000000</ele>
				<time>2026-03-20T06:26:09Z</time>
			</trkpt>
			<trkpt lat="30.380749" lon="119.760215">
				<speed>0.308723</speed>
				<ele>530.000000</ele>
				<time>2026-03-20T06:26:20Z</time>
			</trkpt>
			<trkpt lat="30.380678" lon="119.760206">
				<speed>0.586905</speed>
				<ele>531.000000</ele>
				<time>2026-03-20T06:26:30Z</time>
			</trkpt>
			<trkpt lat="30.380649" lon="119.760180">
				<speed>0.729565</speed>
				<ele>532.000000</ele>
				<time>2026-03-20T06:26:33Z</time>
			</trkpt>
			<trkpt lat="30.380604" lon="119.760150">
				<speed>0.955700</speed>
				<ele>532.000000</ele>
				<time>2026-03-20T06:26:37Z</time>
			</trkpt>
			<trkpt lat="30.380551" lon="119.760106">
				<speed>0.747964</speed>
				<ele>532.000000</ele>
				<time>2026-03-20T06:26:44Z</time>
			</trkpt>
			<trkpt lat="30.380506" lon="119.760091">
				<speed>0.959848</speed>
				<ele>533.000000</ele>
				<time>2026-03-20T06:26:49Z</time>
			</trkpt>
			<trkpt lat="30.380455" lon="119.760079">
				<speed>1.030120</speed>
				<ele>532.000000</ele>
				<time>2026-03-20T06:26:54Z</time>
			</trkpt>
			<trkpt lat="30.380407" lon="119.760068">
				<speed>1.318548</speed>
				<ele>529.000000</ele>
				<time>2026-03-20T06:26:59Z</time>
			</trkpt>
			<trkpt lat="30.380364" lon="119.760040">
				<speed>0.869690</speed>
				<ele>525.000000</ele>
				<time>2026-03-20T06:27:06Z</time>
			</trkpt>
			<trkpt lat="30.380319" lon="119.760033">
				<speed>0.899597</speed>
				<ele>524.000000</ele>
				<time>2026-03-20T06:27:23Z</time>
			</trkpt>
			<trkpt lat="30.380278" lon="119.760024">
				<speed>0.757215</speed>
				<ele>523.000000</ele>
				<time>2026-03-20T06:27:30Z</time>
			</trkpt>
			<trkpt lat="30.380309" lon="119.759947">
				<speed>-1.000000</speed>
				<ele>517.000000</ele>
				<time>2026-03-20T06:27:53Z</time>
			</trkpt>
			<trkpt lat="30.380325" lon="119.759853">
				<speed>1.916861</speed>
				<ele>519.000000</ele>
				<time>2026-03-20T06:27:58Z</time>
			</trkpt>
			<trkpt lat="30.380320" lon="119.759876">
				<speed>0.248898</speed>
				<ele>519.000000</ele>
				<time>2026-03-20T06:28:00Z</time>
			</trkpt>
			<trkpt lat="30.380305" lon="119.759902">
				<speed>0.090250</speed>
				<ele>519.000000</ele>
				<time>2026-03-20T06:28:00Z</time>
			</trkpt>
			<trkpt lat="30.380298" lon="119.759945">
				<speed>0.489983</speed>
				<ele>519.000000</ele>
				<time>2026-03-20T06:28:01Z</time>
			</trkpt>
			<trkpt lat="30.380305" lon="119.760012">
				<speed>0.489983</speed>
				<ele>519.000000</ele>
				<time>2026-03-20T06:28:02Z</time>
			</trkpt>
			<trkpt lat="30.380329" lon="119.760061">
				<speed>1.222715</speed>
				<ele>519.000000</ele>
				<time>2026-03-20T06:28:04Z</time>
			</trkpt>
			<trkpt lat="30.380411" lon="119.760113">
				<speed>0.771374</speed>
				<ele>521.000000</ele>
				<time>2026-03-20T06:28:17Z</time>
			</trkpt>
			<trkpt lat="30.380408" lon="119.760153">
				<speed>0.634227</speed>
				<ele>523.000000</ele>
				<time>2026-03-20T06:28:28Z</time>
			</trkpt>
			<trkpt lat="30.380370" lon="119.760196">
				<speed>0.270948</speed>
				<ele>523.000000</ele>
				<time>2026-03-20T06:28:38Z</time>
			</trkpt>
			<trkpt lat="30.380328" lon="119.760171">
				<speed>0.263974</speed>
				<ele>524.000000</ele>
				<time>2026-03-20T06:28:45Z</time>
			</trkpt>
			<trkpt lat="30.380289" lon="119.760134">
				<speed>0.246684</speed>
				<ele>525.000000</ele>
				<time>2026-03-20T06:28:51Z</time>
			</trkpt>
			<trkpt lat="30.380247" lon="119.760094">
				<speed>0.331041</speed>
				<ele>526.000000</ele>
				<time>2026-03-20T06:28:57Z</time>
			</trkpt>
			<trkpt lat="30.380212" lon="119.760058">
				<speed>0.425960</speed>
				<ele>526.000000</ele>
				<time>2026-03-20T06:29:02Z</time>
			</trkpt>
			<trkpt lat="30.380169" lon="119.760063">
				<speed>1.024269</speed>
				<ele>526.000000</ele>
				<time>2026-03-20T06:29:07Z</time>
			</trkpt>
			<trkpt lat="30.380122" lon="119.760087">
				<speed>1.004537</speed>
				<ele>525.000000</ele>
				<time>2026-03-20T06:29:12Z</time>
			</trkpt>
			<trkpt lat="30.380076" lon="119.760098">
				<speed>0.968639</speed>
				<ele>525.000000</ele>
				<time>2026-03-20T06:29:17Z</time>
			</trkpt>
			<trkpt lat="30.380118" lon="119.760092">
				<speed>0.114674</speed>
				<ele>522.000000</ele>
				<time>2026-03-20T06:29:57Z</time>
			</trkpt>
			<trkpt lat="30.380161" lon="119.760058">
				<speed>0.383763</speed>
				<ele>522.000000</ele>
				<time>2026-03-20T06:30:04Z</time>
			</trkpt>
			<trkpt lat="30.380189" lon="119.760020">
				<speed>0.926285</speed>
				<ele>522.000000</ele>
				<time>2026-03-20T06:30:09Z</time>
			</trkpt>
			<trkpt lat="30.380227" lon="119.760035">
				<speed>1.168176</speed>
				<ele>523.000000</ele>
				<time>2026-03-20T06:30:15Z</time>
			</trkpt>
			<trkpt lat="30.380268" lon="119.760085">
				<speed>1.329618</speed>
				<ele>524.000000</ele>
				<time>2026-03-20T06:30:21Z</time>
			</trkpt>
			<trkpt lat="30.380302" lon="119.760134">
				<speed>0.743529</speed>
				<ele>525.000000</ele>
				<time>2026-03-20T06:30:26Z</time>
			</trkpt>
			<trkpt lat="30.380337" lon="119.760174">
				<speed>1.253676</speed>
				<ele>526.000000</ele>
				<time>2026-03-20T06:30:30Z</time>
			</trkpt>
		</trkseg>
	</trk>
	<extensions>
		<name>2026-03-20 10:44:25</name>
		<TrackTypeId>8</TrackTypeId>
		<SportType>18</SportType>
		<TrackTags><![CDATA[徒步]]></TrackTags>
		<BeginTime>1773974665000</BeginTime>
		<EndTime>1773988255431</EndTime>
		<PauseTime>4108</PauseTime>
		<StartDistrictId>0</StartDistrictId>
		<EndDistrictId>0</EndDistrictId>
		<CreaterId>56392261</CreaterId>
		<CreaterName><![CDATA[Andy 的游历]]></CreaterName>
		<OriginCreaterId>56392261</OriginCreaterId>
		<OriginCreaterName><![CDATA[Andy 的游历]]></OriginCreaterName>
		<Distance>5807.433126</Distance>
		<ElevationGain>542.340000</ElevationGain>
		<ElevationLoss>82.610000</ElevationLoss>
		<SportAvgSpeed>0.612473</SportAvgSpeed>
	</extensions>
</gpx>
