<?xml version="1.0" encoding="UTF-8"?>
<gpx xmlns="http://www.topografix.com/GPX/1/1" version="1.1" creator="GPSBabel - http://www.gpsbabel.org">
	<metadata>
		<author>
			<name><![CDATA[Andy 的游历]]></name>
		</author>
	</metadata>
	<trk>
		<trkseg>
			<trkpt lat="30.189535" lon="120.114257">
				<speed>0.463365</speed>
				<ele>10.000000</ele>
				<time>2026-06-07T01:51:57Z</time>
			</trkpt>
			<trkpt lat="30.189527" lon="120.114198">
				<speed>0.584902</speed>
				<ele>9.000000</ele>
				<time>2026-06-07T01:52:05Z</time>
			</trkpt>
			<trkpt lat="30.189521" lon="120.114141">
				<speed>0.929115</speed>
				<ele>9.000000</ele>
				<time>2026-06-07T01:52:09Z</time>
			</trkpt>
			<trkpt lat="30.189516" lon="120.114084">
				<speed>0.873073</speed>
				<ele>9.000000</ele>
				<time>2026-06-07T01:52:13Z</time>
			</trkpt>
			<trkpt lat="30.189519" lon="120.114021">
				<speed>0.473039</speed>
				<ele>10.000000</ele>
				<time>2026-06-07T01:52:20Z</time>
			</trkpt>
			<trkpt lat="30.189538" lon="120.113970">
				<speed>0.880931</speed>
				<ele>9.000000</ele>
				<time>2026-06-07T01:52:22Z</time>
			</trkpt>
			<trkpt lat="30.189563" lon="120.113927">
				<speed>0.862027</speed>
				<ele>10.000000</ele>
				<time>2026-06-07T01:52:27Z</time>
			</trkpt>
			<trkpt lat="30.189589" lon="120.113882">
				<speed>0.717481</speed>
				<ele>10.000000</ele>
				<time>2026-06-07T01:52:34Z</time>
			</trkpt>
			<trkpt lat="30.189602" lon="120.113823">
				<speed>0.508427</speed>
				<ele>10.000000</ele>
				<time>2026-06-07T01:52:40Z</time>
			</trkpt>
			<trkpt lat="30.189638" lon="120.113776">
				<speed>1.764741</speed>
				<ele>10.000000</ele>
				<time>2026-06-07T01:52:42Z</time>
			</trkpt>
			<trkpt lat="30.189666" lon="120.113735">
				<speed>0.859853</speed>
				<ele>11.000000</ele>
				<time>2026-06-07T01:52:47Z</time>
			</trkpt>
			<trkpt lat="30.189694" lon="120.113689">
				<speed>0.782110</speed>
				<ele>11.000000</ele>
				<time>2026-06-07T01:52:51Z</time>
			</trkpt>
			<trkpt lat="30.189727" lon="120.113636">
				<speed>0.919101</speed>
				<ele>12.000000</ele>
				<time>2026-06-07T01:52:55Z</time>
			</trkpt>
			<trkpt lat="30.189764" lon="120.113605">
				<speed>1.281181</speed>
				<ele>12.000000</ele>
				<time>2026-06-07T01:52:58Z</time>
			</trkpt>
			<trkpt lat="30.189804" lon="120.113568">
				<speed>1.167144</speed>
				<ele>12.000000</ele>
				<time>2026-06-07T01:53:03Z</time>
			</trkpt>
			<trkpt lat="30.189833" lon="120.113524">
				<speed>0.729060</speed>
				<ele>12.000000</ele>
				<time>2026-06-07T01:53:09Z</time>
			</trkpt>
			<trkpt lat="30.189865" lon="120.113487">
				<speed>0.926774</speed>
				<ele>12.000000</ele>
				<time>2026-06-07T01:53:13Z</time>
			</trkpt>
			<trkpt lat="30.189909" lon="120.113448">
				<speed>0.970704</speed>
				<ele>12.000000</ele>
				<time>2026-06-07T01:53:18Z</time>
			</trkpt>
			<trkpt lat="30.189958" lon="120.113411">
				<speed>1.039415</speed>
				<ele>12.000000</ele>
				<time>2026-06-07T01:53:25Z</time>
			</trkpt>
			<trkpt lat="30.189984" lon="120.113357">
				<speed>0.832315</speed>
				<ele>12.000000</ele>
				<time>2026-06-07T01:53:30Z</time>
			</trkpt>
			<trkpt lat="30.190021" lon="120.113306">
				<speed>1.178771</speed>
				<ele>13.000000</ele>
				<time>2026-06-07T01:53:35Z</time>
			</trkpt>
			<trkpt lat="30.190058" lon="120.113261">
				<speed>1.263337</speed>
				<ele>12.000000</ele>
				<time>2026-06-07T01:53:39Z</time>
			</trkpt>
			<trkpt lat="30.190061" lon="120.113196">
				<speed>0.827793</speed>
				<ele>12.000000</ele>
				<time>2026-06-07T01:53:44Z</time>
			</trkpt>
			<trkpt lat="30.190105" lon="120.113168">
				<speed>1.017251</speed>
				<ele>13.000000</ele>
				<time>2026-06-07T01:53:48Z</time>
			</trkpt>
			<trkpt lat="30.190162" lon="120.113177">
				<speed>0.981996</speed>
				<ele>12.000000</ele>
				<time>2026-06-07T01:53:56Z</time>
			</trkpt>
			<trkpt lat="30.190218" lon="120.113178">
				<speed>0.938130</speed>
				<ele>11.000000</ele>
				<time>2026-06-07T01:54:03Z</time>
			</trkpt>
			<trkpt lat="30.190242" lon="120.113116">
				<speed>1.039721</speed>
				<ele>10.000000</ele>
				<time>2026-06-07T01:54:10Z</time>
			</trkpt>
			<trkpt lat="30.190236" lon="120.113061">
				<speed>0.967627</speed>
				<ele>10.000000</ele>
				<time>2026-06-07T01:54:18Z</time>
			</trkpt>
			<trkpt lat="30.190277" lon="120.113031">
				<speed>0.153177</speed>
				<ele>10.000000</ele>
				<time>2026-06-07T01:54:26Z</time>
			</trkpt>
			<trkpt lat="30.190342" lon="120.112970">
				<speed>0.318182</speed>
				<ele>11.000000</ele>
				<time>2026-06-07T01:54:34Z</time>
			</trkpt>
			<trkpt lat="30.190386" lon="120.112924">
				<speed>0.094740</speed>
				<ele>11.000000</ele>
				<time>2026-06-07T01:54:37Z</time>
			</trkpt>
			<trkpt lat="30.190424" lon="120.112886">
				<speed>0.347683</speed>
				<ele>11.000000</ele>
				<time>2026-06-07T01:54:42Z</time>
			</trkpt>
			<trkpt lat="30.190484" lon="120.112859">
				<speed>0.450423</speed>
				<ele>10.000000</ele>
				<time>2026-06-07T01:54:46Z</time>
			</trkpt>
			<trkpt lat="30.190529" lon="120.112843">
				<speed>0.943602</speed>
				<ele>10.000000</ele>
				<time>2026-06-07T01:54:49Z</time>
			</trkpt>
			<trkpt lat="30.190581" lon="120.112830">
				<speed>0.804050</speed>
				<ele>10.000000</ele>
				<time>2026-06-07T01:54:55Z</time>
			</trkpt>
			<trkpt lat="30.190626" lon="120.112812">
				<speed>0.620309</speed>
				<ele>10.000000</ele>
				<time>2026-06-07T01:55:00Z</time>
			</trkpt>
			<trkpt lat="30.190680" lon="120.112801">
				<speed>0.832557</speed>
				<ele>10.000000</ele>
				<time>2026-06-07T01:55:05Z</time>
			</trkpt>
			<trkpt lat="30.190732" lon="120.112789">
				<speed>0.513473</speed>
				<ele>10.000000</ele>
				<time>2026-06-07T01:55:15Z</time>
			</trkpt>
			<trkpt lat="30.190776" lon="120.112768">
				<speed>0.350130</speed>
				<ele>10.000000</ele>
				<time>2026-06-07T01:55:19Z</time>
			</trkpt>
			<trkpt lat="30.190828" lon="120.112763">
				<speed>0.626067</speed>
				<ele>11.000000</ele>
				<time>2026-06-07T01:55:28Z</time>
			</trkpt>
			<trkpt lat="30.190872" lon="120.112785">
				<speed>0.691030</speed>
				<ele>11.000000</ele>
				<time>2026-06-07T01:55:34Z</time>
			</trkpt>
			<trkpt lat="30.190926" lon="120.112798">
				<speed>0.533834</speed>
				<ele>11.000000</ele>
				<time>2026-06-07T01:55:38Z</time>
			</trkpt>
			<trkpt lat="30.190976" lon="120.112815">
				<speed>0.665588</speed>
				<ele>10.000000</ele>
				<time>2026-06-07T01:55:42Z</time>
			</trkpt>
			<trkpt lat="30.191025" lon="120.112837">
				<speed>0.570439</speed>
				<ele>11.000000</ele>
				<time>2026-06-07T01:55:48Z</time>
			</trkpt>
			<trkpt lat="30.191075" lon="120.112843">
				<speed>0.527364</speed>
				<ele>11.000000</ele>
				<time>2026-06-07T01:55:56Z</time>
			</trkpt>
			<trkpt lat="30.191124" lon="120.112846">
				<speed>0.190251</speed>
				<ele>11.000000</ele>
				<time>2026-06-07T01:56:04Z</time>
			</trkpt>
			<trkpt lat="30.191182" lon="120.112843">
				<speed>0.819375</speed>
				<ele>11.000000</ele>
				<time>2026-06-07T01:56:08Z</time>
			</trkpt>
			<trkpt lat="30.191232" lon="120.112846">
				<speed>0.288364</speed>
				<ele>12.000000</ele>
				<time>2026-06-07T01:56:16Z</time>
			</trkpt>
			<trkpt lat="30.191278" lon="120.112828">
				<speed>0.467225</speed>
				<ele>12.000000</ele>
				<time>2026-06-07T01:56:23Z</time>
			</trkpt>
			<trkpt lat="30.191291" lon="120.112777">
				<speed>1.096308</speed>
				<ele>10.000000</ele>
				<time>2026-06-07T01:56:31Z</time>
			</trkpt>
			<trkpt lat="30.191308" lon="120.112726">
				<speed>0.612891</speed>
				<ele>11.000000</ele>
				<time>2026-06-07T01:56:37Z</time>
			</trkpt>
			<trkpt lat="30.191320" lon="120.112667">
				<speed>1.286433</speed>
				<ele>11.000000</ele>
				<time>2026-06-07T01:56:41Z</time>
			</trkpt>
			<trkpt lat="30.191363" lon="120.112628">
				<speed>0.900228</speed>
				<ele>12.000000</ele>
				<time>2026-06-07T01:56:46Z</time>
			</trkpt>
			<trkpt lat="30.191414" lon="120.112608">
				<speed>1.009497</speed>
				<ele>11.000000</ele>
				<time>2026-06-07T01:56:51Z</time>
			</trkpt>
			<trkpt lat="30.191462" lon="120.112597">
				<speed>0.895100</speed>
				<ele>12.000000</ele>
				<time>2026-06-07T01:56:56Z</time>
			</trkpt>
			<trkpt lat="30.191518" lon="120.112603">
				<speed>1.236679</speed>
				<ele>12.000000</ele>
				<time>2026-06-07T01:57:01Z</time>
			</trkpt>
			<trkpt lat="30.191567" lon="120.112611">
				<speed>0.989632</speed>
				<ele>12.000000</ele>
				<time>2026-06-07T01:57:07Z</time>
			</trkpt>
			<trkpt lat="30.191614" lon="120.112627">
				<speed>1.116598</speed>
				<ele>12.000000</ele>
				<time>2026-06-07T01:57:12Z</time>
			</trkpt>
			<trkpt lat="30.191657" lon="120.112646">
				<speed>0.965646</speed>
				<ele>11.000000</ele>
				<time>2026-06-07T01:57:17Z</time>
			</trkpt>
			<trkpt lat="30.191701" lon="120.112679">
				<speed>1.128476</speed>
				<ele>10.000000</ele>
				<time>2026-06-07T01:57:22Z</time>
			</trkpt>
			<trkpt lat="30.191751" lon="120.112718">
				<speed>1.281882</speed>
				<ele>11.000000</ele>
				<time>2026-06-07T01:57:27Z</time>
			</trkpt>
			<trkpt lat="30.191801" lon="120.112740">
				<speed>1.155254</speed>
				<ele>11.000000</ele>
				<time>2026-06-07T01:57:32Z</time>
			</trkpt>
			<trkpt lat="30.191849" lon="120.112726">
				<speed>0.856158</speed>
				<ele>11.000000</ele>
				<time>2026-06-07T01:57:37Z</time>
			</trkpt>
			<trkpt lat="30.191895" lon="120.112716">
				<speed>1.102155</speed>
				<ele>11.000000</ele>
				<time>2026-06-07T01:57:42Z</time>
			</trkpt>
			<trkpt lat="30.191934" lon="120.112687">
				<speed>0.460604</speed>
				<ele>11.000000</ele>
				<time>2026-06-07T01:57:48Z</time>
			</trkpt>
			<trkpt lat="30.191980" lon="120.112669">
				<speed>0.843634</speed>
				<ele>11.000000</ele>
				<time>2026-06-07T01:57:56Z</time>
			</trkpt>
			<trkpt lat="30.192033" lon="120.112669">
				<speed>0.571594</speed>
				<ele>11.000000</ele>
				<time>2026-06-07T01:58:02Z</time>
			</trkpt>
			<trkpt lat="30.192080" lon="120.112653">
				<speed>0.850371</speed>
				<ele>10.000000</ele>
				<time>2026-06-07T01:58:06Z</time>
			</trkpt>
			<trkpt lat="30.192127" lon="120.112648">
				<speed>0.975879</speed>
				<ele>11.000000</ele>
				<time>2026-06-07T01:58:09Z</time>
			</trkpt>
			<trkpt lat="30.192175" lon="120.112641">
				<speed>0.650552</speed>
				<ele>12.000000</ele>
				<time>2026-06-07T01:58:14Z</time>
			</trkpt>
			<trkpt lat="30.192225" lon="120.112625">
				<speed>1.037010</speed>
				<ele>12.000000</ele>
				<time>2026-06-07T01:58:18Z</time>
			</trkpt>
			<trkpt lat="30.192275" lon="120.112618">
				<speed>0.638669</speed>
				<ele>13.000000</ele>
				<time>2026-06-07T01:58:23Z</time>
			</trkpt>
			<trkpt lat="30.192327" lon="120.112605">
				<speed>1.075784</speed>
				<ele>12.000000</ele>
				<time>2026-06-07T01:58:27Z</time>
			</trkpt>
			<trkpt lat="30.192393" lon="120.112597">
				<speed>1.454270</speed>
				<ele>13.000000</ele>
				<time>2026-06-07T01:58:30Z</time>
			</trkpt>
			<trkpt lat="30.192448" lon="120.112606">
				<speed>1.060912</speed>
				<ele>13.000000</ele>
				<time>2026-06-07T01:58:36Z</time>
			</trkpt>
			<trkpt lat="30.192495" lon="120.112576">
				<speed>0.885886</speed>
				<ele>14.000000</ele>
				<time>2026-06-07T01:58:41Z</time>
			</trkpt>
			<trkpt lat="30.192542" lon="120.112565">
				<speed>0.975975</speed>
				<ele>14.000000</ele>
				<time>2026-06-07T01:58:45Z</time>
			</trkpt>
			<trkpt lat="30.192611" lon="120.112549">
				<speed>1.379697</speed>
				<ele>15.000000</ele>
				<time>2026-06-07T01:58:52Z</time>
			</trkpt>
			<trkpt lat="30.192667" lon="120.112546">
				<speed>0.624030</speed>
				<ele>14.000000</ele>
				<time>2026-06-07T01:58:57Z</time>
			</trkpt>
			<trkpt lat="30.192718" lon="120.112545">
				<speed>0.756188</speed>
				<ele>15.000000</ele>
				<time>2026-06-07T01:59:01Z</time>
			</trkpt>
			<trkpt lat="30.192780" lon="120.112523">
				<speed>1.191722</speed>
				<ele>15.000000</ele>
				<time>2026-06-07T01:59:08Z</time>
			</trkpt>
			<trkpt lat="30.192825" lon="120.112496">
				<speed>0.693059</speed>
				<ele>16.000000</ele>
				<time>2026-06-07T01:59:18Z</time>
			</trkpt>
			<trkpt lat="30.192880" lon="120.112475">
				<speed>1.018955</speed>
				<ele>16.000000</ele>
				<time>2026-06-07T01:59:21Z</time>
			</trkpt>
			<trkpt lat="30.192932" lon="120.112462">
				<speed>1.045879</speed>
				<ele>16.000000</ele>
				<time>2026-06-07T01:59:24Z</time>
			</trkpt>
			<trkpt lat="30.192988" lon="120.112455">
				<speed>0.970235</speed>
				<ele>16.000000</ele>
				<time>2026-06-07T01:59:30Z</time>
			</trkpt>
			<trkpt lat="30.193051" lon="120.112459">
				<speed>1.407503</speed>
				<ele>15.000000</ele>
				<time>2026-06-07T01:59:34Z</time>
			</trkpt>
			<trkpt lat="30.193097" lon="120.112443">
				<speed>1.186299</speed>
				<ele>16.000000</ele>
				<time>2026-06-07T01:59:37Z</time>
			</trkpt>
			<trkpt lat="30.193144" lon="120.112424">
				<speed>0.789665</speed>
				<ele>16.000000</ele>
				<time>2026-06-07T01:59:42Z</time>
			</trkpt>
			<trkpt lat="30.193189" lon="120.112406">
				<speed>0.767745</speed>
				<ele>15.000000</ele>
				<time>2026-06-07T01:59:47Z</time>
			</trkpt>
			<trkpt lat="30.193235" lon="120.112362">
				<speed>1.238821</speed>
				<ele>15.000000</ele>
				<time>2026-06-07T01:59:51Z</time>
			</trkpt>
			<trkpt lat="30.193281" lon="120.112348">
				<speed>0.762304</speed>
				<ele>16.000000</ele>
				<time>2026-06-07T01:59:55Z</time>
			</trkpt>
			<trkpt lat="30.193299" lon="120.112299">
				<speed>1.162183</speed>
				<ele>15.000000</ele>
				<time>2026-06-07T01:59:59Z</time>
			</trkpt>
			<trkpt lat="30.193331" lon="120.112248">
				<speed>1.163096</speed>
				<ele>16.000000</ele>
				<time>2026-06-07T02:00:04Z</time>
			</trkpt>
			<trkpt lat="30.193372" lon="120.112206">
				<speed>0.940386</speed>
				<ele>15.000000</ele>
				<time>2026-06-07T02:00:09Z</time>
			</trkpt>
			<trkpt lat="30.193417" lon="120.112169">
				<speed>1.083860</speed>
				<ele>16.000000</ele>
				<time>2026-06-07T02:00:13Z</time>
			</trkpt>
			<trkpt lat="30.193446" lon="120.112113">
				<speed>1.164401</speed>
				<ele>16.000000</ele>
				<time>2026-06-07T02:00:17Z</time>
			</trkpt>
			<trkpt lat="30.193468" lon="120.112064">
				<speed>1.092909</speed>
				<ele>17.000000</ele>
				<time>2026-06-07T02:00:22Z</time>
			</trkpt>
			<trkpt lat="30.193527" lon="120.112042">
				<speed>1.225732</speed>
				<ele>18.000000</ele>
				<time>2026-06-07T02:00:26Z</time>
			</trkpt>
			<trkpt lat="30.193535" lon="120.111990">
				<speed>0.716330</speed>
				<ele>18.000000</ele>
				<time>2026-06-07T02:00:32Z</time>
			</trkpt>
			<trkpt lat="30.193565" lon="120.111941">
				<speed>0.736140</speed>
				<ele>19.000000</ele>
				<time>2026-06-07T02:00:38Z</time>
			</trkpt>
			<trkpt lat="30.193598" lon="120.111902">
				<speed>0.870186</speed>
				<ele>19.000000</ele>
				<time>2026-06-07T02:00:41Z</time>
			</trkpt>
			<trkpt lat="30.193651" lon="120.111871">
				<speed>0.898610</speed>
				<ele>19.000000</ele>
				<time>2026-06-07T02:00:47Z</time>
			</trkpt>
			<trkpt lat="30.193699" lon="120.111833">
				<speed>0.871010</speed>
				<ele>20.000000</ele>
				<time>2026-06-07T02:00:53Z</time>
			</trkpt>
			<trkpt lat="30.193741" lon="120.111803">
				<speed>0.678904</speed>
				<ele>21.000000</ele>
				<time>2026-06-07T02:00:59Z</time>
			</trkpt>
			<trkpt lat="30.193801" lon="120.111791">
				<speed>1.445940</speed>
				<ele>20.000000</ele>
				<time>2026-06-07T02:01:01Z</time>
			</trkpt>
			<trkpt lat="30.193834" lon="120.111754">
				<speed>0.928816</speed>
				<ele>21.000000</ele>
				<time>2026-06-07T02:01:06Z</time>
			</trkpt>
			<trkpt lat="30.193877" lon="120.111716">
				<speed>0.868153</speed>
				<ele>23.000000</ele>
				<time>2026-06-07T02:01:11Z</time>
			</trkpt>
			<trkpt lat="30.193912" lon="120.111677">
				<speed>0.696237</speed>
				<ele>21.000000</ele>
				<time>2026-06-07T02:01:16Z</time>
			</trkpt>
			<trkpt lat="30.193940" lon="120.111634">
				<speed>0.895522</speed>
				<ele>23.000000</ele>
				<time>2026-06-07T02:01:21Z</time>
			</trkpt>
			<trkpt lat="30.193983" lon="120.111606">
				<speed>1.023432</speed>
				<ele>24.000000</ele>
				<time>2026-06-07T02:01:27Z</time>
			</trkpt>
			<trkpt lat="30.194036" lon="120.111594">
				<speed>1.113705</speed>
				<ele>24.000000</ele>
				<time>2026-06-07T02:01:31Z</time>
			</trkpt>
			<trkpt lat="30.194086" lon="120.111561">
				<speed>0.748882</speed>
				<ele>23.000000</ele>
				<time>2026-06-07T02:01:36Z</time>
			</trkpt>
			<trkpt lat="30.194139" lon="120.111539">
				<speed>1.337642</speed>
				<ele>22.000000</ele>
				<time>2026-06-07T02:01:39Z</time>
			</trkpt>
			<trkpt lat="30.194161" lon="120.111489">
				<speed>1.128317</speed>
				<ele>22.000000</ele>
				<time>2026-06-07T02:01:43Z</time>
			</trkpt>
			<trkpt lat="30.194206" lon="120.111466">
				<speed>1.095059</speed>
				<ele>22.000000</ele>
				<time>2026-06-07T02:01:48Z</time>
			</trkpt>
			<trkpt lat="30.194253" lon="120.111461">
				<speed>1.341546</speed>
				<ele>22.000000</ele>
				<time>2026-06-07T02:01:51Z</time>
			</trkpt>
			<trkpt lat="30.194292" lon="120.111424">
				<speed>0.913241</speed>
				<ele>22.000000</ele>
				<time>2026-06-07T02:01:56Z</time>
			</trkpt>
			<trkpt lat="30.194341" lon="120.111391">
				<speed>1.120120</speed>
				<ele>20.000000</ele>
				<time>2026-06-07T02:02:01Z</time>
			</trkpt>
			<trkpt lat="30.194375" lon="120.111346">
				<speed>0.774273</speed>
				<ele>19.000000</ele>
				<time>2026-06-07T02:02:07Z</time>
			</trkpt>
			<trkpt lat="30.194428" lon="120.111328">
				<speed>1.272089</speed>
				<ele>18.000000</ele>
				<time>2026-06-07T02:02:10Z</time>
			</trkpt>
			<trkpt lat="30.194465" lon="120.111290">
				<speed>0.953788</speed>
				<ele>19.000000</ele>
				<time>2026-06-07T02:02:14Z</time>
			</trkpt>
			<trkpt lat="30.194503" lon="120.111239">
				<speed>1.541920</speed>
				<ele>18.000000</ele>
				<time>2026-06-07T02:02:18Z</time>
			</trkpt>
			<trkpt lat="30.194531" lon="120.111196">
				<speed>0.741192</speed>
				<ele>19.000000</ele>
				<time>2026-06-07T02:02:23Z</time>
			</trkpt>
			<trkpt lat="30.194581" lon="120.111156">
				<speed>1.480875</speed>
				<ele>18.000000</ele>
				<time>2026-06-07T02:02:27Z</time>
			</trkpt>
			<trkpt lat="30.194611" lon="120.111114">
				<speed>0.854155</speed>
				<ele>19.000000</ele>
				<time>2026-06-07T02:02:32Z</time>
			</trkpt>
			<trkpt lat="30.194657" lon="120.111087">
				<speed>1.377894</speed>
				<ele>19.000000</ele>
				<time>2026-06-07T02:02:35Z</time>
			</trkpt>
			<trkpt lat="30.194700" lon="120.111062">
				<speed>1.060726</speed>
				<ele>18.000000</ele>
				<time>2026-06-07T02:02:39Z</time>
			</trkpt>
			<trkpt lat="30.194763" lon="120.111058">
				<speed>1.570748</speed>
				<ele>18.000000</ele>
				<time>2026-06-07T02:02:43Z</time>
			</trkpt>
			<trkpt lat="30.194809" lon="120.111048">
				<speed>0.602973</speed>
				<ele>18.000000</ele>
				<time>2026-06-07T02:02:48Z</time>
			</trkpt>
			<trkpt lat="30.194856" lon="120.111015">
				<speed>0.703578</speed>
				<ele>17.000000</ele>
				<time>2026-06-07T02:02:54Z</time>
			</trkpt>
			<trkpt lat="30.194920" lon="120.110981">
				<speed>1.753659</speed>
				<ele>16.000000</ele>
				<time>2026-06-07T02:02:57Z</time>
			</trkpt>
			<trkpt lat="30.194953" lon="120.110932">
				<speed>1.178081</speed>
				<ele>17.000000</ele>
				<time>2026-06-07T02:03:03Z</time>
			</trkpt>
			<trkpt lat="30.194987" lon="120.110894">
				<speed>1.106743</speed>
				<ele>17.000000</ele>
				<time>2026-06-07T02:03:08Z</time>
			</trkpt>
			<trkpt lat="30.195038" lon="120.110858">
				<speed>1.208696</speed>
				<ele>16.000000</ele>
				<time>2026-06-07T02:03:13Z</time>
			</trkpt>
			<trkpt lat="30.195076" lon="120.110810">
				<speed>1.196649</speed>
				<ele>15.000000</ele>
				<time>2026-06-07T02:03:17Z</time>
			</trkpt>
			<trkpt lat="30.195105" lon="120.110752">
				<speed>1.114073</speed>
				<ele>16.000000</ele>
				<time>2026-06-07T02:03:22Z</time>
			</trkpt>
			<trkpt lat="30.195127" lon="120.110694">
				<speed>1.156724</speed>
				<ele>16.000000</ele>
				<time>2026-06-07T02:03:26Z</time>
			</trkpt>
			<trkpt lat="30.195158" lon="120.110650">
				<speed>1.122792</speed>
				<ele>16.000000</ele>
				<time>2026-06-07T02:03:30Z</time>
			</trkpt>
			<trkpt lat="30.195191" lon="120.110614">
				<speed>0.996277</speed>
				<ele>17.000000</ele>
				<time>2026-06-07T02:03:34Z</time>
			</trkpt>
			<trkpt lat="30.195237" lon="120.110590">
				<speed>1.216661</speed>
				<ele>16.000000</ele>
				<time>2026-06-07T02:03:38Z</time>
			</trkpt>
			<trkpt lat="30.195287" lon="120.110566">
				<speed>1.062777</speed>
				<ele>17.000000</ele>
				<time>2026-06-07T02:03:43Z</time>
			</trkpt>
			<trkpt lat="30.195342" lon="120.110543">
				<speed>1.310246</speed>
				<ele>17.000000</ele>
				<time>2026-06-07T02:03:48Z</time>
			</trkpt>
			<trkpt lat="30.195397" lon="120.110530">
				<speed>1.001764</speed>
				<ele>17.000000</ele>
				<time>2026-06-07T02:03:53Z</time>
			</trkpt>
			<trkpt lat="30.195442" lon="120.110497">
				<speed>1.098657</speed>
				<ele>17.000000</ele>
				<time>2026-06-07T02:03:58Z</time>
			</trkpt>
			<trkpt lat="30.195498" lon="120.110466">
				<speed>0.983623</speed>
				<ele>19.000000</ele>
				<time>2026-06-07T02:04:03Z</time>
			</trkpt>
			<trkpt lat="30.195540" lon="120.110428">
				<speed>1.246459</speed>
				<ele>18.000000</ele>
				<time>2026-06-07T02:04:06Z</time>
			</trkpt>
			<trkpt lat="30.195574" lon="120.110375">
				<speed>1.178913</speed>
				<ele>18.000000</ele>
				<time>2026-06-07T02:04:11Z</time>
			</trkpt>
			<trkpt lat="30.195615" lon="120.110344">
				<speed>0.900018</speed>
				<ele>19.000000</ele>
				<time>2026-06-07T02:04:16Z</time>
			</trkpt>
			<trkpt lat="30.195637" lon="120.110299">
				<speed>0.899276</speed>
				<ele>19.000000</ele>
				<time>2026-06-07T02:04:21Z</time>
			</trkpt>
			<trkpt lat="30.195596" lon="120.110264">
				<speed>0.718782</speed>
				<ele>21.000000</ele>
				<time>2026-06-07T02:04:28Z</time>
			</trkpt>
			<trkpt lat="30.195685" lon="120.110329">
				<speed>-1.000000</speed>
				<ele>19.000000</ele>
				<time>2026-06-07T02:05:14Z</time>
			</trkpt>
			<trkpt lat="30.195642" lon="120.110349">
				<speed>0.600998</speed>
				<ele>22.000000</ele>
				<time>2026-06-07T02:05:28Z</time>
			</trkpt>
			<trkpt lat="30.195686" lon="120.110305">
				<speed>0.803969</speed>
				<ele>20.000000</ele>
				<time>2026-06-07T02:05:33Z</time>
			</trkpt>
			<trkpt lat="30.195747" lon="120.110272">
				<speed>1.576088</speed>
				<ele>19.000000</ele>
				<time>2026-06-07T02:05:37Z</time>
			</trkpt>
			<trkpt lat="30.195796" lon="120.110287">
				<speed>1.189680</speed>
				<ele>20.000000</ele>
				<time>2026-06-07T02:05:41Z</time>
			</trkpt>
			<trkpt lat="30.195851" lon="120.110280">
				<speed>1.113486</speed>
				<ele>20.000000</ele>
				<time>2026-06-07T02:05:46Z</time>
			</trkpt>
			<trkpt lat="30.195907" lon="120.110277">
				<speed>1.208855</speed>
				<ele>20.000000</ele>
				<time>2026-06-07T02:05:51Z</time>
			</trkpt>
			<trkpt lat="30.195958" lon="120.110269">
				<speed>1.286763</speed>
				<ele>20.000000</ele>
				<time>2026-06-07T02:05:54Z</time>
			</trkpt>
			<trkpt lat="30.196013" lon="120.110257">
				<speed>1.276181</speed>
				<ele>21.000000</ele>
				<time>2026-06-07T02:05:58Z</time>
			</trkpt>
			<trkpt lat="30.196065" lon="120.110259">
				<speed>1.257319</speed>
				<ele>22.000000</ele>
				<time>2026-06-07T02:06:02Z</time>
			</trkpt>
			<trkpt lat="30.196115" lon="120.110255">
				<speed>1.164162</speed>
				<ele>21.000000</ele>
				<time>2026-06-07T02:06:07Z</time>
			</trkpt>
			<trkpt lat="30.196173" lon="120.110250">
				<speed>1.481096</speed>
				<ele>21.000000</ele>
				<time>2026-06-07T02:06:12Z</time>
			</trkpt>
			<trkpt lat="30.196215" lon="120.110231">
				<speed>1.328803</speed>
				<ele>22.000000</ele>
				<time>2026-06-07T02:06:16Z</time>
			</trkpt>
			<trkpt lat="30.196269" lon="120.110212">
				<speed>1.104710</speed>
				<ele>23.000000</ele>
				<time>2026-06-07T02:06:22Z</time>
			</trkpt>
			<trkpt lat="30.196317" lon="120.110214">
				<speed>1.205693</speed>
				<ele>24.000000</ele>
				<time>2026-06-07T02:06:25Z</time>
			</trkpt>
			<trkpt lat="30.196364" lon="120.110204">
				<speed>1.412944</speed>
				<ele>24.000000</ele>
				<time>2026-06-07T02:06:28Z</time>
			</trkpt>
			<trkpt lat="30.196412" lon="120.110204">
				<speed>0.903406</speed>
				<ele>24.000000</ele>
				<time>2026-06-07T02:06:32Z</time>
			</trkpt>
			<trkpt lat="30.196459" lon="120.110182">
				<speed>1.194972</speed>
				<ele>25.000000</ele>
				<time>2026-06-07T02:06:37Z</time>
			</trkpt>
			<trkpt lat="30.196510" lon="120.110155">
				<speed>1.296803</speed>
				<ele>24.000000</ele>
				<time>2026-06-07T02:06:41Z</time>
			</trkpt>
			<trkpt lat="30.196562" lon="120.110142">
				<speed>1.220502</speed>
				<ele>23.000000</ele>
				<time>2026-06-07T02:06:45Z</time>
			</trkpt>
			<trkpt lat="30.196601" lon="120.110112">
				<speed>1.503957</speed>
				<ele>23.000000</ele>
				<time>2026-06-07T02:06:48Z</time>
			</trkpt>
			<trkpt lat="30.196638" lon="120.110075">
				<speed>1.241178</speed>
				<ele>21.000000</ele>
				<time>2026-06-07T02:06:52Z</time>
			</trkpt>
			<trkpt lat="30.196671" lon="120.110037">
				<speed>1.520851</speed>
				<ele>20.000000</ele>
				<time>2026-06-07T02:06:55Z</time>
			</trkpt>
			<trkpt lat="30.196705" lon="120.109998">
				<speed>1.139840</speed>
				<ele>19.000000</ele>
				<time>2026-06-07T02:06:59Z</time>
			</trkpt>
			<trkpt lat="30.196747" lon="120.109956">
				<speed>1.184145</speed>
				<ele>18.000000</ele>
				<time>2026-06-07T02:07:03Z</time>
			</trkpt>
			<trkpt lat="30.196782" lon="120.109906">
				<speed>1.235117</speed>
				<ele>20.000000</ele>
				<time>2026-06-07T02:07:07Z</time>
			</trkpt>
			<trkpt lat="30.196813" lon="120.109853">
				<speed>1.227188</speed>
				<ele>20.000000</ele>
				<time>2026-06-07T02:07:12Z</time>
			</trkpt>
			<trkpt lat="30.196857" lon="120.109819">
				<speed>1.324985</speed>
				<ele>21.000000</ele>
				<time>2026-06-07T02:07:16Z</time>
			</trkpt>
			<trkpt lat="30.196899" lon="120.109771">
				<speed>1.446967</speed>
				<ele>23.000000</ele>
				<time>2026-06-07T02:07:21Z</time>
			</trkpt>
			<trkpt lat="30.196925" lon="120.109715">
				<speed>1.471413</speed>
				<ele>23.000000</ele>
				<time>2026-06-07T02:07:24Z</time>
			</trkpt>
			<trkpt lat="30.196964" lon="120.109671">
				<speed>1.159554</speed>
				<ele>25.000000</ele>
				<time>2026-06-07T02:07:29Z</time>
			</trkpt>
			<trkpt lat="30.196991" lon="120.109623">
				<speed>0.954301</speed>
				<ele>25.000000</ele>
				<time>2026-06-07T02:07:34Z</time>
			</trkpt>
			<trkpt lat="30.197038" lon="120.109577">
				<speed>1.366204</speed>
				<ele>26.000000</ele>
				<time>2026-06-07T02:07:39Z</time>
			</trkpt>
			<trkpt lat="30.197077" lon="120.109534">
				<speed>0.902775</speed>
				<ele>26.000000</ele>
				<time>2026-06-07T02:07:44Z</time>
			</trkpt>
			<trkpt lat="30.197118" lon="120.109490">
				<speed>1.433931</speed>
				<ele>27.000000</ele>
				<time>2026-06-07T02:07:48Z</time>
			</trkpt>
			<trkpt lat="30.197146" lon="120.109446">
				<speed>1.099667</speed>
				<ele>26.000000</ele>
				<time>2026-06-07T02:07:52Z</time>
			</trkpt>
			<trkpt lat="30.197192" lon="120.109402">
				<speed>1.367476</speed>
				<ele>27.000000</ele>
				<time>2026-06-07T02:07:56Z</time>
			</trkpt>
			<trkpt lat="30.197228" lon="120.109361">
				<speed>1.096781</speed>
				<ele>26.000000</ele>
				<time>2026-06-07T02:08:00Z</time>
			</trkpt>
			<trkpt lat="30.197267" lon="120.109324">
				<speed>1.130021</speed>
				<ele>25.000000</ele>
				<time>2026-06-07T02:08:04Z</time>
			</trkpt>
			<trkpt lat="30.197306" lon="120.109292">
				<speed>1.165820</speed>
				<ele>25.000000</ele>
				<time>2026-06-07T02:08:08Z</time>
			</trkpt>
			<trkpt lat="30.197349" lon="120.109256">
				<speed>1.036960</speed>
				<ele>26.000000</ele>
				<time>2026-06-07T02:08:13Z</time>
			</trkpt>
			<trkpt lat="30.197398" lon="120.109232">
				<speed>0.960452</speed>
				<ele>25.000000</ele>
				<time>2026-06-07T02:08:18Z</time>
			</trkpt>
			<trkpt lat="30.197446" lon="120.109214">
				<speed>1.252025</speed>
				<ele>25.000000</ele>
				<time>2026-06-07T02:08:22Z</time>
			</trkpt>
			<trkpt lat="30.197489" lon="120.109189">
				<speed>1.257425</speed>
				<ele>24.000000</ele>
				<time>2026-06-07T02:08:25Z</time>
			</trkpt>
			<trkpt lat="30.197533" lon="120.109166">
				<speed>0.934487</speed>
				<ele>24.000000</ele>
				<time>2026-06-07T02:08:29Z</time>
			</trkpt>
			<trkpt lat="30.197581" lon="120.109141">
				<speed>1.095013</speed>
				<ele>23.000000</ele>
				<time>2026-06-07T02:08:33Z</time>
			</trkpt>
			<trkpt lat="30.197628" lon="120.109113">
				<speed>1.031792</speed>
				<ele>23.000000</ele>
				<time>2026-06-07T02:08:38Z</time>
			</trkpt>
			<trkpt lat="30.197672" lon="120.109088">
				<speed>1.102475</speed>
				<ele>21.000000</ele>
				<time>2026-06-07T02:08:43Z</time>
			</trkpt>
			<trkpt lat="30.197716" lon="120.109074">
				<speed>1.349938</speed>
				<ele>21.000000</ele>
				<time>2026-06-07T02:08:46Z</time>
			</trkpt>
			<trkpt lat="30.197773" lon="120.109073">
				<speed>1.305278</speed>
				<ele>21.000000</ele>
				<time>2026-06-07T02:08:50Z</time>
			</trkpt>
			<trkpt lat="30.197829" lon="120.109054">
				<speed>1.332785</speed>
				<ele>21.000000</ele>
				<time>2026-06-07T02:08:55Z</time>
			</trkpt>
			<trkpt lat="30.197885" lon="120.109039">
				<speed>1.200891</speed>
				<ele>20.000000</ele>
				<time>2026-06-07T02:09:00Z</time>
			</trkpt>
			<trkpt lat="30.197928" lon="120.109017">
				<speed>1.129559</speed>
				<ele>22.000000</ele>
				<time>2026-06-07T02:09:04Z</time>
			</trkpt>
			<trkpt lat="30.197982" lon="120.109006">
				<speed>1.075599</speed>
				<ele>21.000000</ele>
				<time>2026-06-07T02:09:09Z</time>
			</trkpt>
			<trkpt lat="30.198031" lon="120.108992">
				<speed>1.118794</speed>
				<ele>21.000000</ele>
				<time>2026-06-07T02:09:13Z</time>
			</trkpt>
			<trkpt lat="30.198078" lon="120.108995">
				<speed>1.312015</speed>
				<ele>22.000000</ele>
				<time>2026-06-07T02:09:16Z</time>
			</trkpt>
			<trkpt lat="30.198131" lon="120.108991">
				<speed>1.214670</speed>
				<ele>22.000000</ele>
				<time>2026-06-07T02:09:19Z</time>
			</trkpt>
			<trkpt lat="30.198182" lon="120.109006">
				<speed>1.134497</speed>
				<ele>22.000000</ele>
				<time>2026-06-07T02:09:24Z</time>
			</trkpt>
			<trkpt lat="30.198236" lon="120.109026">
				<speed>1.338546</speed>
				<ele>22.000000</ele>
				<time>2026-06-07T02:09:28Z</time>
			</trkpt>
			<trkpt lat="30.198288" lon="120.109034">
				<speed>1.002910</speed>
				<ele>22.000000</ele>
				<time>2026-06-07T02:09:33Z</time>
			</trkpt>
			<trkpt lat="30.198334" lon="120.109033">
				<speed>1.002828</speed>
				<ele>22.000000</ele>
				<time>2026-06-07T02:09:37Z</time>
			</trkpt>
			<trkpt lat="30.198387" lon="120.109034">
				<speed>0.784260</speed>
				<ele>21.000000</ele>
				<time>2026-06-07T02:09:41Z</time>
			</trkpt>
			<trkpt lat="30.198438" lon="120.109040">
				<speed>1.156567</speed>
				<ele>22.000000</ele>
				<time>2026-06-07T02:09:44Z</time>
			</trkpt>
			<trkpt lat="30.198489" lon="120.109034">
				<speed>1.106633</speed>
				<ele>22.000000</ele>
				<time>2026-06-07T02:09:48Z</time>
			</trkpt>
			<trkpt lat="30.198547" lon="120.109023">
				<speed>1.113189</speed>
				<ele>21.000000</ele>
				<time>2026-06-07T02:09:54Z</time>
			</trkpt>
			<trkpt lat="30.198598" lon="120.109010">
				<speed>1.150247</speed>
				<ele>21.000000</ele>
				<time>2026-06-07T02:09:58Z</time>
			</trkpt>
			<trkpt lat="30.198648" lon="120.108997">
				<speed>1.262592</speed>
				<ele>21.000000</ele>
				<time>2026-06-07T02:10:02Z</time>
			</trkpt>
			<trkpt lat="30.198696" lon="120.108985">
				<speed>1.191179</speed>
				<ele>22.000000</ele>
				<time>2026-06-07T02:10:06Z</time>
			</trkpt>
			<trkpt lat="30.198745" lon="120.108989">
				<speed>0.981672</speed>
				<ele>23.000000</ele>
				<time>2026-06-07T02:10:10Z</time>
			</trkpt>
			<trkpt lat="30.198792" lon="120.108986">
				<speed>0.903328</speed>
				<ele>24.000000</ele>
				<time>2026-06-07T02:10:15Z</time>
			</trkpt>
			<trkpt lat="30.198839" lon="120.108993">
				<speed>1.063537</speed>
				<ele>24.000000</ele>
				<time>2026-06-07T02:10:19Z</time>
			</trkpt>
			<trkpt lat="30.198894" lon="120.108999">
				<speed>1.197698</speed>
				<ele>26.000000</ele>
				<time>2026-06-07T02:10:23Z</time>
			</trkpt>
			<trkpt lat="30.198953" lon="120.108987">
				<speed>1.278930</speed>
				<ele>26.000000</ele>
				<time>2026-06-07T02:10:28Z</time>
			</trkpt>
			<trkpt lat="30.199008" lon="120.108974">
				<speed>1.068444</speed>
				<ele>26.000000</ele>
				<time>2026-06-07T02:10:32Z</time>
			</trkpt>
			<trkpt lat="30.199067" lon="120.108960">
				<speed>1.293121</speed>
				<ele>26.000000</ele>
				<time>2026-06-07T02:10:38Z</time>
			</trkpt>
			<trkpt lat="30.199110" lon="120.108943">
				<speed>1.191586</speed>
				<ele>25.000000</ele>
				<time>2026-06-07T02:10:42Z</time>
			</trkpt>
			<trkpt lat="30.199148" lon="120.108913">
				<speed>1.053838</speed>
				<ele>25.000000</ele>
				<time>2026-06-07T02:10:46Z</time>
			</trkpt>
			<trkpt lat="30.199200" lon="120.108894">
				<speed>0.982194</speed>
				<ele>25.000000</ele>
				<time>2026-06-07T02:10:53Z</time>
			</trkpt>
			<trkpt lat="30.199239" lon="120.108865">
				<speed>1.297073</speed>
				<ele>25.000000</ele>
				<time>2026-06-07T02:10:57Z</time>
			</trkpt>
			<trkpt lat="30.199289" lon="120.108842">
				<speed>1.268855</speed>
				<ele>25.000000</ele>
				<time>2026-06-07T02:11:01Z</time>
			</trkpt>
			<trkpt lat="30.199339" lon="120.108815">
				<speed>0.928667</speed>
				<ele>25.000000</ele>
				<time>2026-06-07T02:11:06Z</time>
			</trkpt>
			<trkpt lat="30.199386" lon="120.108784">
				<speed>1.383732</speed>
				<ele>24.000000</ele>
				<time>2026-06-07T02:11:09Z</time>
			</trkpt>
			<trkpt lat="30.199437" lon="120.108767">
				<speed>1.348755</speed>
				<ele>25.000000</ele>
				<time>2026-06-07T02:11:13Z</time>
			</trkpt>
			<trkpt lat="30.199482" lon="120.108720">
				<speed>1.306993</speed>
				<ele>25.000000</ele>
				<time>2026-06-07T02:11:18Z</time>
			</trkpt>
			<trkpt lat="30.199520" lon="120.108692">
				<speed>1.213984</speed>
				<ele>25.000000</ele>
				<time>2026-06-07T02:11:22Z</time>
			</trkpt>
			<trkpt lat="30.199566" lon="120.108661">
				<speed>1.084666</speed>
				<ele>26.000000</ele>
				<time>2026-06-07T02:11:27Z</time>
			</trkpt>
			<trkpt lat="30.199608" lon="120.108633">
				<speed>1.269441</speed>
				<ele>26.000000</ele>
				<time>2026-06-07T02:11:31Z</time>
			</trkpt>
			<trkpt lat="30.199658" lon="120.108606">
				<speed>1.118173</speed>
				<ele>27.000000</ele>
				<time>2026-06-07T02:11:36Z</time>
			</trkpt>
			<trkpt lat="30.199701" lon="120.108580">
				<speed>1.231362</speed>
				<ele>27.000000</ele>
				<time>2026-06-07T02:11:40Z</time>
			</trkpt>
			<trkpt lat="30.199749" lon="120.108549">
				<speed>1.223972</speed>
				<ele>29.000000</ele>
				<time>2026-06-07T02:11:46Z</time>
			</trkpt>
			<trkpt lat="30.199797" lon="120.108516">
				<speed>1.142037</speed>
				<ele>29.000000</ele>
				<time>2026-06-07T02:11:51Z</time>
			</trkpt>
			<trkpt lat="30.199842" lon="120.108498">
				<speed>1.165329</speed>
				<ele>30.000000</ele>
				<time>2026-06-07T02:11:55Z</time>
			</trkpt>
			<trkpt lat="30.199891" lon="120.108476">
				<speed>1.056777</speed>
				<ele>30.000000</ele>
				<time>2026-06-07T02:12:00Z</time>
			</trkpt>
			<trkpt lat="30.199929" lon="120.108444">
				<speed>1.047135</speed>
				<ele>31.000000</ele>
				<time>2026-06-07T02:12:05Z</time>
			</trkpt>
			<trkpt lat="30.199977" lon="120.108427">
				<speed>1.385215</speed>
				<ele>32.000000</ele>
				<time>2026-06-07T02:12:09Z</time>
			</trkpt>
			<trkpt lat="30.200022" lon="120.108401">
				<speed>1.280311</speed>
				<ele>33.000000</ele>
				<time>2026-06-07T02:12:13Z</time>
			</trkpt>
			<trkpt lat="30.200072" lon="120.108382">
				<speed>1.504586</speed>
				<ele>33.000000</ele>
				<time>2026-06-07T02:12:17Z</time>
			</trkpt>
			<trkpt lat="30.200121" lon="120.108365">
				<speed>1.517475</speed>
				<ele>34.000000</ele>
				<time>2026-06-07T02:12:21Z</time>
			</trkpt>
			<trkpt lat="30.200169" lon="120.108338">
				<speed>1.207291</speed>
				<ele>34.000000</ele>
				<time>2026-06-07T02:12:26Z</time>
			</trkpt>
			<trkpt lat="30.200214" lon="120.108313">
				<speed>1.223792</speed>
				<ele>36.000000</ele>
				<time>2026-06-07T02:12:30Z</time>
			</trkpt>
			<trkpt lat="30.200256" lon="120.108275">
				<speed>1.392893</speed>
				<ele>36.000000</ele>
				<time>2026-06-07T02:12:34Z</time>
			</trkpt>
			<trkpt lat="30.200294" lon="120.108228">
				<speed>1.282075</speed>
				<ele>36.000000</ele>
				<time>2026-06-07T02:12:38Z</time>
			</trkpt>
			<trkpt lat="30.200344" lon="120.108227">
				<speed>0.860144</speed>
				<ele>35.000000</ele>
				<time>2026-06-07T02:12:43Z</time>
			</trkpt>
			<trkpt lat="30.200389" lon="120.108223">
				<speed>1.187012</speed>
				<ele>35.000000</ele>
				<time>2026-06-07T02:12:47Z</time>
			</trkpt>
			<trkpt lat="30.200445" lon="120.108218">
				<speed>1.251995</speed>
				<ele>35.000000</ele>
				<time>2026-06-07T02:12:52Z</time>
			</trkpt>
			<trkpt lat="30.200494" lon="120.108213">
				<speed>0.993484</speed>
				<ele>36.000000</ele>
				<time>2026-06-07T02:12:56Z</time>
			</trkpt>
			<trkpt lat="30.200548" lon="120.108201">
				<speed>1.109478</speed>
				<ele>36.000000</ele>
				<time>2026-06-07T02:13:01Z</time>
			</trkpt>
			<trkpt lat="30.200596" lon="120.108199">
				<speed>1.050260</speed>
				<ele>36.000000</ele>
				<time>2026-06-07T02:13:05Z</time>
			</trkpt>
			<trkpt lat="30.200641" lon="120.108202">
				<speed>0.978852</speed>
				<ele>36.000000</ele>
				<time>2026-06-07T02:13:09Z</time>
			</trkpt>
			<trkpt lat="30.200687" lon="120.108199">
				<speed>0.815193</speed>
				<ele>37.000000</ele>
				<time>2026-06-07T02:13:15Z</time>
			</trkpt>
			<trkpt lat="30.200741" lon="120.108206">
				<speed>0.996878</speed>
				<ele>36.000000</ele>
				<time>2026-06-07T02:13:20Z</time>
			</trkpt>
			<trkpt lat="30.200788" lon="120.108218">
				<speed>1.069344</speed>
				<ele>36.000000</ele>
				<time>2026-06-07T02:13:24Z</time>
			</trkpt>
			<trkpt lat="30.200841" lon="120.108238">
				<speed>1.107138</speed>
				<ele>37.000000</ele>
				<time>2026-06-07T02:13:29Z</time>
			</trkpt>
			<trkpt lat="30.200885" lon="120.108254">
				<speed>0.954900</speed>
				<ele>37.000000</ele>
				<time>2026-06-07T02:13:33Z</time>
			</trkpt>
			<trkpt lat="30.200941" lon="120.108268">
				<speed>1.157395</speed>
				<ele>38.000000</ele>
				<time>2026-06-07T02:13:38Z</time>
			</trkpt>
			<trkpt lat="30.200986" lon="120.108281">
				<speed>1.048641</speed>
				<ele>39.000000</ele>
				<time>2026-06-07T02:13:43Z</time>
			</trkpt>
			<trkpt lat="30.201037" lon="120.108291">
				<speed>0.867908</speed>
				<ele>40.000000</ele>
				<time>2026-06-07T02:13:48Z</time>
			</trkpt>
			<trkpt lat="30.201091" lon="120.108303">
				<speed>1.035661</speed>
				<ele>40.000000</ele>
				<time>2026-06-07T02:13:53Z</time>
			</trkpt>
			<trkpt lat="30.201136" lon="120.108317">
				<speed>1.242129</speed>
				<ele>40.000000</ele>
				<time>2026-06-07T02:13:56Z</time>
			</trkpt>
			<trkpt lat="30.201181" lon="120.108331">
				<speed>1.138404</speed>
				<ele>40.000000</ele>
				<time>2026-06-07T02:14:01Z</time>
			</trkpt>
			<trkpt lat="30.201230" lon="120.108359">
				<speed>1.239201</speed>
				<ele>41.000000</ele>
				<time>2026-06-07T02:14:06Z</time>
			</trkpt>
			<trkpt lat="30.201274" lon="120.108385">
				<speed>1.249330</speed>
				<ele>42.000000</ele>
				<time>2026-06-07T02:14:10Z</time>
			</trkpt>
			<trkpt lat="30.201321" lon="120.108404">
				<speed>1.334190</speed>
				<ele>43.000000</ele>
				<time>2026-06-07T02:14:14Z</time>
			</trkpt>
			<trkpt lat="30.201367" lon="120.108427">
				<speed>1.358618</speed>
				<ele>43.000000</ele>
				<time>2026-06-07T02:14:18Z</time>
			</trkpt>
			<trkpt lat="30.201421" lon="120.108440">
				<speed>1.093443</speed>
				<ele>43.000000</ele>
				<time>2026-06-07T02:14:23Z</time>
			</trkpt>
			<trkpt lat="30.201474" lon="120.108463">
				<speed>1.402883</speed>
				<ele>44.000000</ele>
				<time>2026-06-07T02:14:28Z</time>
			</trkpt>
			<trkpt lat="30.201521" lon="120.108479">
				<speed>1.362355</speed>
				<ele>44.000000</ele>
				<time>2026-06-07T02:14:32Z</time>
			</trkpt>
			<trkpt lat="30.201578" lon="120.108493">
				<speed>1.420825</speed>
				<ele>45.000000</ele>
				<time>2026-06-07T02:14:37Z</time>
			</trkpt>
			<trkpt lat="30.201623" lon="120.108510">
				<speed>1.332387</speed>
				<ele>45.000000</ele>
				<time>2026-06-07T02:14:41Z</time>
			</trkpt>
			<trkpt lat="30.201671" lon="120.108524">
				<speed>1.437065</speed>
				<ele>47.000000</ele>
				<time>2026-06-07T02:14:45Z</time>
			</trkpt>
			<trkpt lat="30.201723" lon="120.108517">
				<speed>1.435827</speed>
				<ele>47.000000</ele>
				<time>2026-06-07T02:14:49Z</time>
			</trkpt>
			<trkpt lat="30.201774" lon="120.108501">
				<speed>1.469883</speed>
				<ele>45.000000</ele>
				<time>2026-06-07T02:14:53Z</time>
			</trkpt>
			<trkpt lat="30.201828" lon="120.108511">
				<speed>1.488911</speed>
				<ele>46.000000</ele>
				<time>2026-06-07T02:14:57Z</time>
			</trkpt>
			<trkpt lat="30.201881" lon="120.108514">
				<speed>1.511540</speed>
				<ele>45.000000</ele>
				<time>2026-06-07T02:15:01Z</time>
			</trkpt>
			<trkpt lat="30.201929" lon="120.108508">
				<speed>1.469160</speed>
				<ele>44.000000</ele>
				<time>2026-06-07T02:15:05Z</time>
			</trkpt>
			<trkpt lat="30.201984" lon="120.108504">
				<speed>1.447340</speed>
				<ele>44.000000</ele>
				<time>2026-06-07T02:15:10Z</time>
			</trkpt>
			<trkpt lat="30.202035" lon="120.108488">
				<speed>1.436720</speed>
				<ele>44.000000</ele>
				<time>2026-06-07T02:15:15Z</time>
			</trkpt>
			<trkpt lat="30.202075" lon="120.108444">
				<speed>1.455928</speed>
				<ele>42.000000</ele>
				<time>2026-06-07T02:15:19Z</time>
			</trkpt>
			<trkpt lat="30.202134" lon="120.108435">
				<speed>1.378946</speed>
				<ele>43.000000</ele>
				<time>2026-06-07T02:15:23Z</time>
			</trkpt>
			<trkpt lat="30.202182" lon="120.108418">
				<speed>1.015425</speed>
				<ele>42.000000</ele>
				<time>2026-06-07T02:15:27Z</time>
			</trkpt>
			<trkpt lat="30.202226" lon="120.108403">
				<speed>1.305193</speed>
				<ele>41.000000</ele>
				<time>2026-06-07T02:15:30Z</time>
			</trkpt>
			<trkpt lat="30.202272" lon="120.108379">
				<speed>1.275065</speed>
				<ele>40.000000</ele>
				<time>2026-06-07T02:15:34Z</time>
			</trkpt>
			<trkpt lat="30.202325" lon="120.108362">
				<speed>1.067928</speed>
				<ele>39.000000</ele>
				<time>2026-06-07T02:15:39Z</time>
			</trkpt>
			<trkpt lat="30.202373" lon="120.108346">
				<speed>1.288348</speed>
				<ele>38.000000</ele>
				<time>2026-06-07T02:15:43Z</time>
			</trkpt>
			<trkpt lat="30.202420" lon="120.108330">
				<speed>1.256613</speed>
				<ele>38.000000</ele>
				<time>2026-06-07T02:15:47Z</time>
			</trkpt>
			<trkpt lat="30.202469" lon="120.108312">
				<speed>1.358333</speed>
				<ele>37.000000</ele>
				<time>2026-06-07T02:15:51Z</time>
			</trkpt>
			<trkpt lat="30.202515" lon="120.108298">
				<speed>1.228593</speed>
				<ele>37.000000</ele>
				<time>2026-06-07T02:15:55Z</time>
			</trkpt>
			<trkpt lat="30.202568" lon="120.108277">
				<speed>1.277642</speed>
				<ele>36.000000</ele>
				<time>2026-06-07T02:16:00Z</time>
			</trkpt>
			<trkpt lat="30.202617" lon="120.108254">
				<speed>1.218907</speed>
				<ele>35.000000</ele>
				<time>2026-06-07T02:16:05Z</time>
			</trkpt>
			<trkpt lat="30.202661" lon="120.108238">
				<speed>1.159290</speed>
				<ele>35.000000</ele>
				<time>2026-06-07T02:16:09Z</time>
			</trkpt>
			<trkpt lat="30.202709" lon="120.108216">
				<speed>1.095609</speed>
				<ele>35.000000</ele>
				<time>2026-06-07T02:16:14Z</time>
			</trkpt>
			<trkpt lat="30.202761" lon="120.108191">
				<speed>1.189790</speed>
				<ele>35.000000</ele>
				<time>2026-06-07T02:16:19Z</time>
			</trkpt>
			<trkpt lat="30.202809" lon="120.108177">
				<speed>0.936352</speed>
				<ele>35.000000</ele>
				<time>2026-06-07T02:16:24Z</time>
			</trkpt>
			<trkpt lat="30.202857" lon="120.108185">
				<speed>1.088207</speed>
				<ele>34.000000</ele>
				<time>2026-06-07T02:16:29Z</time>
			</trkpt>
			<trkpt lat="30.202903" lon="120.108182">
				<speed>1.039642</speed>
				<ele>34.000000</ele>
				<time>2026-06-07T02:16:34Z</time>
			</trkpt>
			<trkpt lat="30.202961" lon="120.108184">
				<speed>0.933799</speed>
				<ele>33.000000</ele>
				<time>2026-06-07T02:16:40Z</time>
			</trkpt>
			<trkpt lat="30.203019" lon="120.108181">
				<speed>1.235616</speed>
				<ele>34.000000</ele>
				<time>2026-06-07T02:16:45Z</time>
			</trkpt>
			<trkpt lat="30.203068" lon="120.108206">
				<speed>1.095026</speed>
				<ele>33.000000</ele>
				<time>2026-06-07T02:16:49Z</time>
			</trkpt>
			<trkpt lat="30.203117" lon="120.108230">
				<speed>1.066712</speed>
				<ele>34.000000</ele>
				<time>2026-06-07T02:16:54Z</time>
			</trkpt>
			<trkpt lat="30.203155" lon="120.108269">
				<speed>1.063172</speed>
				<ele>34.000000</ele>
				<time>2026-06-07T02:16:59Z</time>
			</trkpt>
			<trkpt lat="30.203202" lon="120.108299">
				<speed>0.940920</speed>
				<ele>35.000000</ele>
				<time>2026-06-07T02:17:04Z</time>
			</trkpt>
			<trkpt lat="30.203247" lon="120.108323">
				<speed>1.224689</speed>
				<ele>35.000000</ele>
				<time>2026-06-07T02:17:08Z</time>
			</trkpt>
			<trkpt lat="30.203295" lon="120.108355">
				<speed>1.015328</speed>
				<ele>36.000000</ele>
				<time>2026-06-07T02:17:13Z</time>
			</trkpt>
			<trkpt lat="30.203337" lon="120.108376">
				<speed>1.264353</speed>
				<ele>37.000000</ele>
				<time>2026-06-07T02:17:17Z</time>
			</trkpt>
			<trkpt lat="30.203377" lon="120.108404">
				<speed>1.093387</speed>
				<ele>38.000000</ele>
				<time>2026-06-07T02:17:22Z</time>
			</trkpt>
			<trkpt lat="30.203424" lon="120.108431">
				<speed>0.930073</speed>
				<ele>40.000000</ele>
				<time>2026-06-07T02:17:27Z</time>
			</trkpt>
			<trkpt lat="30.203478" lon="120.108427">
				<speed>0.964742</speed>
				<ele>41.000000</ele>
				<time>2026-06-07T02:17:32Z</time>
			</trkpt>
			<trkpt lat="30.203534" lon="120.108428">
				<speed>0.996931</speed>
				<ele>42.000000</ele>
				<time>2026-06-07T02:17:37Z</time>
			</trkpt>
			<trkpt lat="30.203581" lon="120.108436">
				<speed>1.159759</speed>
				<ele>42.000000</ele>
				<time>2026-06-07T02:17:41Z</time>
			</trkpt>
			<trkpt lat="30.203637" lon="120.108437">
				<speed>1.140327</speed>
				<ele>43.000000</ele>
				<time>2026-06-07T02:17:46Z</time>
			</trkpt>
			<trkpt lat="30.203689" lon="120.108433">
				<speed>0.951293</speed>
				<ele>44.000000</ele>
				<time>2026-06-07T02:17:51Z</time>
			</trkpt>
			<trkpt lat="30.203736" lon="120.108437">
				<speed>0.708269</speed>
				<ele>44.000000</ele>
				<time>2026-06-07T02:17:57Z</time>
			</trkpt>
			<trkpt lat="30.203787" lon="120.108431">
				<speed>0.794636</speed>
				<ele>45.000000</ele>
				<time>2026-06-07T02:18:03Z</time>
			</trkpt>
			<trkpt lat="30.203835" lon="120.108445">
				<speed>0.205644</speed>
				<ele>48.000000</ele>
				<time>2026-06-07T02:18:14Z</time>
			</trkpt>
			<trkpt lat="30.203880" lon="120.108447">
				<speed>0.696211</speed>
				<ele>48.000000</ele>
				<time>2026-06-07T02:18:21Z</time>
			</trkpt>
			<trkpt lat="30.203932" lon="120.108445">
				<speed>0.801027</speed>
				<ele>48.000000</ele>
				<time>2026-06-07T02:18:27Z</time>
			</trkpt>
			<trkpt lat="30.203980" lon="120.108459">
				<speed>1.027608</speed>
				<ele>48.000000</ele>
				<time>2026-06-07T02:18:31Z</time>
			</trkpt>
			<trkpt lat="30.204026" lon="120.108453">
				<speed>1.036802</speed>
				<ele>49.000000</ele>
				<time>2026-06-07T02:18:35Z</time>
			</trkpt>
			<trkpt lat="30.204074" lon="120.108451">
				<speed>1.106457</speed>
				<ele>50.000000</ele>
				<time>2026-06-07T02:18:40Z</time>
			</trkpt>
			<trkpt lat="30.204127" lon="120.108438">
				<speed>0.778476</speed>
				<ele>51.000000</ele>
				<time>2026-06-07T02:18:45Z</time>
			</trkpt>
			<trkpt lat="30.204178" lon="120.108429">
				<speed>1.105663</speed>
				<ele>51.000000</ele>
				<time>2026-06-07T02:18:49Z</time>
			</trkpt>
			<trkpt lat="30.204230" lon="120.108418">
				<speed>0.753841</speed>
				<ele>51.000000</ele>
				<time>2026-06-07T02:18:55Z</time>
			</trkpt>
			<trkpt lat="30.204284" lon="120.108423">
				<speed>0.946357</speed>
				<ele>51.000000</ele>
				<time>2026-06-07T02:19:00Z</time>
			</trkpt>
			<trkpt lat="30.204337" lon="120.108424">
				<speed>1.098837</speed>
				<ele>50.000000</ele>
				<time>2026-06-07T02:19:05Z</time>
			</trkpt>
			<trkpt lat="30.204389" lon="120.108423">
				<speed>1.203757</speed>
				<ele>49.000000</ele>
				<time>2026-06-07T02:19:10Z</time>
			</trkpt>
			<trkpt lat="30.204438" lon="120.108420">
				<speed>1.037178</speed>
				<ele>49.000000</ele>
				<time>2026-06-07T02:19:15Z</time>
			</trkpt>
			<trkpt lat="30.204483" lon="120.108431">
				<speed>1.112698</speed>
				<ele>49.000000</ele>
				<time>2026-06-07T02:19:20Z</time>
			</trkpt>
			<trkpt lat="30.204532" lon="120.108427">
				<speed>0.810819</speed>
				<ele>48.000000</ele>
				<time>2026-06-07T02:19:25Z</time>
			</trkpt>
			<trkpt lat="30.204578" lon="120.108422">
				<speed>1.156287</speed>
				<ele>49.000000</ele>
				<time>2026-06-07T02:19:29Z</time>
			</trkpt>
			<trkpt lat="30.204626" lon="120.108446">
				<speed>1.120848</speed>
				<ele>48.000000</ele>
				<time>2026-06-07T02:19:34Z</time>
			</trkpt>
			<trkpt lat="30.204673" lon="120.108448">
				<speed>1.181188</speed>
				<ele>48.000000</ele>
				<time>2026-06-07T02:19:38Z</time>
			</trkpt>
			<trkpt lat="30.204663" lon="120.108500">
				<speed>1.279880</speed>
				<ele>48.000000</ele>
				<time>2026-06-07T02:19:42Z</time>
			</trkpt>
			<trkpt lat="30.204694" lon="120.108540">
				<speed>0.944072</speed>
				<ele>49.000000</ele>
				<time>2026-06-07T02:19:50Z</time>
			</trkpt>
			<trkpt lat="30.204677" lon="120.108595">
				<speed>0.396164</speed>
				<ele>50.000000</ele>
				<time>2026-06-07T02:19:56Z</time>
			</trkpt>
			<trkpt lat="30.204719" lon="120.108615">
				<speed>0.181481</speed>
				<ele>50.000000</ele>
				<time>2026-06-07T02:20:12Z</time>
			</trkpt>
			<trkpt lat="30.204715" lon="120.108667">
				<speed>0.227628</speed>
				<ele>53.000000</ele>
				<time>2026-06-07T02:21:41Z</time>
			</trkpt>
			<trkpt lat="30.204757" lon="120.108701">
				<speed>0.601815</speed>
				<ele>54.000000</ele>
				<time>2026-06-07T02:21:48Z</time>
			</trkpt>
			<trkpt lat="30.204799" lon="120.108730">
				<speed>0.886354</speed>
				<ele>55.000000</ele>
				<time>2026-06-07T02:21:53Z</time>
			</trkpt>
			<trkpt lat="30.204844" lon="120.108758">
				<speed>0.687598</speed>
				<ele>56.000000</ele>
				<time>2026-06-07T02:22:02Z</time>
			</trkpt>
			<trkpt lat="30.204886" lon="120.108780">
				<speed>0.595740</speed>
				<ele>55.000000</ele>
				<time>2026-06-07T02:22:15Z</time>
			</trkpt>
			<trkpt lat="30.204941" lon="120.108796">
				<speed>0.579165</speed>
				<ele>58.000000</ele>
				<time>2026-06-07T02:22:25Z</time>
			</trkpt>
			<trkpt lat="30.204980" lon="120.108828">
				<speed>0.608413</speed>
				<ele>59.000000</ele>
				<time>2026-06-07T02:22:30Z</time>
			</trkpt>
			<trkpt lat="30.205022" lon="120.108849">
				<speed>0.113783</speed>
				<ele>60.000000</ele>
				<time>2026-06-07T02:22:53Z</time>
			</trkpt>
			<trkpt lat="30.205066" lon="120.108876">
				<speed>0.312275</speed>
				<ele>63.000000</ele>
				<time>2026-06-07T02:23:10Z</time>
			</trkpt>
			<trkpt lat="30.205109" lon="120.108899">
				<speed>0.773563</speed>
				<ele>64.000000</ele>
				<time>2026-06-07T02:23:17Z</time>
			</trkpt>
			<trkpt lat="30.205117" lon="120.108840">
				<speed>0.268886</speed>
				<ele>63.000000</ele>
				<time>2026-06-07T02:23:37Z</time>
			</trkpt>
			<trkpt lat="30.205162" lon="120.108832">
				<speed>0.717184</speed>
				<ele>62.000000</ele>
				<time>2026-06-07T02:23:51Z</time>
			</trkpt>
			<trkpt lat="30.205191" lon="120.108791">
				<speed>0.221062</speed>
				<ele>61.000000</ele>
				<time>2026-06-07T02:24:04Z</time>
			</trkpt>
			<trkpt lat="30.205238" lon="120.108770">
				<speed>0.741068</speed>
				<ele>60.000000</ele>
				<time>2026-06-07T02:24:11Z</time>
			</trkpt>
			<trkpt lat="30.205274" lon="120.108734">
				<speed>0.519708</speed>
				<ele>59.000000</ele>
				<time>2026-06-07T02:24:20Z</time>
			</trkpt>
			<trkpt lat="30.205274" lon="120.108681">
				<speed>0.896139</speed>
				<ele>59.000000</ele>
				<time>2026-06-07T02:24:25Z</time>
			</trkpt>
			<trkpt lat="30.205315" lon="120.108654">
				<speed>0.526297</speed>
				<ele>57.000000</ele>
				<time>2026-06-07T02:24:33Z</time>
			</trkpt>
			<trkpt lat="30.205363" lon="120.108636">
				<speed>0.585612</speed>
				<ele>55.000000</ele>
				<time>2026-06-07T02:24:39Z</time>
			</trkpt>
			<trkpt lat="30.205405" lon="120.108655">
				<speed>0.950261</speed>
				<ele>55.000000</ele>
				<time>2026-06-07T02:24:45Z</time>
			</trkpt>
			<trkpt lat="30.205452" lon="120.108641">
				<speed>0.582136</speed>
				<ele>52.000000</ele>
				<time>2026-06-07T02:24:53Z</time>
			</trkpt>
			<trkpt lat="30.205474" lon="120.108595">
				<speed>0.939189</speed>
				<ele>52.000000</ele>
				<time>2026-06-07T02:24:58Z</time>
			</trkpt>
			<trkpt lat="30.205517" lon="120.108567">
				<speed>0.688791</speed>
				<ele>50.000000</ele>
				<time>2026-06-07T02:25:04Z</time>
			</trkpt>
			<trkpt lat="30.205534" lon="120.108515">
				<speed>0.534556</speed>
				<ele>48.000000</ele>
				<time>2026-06-07T02:25:11Z</time>
			</trkpt>
			<trkpt lat="30.205560" lon="120.108454">
				<speed>0.942420</speed>
				<ele>46.000000</ele>
				<time>2026-06-07T02:25:18Z</time>
			</trkpt>
			<trkpt lat="30.205572" lon="120.108395">
				<speed>0.672896</speed>
				<ele>44.000000</ele>
				<time>2026-06-07T02:25:26Z</time>
			</trkpt>
			<trkpt lat="30.205586" lon="120.108335">
				<speed>0.785984</speed>
				<ele>43.000000</ele>
				<time>2026-06-07T02:25:31Z</time>
			</trkpt>
			<trkpt lat="30.205586" lon="120.108281">
				<speed>0.485130</speed>
				<ele>43.000000</ele>
				<time>2026-06-07T02:25:40Z</time>
			</trkpt>
			<trkpt lat="30.205560" lon="120.108234">
				<speed>0.613963</speed>
				<ele>42.000000</ele>
				<time>2026-06-07T02:25:48Z</time>
			</trkpt>
			<trkpt lat="30.205550" lon="120.108182">
				<speed>0.382648</speed>
				<ele>41.000000</ele>
				<time>2026-06-07T02:25:55Z</time>
			</trkpt>
			<trkpt lat="30.205542" lon="120.108128">
				<speed>0.706856</speed>
				<ele>42.000000</ele>
				<time>2026-06-07T02:26:03Z</time>
			</trkpt>
			<trkpt lat="30.205575" lon="120.108091">
				<speed>0.875803</speed>
				<ele>40.000000</ele>
				<time>2026-06-07T02:26:10Z</time>
			</trkpt>
			<trkpt lat="30.205624" lon="120.108086">
				<speed>0.708143</speed>
				<ele>40.000000</ele>
				<time>2026-06-07T02:26:14Z</time>
			</trkpt>
			<trkpt lat="30.205662" lon="120.108054">
				<speed>0.776252</speed>
				<ele>39.000000</ele>
				<time>2026-06-07T02:26:19Z</time>
			</trkpt>
			<trkpt lat="30.205666" lon="120.107996">
				<speed>0.798191</speed>
				<ele>39.000000</ele>
				<time>2026-06-07T02:26:25Z</time>
			</trkpt>
			<trkpt lat="30.205714" lon="120.107984">
				<speed>1.252894</speed>
				<ele>38.000000</ele>
				<time>2026-06-07T02:26:30Z</time>
			</trkpt>
			<trkpt lat="30.205764" lon="120.107996">
				<speed>0.784270</speed>
				<ele>39.000000</ele>
				<time>2026-06-07T02:26:35Z</time>
			</trkpt>
			<trkpt lat="30.205814" lon="120.108011">
				<speed>0.877467</speed>
				<ele>40.000000</ele>
				<time>2026-06-07T02:26:40Z</time>
			</trkpt>
			<trkpt lat="30.205876" lon="120.108030">
				<speed>1.458619</speed>
				<ele>40.000000</ele>
				<time>2026-06-07T02:26:50Z</time>
			</trkpt>
			<trkpt lat="30.205928" lon="120.108045">
				<speed>1.006939</speed>
				<ele>40.000000</ele>
				<time>2026-06-07T02:26:56Z</time>
			</trkpt>
			<trkpt lat="30.205983" lon="120.108039">
				<speed>1.031991</speed>
				<ele>40.000000</ele>
				<time>2026-06-07T02:27:06Z</time>
			</trkpt>
			<trkpt lat="30.206033" lon="120.108035">
				<speed>1.113161</speed>
				<ele>40.000000</ele>
				<time>2026-06-07T02:27:12Z</time>
			</trkpt>
			<trkpt lat="30.206086" lon="120.108033">
				<speed>1.179310</speed>
				<ele>40.000000</ele>
				<time>2026-06-07T02:27:17Z</time>
			</trkpt>
			<trkpt lat="30.206135" lon="120.108056">
				<speed>0.891013</speed>
				<ele>41.000000</ele>
				<time>2026-06-07T02:27:24Z</time>
			</trkpt>
			<trkpt lat="30.206189" lon="120.108063">
				<speed>1.093710</speed>
				<ele>42.000000</ele>
				<time>2026-06-07T02:27:30Z</time>
			</trkpt>
			<trkpt lat="30.206233" lon="120.108076">
				<speed>0.886591</speed>
				<ele>42.000000</ele>
				<time>2026-06-07T02:27:35Z</time>
			</trkpt>
			<trkpt lat="30.206278" lon="120.108064">
				<speed>1.449743</speed>
				<ele>42.000000</ele>
				<time>2026-06-07T02:27:38Z</time>
			</trkpt>
			<trkpt lat="30.206322" lon="120.108043">
				<speed>1.275699</speed>
				<ele>43.000000</ele>
				<time>2026-06-07T02:27:42Z</time>
			</trkpt>
			<trkpt lat="30.206371" lon="120.108037">
				<speed>1.087399</speed>
				<ele>43.000000</ele>
				<time>2026-06-07T02:27:47Z</time>
			</trkpt>
			<trkpt lat="30.206422" lon="120.108036">
				<speed>1.063766</speed>
				<ele>44.000000</ele>
				<time>2026-06-07T02:27:52Z</time>
			</trkpt>
			<trkpt lat="30.206468" lon="120.108041">
				<speed>1.122708</speed>
				<ele>45.000000</ele>
				<time>2026-06-07T02:27:56Z</time>
			</trkpt>
			<trkpt lat="30.206519" lon="120.108047">
				<speed>1.444184</speed>
				<ele>46.000000</ele>
				<time>2026-06-07T02:27:59Z</time>
			</trkpt>
			<trkpt lat="30.206564" lon="120.108042">
				<speed>1.362385</speed>
				<ele>47.000000</ele>
				<time>2026-06-07T02:28:02Z</time>
			</trkpt>
			<trkpt lat="30.206610" lon="120.108033">
				<speed>1.137374</speed>
				<ele>47.000000</ele>
				<time>2026-06-07T02:28:06Z</time>
			</trkpt>
			<trkpt lat="30.206654" lon="120.108055">
				<speed>1.045136</speed>
				<ele>49.000000</ele>
				<time>2026-06-07T02:28:11Z</time>
			</trkpt>
			<trkpt lat="30.206700" lon="120.108060">
				<speed>1.118029</speed>
				<ele>50.000000</ele>
				<time>2026-06-07T02:28:15Z</time>
			</trkpt>
			<trkpt lat="30.206750" lon="120.108068">
				<speed>1.113552</speed>
				<ele>51.000000</ele>
				<time>2026-06-07T02:28:20Z</time>
			</trkpt>
			<trkpt lat="30.206799" lon="120.108074">
				<speed>1.177287</speed>
				<ele>53.000000</ele>
				<time>2026-06-07T02:28:25Z</time>
			</trkpt>
			<trkpt lat="30.206862" lon="120.108080">
				<speed>1.256846</speed>
				<ele>54.000000</ele>
				<time>2026-06-07T02:28:36Z</time>
			</trkpt>
			<trkpt lat="30.206912" lon="120.108083">
				<speed>0.998257</speed>
				<ele>55.000000</ele>
				<time>2026-06-07T02:28:41Z</time>
			</trkpt>
			<trkpt lat="30.206966" lon="120.108087">
				<speed>1.045487</speed>
				<ele>56.000000</ele>
				<time>2026-06-07T02:28:46Z</time>
			</trkpt>
			<trkpt lat="30.207010" lon="120.108114">
				<speed>1.262914</speed>
				<ele>57.000000</ele>
				<time>2026-06-07T02:28:51Z</time>
			</trkpt>
			<trkpt lat="30.207056" lon="120.108132">
				<speed>1.326265</speed>
				<ele>57.000000</ele>
				<time>2026-06-07T02:28:54Z</time>
			</trkpt>
			<trkpt lat="30.207102" lon="120.108137">
				<speed>1.591377</speed>
				<ele>58.000000</ele>
				<time>2026-06-07T02:28:57Z</time>
			</trkpt>
			<trkpt lat="30.207147" lon="120.108127">
				<speed>0.936745</speed>
				<ele>59.000000</ele>
				<time>2026-06-07T02:29:02Z</time>
			</trkpt>
			<trkpt lat="30.207193" lon="120.108149">
				<speed>1.373048</speed>
				<ele>59.000000</ele>
				<time>2026-06-07T02:29:05Z</time>
			</trkpt>
			<trkpt lat="30.207242" lon="120.108148">
				<speed>1.655988</speed>
				<ele>59.000000</ele>
				<time>2026-06-07T02:29:08Z</time>
			</trkpt>
			<trkpt lat="30.207301" lon="120.108157">
				<speed>1.471093</speed>
				<ele>59.000000</ele>
				<time>2026-06-07T02:29:12Z</time>
			</trkpt>
			<trkpt lat="30.207348" lon="120.108163">
				<speed>1.122510</speed>
				<ele>60.000000</ele>
				<time>2026-06-07T02:29:16Z</time>
			</trkpt>
			<trkpt lat="30.207400" lon="120.108166">
				<speed>0.941713</speed>
				<ele>61.000000</ele>
				<time>2026-06-07T02:29:20Z</time>
			</trkpt>
			<trkpt lat="30.207457" lon="120.108164">
				<speed>0.853019</speed>
				<ele>63.000000</ele>
				<time>2026-06-07T02:29:24Z</time>
			</trkpt>
			<trkpt lat="30.207502" lon="120.108173">
				<speed>1.087172</speed>
				<ele>63.000000</ele>
				<time>2026-06-07T02:29:28Z</time>
			</trkpt>
			<trkpt lat="30.207549" lon="120.108153">
				<speed>0.925576</speed>
				<ele>64.000000</ele>
				<time>2026-06-07T02:29:32Z</time>
			</trkpt>
			<trkpt lat="30.207588" lon="120.108127">
				<speed>1.051362</speed>
				<ele>65.000000</ele>
				<time>2026-06-07T02:29:36Z</time>
			</trkpt>
			<trkpt lat="30.207631" lon="120.108094">
				<speed>1.391724</speed>
				<ele>65.000000</ele>
				<time>2026-06-07T02:29:41Z</time>
			</trkpt>
			<trkpt lat="30.207675" lon="120.108088">
				<speed>0.773649</speed>
				<ele>66.000000</ele>
				<time>2026-06-07T02:29:46Z</time>
			</trkpt>
			<trkpt lat="30.207724" lon="120.108078">
				<speed>1.151685</speed>
				<ele>65.000000</ele>
				<time>2026-06-07T02:29:50Z</time>
			</trkpt>
			<trkpt lat="30.207784" lon="120.108088">
				<speed>1.439391</speed>
				<ele>65.000000</ele>
				<time>2026-06-07T02:29:54Z</time>
			</trkpt>
			<trkpt lat="30.207837" lon="120.108081">
				<speed>1.407616</speed>
				<ele>64.000000</ele>
				<time>2026-06-07T02:29:58Z</time>
			</trkpt>
			<trkpt lat="30.207893" lon="120.108090">
				<speed>1.397713</speed>
				<ele>64.000000</ele>
				<time>2026-06-07T02:30:02Z</time>
			</trkpt>
			<trkpt lat="30.207936" lon="120.108127">
				<speed>1.111327</speed>
				<ele>65.000000</ele>
				<time>2026-06-07T02:30:07Z</time>
			</trkpt>
			<trkpt lat="30.207957" lon="120.108180">
				<speed>1.057705</speed>
				<ele>65.000000</ele>
				<time>2026-06-07T02:30:10Z</time>
			</trkpt>
			<trkpt lat="30.207970" lon="120.108241">
				<speed>0.987432</speed>
				<ele>63.000000</ele>
				<time>2026-06-07T02:30:13Z</time>
			</trkpt>
			<trkpt lat="30.207974" lon="120.108304">
				<speed>1.034929</speed>
				<ele>61.000000</ele>
				<time>2026-06-07T02:30:17Z</time>
			</trkpt>
			<trkpt lat="30.207990" lon="120.108366">
				<speed>0.882323</speed>
				<ele>59.000000</ele>
				<time>2026-06-07T02:30:22Z</time>
			</trkpt>
			<trkpt lat="30.207999" lon="120.108418">
				<speed>1.077073</speed>
				<ele>59.000000</ele>
				<time>2026-06-07T02:30:25Z</time>
			</trkpt>
			<trkpt lat="30.208025" lon="120.108468">
				<speed>0.697403</speed>
				<ele>58.000000</ele>
				<time>2026-06-07T02:30:30Z</time>
			</trkpt>
			<trkpt lat="30.208074" lon="120.108500">
				<speed>1.174373</speed>
				<ele>58.000000</ele>
				<time>2026-06-07T02:30:36Z</time>
			</trkpt>
			<trkpt lat="30.208104" lon="120.108545">
				<speed>1.409638</speed>
				<ele>59.000000</ele>
				<time>2026-06-07T02:30:40Z</time>
			</trkpt>
			<trkpt lat="30.208143" lon="120.108572">
				<speed>1.337124</speed>
				<ele>59.000000</ele>
				<time>2026-06-07T02:30:44Z</time>
			</trkpt>
			<trkpt lat="30.208180" lon="120.108604">
				<speed>1.135871</speed>
				<ele>59.000000</ele>
				<time>2026-06-07T02:30:48Z</time>
			</trkpt>
			<trkpt lat="30.208223" lon="120.108633">
				<speed>1.160421</speed>
				<ele>59.000000</ele>
				<time>2026-06-07T02:30:52Z</time>
			</trkpt>
			<trkpt lat="30.208262" lon="120.108661">
				<speed>0.752627</speed>
				<ele>59.000000</ele>
				<time>2026-06-07T02:30:58Z</time>
			</trkpt>
			<trkpt lat="30.208305" lon="120.108690">
				<speed>1.303033</speed>
				<ele>60.000000</ele>
				<time>2026-06-07T02:31:01Z</time>
			</trkpt>
			<trkpt lat="30.208347" lon="120.108736">
				<speed>1.345477</speed>
				<ele>60.000000</ele>
				<time>2026-06-07T02:31:06Z</time>
			</trkpt>
			<trkpt lat="30.208388" lon="120.108791">
				<speed>1.238145</speed>
				<ele>59.000000</ele>
				<time>2026-06-07T02:31:10Z</time>
			</trkpt>
			<trkpt lat="30.208432" lon="120.108829">
				<speed>1.298280</speed>
				<ele>60.000000</ele>
				<time>2026-06-07T02:31:14Z</time>
			</trkpt>
			<trkpt lat="30.208480" lon="120.108867">
				<speed>1.338680</speed>
				<ele>60.000000</ele>
				<time>2026-06-07T02:31:18Z</time>
			</trkpt>
			<trkpt lat="30.208529" lon="120.108896">
				<speed>1.172476</speed>
				<ele>60.000000</ele>
				<time>2026-06-07T02:31:22Z</time>
			</trkpt>
			<trkpt lat="30.208574" lon="120.108910">
				<speed>1.012117</speed>
				<ele>61.000000</ele>
				<time>2026-06-07T02:31:28Z</time>
			</trkpt>
			<trkpt lat="30.208619" lon="120.108924">
				<speed>1.163438</speed>
				<ele>61.000000</ele>
				<time>2026-06-07T02:31:31Z</time>
			</trkpt>
			<trkpt lat="30.208669" lon="120.108946">
				<speed>1.565278</speed>
				<ele>60.000000</ele>
				<time>2026-06-07T02:31:34Z</time>
			</trkpt>
			<trkpt lat="30.208727" lon="120.108967">
				<speed>1.296455</speed>
				<ele>61.000000</ele>
				<time>2026-06-07T02:31:39Z</time>
			</trkpt>
			<trkpt lat="30.208772" lon="120.108955">
				<speed>1.337539</speed>
				<ele>61.000000</ele>
				<time>2026-06-07T02:31:42Z</time>
			</trkpt>
			<trkpt lat="30.208826" lon="120.108967">
				<speed>1.401552</speed>
				<ele>62.000000</ele>
				<time>2026-06-07T02:31:46Z</time>
			</trkpt>
			<trkpt lat="30.208876" lon="120.108949">
				<speed>0.880119</speed>
				<ele>62.000000</ele>
				<time>2026-06-07T02:31:51Z</time>
			</trkpt>
			<trkpt lat="30.208931" lon="120.108946">
				<speed>1.666700</speed>
				<ele>63.000000</ele>
				<time>2026-06-07T02:31:55Z</time>
			</trkpt>
			<trkpt lat="30.208968" lon="120.108979">
				<speed>1.063186</speed>
				<ele>64.000000</ele>
				<time>2026-06-07T02:32:00Z</time>
			</trkpt>
			<trkpt lat="30.209018" lon="120.108985">
				<speed>0.821246</speed>
				<ele>64.000000</ele>
				<time>2026-06-07T02:32:05Z</time>
			</trkpt>
			<trkpt lat="30.209062" lon="120.108953">
				<speed>1.266982</speed>
				<ele>64.000000</ele>
				<time>2026-06-07T02:32:10Z</time>
			</trkpt>
			<trkpt lat="30.209109" lon="120.108930">
				<speed>1.076741</speed>
				<ele>64.000000</ele>
				<time>2026-06-07T02:32:15Z</time>
			</trkpt>
			<trkpt lat="30.209153" lon="120.108913">
				<speed>0.567675</speed>
				<ele>63.000000</ele>
				<time>2026-06-07T02:32:20Z</time>
			</trkpt>
			<trkpt lat="30.209188" lon="120.108878">
				<speed>0.970392</speed>
				<ele>64.000000</ele>
				<time>2026-06-07T02:32:28Z</time>
			</trkpt>
			<trkpt lat="30.209235" lon="120.108870">
				<speed>0.912889</speed>
				<ele>65.000000</ele>
				<time>2026-06-07T02:32:38Z</time>
			</trkpt>
			<trkpt lat="30.209280" lon="120.108851">
				<speed>1.482753</speed>
				<ele>64.000000</ele>
				<time>2026-06-07T02:32:41Z</time>
			</trkpt>
			<trkpt lat="30.209327" lon="120.108836">
				<speed>0.670993</speed>
				<ele>65.000000</ele>
				<time>2026-06-07T02:32:46Z</time>
			</trkpt>
			<trkpt lat="30.209373" lon="120.108828">
				<speed>0.810692</speed>
				<ele>66.000000</ele>
				<time>2026-06-07T02:32:51Z</time>
			</trkpt>
			<trkpt lat="30.209429" lon="120.108830">
				<speed>1.351711</speed>
				<ele>67.000000</ele>
				<time>2026-06-07T02:32:56Z</time>
			</trkpt>
			<trkpt lat="30.209468" lon="120.108798">
				<speed>0.705720</speed>
				<ele>66.000000</ele>
				<time>2026-06-07T02:33:01Z</time>
			</trkpt>
			<trkpt lat="30.209505" lon="120.108759">
				<speed>1.263886</speed>
				<ele>67.000000</ele>
				<time>2026-06-07T02:33:04Z</time>
			</trkpt>
			<trkpt lat="30.209544" lon="120.108720">
				<speed>0.347420</speed>
				<ele>66.000000</ele>
				<time>2026-06-07T02:33:11Z</time>
			</trkpt>
			<trkpt lat="30.209586" lon="120.108700">
				<speed>0.400233</speed>
				<ele>66.000000</ele>
				<time>2026-06-07T02:33:17Z</time>
			</trkpt>
			<trkpt lat="30.209619" lon="120.108657">
				<speed>0.446036</speed>
				<ele>67.000000</ele>
				<time>2026-06-07T02:33:25Z</time>
			</trkpt>
			<trkpt lat="30.209655" lon="120.108620">
				<speed>0.735576</speed>
				<ele>65.000000</ele>
				<time>2026-06-07T02:33:32Z</time>
			</trkpt>
			<trkpt lat="30.209670" lon="120.108567">
				<speed>0.943008</speed>
				<ele>66.000000</ele>
				<time>2026-06-07T02:33:36Z</time>
			</trkpt>
			<trkpt lat="30.209679" lon="120.108482">
				<speed>1.508899</speed>
				<ele>68.000000</ele>
				<time>2026-06-07T02:33:49Z</time>
			</trkpt>
			<trkpt lat="30.209681" lon="120.108421">
				<speed>0.883430</speed>
				<ele>67.000000</ele>
				<time>2026-06-07T02:33:54Z</time>
			</trkpt>
			<trkpt lat="30.209671" lon="120.108354">
				<speed>1.010226</speed>
				<ele>67.000000</ele>
				<time>2026-06-07T02:34:04Z</time>
			</trkpt>
			<trkpt lat="30.209676" lon="120.108302">
				<speed>0.623319</speed>
				<ele>67.000000</ele>
				<time>2026-06-07T02:34:09Z</time>
			</trkpt>
			<trkpt lat="30.209658" lon="120.108253">
				<speed>0.128088</speed>
				<ele>65.000000</ele>
				<time>2026-06-07T02:34:21Z</time>
			</trkpt>
			<trkpt lat="30.209652" lon="120.108201">
				<speed>0.920656</speed>
				<ele>65.000000</ele>
				<time>2026-06-07T02:34:24Z</time>
			</trkpt>
			<trkpt lat="30.209653" lon="120.108145">
				<speed>1.054855</speed>
				<ele>66.000000</ele>
				<time>2026-06-07T02:34:30Z</time>
			</trkpt>
			<trkpt lat="30.209700" lon="120.108150">
				<speed>1.198709</speed>
				<ele>68.000000</ele>
				<time>2026-06-07T02:34:35Z</time>
			</trkpt>
			<trkpt lat="30.209744" lon="120.108138">
				<speed>0.946594</speed>
				<ele>69.000000</ele>
				<time>2026-06-07T02:34:40Z</time>
			</trkpt>
			<trkpt lat="30.209785" lon="120.108110">
				<speed>1.173328</speed>
				<ele>71.000000</ele>
				<time>2026-06-07T02:34:45Z</time>
			</trkpt>
			<trkpt lat="30.209833" lon="120.108097">
				<speed>0.456534</speed>
				<ele>75.000000</ele>
				<time>2026-06-07T02:34:57Z</time>
			</trkpt>
			<trkpt lat="30.209786" lon="120.108071">
				<speed>0.214755</speed>
				<ele>77.000000</ele>
				<time>2026-06-07T02:35:23Z</time>
			</trkpt>
			<trkpt lat="30.209740" lon="120.108105">
				<speed>0.228626</speed>
				<ele>77.000000</ele>
				<time>2026-06-07T02:35:29Z</time>
			</trkpt>
			<trkpt lat="30.209706" lon="120.108149">
				<speed>0.288826</speed>
				<ele>75.000000</ele>
				<time>2026-06-07T02:35:34Z</time>
			</trkpt>
			<trkpt lat="30.209656" lon="120.108163">
				<speed>1.121974</speed>
				<ele>72.000000</ele>
				<time>2026-06-07T02:35:37Z</time>
			</trkpt>
			<trkpt lat="30.209657" lon="120.108221">
				<speed>1.466075</speed>
				<ele>69.000000</ele>
				<time>2026-06-07T02:35:41Z</time>
			</trkpt>
			<trkpt lat="30.209663" lon="120.108279">
				<speed>1.848854</speed>
				<ele>68.000000</ele>
				<time>2026-06-07T02:35:44Z</time>
			</trkpt>
			<trkpt lat="30.209665" lon="120.108336">
				<speed>1.840094</speed>
				<ele>67.000000</ele>
				<time>2026-06-07T02:35:49Z</time>
			</trkpt>
			<trkpt lat="30.209671" lon="120.108389">
				<speed>0.913378</speed>
				<ele>65.000000</ele>
				<time>2026-06-07T02:35:54Z</time>
			</trkpt>
			<trkpt lat="30.209666" lon="120.108441">
				<speed>0.774033</speed>
				<ele>66.000000</ele>
				<time>2026-06-07T02:36:00Z</time>
			</trkpt>
			<trkpt lat="30.209663" lon="120.108499">
				<speed>1.221588</speed>
				<ele>65.000000</ele>
				<time>2026-06-07T02:36:04Z</time>
			</trkpt>
			<trkpt lat="30.209659" lon="120.108555">
				<speed>1.041824</speed>
				<ele>64.000000</ele>
				<time>2026-06-07T02:36:10Z</time>
			</trkpt>
			<trkpt lat="30.209663" lon="120.108614">
				<speed>1.756504</speed>
				<ele>65.000000</ele>
				<time>2026-06-07T02:36:13Z</time>
			</trkpt>
			<trkpt lat="30.209688" lon="120.108662">
				<speed>1.677891</speed>
				<ele>65.000000</ele>
				<time>2026-06-07T02:36:16Z</time>
			</trkpt>
			<trkpt lat="30.209688" lon="120.108720">
				<speed>1.464837</speed>
				<ele>64.000000</ele>
				<time>2026-06-07T02:36:21Z</time>
			</trkpt>
			<trkpt lat="30.209659" lon="120.108767">
				<speed>0.740062</speed>
				<ele>65.000000</ele>
				<time>2026-06-07T02:36:27Z</time>
			</trkpt>
			<trkpt lat="30.209630" lon="120.108810">
				<speed>1.227388</speed>
				<ele>66.000000</ele>
				<time>2026-06-07T02:36:31Z</time>
			</trkpt>
			<trkpt lat="30.209615" lon="120.108872">
				<speed>1.157156</speed>
				<ele>67.000000</ele>
				<time>2026-06-07T02:36:35Z</time>
			</trkpt>
			<trkpt lat="30.209593" lon="120.108925">
				<speed>1.383107</speed>
				<ele>66.000000</ele>
				<time>2026-06-07T02:36:39Z</time>
			</trkpt>
			<trkpt lat="30.209582" lon="120.108977">
				<speed>1.451344</speed>
				<ele>66.000000</ele>
				<time>2026-06-07T02:36:42Z</time>
			</trkpt>
			<trkpt lat="30.209561" lon="120.109027">
				<speed>1.013946</speed>
				<ele>66.000000</ele>
				<time>2026-06-07T02:36:47Z</time>
			</trkpt>
			<trkpt lat="30.209508" lon="120.109057">
				<speed>1.129600</speed>
				<ele>67.000000</ele>
				<time>2026-06-07T02:36:52Z</time>
			</trkpt>
			<trkpt lat="30.209458" lon="120.109057">
				<speed>1.313022</speed>
				<ele>66.000000</ele>
				<time>2026-06-07T02:36:56Z</time>
			</trkpt>
			<trkpt lat="30.209411" lon="120.109057">
				<speed>1.164058</speed>
				<ele>66.000000</ele>
				<time>2026-06-07T02:37:01Z</time>
			</trkpt>
			<trkpt lat="30.209364" lon="120.109037">
				<speed>1.524329</speed>
				<ele>66.000000</ele>
				<time>2026-06-07T02:37:04Z</time>
			</trkpt>
			<trkpt lat="30.209323" lon="120.109004">
				<speed>1.152438</speed>
				<ele>66.000000</ele>
				<time>2026-06-07T02:37:09Z</time>
			</trkpt>
			<trkpt lat="30.209295" lon="120.108960">
				<speed>1.161509</speed>
				<ele>65.000000</ele>
				<time>2026-06-07T02:37:13Z</time>
			</trkpt>
			<trkpt lat="30.209255" lon="120.108917">
				<speed>1.525309</speed>
				<ele>65.000000</ele>
				<time>2026-06-07T02:37:17Z</time>
			</trkpt>
			<trkpt lat="30.209214" lon="120.108886">
				<speed>1.410407</speed>
				<ele>64.000000</ele>
				<time>2026-06-07T02:37:21Z</time>
			</trkpt>
			<trkpt lat="30.209162" lon="120.108860">
				<speed>1.507527</speed>
				<ele>64.000000</ele>
				<time>2026-06-07T02:37:25Z</time>
			</trkpt>
			<trkpt lat="30.209117" lon="120.108878">
				<speed>1.044608</speed>
				<ele>64.000000</ele>
				<time>2026-06-07T02:37:29Z</time>
			</trkpt>
			<trkpt lat="30.209072" lon="120.108918">
				<speed>0.855889</speed>
				<ele>64.000000</ele>
				<time>2026-06-07T02:37:33Z</time>
			</trkpt>
			<trkpt lat="30.209031" lon="120.108958">
				<speed>0.981796</speed>
				<ele>63.000000</ele>
				<time>2026-06-07T02:37:36Z</time>
			</trkpt>
			<trkpt lat="30.208973" lon="120.108952">
				<speed>1.099787</speed>
				<ele>64.000000</ele>
				<time>2026-06-07T02:37:42Z</time>
			</trkpt>
			<trkpt lat="30.208932" lon="120.108928">
				<speed>1.072672</speed>
				<ele>62.000000</ele>
				<time>2026-06-07T02:37:46Z</time>
			</trkpt>
			<trkpt lat="30.208877" lon="120.108935">
				<speed>1.679785</speed>
				<ele>61.000000</ele>
				<time>2026-06-07T02:37:49Z</time>
			</trkpt>
			<trkpt lat="30.208825" lon="120.108938">
				<speed>1.004450</speed>
				<ele>60.000000</ele>
				<time>2026-06-07T02:37:54Z</time>
			</trkpt>
			<trkpt lat="30.208773" lon="120.108925">
				<speed>1.495430</speed>
				<ele>60.000000</ele>
				<time>2026-06-07T02:37:57Z</time>
			</trkpt>
			<trkpt lat="30.208730" lon="120.108910">
				<speed>0.896453</speed>
				<ele>60.000000</ele>
				<time>2026-06-07T02:38:01Z</time>
			</trkpt>
			<trkpt lat="30.208683" lon="120.108889">
				<speed>0.961219</speed>
				<ele>60.000000</ele>
				<time>2026-06-07T02:38:05Z</time>
			</trkpt>
			<trkpt lat="30.208637" lon="120.108876">
				<speed>1.345552</speed>
				<ele>61.000000</ele>
				<time>2026-06-07T02:38:08Z</time>
			</trkpt>
			<trkpt lat="30.208593" lon="120.108859">
				<speed>1.038984</speed>
				<ele>59.000000</ele>
				<time>2026-06-07T02:38:12Z</time>
			</trkpt>
			<trkpt lat="30.208530" lon="120.108841">
				<speed>1.349417</speed>
				<ele>60.000000</ele>
				<time>2026-06-07T02:38:16Z</time>
			</trkpt>
			<trkpt lat="30.208483" lon="120.108817">
				<speed>1.533156</speed>
				<ele>61.000000</ele>
				<time>2026-06-07T02:38:19Z</time>
			</trkpt>
			<trkpt lat="30.208438" lon="120.108796">
				<speed>1.312218</speed>
				<ele>60.000000</ele>
				<time>2026-06-07T02:38:23Z</time>
			</trkpt>
			<trkpt lat="30.208402" lon="120.108762">
				<speed>1.023116</speed>
				<ele>59.000000</ele>
				<time>2026-06-07T02:38:28Z</time>
			</trkpt>
			<trkpt lat="30.208378" lon="120.108718">
				<speed>0.990212</speed>
				<ele>59.000000</ele>
				<time>2026-06-07T02:38:32Z</time>
			</trkpt>
			<trkpt lat="30.208334" lon="120.108670">
				<speed>0.986227</speed>
				<ele>59.000000</ele>
				<time>2026-06-07T02:38:37Z</time>
			</trkpt>
			<trkpt lat="30.208296" lon="120.108636">
				<speed>1.417179</speed>
				<ele>58.000000</ele>
				<time>2026-06-07T02:38:40Z</time>
			</trkpt>
			<trkpt lat="30.208258" lon="120.108597">
				<speed>1.396574</speed>
				<ele>58.000000</ele>
				<time>2026-06-07T02:38:43Z</time>
			</trkpt>
			<trkpt lat="30.208216" lon="120.108573">
				<speed>1.264070</speed>
				<ele>58.000000</ele>
				<time>2026-06-07T02:38:47Z</time>
			</trkpt>
			<trkpt lat="30.208166" lon="120.108546">
				<speed>1.262790</speed>
				<ele>58.000000</ele>
				<time>2026-06-07T02:38:52Z</time>
			</trkpt>
			<trkpt lat="30.208113" lon="120.108510">
				<speed>1.142389</speed>
				<ele>57.000000</ele>
				<time>2026-06-07T02:38:57Z</time>
			</trkpt>
			<trkpt lat="30.208068" lon="120.108475">
				<speed>1.236214</speed>
				<ele>57.000000</ele>
				<time>2026-06-07T02:39:01Z</time>
			</trkpt>
			<trkpt lat="30.208034" lon="120.108430">
				<speed>1.414103</speed>
				<ele>57.000000</ele>
				<time>2026-06-07T02:39:04Z</time>
			</trkpt>
			<trkpt lat="30.208008" lon="120.108375">
				<speed>1.038166</speed>
				<ele>59.000000</ele>
				<time>2026-06-07T02:39:10Z</time>
			</trkpt>
			<trkpt lat="30.208004" lon="120.108315">
				<speed>1.248499</speed>
				<ele>58.000000</ele>
				<time>2026-06-07T02:39:14Z</time>
			</trkpt>
			<trkpt lat="30.208004" lon="120.108252">
				<speed>1.435099</speed>
				<ele>59.000000</ele>
				<time>2026-06-07T02:39:18Z</time>
			</trkpt>
			<trkpt lat="30.207999" lon="120.108200">
				<speed>1.361641</speed>
				<ele>59.000000</ele>
				<time>2026-06-07T02:39:22Z</time>
			</trkpt>
			<trkpt lat="30.207978" lon="120.108148">
				<speed>0.693081</speed>
				<ele>62.000000</ele>
				<time>2026-06-07T02:39:27Z</time>
			</trkpt>
			<trkpt lat="30.207946" lon="120.108095">
				<speed>1.423458</speed>
				<ele>62.000000</ele>
				<time>2026-06-07T02:39:30Z</time>
			</trkpt>
			<trkpt lat="30.207896" lon="120.108080">
				<speed>0.969545</speed>
				<ele>63.000000</ele>
				<time>2026-06-07T02:39:34Z</time>
			</trkpt>
			<trkpt lat="30.207838" lon="120.108055">
				<speed>1.152407</speed>
				<ele>64.000000</ele>
				<time>2026-06-07T02:39:37Z</time>
			</trkpt>
			<trkpt lat="30.207792" lon="120.108081">
				<speed>1.255505</speed>
				<ele>64.000000</ele>
				<time>2026-06-07T02:39:41Z</time>
			</trkpt>
			<trkpt lat="30.207747" lon="120.108090">
				<speed>1.376404</speed>
				<ele>64.000000</ele>
				<time>2026-06-07T02:39:44Z</time>
			</trkpt>
			<trkpt lat="30.207695" lon="120.108081">
				<speed>1.463081</speed>
				<ele>65.000000</ele>
				<time>2026-06-07T02:39:48Z</time>
			</trkpt>
			<trkpt lat="30.207640" lon="120.108103">
				<speed>1.220167</speed>
				<ele>64.000000</ele>
				<time>2026-06-07T02:39:51Z</time>
			</trkpt>
			<trkpt lat="30.207590" lon="120.108113">
				<speed>1.168818</speed>
				<ele>64.000000</ele>
				<time>2026-06-07T02:39:55Z</time>
			</trkpt>
			<trkpt lat="30.207543" lon="120.108137">
				<speed>0.920705</speed>
				<ele>65.000000</ele>
				<time>2026-06-07T02:40:00Z</time>
			</trkpt>
			<trkpt lat="30.207489" lon="120.108146">
				<speed>1.055631</speed>
				<ele>65.000000</ele>
				<time>2026-06-07T02:40:04Z</time>
			</trkpt>
			<trkpt lat="30.207431" lon="120.108158">
				<speed>1.457399</speed>
				<ele>64.000000</ele>
				<time>2026-06-07T02:40:08Z</time>
			</trkpt>
			<trkpt lat="30.207368" lon="120.108147">
				<speed>1.376860</speed>
				<ele>63.000000</ele>
				<time>2026-06-07T02:40:14Z</time>
			</trkpt>
			<trkpt lat="30.207319" lon="120.108131">
				<speed>1.523271</speed>
				<ele>63.000000</ele>
				<time>2026-06-07T02:40:17Z</time>
			</trkpt>
			<trkpt lat="30.207272" lon="120.108128">
				<speed>1.377481</speed>
				<ele>63.000000</ele>
				<time>2026-06-07T02:40:21Z</time>
			</trkpt>
			<trkpt lat="30.207221" lon="120.108133">
				<speed>1.345262</speed>
				<ele>63.000000</ele>
				<time>2026-06-07T02:40:26Z</time>
			</trkpt>
			<trkpt lat="30.207168" lon="120.108126">
				<speed>1.526817</speed>
				<ele>62.000000</ele>
				<time>2026-06-07T02:40:30Z</time>
			</trkpt>
			<trkpt lat="30.207111" lon="120.108117">
				<speed>1.513374</speed>
				<ele>61.000000</ele>
				<time>2026-06-07T02:40:34Z</time>
			</trkpt>
			<trkpt lat="30.207066" lon="120.108112">
				<speed>1.380772</speed>
				<ele>61.000000</ele>
				<time>2026-06-07T02:40:38Z</time>
			</trkpt>
			<trkpt lat="30.207010" lon="120.108105">
				<speed>1.422040</speed>
				<ele>60.000000</ele>
				<time>2026-06-07T02:40:43Z</time>
			</trkpt>
			<trkpt lat="30.206956" lon="120.108097">
				<speed>1.290660</speed>
				<ele>59.000000</ele>
				<time>2026-06-07T02:40:47Z</time>
			</trkpt>
			<trkpt lat="30.206909" lon="120.108081">
				<speed>1.574446</speed>
				<ele>58.000000</ele>
				<time>2026-06-07T02:40:50Z</time>
			</trkpt>
			<trkpt lat="30.206854" lon="120.108078">
				<speed>1.566124</speed>
				<ele>56.000000</ele>
				<time>2026-06-07T02:40:54Z</time>
			</trkpt>
			<trkpt lat="30.206796" lon="120.108062">
				<speed>1.559610</speed>
				<ele>55.000000</ele>
				<time>2026-06-07T02:40:58Z</time>
			</trkpt>
			<trkpt lat="30.206741" lon="120.108040">
				<speed>1.555452</speed>
				<ele>54.000000</ele>
				<time>2026-06-07T02:41:02Z</time>
			</trkpt>
			<trkpt lat="30.206702" lon="120.108012">
				<speed>1.560932</speed>
				<ele>53.000000</ele>
				<time>2026-06-07T02:41:05Z</time>
			</trkpt>
			<trkpt lat="30.206661" lon="120.107989">
				<speed>1.505697</speed>
				<ele>53.000000</ele>
				<time>2026-06-07T02:41:08Z</time>
			</trkpt>
			<trkpt lat="30.206607" lon="120.108002">
				<speed>1.536681</speed>
				<ele>52.000000</ele>
				<time>2026-06-07T02:41:12Z</time>
			</trkpt>
			<trkpt lat="30.206553" lon="120.108030">
				<speed>1.553279</speed>
				<ele>51.000000</ele>
				<time>2026-06-07T02:41:16Z</time>
			</trkpt>
			<trkpt lat="30.206498" lon="120.108030">
				<speed>1.546154</speed>
				<ele>50.000000</ele>
				<time>2026-06-07T02:41:20Z</time>
			</trkpt>
			<trkpt lat="30.206446" lon="120.108018">
				<speed>1.556512</speed>
				<ele>49.000000</ele>
				<time>2026-06-07T02:41:23Z</time>
			</trkpt>
			<trkpt lat="30.206393" lon="120.108004">
				<speed>1.519355</speed>
				<ele>49.000000</ele>
				<time>2026-06-07T02:41:27Z</time>
			</trkpt>
			<trkpt lat="30.206346" lon="120.107977">
				<speed>1.445728</speed>
				<ele>48.000000</ele>
				<time>2026-06-07T02:41:32Z</time>
			</trkpt>
			<trkpt lat="30.206294" lon="120.107978">
				<speed>1.513840</speed>
				<ele>47.000000</ele>
				<time>2026-06-07T02:41:36Z</time>
			</trkpt>
			<trkpt lat="30.206244" lon="120.107968">
				<speed>1.545000</speed>
				<ele>46.000000</ele>
				<time>2026-06-07T02:41:40Z</time>
			</trkpt>
			<trkpt lat="30.206190" lon="120.107965">
				<speed>1.539154</speed>
				<ele>45.000000</ele>
				<time>2026-06-07T02:41:44Z</time>
			</trkpt>
			<trkpt lat="30.206140" lon="120.107955">
				<speed>1.526967</speed>
				<ele>44.000000</ele>
				<time>2026-06-07T02:41:48Z</time>
			</trkpt>
			<trkpt lat="30.206086" lon="120.107960">
				<speed>1.537635</speed>
				<ele>43.000000</ele>
				<time>2026-06-07T02:41:52Z</time>
			</trkpt>
			<trkpt lat="30.206032" lon="120.107951">
				<speed>1.560600</speed>
				<ele>41.000000</ele>
				<time>2026-06-07T02:41:56Z</time>
			</trkpt>
			<trkpt lat="30.205977" lon="120.107945">
				<speed>1.568449</speed>
				<ele>42.000000</ele>
				<time>2026-06-07T02:42:00Z</time>
			</trkpt>
			<trkpt lat="30.205928" lon="120.107936">
				<speed>1.595611</speed>
				<ele>41.000000</ele>
				<time>2026-06-07T02:42:04Z</time>
			</trkpt>
			<trkpt lat="30.205881" lon="120.107937">
				<speed>1.329086</speed>
				<ele>40.000000</ele>
				<time>2026-06-07T02:42:08Z</time>
			</trkpt>
			<trkpt lat="30.205832" lon="120.107954">
				<speed>1.550925</speed>
				<ele>40.000000</ele>
				<time>2026-06-07T02:42:11Z</time>
			</trkpt>
			<trkpt lat="30.205779" lon="120.107962">
				<speed>1.312675</speed>
				<ele>39.000000</ele>
				<time>2026-06-07T02:42:15Z</time>
			</trkpt>
			<trkpt lat="30.205723" lon="120.107967">
				<speed>1.454137</speed>
				<ele>40.000000</ele>
				<time>2026-06-07T02:42:20Z</time>
			</trkpt>
			<trkpt lat="30.205668" lon="120.107984">
				<speed>1.478586</speed>
				<ele>40.000000</ele>
				<time>2026-06-07T02:42:24Z</time>
			</trkpt>
			<trkpt lat="30.205617" lon="120.107986">
				<speed>1.182913</speed>
				<ele>40.000000</ele>
				<time>2026-06-07T02:42:29Z</time>
			</trkpt>
			<trkpt lat="30.205558" lon="120.107977">
				<speed>1.591360</speed>
				<ele>41.000000</ele>
				<time>2026-06-07T02:42:33Z</time>
			</trkpt>
			<trkpt lat="30.205512" lon="120.107968">
				<speed>1.174553</speed>
				<ele>43.000000</ele>
				<time>2026-06-07T02:42:37Z</time>
			</trkpt>
			<trkpt lat="30.205453" lon="120.107967">
				<speed>1.469810</speed>
				<ele>42.000000</ele>
				<time>2026-06-07T02:42:41Z</time>
			</trkpt>
			<trkpt lat="30.205402" lon="120.107968">
				<speed>1.449980</speed>
				<ele>43.000000</ele>
				<time>2026-06-07T02:42:45Z</time>
			</trkpt>
			<trkpt lat="30.205351" lon="120.107974">
				<speed>1.467014</speed>
				<ele>44.000000</ele>
				<time>2026-06-07T02:42:49Z</time>
			</trkpt>
			<trkpt lat="30.205302" lon="120.107989">
				<speed>1.387777</speed>
				<ele>42.000000</ele>
				<time>2026-06-07T02:42:53Z</time>
			</trkpt>
			<trkpt lat="30.205255" lon="120.108007">
				<speed>1.402889</speed>
				<ele>43.000000</ele>
				<time>2026-06-07T02:42:57Z</time>
			</trkpt>
			<trkpt lat="30.205214" lon="120.108033">
				<speed>1.125795</speed>
				<ele>42.000000</ele>
				<time>2026-06-07T02:43:01Z</time>
			</trkpt>
			<trkpt lat="30.205172" lon="120.108059">
				<speed>1.366889</speed>
				<ele>42.000000</ele>
				<time>2026-06-07T02:43:04Z</time>
			</trkpt>
			<trkpt lat="30.205136" lon="120.108092">
				<speed>1.136766</speed>
				<ele>42.000000</ele>
				<time>2026-06-07T02:43:08Z</time>
			</trkpt>
			<trkpt lat="30.205105" lon="120.108132">
				<speed>1.528563</speed>
				<ele>41.000000</ele>
				<time>2026-06-07T02:43:11Z</time>
			</trkpt>
			<trkpt lat="30.205071" lon="120.108172">
				<speed>0.947559</speed>
				<ele>42.000000</ele>
				<time>2026-06-07T02:43:15Z</time>
			</trkpt>
			<trkpt lat="30.205036" lon="120.108207">
				<speed>1.264866</speed>
				<ele>43.000000</ele>
				<time>2026-06-07T02:43:19Z</time>
			</trkpt>
			<trkpt lat="30.204997" lon="120.108237">
				<speed>1.146864</speed>
				<ele>43.000000</ele>
				<time>2026-06-07T02:43:23Z</time>
			</trkpt>
			<trkpt lat="30.204960" lon="120.108282">
				<speed>0.952828</speed>
				<ele>43.000000</ele>
				<time>2026-06-07T02:43:28Z</time>
			</trkpt>
			<trkpt lat="30.204939" lon="120.108335">
				<speed>0.962844</speed>
				<ele>44.000000</ele>
				<time>2026-06-07T02:43:33Z</time>
			</trkpt>
			<trkpt lat="30.204896" lon="120.108369">
				<speed>1.414738</speed>
				<ele>46.000000</ele>
				<time>2026-06-07T02:43:38Z</time>
			</trkpt>
			<trkpt lat="30.204860" lon="120.108408">
				<speed>0.942928</speed>
				<ele>47.000000</ele>
				<time>2026-06-07T02:43:42Z</time>
			</trkpt>
			<trkpt lat="30.204801" lon="120.108409">
				<speed>1.423886</speed>
				<ele>47.000000</ele>
				<time>2026-06-07T02:43:46Z</time>
			</trkpt>
			<trkpt lat="30.204744" lon="120.108425">
				<speed>1.377427</speed>
				<ele>47.000000</ele>
				<time>2026-06-07T02:43:50Z</time>
			</trkpt>
			<trkpt lat="30.204700" lon="120.108442">
				<speed>1.333472</speed>
				<ele>47.000000</ele>
				<time>2026-06-07T02:43:53Z</time>
			</trkpt>
			<trkpt lat="30.204648" lon="120.108447">
				<speed>1.441230</speed>
				<ele>48.000000</ele>
				<time>2026-06-07T02:43:57Z</time>
			</trkpt>
			<trkpt lat="30.204595" lon="120.108450">
				<speed>1.166235</speed>
				<ele>48.000000</ele>
				<time>2026-06-07T02:44:02Z</time>
			</trkpt>
			<trkpt lat="30.204551" lon="120.108465">
				<speed>1.366391</speed>
				<ele>48.000000</ele>
				<time>2026-06-07T02:44:05Z</time>
			</trkpt>
			<trkpt lat="30.204497" lon="120.108447">
				<speed>1.386314</speed>
				<ele>49.000000</ele>
				<time>2026-06-07T02:44:10Z</time>
			</trkpt>
			<trkpt lat="30.204443" lon="120.108454">
				<speed>1.080202</speed>
				<ele>50.000000</ele>
				<time>2026-06-07T02:44:14Z</time>
			</trkpt>
			<trkpt lat="30.204489" lon="120.108447">
				<speed>0.156865</speed>
				<ele>51.000000</ele>
				<time>2026-06-07T02:44:27Z</time>
			</trkpt>
			<trkpt lat="30.204540" lon="120.108450">
				<speed>0.126703</speed>
				<ele>50.000000</ele>
				<time>2026-06-07T02:44:31Z</time>
			</trkpt>
			<trkpt lat="30.204595" lon="120.108450">
				<speed>0.367019</speed>
				<ele>51.000000</ele>
				<time>2026-06-07T02:44:35Z</time>
			</trkpt>
			<trkpt lat="30.204655" lon="120.108454">
				<speed>1.637616</speed>
				<ele>50.000000</ele>
				<time>2026-06-07T02:44:39Z</time>
			</trkpt>
			<trkpt lat="30.204707" lon="120.108463">
				<speed>1.626726</speed>
				<ele>50.000000</ele>
				<time>2026-06-07T02:44:43Z</time>
			</trkpt>
			<trkpt lat="30.204753" lon="120.108452">
				<speed>1.408561</speed>
				<ele>48.000000</ele>
				<time>2026-06-07T02:44:47Z</time>
			</trkpt>
			<trkpt lat="30.204805" lon="120.108434">
				<speed>1.527612</speed>
				<ele>49.000000</ele>
				<time>2026-06-07T02:44:51Z</time>
			</trkpt>
			<trkpt lat="30.204845" lon="120.108397">
				<speed>1.429782</speed>
				<ele>49.000000</ele>
				<time>2026-06-07T02:44:54Z</time>
			</trkpt>
			<trkpt lat="30.204902" lon="120.108365">
				<speed>1.205258</speed>
				<ele>47.000000</ele>
				<time>2026-06-07T02:45:00Z</time>
			</trkpt>
			<trkpt lat="30.204949" lon="120.108346">
				<speed>1.504583</speed>
				<ele>46.000000</ele>
				<time>2026-06-07T02:45:03Z</time>
			</trkpt>
			<trkpt lat="30.204980" lon="120.108296">
				<speed>1.236426</speed>
				<ele>47.000000</ele>
				<time>2026-06-07T02:45:07Z</time>
			</trkpt>
			<trkpt lat="30.204959" lon="120.108241">
				<speed>1.275324</speed>
				<ele>46.000000</ele>
				<time>2026-06-07T02:45:11Z</time>
			</trkpt>
			<trkpt lat="30.204939" lon="120.108194">
				<speed>1.126225</speed>
				<ele>45.000000</ele>
				<time>2026-06-07T02:45:15Z</time>
			</trkpt>
			<trkpt lat="30.204935" lon="120.108137">
				<speed>1.036003</speed>
				<ele>44.000000</ele>
				<time>2026-06-07T02:45:19Z</time>
			</trkpt>
			<trkpt lat="30.204930" lon="120.108079">
				<speed>1.231035</speed>
				<ele>43.000000</ele>
				<time>2026-06-07T02:45:23Z</time>
			</trkpt>
			<trkpt lat="30.204931" lon="120.108024">
				<speed>1.471172</speed>
				<ele>43.000000</ele>
				<time>2026-06-07T02:45:27Z</time>
			</trkpt>
			<trkpt lat="30.204916" lon="120.107969">
				<speed>0.933404</speed>
				<ele>43.000000</ele>
				<time>2026-06-07T02:45:32Z</time>
			</trkpt>
			<trkpt lat="30.204904" lon="120.107906">
				<speed>1.223507</speed>
				<ele>44.000000</ele>
				<time>2026-06-07T02:45:37Z</time>
			</trkpt>
			<trkpt lat="30.204922" lon="120.107858">
				<speed>1.103149</speed>
				<ele>43.000000</ele>
				<time>2026-06-07T02:45:41Z</time>
			</trkpt>
			<trkpt lat="30.204925" lon="120.107799">
				<speed>1.286978</speed>
				<ele>44.000000</ele>
				<time>2026-06-07T02:45:45Z</time>
			</trkpt>
			<trkpt lat="30.204901" lon="120.107746">
				<speed>1.398042</speed>
				<ele>43.000000</ele>
				<time>2026-06-07T02:45:49Z</time>
			</trkpt>
			<trkpt lat="30.204887" lon="120.107695">
				<speed>1.464546</speed>
				<ele>42.000000</ele>
				<time>2026-06-07T02:45:52Z</time>
			</trkpt>
			<trkpt lat="30.204890" lon="120.107637">
				<speed>1.262534</speed>
				<ele>41.000000</ele>
				<time>2026-06-07T02:45:56Z</time>
			</trkpt>
			<trkpt lat="30.204887" lon="120.107579">
				<speed>0.969591</speed>
				<ele>41.000000</ele>
				<time>2026-06-07T02:46:00Z</time>
			</trkpt>
			<trkpt lat="30.204905" lon="120.107520">
				<speed>1.237506</speed>
				<ele>41.000000</ele>
				<time>2026-06-07T02:46:04Z</time>
			</trkpt>
			<trkpt lat="30.204938" lon="120.107471">
				<speed>1.433443</speed>
				<ele>40.000000</ele>
				<time>2026-06-07T02:46:08Z</time>
			</trkpt>
			<trkpt lat="30.204992" lon="120.107439">
				<speed>1.345037</speed>
				<ele>40.000000</ele>
				<time>2026-06-07T02:46:13Z</time>
			</trkpt>
			<trkpt lat="30.205034" lon="120.107411">
				<speed>1.049450</speed>
				<ele>40.000000</ele>
				<time>2026-06-07T02:46:17Z</time>
			</trkpt>
			<trkpt lat="30.205074" lon="120.107386">
				<speed>0.854818</speed>
				<ele>42.000000</ele>
				<time>2026-06-07T02:46:22Z</time>
			</trkpt>
			<trkpt lat="30.205120" lon="120.107378">
				<speed>1.586601</speed>
				<ele>43.000000</ele>
				<time>2026-06-07T02:46:25Z</time>
			</trkpt>
			<trkpt lat="30.205165" lon="120.107361">
				<speed>1.315795</speed>
				<ele>43.000000</ele>
				<time>2026-06-07T02:46:29Z</time>
			</trkpt>
			<trkpt lat="30.205208" lon="120.107334">
				<speed>1.497949</speed>
				<ele>44.000000</ele>
				<time>2026-06-07T02:46:33Z</time>
			</trkpt>
			<trkpt lat="30.205260" lon="120.107316">
				<speed>1.225138</speed>
				<ele>43.000000</ele>
				<time>2026-06-07T02:46:37Z</time>
			</trkpt>
			<trkpt lat="30.205306" lon="120.107310">
				<speed>1.402107</speed>
				<ele>44.000000</ele>
				<time>2026-06-07T02:46:41Z</time>
			</trkpt>
			<trkpt lat="30.205341" lon="120.107266">
				<speed>0.962379</speed>
				<ele>45.000000</ele>
				<time>2026-06-07T02:46:46Z</time>
			</trkpt>
			<trkpt lat="30.205396" lon="120.107267">
				<speed>1.491513</speed>
				<ele>46.000000</ele>
				<time>2026-06-07T02:46:49Z</time>
			</trkpt>
			<trkpt lat="30.205444" lon="120.107241">
				<speed>1.200348</speed>
				<ele>46.000000</ele>
				<time>2026-06-07T02:46:53Z</time>
			</trkpt>
			<trkpt lat="30.205494" lon="120.107231">
				<speed>1.119759</speed>
				<ele>47.000000</ele>
				<time>2026-06-07T02:46:58Z</time>
			</trkpt>
			<trkpt lat="30.205537" lon="120.107210">
				<speed>1.489581</speed>
				<ele>46.000000</ele>
				<time>2026-06-07T02:47:01Z</time>
			</trkpt>
			<trkpt lat="30.205580" lon="120.107187">
				<speed>1.485095</speed>
				<ele>46.000000</ele>
				<time>2026-06-07T02:47:04Z</time>
			</trkpt>
			<trkpt lat="30.205627" lon="120.107169">
				<speed>1.146895</speed>
				<ele>47.000000</ele>
				<time>2026-06-07T02:47:08Z</time>
			</trkpt>
			<trkpt lat="30.205674" lon="120.107163">
				<speed>1.166983</speed>
				<ele>47.000000</ele>
				<time>2026-06-07T02:47:12Z</time>
			</trkpt>
			<trkpt lat="30.205720" lon="120.107144">
				<speed>1.001536</speed>
				<ele>46.000000</ele>
				<time>2026-06-07T02:47:16Z</time>
			</trkpt>
			<trkpt lat="30.205779" lon="120.107147">
				<speed>1.453028</speed>
				<ele>47.000000</ele>
				<time>2026-06-07T02:47:20Z</time>
			</trkpt>
			<trkpt lat="30.205824" lon="120.107143">
				<speed>1.403419</speed>
				<ele>45.000000</ele>
				<time>2026-06-07T02:47:24Z</time>
			</trkpt>
			<trkpt lat="30.205882" lon="120.107133">
				<speed>1.464466</speed>
				<ele>46.000000</ele>
				<time>2026-06-07T02:47:29Z</time>
			</trkpt>
			<trkpt lat="30.205936" lon="120.107146">
				<speed>1.492326</speed>
				<ele>46.000000</ele>
				<time>2026-06-07T02:47:33Z</time>
			</trkpt>
			<trkpt lat="30.205989" lon="120.107163">
				<speed>1.527408</speed>
				<ele>45.000000</ele>
				<time>2026-06-07T02:47:37Z</time>
			</trkpt>
			<trkpt lat="30.206037" lon="120.107152">
				<speed>1.581087</speed>
				<ele>45.000000</ele>
				<time>2026-06-07T02:47:40Z</time>
			</trkpt>
			<trkpt lat="30.206082" lon="120.107122">
				<speed>1.568118</speed>
				<ele>43.000000</ele>
				<time>2026-06-07T02:47:44Z</time>
			</trkpt>
			<trkpt lat="30.206104" lon="120.107076">
				<speed>0.676521</speed>
				<ele>44.000000</ele>
				<time>2026-06-07T02:47:50Z</time>
			</trkpt>
			<trkpt lat="30.206099" lon="120.107020">
				<speed>0.942992</speed>
				<ele>44.000000</ele>
				<time>2026-06-07T02:48:01Z</time>
			</trkpt>
			<trkpt lat="30.206123" lon="120.106966">
				<speed>1.023038</speed>
				<ele>46.000000</ele>
				<time>2026-06-07T02:48:12Z</time>
			</trkpt>
			<trkpt lat="30.206157" lon="120.106910">
				<speed>2.058915</speed>
				<ele>48.000000</ele>
				<time>2026-06-07T02:48:17Z</time>
			</trkpt>
			<trkpt lat="30.206181" lon="120.106863">
				<speed>1.258285</speed>
				<ele>48.000000</ele>
				<time>2026-06-07T02:48:20Z</time>
			</trkpt>
			<trkpt lat="30.206188" lon="120.106805">
				<speed>1.322154</speed>
				<ele>47.000000</ele>
				<time>2026-06-07T02:48:23Z</time>
			</trkpt>
			<trkpt lat="30.206208" lon="120.106749">
				<speed>1.119455</speed>
				<ele>46.000000</ele>
				<time>2026-06-07T02:48:27Z</time>
			</trkpt>
			<trkpt lat="30.206240" lon="120.106693">
				<speed>1.123082</speed>
				<ele>44.000000</ele>
				<time>2026-06-07T02:48:33Z</time>
			</trkpt>
			<trkpt lat="30.206246" lon="120.106635">
				<speed>1.956279</speed>
				<ele>44.000000</ele>
				<time>2026-06-07T02:48:36Z</time>
			</trkpt>
			<trkpt lat="30.206258" lon="120.106581">
				<speed>0.767280</speed>
				<ele>43.000000</ele>
				<time>2026-06-07T02:48:43Z</time>
			</trkpt>
			<trkpt lat="30.206280" lon="120.106520">
				<speed>0.862031</speed>
				<ele>44.000000</ele>
				<time>2026-06-07T02:48:50Z</time>
			</trkpt>
			<trkpt lat="30.206308" lon="120.106468">
				<speed>1.236025</speed>
				<ele>44.000000</ele>
				<time>2026-06-07T02:48:54Z</time>
			</trkpt>
			<trkpt lat="30.206340" lon="120.106421">
				<speed>0.778080</speed>
				<ele>44.000000</ele>
				<time>2026-06-07T02:49:01Z</time>
			</trkpt>
			<trkpt lat="30.206367" lon="120.106378">
				<speed>1.390965</speed>
				<ele>44.000000</ele>
				<time>2026-06-07T02:49:05Z</time>
			</trkpt>
			<trkpt lat="30.206409" lon="120.106337">
				<speed>1.532362</speed>
				<ele>43.000000</ele>
				<time>2026-06-07T02:49:09Z</time>
			</trkpt>
			<trkpt lat="30.206448" lon="120.106295">
				<speed>1.045019</speed>
				<ele>44.000000</ele>
				<time>2026-06-07T02:49:14Z</time>
			</trkpt>
			<trkpt lat="30.206476" lon="120.106249">
				<speed>1.077288</speed>
				<ele>43.000000</ele>
				<time>2026-06-07T02:49:18Z</time>
			</trkpt>
			<trkpt lat="30.206507" lon="120.106208">
				<speed>1.427086</speed>
				<ele>43.000000</ele>
				<time>2026-06-07T02:49:21Z</time>
			</trkpt>
			<trkpt lat="30.206543" lon="120.106164">
				<speed>1.235898</speed>
				<ele>44.000000</ele>
				<time>2026-06-07T02:49:25Z</time>
			</trkpt>
			<trkpt lat="30.206584" lon="120.106126">
				<speed>1.216782</speed>
				<ele>44.000000</ele>
				<time>2026-06-07T02:49:29Z</time>
			</trkpt>
			<trkpt lat="30.206619" lon="120.106089">
				<speed>1.196820</speed>
				<ele>44.000000</ele>
				<time>2026-06-07T02:49:33Z</time>
			</trkpt>
			<trkpt lat="30.206659" lon="120.106049">
				<speed>0.905355</speed>
				<ele>43.000000</ele>
				<time>2026-06-07T02:49:39Z</time>
			</trkpt>
			<trkpt lat="30.206697" lon="120.106019">
				<speed>1.233826</speed>
				<ele>43.000000</ele>
				<time>2026-06-07T02:49:44Z</time>
			</trkpt>
			<trkpt lat="30.206739" lon="120.105996">
				<speed>1.283754</speed>
				<ele>43.000000</ele>
				<time>2026-06-07T02:49:48Z</time>
			</trkpt>
			<trkpt lat="30.206788" lon="120.105970">
				<speed>1.107880</speed>
				<ele>43.000000</ele>
				<time>2026-06-07T02:49:53Z</time>
			</trkpt>
			<trkpt lat="30.206839" lon="120.105962">
				<speed>1.238704</speed>
				<ele>44.000000</ele>
				<time>2026-06-07T02:49:58Z</time>
			</trkpt>
			<trkpt lat="30.206898" lon="120.105935">
				<speed>1.683589</speed>
				<ele>45.000000</ele>
				<time>2026-06-07T02:50:02Z</time>
			</trkpt>
			<trkpt lat="30.206939" lon="120.105912">
				<speed>1.341287</speed>
				<ele>45.000000</ele>
				<time>2026-06-07T02:50:06Z</time>
			</trkpt>
			<trkpt lat="30.206975" lon="120.105870">
				<speed>2.031449</speed>
				<ele>45.000000</ele>
				<time>2026-06-07T02:50:09Z</time>
			</trkpt>
			<trkpt lat="30.207009" lon="120.105835">
				<speed>1.355106</speed>
				<ele>45.000000</ele>
				<time>2026-06-07T02:50:13Z</time>
			</trkpt>
			<trkpt lat="30.207040" lon="120.105793">
				<speed>1.429449</speed>
				<ele>46.000000</ele>
				<time>2026-06-07T02:50:17Z</time>
			</trkpt>
			<trkpt lat="30.207077" lon="120.105727">
				<speed>1.861292</speed>
				<ele>47.000000</ele>
				<time>2026-06-07T02:50:23Z</time>
			</trkpt>
			<trkpt lat="30.207111" lon="120.105687">
				<speed>1.645153</speed>
				<ele>47.000000</ele>
				<time>2026-06-07T02:50:27Z</time>
			</trkpt>
			<trkpt lat="30.207152" lon="120.105660">
				<speed>1.092600</speed>
				<ele>47.000000</ele>
				<time>2026-06-07T02:50:31Z</time>
			</trkpt>
			<trkpt lat="30.207193" lon="120.105633">
				<speed>1.447148</speed>
				<ele>48.000000</ele>
				<time>2026-06-07T02:50:34Z</time>
			</trkpt>
			<trkpt lat="30.207230" lon="120.105583">
				<speed>1.439463</speed>
				<ele>49.000000</ele>
				<time>2026-06-07T02:50:38Z</time>
			</trkpt>
			<trkpt lat="30.207263" lon="120.105541">
				<speed>1.093635</speed>
				<ele>50.000000</ele>
				<time>2026-06-07T02:50:42Z</time>
			</trkpt>
			<trkpt lat="30.207308" lon="120.105499">
				<speed>1.124675</speed>
				<ele>52.000000</ele>
				<time>2026-06-07T02:50:47Z</time>
			</trkpt>
			<trkpt lat="30.207350" lon="120.105471">
				<speed>1.477881</speed>
				<ele>53.000000</ele>
				<time>2026-06-07T02:50:50Z</time>
			</trkpt>
			<trkpt lat="30.207398" lon="120.105459">
				<speed>1.092746</speed>
				<ele>54.000000</ele>
				<time>2026-06-07T02:50:54Z</time>
			</trkpt>
			<trkpt lat="30.207446" lon="120.105425">
				<speed>1.472071</speed>
				<ele>53.000000</ele>
				<time>2026-06-07T02:50:58Z</time>
			</trkpt>
			<trkpt lat="30.207478" lon="120.105383">
				<speed>1.550552</speed>
				<ele>54.000000</ele>
				<time>2026-06-07T02:51:01Z</time>
			</trkpt>
			<trkpt lat="30.207518" lon="120.105352">
				<speed>0.898249</speed>
				<ele>53.000000</ele>
				<time>2026-06-07T02:51:05Z</time>
			</trkpt>
			<trkpt lat="30.207554" lon="120.105308">
				<speed>1.187899</speed>
				<ele>53.000000</ele>
				<time>2026-06-07T02:51:09Z</time>
			</trkpt>
			<trkpt lat="30.207589" lon="120.105269">
				<speed>1.350851</speed>
				<ele>52.000000</ele>
				<time>2026-06-07T02:51:12Z</time>
			</trkpt>
			<trkpt lat="30.207621" lon="120.105229">
				<speed>1.477877</speed>
				<ele>53.000000</ele>
				<time>2026-06-07T02:51:16Z</time>
			</trkpt>
			<trkpt lat="30.207664" lon="120.105194">
				<speed>1.505155</speed>
				<ele>54.000000</ele>
				<time>2026-06-07T02:51:20Z</time>
			</trkpt>
			<trkpt lat="30.207700" lon="120.105147">
				<speed>1.480635</speed>
				<ele>56.000000</ele>
				<time>2026-06-07T02:51:24Z</time>
			</trkpt>
			<trkpt lat="30.207745" lon="120.105111">
				<speed>1.500116</speed>
				<ele>56.000000</ele>
				<time>2026-06-07T02:51:28Z</time>
			</trkpt>
			<trkpt lat="30.207773" lon="120.105059">
				<speed>1.474488</speed>
				<ele>56.000000</ele>
				<time>2026-06-07T02:51:32Z</time>
			</trkpt>
			<trkpt lat="30.207806" lon="120.105012">
				<speed>1.453284</speed>
				<ele>56.000000</ele>
				<time>2026-06-07T02:51:36Z</time>
			</trkpt>
			<trkpt lat="30.207835" lon="120.104956">
				<speed>1.434042</speed>
				<ele>56.000000</ele>
				<time>2026-06-07T02:51:40Z</time>
			</trkpt>
			<trkpt lat="30.207873" lon="120.104921">
				<speed>1.483607</speed>
				<ele>55.000000</ele>
				<time>2026-06-07T02:51:44Z</time>
			</trkpt>
			<trkpt lat="30.207912" lon="120.104877">
				<speed>1.359845</speed>
				<ele>55.000000</ele>
				<time>2026-06-07T02:51:48Z</time>
			</trkpt>
			<trkpt lat="30.207948" lon="120.104831">
				<speed>1.474191</speed>
				<ele>54.000000</ele>
				<time>2026-06-07T02:51:52Z</time>
			</trkpt>
			<trkpt lat="30.207989" lon="120.104788">
				<speed>1.431197</speed>
				<ele>54.000000</ele>
				<time>2026-06-07T02:51:56Z</time>
			</trkpt>
			<trkpt lat="30.208030" lon="120.104753">
				<speed>1.481544</speed>
				<ele>52.000000</ele>
				<time>2026-06-07T02:52:00Z</time>
			</trkpt>
			<trkpt lat="30.208066" lon="120.104702">
				<speed>1.364633</speed>
				<ele>50.000000</ele>
				<time>2026-06-07T02:52:05Z</time>
			</trkpt>
			<trkpt lat="30.208107" lon="120.104659">
				<speed>1.308561</speed>
				<ele>50.000000</ele>
				<time>2026-06-07T02:52:09Z</time>
			</trkpt>
			<trkpt lat="30.208140" lon="120.104611">
				<speed>1.314484</speed>
				<ele>49.000000</ele>
				<time>2026-06-07T02:52:13Z</time>
			</trkpt>
			<trkpt lat="30.208178" lon="120.104583">
				<speed>1.129358</speed>
				<ele>49.000000</ele>
				<time>2026-06-07T02:52:17Z</time>
			</trkpt>
			<trkpt lat="30.208222" lon="120.104542">
				<speed>1.305036</speed>
				<ele>49.000000</ele>
				<time>2026-06-07T02:52:21Z</time>
			</trkpt>
			<trkpt lat="30.208261" lon="120.104502">
				<speed>0.887194</speed>
				<ele>49.000000</ele>
				<time>2026-06-07T02:52:26Z</time>
			</trkpt>
			<trkpt lat="30.208297" lon="120.104463">
				<speed>0.840997</speed>
				<ele>47.000000</ele>
				<time>2026-06-07T02:52:31Z</time>
			</trkpt>
			<trkpt lat="30.208335" lon="120.104433">
				<speed>1.797763</speed>
				<ele>47.000000</ele>
				<time>2026-06-07T02:52:34Z</time>
			</trkpt>
			<trkpt lat="30.208372" lon="120.104403">
				<speed>1.087987</speed>
				<ele>48.000000</ele>
				<time>2026-06-07T02:52:39Z</time>
			</trkpt>
			<trkpt lat="30.208423" lon="120.104380">
				<speed>1.280619</speed>
				<ele>50.000000</ele>
				<time>2026-06-07T02:52:43Z</time>
			</trkpt>
			<trkpt lat="30.208472" lon="120.104363">
				<speed>1.529339</speed>
				<ele>51.000000</ele>
				<time>2026-06-07T02:52:47Z</time>
			</trkpt>
			<trkpt lat="30.208524" lon="120.104353">
				<speed>1.407306</speed>
				<ele>52.000000</ele>
				<time>2026-06-07T02:52:51Z</time>
			</trkpt>
			<trkpt lat="30.208575" lon="120.104341">
				<speed>1.469884</speed>
				<ele>53.000000</ele>
				<time>2026-06-07T02:52:55Z</time>
			</trkpt>
			<trkpt lat="30.208624" lon="120.104348">
				<speed>1.508271</speed>
				<ele>54.000000</ele>
				<time>2026-06-07T02:52:59Z</time>
			</trkpt>
			<trkpt lat="30.208679" lon="120.104349">
				<speed>1.189149</speed>
				<ele>55.000000</ele>
				<time>2026-06-07T02:53:04Z</time>
			</trkpt>
			<trkpt lat="30.208732" lon="120.104356">
				<speed>1.502289</speed>
				<ele>56.000000</ele>
				<time>2026-06-07T02:53:08Z</time>
			</trkpt>
			<trkpt lat="30.208780" lon="120.104359">
				<speed>1.321954</speed>
				<ele>57.000000</ele>
				<time>2026-06-07T02:53:12Z</time>
			</trkpt>
			<trkpt lat="30.208832" lon="120.104351">
				<speed>1.228591</speed>
				<ele>56.000000</ele>
				<time>2026-06-07T02:53:16Z</time>
			</trkpt>
			<trkpt lat="30.208882" lon="120.104383">
				<speed>1.119397</speed>
				<ele>56.000000</ele>
				<time>2026-06-07T02:53:24Z</time>
			</trkpt>
			<trkpt lat="30.208929" lon="120.104380">
				<speed>0.432159</speed>
				<ele>56.000000</ele>
				<time>2026-06-07T02:53:30Z</time>
			</trkpt>
			<trkpt lat="30.208976" lon="120.104362">
				<speed>0.995289</speed>
				<ele>58.000000</ele>
				<time>2026-06-07T02:53:34Z</time>
			</trkpt>
			<trkpt lat="30.209029" lon="120.104363">
				<speed>1.551216</speed>
				<ele>59.000000</ele>
				<time>2026-06-07T02:53:38Z</time>
			</trkpt>
			<trkpt lat="30.209080" lon="120.104351">
				<speed>1.384009</speed>
				<ele>59.000000</ele>
				<time>2026-06-07T02:53:43Z</time>
			</trkpt>
			<trkpt lat="30.209123" lon="120.104332">
				<speed>1.498110</speed>
				<ele>60.000000</ele>
				<time>2026-06-07T02:53:47Z</time>
			</trkpt>
			<trkpt lat="30.209178" lon="120.104314">
				<speed>1.542495</speed>
				<ele>60.000000</ele>
				<time>2026-06-07T02:53:51Z</time>
			</trkpt>
			<trkpt lat="30.209220" lon="120.104266">
				<speed>1.421844</speed>
				<ele>62.000000</ele>
				<time>2026-06-07T02:53:55Z</time>
			</trkpt>
			<trkpt lat="30.209255" lon="120.104217">
				<speed>1.452851</speed>
				<ele>63.000000</ele>
				<time>2026-06-07T02:53:59Z</time>
			</trkpt>
			<trkpt lat="30.209290" lon="120.104185">
				<speed>1.534473</speed>
				<ele>64.000000</ele>
				<time>2026-06-07T02:54:03Z</time>
			</trkpt>
			<trkpt lat="30.209315" lon="120.104131">
				<speed>1.444141</speed>
				<ele>64.000000</ele>
				<time>2026-06-07T02:54:07Z</time>
			</trkpt>
			<trkpt lat="30.209355" lon="120.104095">
				<speed>1.533901</speed>
				<ele>65.000000</ele>
				<time>2026-06-07T02:54:12Z</time>
			</trkpt>
			<trkpt lat="30.209399" lon="120.104068">
				<speed>1.514216</speed>
				<ele>66.000000</ele>
				<time>2026-06-07T02:54:16Z</time>
			</trkpt>
			<trkpt lat="30.209436" lon="120.104024">
				<speed>1.412013</speed>
				<ele>66.000000</ele>
				<time>2026-06-07T02:54:20Z</time>
			</trkpt>
			<trkpt lat="30.209482" lon="120.103989">
				<speed>1.247472</speed>
				<ele>66.000000</ele>
				<time>2026-06-07T02:54:25Z</time>
			</trkpt>
			<trkpt lat="30.209508" lon="120.103935">
				<speed>0.726747</speed>
				<ele>67.000000</ele>
				<time>2026-06-07T02:54:32Z</time>
			</trkpt>
			<trkpt lat="30.209609" lon="120.103833">
				<speed>0.000000</speed>
				<ele>51.000000</ele>
				<time>2026-06-07T02:54:44Z</time>
			</trkpt>
			<trkpt lat="30.209622" lon="120.103819">
				<speed>0.926244</speed>
				<ele>52.000000</ele>
				<time>2026-06-07T02:54:49Z</time>
			</trkpt>
			<trkpt lat="30.209664" lon="120.103788">
				<speed>0.773780</speed>
				<ele>49.000000</ele>
				<time>2026-06-07T02:54:57Z</time>
			</trkpt>
			<trkpt lat="30.209703" lon="120.103751">
				<speed>1.178104</speed>
				<ele>48.000000</ele>
				<time>2026-06-07T02:55:01Z</time>
			</trkpt>
			<trkpt lat="30.209738" lon="120.103715">
				<speed>1.327406</speed>
				<ele>49.000000</ele>
				<time>2026-06-07T02:55:04Z</time>
			</trkpt>
			<trkpt lat="30.209784" lon="120.103666">
				<speed>1.483078</speed>
				<ele>49.000000</ele>
				<time>2026-06-07T02:55:08Z</time>
			</trkpt>
			<trkpt lat="30.209824" lon="120.103617">
				<speed>1.537367</speed>
				<ele>49.000000</ele>
				<time>2026-06-07T02:55:12Z</time>
			</trkpt>
			<trkpt lat="30.209877" lon="120.103561">
				<speed>2.033843</speed>
				<ele>55.000000</ele>
				<time>2026-06-07T02:55:16Z</time>
			</trkpt>
			<trkpt lat="30.209920" lon="120.103537">
				<speed>1.450280</speed>
				<ele>55.000000</ele>
				<time>2026-06-07T02:55:20Z</time>
			</trkpt>
			<trkpt lat="30.209977" lon="120.103509">
				<speed>1.393592</speed>
				<ele>55.000000</ele>
				<time>2026-06-07T02:55:25Z</time>
			</trkpt>
			<trkpt lat="30.210023" lon="120.103503">
				<speed>1.106780</speed>
				<ele>56.000000</ele>
				<time>2026-06-07T02:55:29Z</time>
			</trkpt>
			<trkpt lat="30.210125" lon="120.103535">
				<speed>6.122738</speed>
				<ele>56.000000</ele>
				<time>2026-06-07T02:55:33Z</time>
			</trkpt>
			<trkpt lat="30.210169" lon="120.103566">
				<speed>1.482012</speed>
				<ele>54.000000</ele>
				<time>2026-06-07T02:55:41Z</time>
			</trkpt>
			<trkpt lat="30.210204" lon="120.103607">
				<speed>1.430995</speed>
				<ele>53.000000</ele>
				<time>2026-06-07T02:55:45Z</time>
			</trkpt>
			<trkpt lat="30.210237" lon="120.103645">
				<speed>1.052211</speed>
				<ele>54.000000</ele>
				<time>2026-06-07T02:55:49Z</time>
			</trkpt>
			<trkpt lat="30.210259" lon="120.103699">
				<speed>1.322873</speed>
				<ele>55.000000</ele>
				<time>2026-06-07T02:55:53Z</time>
			</trkpt>
			<trkpt lat="30.210256" lon="120.103765">
				<speed>1.506911</speed>
				<ele>54.000000</ele>
				<time>2026-06-07T02:55:57Z</time>
			</trkpt>
			<trkpt lat="30.210264" lon="120.103828">
				<speed>1.485820</speed>
				<ele>55.000000</ele>
				<time>2026-06-07T02:56:01Z</time>
			</trkpt>
			<trkpt lat="30.210274" lon="120.103893">
				<speed>1.477975</speed>
				<ele>54.000000</ele>
				<time>2026-06-07T02:56:05Z</time>
			</trkpt>
			<trkpt lat="30.210288" lon="120.103950">
				<speed>1.534853</speed>
				<ele>55.000000</ele>
				<time>2026-06-07T02:56:09Z</time>
			</trkpt>
			<trkpt lat="30.210299" lon="120.104013">
				<speed>1.528325</speed>
				<ele>54.000000</ele>
				<time>2026-06-07T02:56:13Z</time>
			</trkpt>
			<trkpt lat="30.210304" lon="120.104073">
				<speed>1.501900</speed>
				<ele>54.000000</ele>
				<time>2026-06-07T02:56:17Z</time>
			</trkpt>
			<trkpt lat="30.210308" lon="120.104137">
				<speed>1.345885</speed>
				<ele>54.000000</ele>
				<time>2026-06-07T02:56:22Z</time>
			</trkpt>
			<trkpt lat="30.210328" lon="120.104195">
				<speed>1.536791</speed>
				<ele>55.000000</ele>
				<time>2026-06-07T02:56:27Z</time>
			</trkpt>
			<trkpt lat="30.210334" lon="120.104248">
				<speed>1.785166</speed>
				<ele>56.000000</ele>
				<time>2026-06-07T02:56:30Z</time>
			</trkpt>
			<trkpt lat="30.210325" lon="120.104300">
				<speed>1.617848</speed>
				<ele>57.000000</ele>
				<time>2026-06-07T02:56:34Z</time>
			</trkpt>
			<trkpt lat="30.210338" lon="120.104350">
				<speed>1.216350</speed>
				<ele>57.000000</ele>
				<time>2026-06-07T02:56:38Z</time>
			</trkpt>
			<trkpt lat="30.210358" lon="120.104405">
				<speed>1.377700</speed>
				<ele>60.000000</ele>
				<time>2026-06-07T02:56:42Z</time>
			</trkpt>
			<trkpt lat="30.210385" lon="120.104464">
				<speed>1.534012</speed>
				<ele>60.000000</ele>
				<time>2026-06-07T02:56:46Z</time>
			</trkpt>
			<trkpt lat="30.210421" lon="120.104516">
				<speed>1.559955</speed>
				<ele>59.000000</ele>
				<time>2026-06-07T02:56:50Z</time>
			</trkpt>
			<trkpt lat="30.210454" lon="120.104553">
				<speed>1.507295</speed>
				<ele>58.000000</ele>
				<time>2026-06-07T02:56:53Z</time>
			</trkpt>
			<trkpt lat="30.210506" lon="120.104574">
				<speed>1.536380</speed>
				<ele>57.000000</ele>
				<time>2026-06-07T02:56:57Z</time>
			</trkpt>
			<trkpt lat="30.210549" lon="120.104599">
				<speed>1.548691</speed>
				<ele>58.000000</ele>
				<time>2026-06-07T02:57:00Z</time>
			</trkpt>
			<trkpt lat="30.210606" lon="120.104587">
				<speed>1.278922</speed>
				<ele>57.000000</ele>
				<time>2026-06-07T02:57:04Z</time>
			</trkpt>
			<trkpt lat="30.210650" lon="120.104563">
				<speed>1.570289</speed>
				<ele>57.000000</ele>
				<time>2026-06-07T02:57:08Z</time>
			</trkpt>
			<trkpt lat="30.210661" lon="120.104555">
				<speed>1.570289</speed>
				<ele>56.000000</ele>
				<time>2026-06-07T02:57:09Z</time>
			</trkpt>
			<trkpt lat="30.210677" lon="120.104525">
				<speed>1.522325</speed>
				<ele>63.000000</ele>
				<time>2026-06-07T02:57:11Z</time>
			</trkpt>
			<trkpt lat="30.210700" lon="120.104508">
				<speed>1.628816</speed>
				<ele>62.000000</ele>
				<time>2026-06-07T02:57:13Z</time>
			</trkpt>
			<trkpt lat="30.210743" lon="120.104480">
				<speed>1.245350</speed>
				<ele>62.000000</ele>
				<time>2026-06-07T02:57:17Z</time>
			</trkpt>
			<trkpt lat="30.210770" lon="120.104428">
				<speed>0.963157</speed>
				<ele>62.000000</ele>
				<time>2026-06-07T02:57:22Z</time>
			</trkpt>
			<trkpt lat="30.210811" lon="120.104395">
				<speed>1.106236</speed>
				<ele>62.000000</ele>
				<time>2026-06-07T02:57:26Z</time>
			</trkpt>
			<trkpt lat="30.210853" lon="120.104356">
				<speed>1.265586</speed>
				<ele>62.000000</ele>
				<time>2026-06-07T02:57:30Z</time>
			</trkpt>
			<trkpt lat="30.210881" lon="120.104309">
				<speed>1.368148</speed>
				<ele>63.000000</ele>
				<time>2026-06-07T02:57:34Z</time>
			</trkpt>
			<trkpt lat="30.210916" lon="120.104270">
				<speed>1.310108</speed>
				<ele>63.000000</ele>
				<time>2026-06-07T02:57:38Z</time>
			</trkpt>
			<trkpt lat="30.210961" lon="120.104231">
				<speed>1.527116</speed>
				<ele>64.000000</ele>
				<time>2026-06-07T02:57:42Z</time>
			</trkpt>
			<trkpt lat="30.210991" lon="120.104188">
				<speed>1.062408</speed>
				<ele>66.000000</ele>
				<time>2026-06-07T02:57:46Z</time>
			</trkpt>
			<trkpt lat="30.211024" lon="120.104148">
				<speed>1.073348</speed>
				<ele>65.000000</ele>
				<time>2026-06-07T02:57:49Z</time>
			</trkpt>
			<trkpt lat="30.211039" lon="120.104090">
				<speed>0.934122</speed>
				<ele>66.000000</ele>
				<time>2026-06-07T02:57:53Z</time>
			</trkpt>
			<trkpt lat="30.211055" lon="120.104035">
				<speed>0.836130</speed>
				<ele>65.000000</ele>
				<time>2026-06-07T02:57:57Z</time>
			</trkpt>
			<trkpt lat="30.211066" lon="120.103979">
				<speed>1.182504</speed>
				<ele>66.000000</ele>
				<time>2026-06-07T02:58:01Z</time>
			</trkpt>
			<trkpt lat="30.211064" lon="120.103921">
				<speed>0.641205</speed>
				<ele>66.000000</ele>
				<time>2026-06-07T02:58:11Z</time>
			</trkpt>
			<trkpt lat="30.211073" lon="120.103858">
				<speed>0.939666</speed>
				<ele>66.000000</ele>
				<time>2026-06-07T02:58:19Z</time>
			</trkpt>
			<trkpt lat="30.211081" lon="120.103806">
				<speed>1.687327</speed>
				<ele>66.000000</ele>
				<time>2026-06-07T02:58:22Z</time>
			</trkpt>
			<trkpt lat="30.211098" lon="120.103757">
				<speed>0.845072</speed>
				<ele>65.000000</ele>
				<time>2026-06-07T02:58:28Z</time>
			</trkpt>
			<trkpt lat="30.211125" lon="120.103706">
				<speed>1.737832</speed>
				<ele>64.000000</ele>
				<time>2026-06-07T02:58:31Z</time>
			</trkpt>
			<trkpt lat="30.211153" lon="120.103659">
				<speed>1.170169</speed>
				<ele>65.000000</ele>
				<time>2026-06-07T02:58:35Z</time>
			</trkpt>
			<trkpt lat="30.211187" lon="120.103622">
				<speed>1.497913</speed>
				<ele>64.000000</ele>
				<time>2026-06-07T02:58:38Z</time>
			</trkpt>
			<trkpt lat="30.211211" lon="120.103577">
				<speed>1.494447</speed>
				<ele>64.000000</ele>
				<time>2026-06-07T02:58:41Z</time>
			</trkpt>
			<trkpt lat="30.211233" lon="120.103520">
				<speed>1.479721</speed>
				<ele>65.000000</ele>
				<time>2026-06-07T02:58:45Z</time>
			</trkpt>
			<trkpt lat="30.211262" lon="120.103470">
				<speed>1.508035</speed>
				<ele>65.000000</ele>
				<time>2026-06-07T02:58:49Z</time>
			</trkpt>
			<trkpt lat="30.211293" lon="120.103428">
				<speed>1.367591</speed>
				<ele>66.000000</ele>
				<time>2026-06-07T02:58:53Z</time>
			</trkpt>
			<trkpt lat="30.211315" lon="120.103381">
				<speed>0.959383</speed>
				<ele>65.000000</ele>
				<time>2026-06-07T02:58:58Z</time>
			</trkpt>
			<trkpt lat="30.211356" lon="120.103343">
				<speed>1.318665</speed>
				<ele>66.000000</ele>
				<time>2026-06-07T02:59:04Z</time>
			</trkpt>
			<trkpt lat="30.211395" lon="120.103302">
				<speed>0.862957</speed>
				<ele>67.000000</ele>
				<time>2026-06-07T02:59:15Z</time>
			</trkpt>
			<trkpt lat="30.211441" lon="120.103277">
				<speed>1.337799</speed>
				<ele>69.000000</ele>
				<time>2026-06-07T02:59:21Z</time>
			</trkpt>
			<trkpt lat="30.211475" lon="120.103233">
				<speed>1.511171</speed>
				<ele>71.000000</ele>
				<time>2026-06-07T02:59:25Z</time>
			</trkpt>
			<trkpt lat="30.211497" lon="120.103184">
				<speed>0.926730</speed>
				<ele>71.000000</ele>
				<time>2026-06-07T02:59:29Z</time>
			</trkpt>
			<trkpt lat="30.211534" lon="120.103146">
				<speed>1.492663</speed>
				<ele>73.000000</ele>
				<time>2026-06-07T02:59:32Z</time>
			</trkpt>
			<trkpt lat="30.211562" lon="120.103105">
				<speed>1.123549</speed>
				<ele>73.000000</ele>
				<time>2026-06-07T02:59:36Z</time>
			</trkpt>
			<trkpt lat="30.211589" lon="120.103060">
				<speed>1.434569</speed>
				<ele>74.000000</ele>
				<time>2026-06-07T02:59:39Z</time>
			</trkpt>
			<trkpt lat="30.211615" lon="120.103003">
				<speed>1.565379</speed>
				<ele>72.000000</ele>
				<time>2026-06-07T02:59:42Z</time>
			</trkpt>
			<trkpt lat="30.211648" lon="120.102966">
				<speed>0.848362</speed>
				<ele>72.000000</ele>
				<time>2026-06-07T02:59:47Z</time>
			</trkpt>
			<trkpt lat="30.211679" lon="120.102928">
				<speed>1.302361</speed>
				<ele>73.000000</ele>
				<time>2026-06-07T02:59:51Z</time>
			</trkpt>
			<trkpt lat="30.211704" lon="120.102882">
				<speed>1.127276</speed>
				<ele>74.000000</ele>
				<time>2026-06-07T02:59:55Z</time>
			</trkpt>
			<trkpt lat="30.211744" lon="120.102829">
				<speed>1.618779</speed>
				<ele>75.000000</ele>
				<time>2026-06-07T02:59:58Z</time>
			</trkpt>
			<trkpt lat="30.211781" lon="120.102787">
				<speed>1.325587</speed>
				<ele>77.000000</ele>
				<time>2026-06-07T03:00:01Z</time>
			</trkpt>
			<trkpt lat="30.211810" lon="120.102740">
				<speed>1.123856</speed>
				<ele>77.000000</ele>
				<time>2026-06-07T03:00:05Z</time>
			</trkpt>
			<trkpt lat="30.211844" lon="120.102692">
				<speed>1.096205</speed>
				<ele>78.000000</ele>
				<time>2026-06-07T03:00:10Z</time>
			</trkpt>
			<trkpt lat="30.211884" lon="120.102650">
				<speed>1.171592</speed>
				<ele>80.000000</ele>
				<time>2026-06-07T03:00:15Z</time>
			</trkpt>
			<trkpt lat="30.211934" lon="120.102630">
				<speed>1.126743</speed>
				<ele>80.000000</ele>
				<time>2026-06-07T03:00:20Z</time>
			</trkpt>
			<trkpt lat="30.211980" lon="120.102616">
				<speed>1.165878</speed>
				<ele>81.000000</ele>
				<time>2026-06-07T03:00:24Z</time>
			</trkpt>
			<trkpt lat="30.212035" lon="120.102605">
				<speed>1.329559</speed>
				<ele>81.000000</ele>
				<time>2026-06-07T03:00:28Z</time>
			</trkpt>
			<trkpt lat="30.212090" lon="120.102626">
				<speed>1.481235</speed>
				<ele>82.000000</ele>
				<time>2026-06-07T03:00:32Z</time>
			</trkpt>
			<trkpt lat="30.212137" lon="120.102664">
				<speed>1.021910</speed>
				<ele>82.000000</ele>
				<time>2026-06-07T03:00:37Z</time>
			</trkpt>
			<trkpt lat="30.212178" lon="120.102700">
				<speed>1.133066</speed>
				<ele>82.000000</ele>
				<time>2026-06-07T03:00:42Z</time>
			</trkpt>
			<trkpt lat="30.212226" lon="120.102732">
				<speed>1.454369</speed>
				<ele>83.000000</ele>
				<time>2026-06-07T03:00:47Z</time>
			</trkpt>
			<trkpt lat="30.212281" lon="120.102748">
				<speed>1.677484</speed>
				<ele>83.000000</ele>
				<time>2026-06-07T03:00:52Z</time>
			</trkpt>
			<trkpt lat="30.212304" lon="120.102794">
				<speed>1.200321</speed>
				<ele>83.000000</ele>
				<time>2026-06-07T03:00:56Z</time>
			</trkpt>
			<trkpt lat="30.212354" lon="120.102830">
				<speed>1.462351</speed>
				<ele>83.000000</ele>
				<time>2026-06-07T03:01:00Z</time>
			</trkpt>
			<trkpt lat="30.212386" lon="120.102870">
				<speed>1.456025</speed>
				<ele>83.000000</ele>
				<time>2026-06-07T03:01:03Z</time>
			</trkpt>
			<trkpt lat="30.212433" lon="120.102894">
				<speed>1.467863</speed>
				<ele>83.000000</ele>
				<time>2026-06-07T03:01:08Z</time>
			</trkpt>
			<trkpt lat="30.212487" lon="120.102913">
				<speed>1.467184</speed>
				<ele>83.000000</ele>
				<time>2026-06-07T03:01:12Z</time>
			</trkpt>
			<trkpt lat="30.212540" lon="120.102934">
				<speed>1.438692</speed>
				<ele>82.000000</ele>
				<time>2026-06-07T03:01:16Z</time>
			</trkpt>
			<trkpt lat="30.212590" lon="120.102949">
				<speed>1.473189</speed>
				<ele>81.000000</ele>
				<time>2026-06-07T03:01:20Z</time>
			</trkpt>
			<trkpt lat="30.212642" lon="120.102956">
				<speed>1.496915</speed>
				<ele>80.000000</ele>
				<time>2026-06-07T03:01:24Z</time>
			</trkpt>
			<trkpt lat="30.212700" lon="120.102961">
				<speed>1.495776</speed>
				<ele>79.000000</ele>
				<time>2026-06-07T03:01:28Z</time>
			</trkpt>
			<trkpt lat="30.212751" lon="120.102952">
				<speed>1.448218</speed>
				<ele>80.000000</ele>
				<time>2026-06-07T03:01:32Z</time>
			</trkpt>
			<trkpt lat="30.212801" lon="120.102949">
				<speed>1.012219</speed>
				<ele>80.000000</ele>
				<time>2026-06-07T03:01:37Z</time>
			</trkpt>
			<trkpt lat="30.212856" lon="120.102933">
				<speed>1.499315</speed>
				<ele>79.000000</ele>
				<time>2026-06-07T03:01:42Z</time>
			</trkpt>
			<trkpt lat="30.212913" lon="120.102940">
				<speed>1.487488</speed>
				<ele>79.000000</ele>
				<time>2026-06-07T03:01:46Z</time>
			</trkpt>
			<trkpt lat="30.212964" lon="120.102931">
				<speed>1.367792</speed>
				<ele>78.000000</ele>
				<time>2026-06-07T03:01:50Z</time>
			</trkpt>
			<trkpt lat="30.213018" lon="120.102922">
				<speed>1.556322</speed>
				<ele>79.000000</ele>
				<time>2026-06-07T03:01:54Z</time>
			</trkpt>
			<trkpt lat="30.213068" lon="120.102920">
				<speed>1.479671</speed>
				<ele>78.000000</ele>
				<time>2026-06-07T03:01:58Z</time>
			</trkpt>
			<trkpt lat="30.213119" lon="120.102908">
				<speed>1.484038</speed>
				<ele>79.000000</ele>
				<time>2026-06-07T03:02:02Z</time>
			</trkpt>
			<trkpt lat="30.213167" lon="120.102895">
				<speed>1.426994</speed>
				<ele>79.000000</ele>
				<time>2026-06-07T03:02:06Z</time>
			</trkpt>
			<trkpt lat="30.213220" lon="120.102887">
				<speed>1.441909</speed>
				<ele>79.000000</ele>
				<time>2026-06-07T03:02:10Z</time>
			</trkpt>
			<trkpt lat="30.213269" lon="120.102869">
				<speed>1.455050</speed>
				<ele>79.000000</ele>
				<time>2026-06-07T03:02:14Z</time>
			</trkpt>
			<trkpt lat="30.213317" lon="120.102853">
				<speed>1.230919</speed>
				<ele>81.000000</ele>
				<time>2026-06-07T03:02:19Z</time>
			</trkpt>
			<trkpt lat="30.213372" lon="120.102868">
				<speed>1.262248</speed>
				<ele>80.000000</ele>
				<time>2026-06-07T03:02:27Z</time>
			</trkpt>
			<trkpt lat="30.213423" lon="120.102883">
				<speed>1.106292</speed>
				<ele>81.000000</ele>
				<time>2026-06-07T03:02:31Z</time>
			</trkpt>
			<trkpt lat="30.213474" lon="120.102892">
				<speed>1.332526</speed>
				<ele>81.000000</ele>
				<time>2026-06-07T03:02:35Z</time>
			</trkpt>
			<trkpt lat="30.213524" lon="120.102901">
				<speed>1.427656</speed>
				<ele>82.000000</ele>
				<time>2026-06-07T03:02:39Z</time>
			</trkpt>
			<trkpt lat="30.213570" lon="120.102898">
				<speed>1.001347</speed>
				<ele>82.000000</ele>
				<time>2026-06-07T03:02:43Z</time>
			</trkpt>
			<trkpt lat="30.213616" lon="120.102907">
				<speed>1.504033</speed>
				<ele>83.000000</ele>
				<time>2026-06-07T03:02:46Z</time>
			</trkpt>
			<trkpt lat="30.213667" lon="120.102945">
				<speed>1.226527</speed>
				<ele>83.000000</ele>
				<time>2026-06-07T03:02:51Z</time>
			</trkpt>
			<trkpt lat="30.213719" lon="120.102952">
				<speed>1.395596</speed>
				<ele>83.000000</ele>
				<time>2026-06-07T03:02:55Z</time>
			</trkpt>
			<trkpt lat="30.213772" lon="120.102947">
				<speed>1.334360</speed>
				<ele>84.000000</ele>
				<time>2026-06-07T03:02:59Z</time>
			</trkpt>
			<trkpt lat="30.213826" lon="120.102944">
				<speed>1.244745</speed>
				<ele>84.000000</ele>
				<time>2026-06-07T03:03:03Z</time>
			</trkpt>
			<trkpt lat="30.213869" lon="120.102928">
				<speed>1.371634</speed>
				<ele>84.000000</ele>
				<time>2026-06-07T03:03:06Z</time>
			</trkpt>
			<trkpt lat="30.213927" lon="120.102920">
				<speed>1.359121</speed>
				<ele>84.000000</ele>
				<time>2026-06-07T03:03:10Z</time>
			</trkpt>
			<trkpt lat="30.213974" lon="120.102910">
				<speed>1.058645</speed>
				<ele>85.000000</ele>
				<time>2026-06-07T03:03:16Z</time>
			</trkpt>
			<trkpt lat="30.214017" lon="120.102929">
				<speed>1.022808</speed>
				<ele>85.000000</ele>
				<time>2026-06-07T03:03:20Z</time>
			</trkpt>
			<trkpt lat="30.214072" lon="120.102938">
				<speed>1.460910</speed>
				<ele>85.000000</ele>
				<time>2026-06-07T03:03:24Z</time>
			</trkpt>
			<trkpt lat="30.214120" lon="120.102938">
				<speed>1.483167</speed>
				<ele>85.000000</ele>
				<time>2026-06-07T03:03:27Z</time>
			</trkpt>
			<trkpt lat="30.214169" lon="120.102938">
				<speed>1.414020</speed>
				<ele>85.000000</ele>
				<time>2026-06-07T03:03:31Z</time>
			</trkpt>
			<trkpt lat="30.214222" lon="120.102955">
				<speed>1.499637</speed>
				<ele>86.000000</ele>
				<time>2026-06-07T03:03:35Z</time>
			</trkpt>
			<trkpt lat="30.214279" lon="120.102960">
				<speed>1.479661</speed>
				<ele>86.000000</ele>
				<time>2026-06-07T03:03:39Z</time>
			</trkpt>
			<trkpt lat="30.214334" lon="120.102958">
				<speed>1.477034</speed>
				<ele>86.000000</ele>
				<time>2026-06-07T03:03:43Z</time>
			</trkpt>
			<trkpt lat="30.214390" lon="120.102956">
				<speed>1.435977</speed>
				<ele>88.000000</ele>
				<time>2026-06-07T03:03:47Z</time>
			</trkpt>
			<trkpt lat="30.214446" lon="120.102970">
				<speed>1.438433</speed>
				<ele>88.000000</ele>
				<time>2026-06-07T03:03:51Z</time>
			</trkpt>
			<trkpt lat="30.214491" lon="120.102970">
				<speed>1.683097</speed>
				<ele>87.000000</ele>
				<time>2026-06-07T03:03:54Z</time>
			</trkpt>
			<trkpt lat="30.214539" lon="120.102990">
				<speed>1.474315</speed>
				<ele>87.000000</ele>
				<time>2026-06-07T03:03:58Z</time>
			</trkpt>
			<trkpt lat="30.214592" lon="120.102999">
				<speed>1.476807</speed>
				<ele>88.000000</ele>
				<time>2026-06-07T03:04:02Z</time>
			</trkpt>
			<trkpt lat="30.214647" lon="120.103005">
				<speed>1.506698</speed>
				<ele>87.000000</ele>
				<time>2026-06-07T03:04:06Z</time>
			</trkpt>
			<trkpt lat="30.214702" lon="120.103018">
				<speed>1.507083</speed>
				<ele>87.000000</ele>
				<time>2026-06-07T03:04:10Z</time>
			</trkpt>
			<trkpt lat="30.214751" lon="120.103010">
				<speed>1.397468</speed>
				<ele>86.000000</ele>
				<time>2026-06-07T03:04:14Z</time>
			</trkpt>
			<trkpt lat="30.214808" lon="120.102996">
				<speed>1.244837</speed>
				<ele>86.000000</ele>
				<time>2026-06-07T03:04:19Z</time>
			</trkpt>
			<trkpt lat="30.214862" lon="120.102981">
				<speed>1.474725</speed>
				<ele>86.000000</ele>
				<time>2026-06-07T03:04:23Z</time>
			</trkpt>
			<trkpt lat="30.214913" lon="120.102971">
				<speed>1.549839</speed>
				<ele>86.000000</ele>
				<time>2026-06-07T03:04:27Z</time>
			</trkpt>
			<trkpt lat="30.214961" lon="120.102945">
				<speed>1.508932</speed>
				<ele>85.000000</ele>
				<time>2026-06-07T03:04:31Z</time>
			</trkpt>
			<trkpt lat="30.215007" lon="120.102926">
				<speed>1.525722</speed>
				<ele>84.000000</ele>
				<time>2026-06-07T03:04:35Z</time>
			</trkpt>
			<trkpt lat="30.215052" lon="120.102887">
				<speed>1.411868</speed>
				<ele>85.000000</ele>
				<time>2026-06-07T03:04:40Z</time>
			</trkpt>
			<trkpt lat="30.215099" lon="120.102882">
				<speed>1.528708</speed>
				<ele>85.000000</ele>
				<time>2026-06-07T03:04:43Z</time>
			</trkpt>
			<trkpt lat="30.215146" lon="120.102879">
				<speed>1.195285</speed>
				<ele>84.000000</ele>
				<time>2026-06-07T03:04:47Z</time>
			</trkpt>
			<trkpt lat="30.215190" lon="120.102863">
				<speed>1.554671</speed>
				<ele>85.000000</ele>
				<time>2026-06-07T03:04:51Z</time>
			</trkpt>
			<trkpt lat="30.215235" lon="120.102841">
				<speed>1.726398</speed>
				<ele>85.000000</ele>
				<time>2026-06-07T03:04:54Z</time>
			</trkpt>
			<trkpt lat="30.215284" lon="120.102818">
				<speed>1.173017</speed>
				<ele>86.000000</ele>
				<time>2026-06-07T03:04:59Z</time>
			</trkpt>
			<trkpt lat="30.215330" lon="120.102810">
				<speed>1.239691</speed>
				<ele>85.000000</ele>
				<time>2026-06-07T03:05:07Z</time>
			</trkpt>
			<trkpt lat="30.215378" lon="120.102787">
				<speed>1.441710</speed>
				<ele>86.000000</ele>
				<time>2026-06-07T03:05:12Z</time>
			</trkpt>
			<trkpt lat="30.215431" lon="120.102783">
				<speed>1.279662</speed>
				<ele>84.000000</ele>
				<time>2026-06-07T03:05:16Z</time>
			</trkpt>
			<trkpt lat="30.215483" lon="120.102766">
				<speed>1.168299</speed>
				<ele>84.000000</ele>
				<time>2026-06-07T03:05:22Z</time>
			</trkpt>
			<trkpt lat="30.215534" lon="120.102737">
				<speed>1.564996</speed>
				<ele>84.000000</ele>
				<time>2026-06-07T03:05:27Z</time>
			</trkpt>
			<trkpt lat="30.215581" lon="120.102731">
				<speed>1.567084</speed>
				<ele>84.000000</ele>
				<time>2026-06-07T03:05:30Z</time>
			</trkpt>
			<trkpt lat="30.215638" lon="120.102721">
				<speed>1.480028</speed>
				<ele>84.000000</ele>
				<time>2026-06-07T03:05:34Z</time>
			</trkpt>
			<trkpt lat="30.215683" lon="120.102725">
				<speed>1.345392</speed>
				<ele>83.000000</ele>
				<time>2026-06-07T03:05:38Z</time>
			</trkpt>
			<trkpt lat="30.215733" lon="120.102737">
				<speed>1.116744</speed>
				<ele>82.000000</ele>
				<time>2026-06-07T03:05:42Z</time>
			</trkpt>
			<trkpt lat="30.215774" lon="120.102765">
				<speed>1.520881</speed>
				<ele>82.000000</ele>
				<time>2026-06-07T03:05:46Z</time>
			</trkpt>
			<trkpt lat="30.215820" lon="120.102792">
				<speed>1.651066</speed>
				<ele>80.000000</ele>
				<time>2026-06-07T03:05:50Z</time>
			</trkpt>
			<trkpt lat="30.215844" lon="120.102838">
				<speed>1.339278</speed>
				<ele>79.000000</ele>
				<time>2026-06-07T03:05:54Z</time>
			</trkpt>
			<trkpt lat="30.215881" lon="120.102870">
				<speed>1.522878</speed>
				<ele>79.000000</ele>
				<time>2026-06-07T03:05:57Z</time>
			</trkpt>
			<trkpt lat="30.215928" lon="120.102904">
				<speed>1.376120</speed>
				<ele>79.000000</ele>
				<time>2026-06-07T03:06:01Z</time>
			</trkpt>
			<trkpt lat="30.215966" lon="120.102945">
				<speed>0.843451</speed>
				<ele>81.000000</ele>
				<time>2026-06-07T03:06:20Z</time>
			</trkpt>
			<trkpt lat="30.216004" lon="120.102994">
				<speed>1.628908</speed>
				<ele>82.000000</ele>
				<time>2026-06-07T03:06:24Z</time>
			</trkpt>
			<trkpt lat="30.216038" lon="120.103048">
				<speed>1.012965</speed>
				<ele>82.000000</ele>
				<time>2026-06-07T03:06:29Z</time>
			</trkpt>
			<trkpt lat="30.216072" lon="120.103087">
				<speed>2.116333</speed>
				<ele>81.000000</ele>
				<time>2026-06-07T03:06:31Z</time>
			</trkpt>
			<trkpt lat="30.216104" lon="120.103131">
				<speed>0.829651</speed>
				<ele>83.000000</ele>
				<time>2026-06-07T03:06:39Z</time>
			</trkpt>
			<trkpt lat="30.216141" lon="120.103162">
				<speed>0.770254</speed>
				<ele>85.000000</ele>
				<time>2026-06-07T03:06:43Z</time>
			</trkpt>
			<trkpt lat="30.216178" lon="120.103196">
				<speed>1.519362</speed>
				<ele>85.000000</ele>
				<time>2026-06-07T03:06:46Z</time>
			</trkpt>
			<trkpt lat="30.216222" lon="120.103231">
				<speed>1.393787</speed>
				<ele>88.000000</ele>
				<time>2026-06-07T03:06:52Z</time>
			</trkpt>
			<trkpt lat="30.216262" lon="120.103272">
				<speed>1.535636</speed>
				<ele>89.000000</ele>
				<time>2026-06-07T03:06:56Z</time>
			</trkpt>
			<trkpt lat="30.216320" lon="120.103272">
				<speed>1.537264</speed>
				<ele>90.000000</ele>
				<time>2026-06-07T03:07:00Z</time>
			</trkpt>
			<trkpt lat="30.216376" lon="120.103268">
				<speed>1.449018</speed>
				<ele>91.000000</ele>
				<time>2026-06-07T03:07:04Z</time>
			</trkpt>
			<trkpt lat="30.216435" lon="120.103272">
				<speed>1.501861</speed>
				<ele>90.000000</ele>
				<time>2026-06-07T03:07:08Z</time>
			</trkpt>
			<trkpt lat="30.216480" lon="120.103257">
				<speed>1.540479</speed>
				<ele>90.000000</ele>
				<time>2026-06-07T03:07:11Z</time>
			</trkpt>
			<trkpt lat="30.216523" lon="120.103244">
				<speed>0.983617</speed>
				<ele>90.000000</ele>
				<time>2026-06-07T03:07:15Z</time>
			</trkpt>
			<trkpt lat="30.216570" lon="120.103246">
				<speed>1.468948</speed>
				<ele>90.000000</ele>
				<time>2026-06-07T03:07:18Z</time>
			</trkpt>
			<trkpt lat="30.216618" lon="120.103233">
				<speed>1.409805</speed>
				<ele>89.000000</ele>
				<time>2026-06-07T03:07:22Z</time>
			</trkpt>
			<trkpt lat="30.216670" lon="120.103232">
				<speed>1.303771</speed>
				<ele>89.000000</ele>
				<time>2026-06-07T03:07:27Z</time>
			</trkpt>
			<trkpt lat="30.216715" lon="120.103243">
				<speed>1.305915</speed>
				<ele>88.000000</ele>
				<time>2026-06-07T03:07:31Z</time>
			</trkpt>
			<trkpt lat="30.216760" lon="120.103239">
				<speed>1.470201</speed>
				<ele>88.000000</ele>
				<time>2026-06-07T03:07:34Z</time>
			</trkpt>
			<trkpt lat="30.216810" lon="120.103237">
				<speed>1.435824</speed>
				<ele>87.000000</ele>
				<time>2026-06-07T03:07:38Z</time>
			</trkpt>
			<trkpt lat="30.216859" lon="120.103247">
				<speed>1.365415</speed>
				<ele>87.000000</ele>
				<time>2026-06-07T03:07:42Z</time>
			</trkpt>
			<trkpt lat="30.216904" lon="120.103255">
				<speed>1.365464</speed>
				<ele>87.000000</ele>
				<time>2026-06-07T03:07:46Z</time>
			</trkpt>
			<trkpt lat="30.216960" lon="120.103250">
				<speed>1.510646</speed>
				<ele>88.000000</ele>
				<time>2026-06-07T03:07:51Z</time>
			</trkpt>
			<trkpt lat="30.217006" lon="120.103252">
				<speed>1.460008</speed>
				<ele>89.000000</ele>
				<time>2026-06-07T03:07:55Z</time>
			</trkpt>
			<trkpt lat="30.217063" lon="120.103273">
				<speed>1.504939</speed>
				<ele>89.000000</ele>
				<time>2026-06-07T03:08:00Z</time>
			</trkpt>
			<trkpt lat="30.217116" lon="120.103288">
				<speed>1.390622</speed>
				<ele>88.000000</ele>
				<time>2026-06-07T03:08:04Z</time>
			</trkpt>
			<trkpt lat="30.217175" lon="120.103284">
				<speed>1.493065</speed>
				<ele>88.000000</ele>
				<time>2026-06-07T03:08:08Z</time>
			</trkpt>
			<trkpt lat="30.217223" lon="120.103307">
				<speed>1.010852</speed>
				<ele>89.000000</ele>
				<time>2026-06-07T03:08:12Z</time>
			</trkpt>
			<trkpt lat="30.217273" lon="120.103318">
				<speed>1.136940</speed>
				<ele>89.000000</ele>
				<time>2026-06-07T03:08:16Z</time>
			</trkpt>
			<trkpt lat="30.217325" lon="120.103322">
				<speed>1.423205</speed>
				<ele>88.000000</ele>
				<time>2026-06-07T03:08:20Z</time>
			</trkpt>
			<trkpt lat="30.217379" lon="120.103317">
				<speed>1.430214</speed>
				<ele>87.000000</ele>
				<time>2026-06-07T03:08:24Z</time>
			</trkpt>
			<trkpt lat="30.217428" lon="120.103329">
				<speed>0.992572</speed>
				<ele>86.000000</ele>
				<time>2026-06-07T03:08:29Z</time>
			</trkpt>
			<trkpt lat="30.217474" lon="120.103326">
				<speed>1.382462</speed>
				<ele>86.000000</ele>
				<time>2026-06-07T03:08:32Z</time>
			</trkpt>
			<trkpt lat="30.217530" lon="120.103321">
				<speed>1.409677</speed>
				<ele>85.000000</ele>
				<time>2026-06-07T03:08:36Z</time>
			</trkpt>
			<trkpt lat="30.217586" lon="120.103316">
				<speed>1.547436</speed>
				<ele>84.000000</ele>
				<time>2026-06-07T03:08:41Z</time>
			</trkpt>
			<trkpt lat="30.217631" lon="120.103327">
				<speed>1.203422</speed>
				<ele>85.000000</ele>
				<time>2026-06-07T03:08:45Z</time>
			</trkpt>
			<trkpt lat="30.217687" lon="120.103333">
				<speed>1.326947</speed>
				<ele>84.000000</ele>
				<time>2026-06-07T03:08:49Z</time>
			</trkpt>
			<trkpt lat="30.217736" lon="120.103332">
				<speed>1.118054</speed>
				<ele>84.000000</ele>
				<time>2026-06-07T03:08:53Z</time>
			</trkpt>
			<trkpt lat="30.217783" lon="120.103303">
				<speed>1.671750</speed>
				<ele>84.000000</ele>
				<time>2026-06-07T03:08:57Z</time>
			</trkpt>
			<trkpt lat="30.217838" lon="120.103300">
				<speed>1.602383</speed>
				<ele>84.000000</ele>
				<time>2026-06-07T03:09:01Z</time>
			</trkpt>
			<trkpt lat="30.217887" lon="120.103294">
				<speed>1.432667</speed>
				<ele>83.000000</ele>
				<time>2026-06-07T03:09:05Z</time>
			</trkpt>
			<trkpt lat="30.217932" lon="120.103285">
				<speed>1.268038</speed>
				<ele>84.000000</ele>
				<time>2026-06-07T03:09:09Z</time>
			</trkpt>
			<trkpt lat="30.217983" lon="120.103260">
				<speed>1.435323</speed>
				<ele>85.000000</ele>
				<time>2026-06-07T03:09:13Z</time>
			</trkpt>
			<trkpt lat="30.218032" lon="120.103237">
				<speed>1.452967</speed>
				<ele>85.000000</ele>
				<time>2026-06-07T03:09:17Z</time>
			</trkpt>
			<trkpt lat="30.218083" lon="120.103219">
				<speed>1.413485</speed>
				<ele>86.000000</ele>
				<time>2026-06-07T03:09:21Z</time>
			</trkpt>
			<trkpt lat="30.218133" lon="120.103211">
				<speed>1.451507</speed>
				<ele>86.000000</ele>
				<time>2026-06-07T03:09:25Z</time>
			</trkpt>
			<trkpt lat="30.218181" lon="120.103179">
				<speed>1.438556</speed>
				<ele>87.000000</ele>
				<time>2026-06-07T03:09:30Z</time>
			</trkpt>
			<trkpt lat="30.218229" lon="120.103163">
				<speed>1.649671</speed>
				<ele>88.000000</ele>
				<time>2026-06-07T03:09:34Z</time>
			</trkpt>
			<trkpt lat="30.218276" lon="120.103135">
				<speed>1.471323</speed>
				<ele>88.000000</ele>
				<time>2026-06-07T03:09:38Z</time>
			</trkpt>
			<trkpt lat="30.218320" lon="120.103103">
				<speed>1.423117</speed>
				<ele>89.000000</ele>
				<time>2026-06-07T03:09:42Z</time>
			</trkpt>
			<trkpt lat="30.218368" lon="120.103079">
				<speed>1.446045</speed>
				<ele>90.000000</ele>
				<time>2026-06-07T03:09:46Z</time>
			</trkpt>
			<trkpt lat="30.218412" lon="120.103039">
				<speed>1.472096</speed>
				<ele>90.000000</ele>
				<time>2026-06-07T03:09:50Z</time>
			</trkpt>
			<trkpt lat="30.218461" lon="120.103017">
				<speed>1.455896</speed>
				<ele>91.000000</ele>
				<time>2026-06-07T03:09:54Z</time>
			</trkpt>
			<trkpt lat="30.218503" lon="120.102981">
				<speed>1.452375</speed>
				<ele>91.000000</ele>
				<time>2026-06-07T03:09:58Z</time>
			</trkpt>
			<trkpt lat="30.218551" lon="120.102959">
				<speed>1.512471</speed>
				<ele>91.000000</ele>
				<time>2026-06-07T03:10:02Z</time>
			</trkpt>
			<trkpt lat="30.218602" lon="120.102957">
				<speed>1.394735</speed>
				<ele>92.000000</ele>
				<time>2026-06-07T03:10:06Z</time>
			</trkpt>
			<trkpt lat="30.218647" lon="120.102944">
				<speed>1.449000</speed>
				<ele>92.000000</ele>
				<time>2026-06-07T03:10:10Z</time>
			</trkpt>
			<trkpt lat="30.218705" lon="120.102942">
				<speed>1.546492</speed>
				<ele>93.000000</ele>
				<time>2026-06-07T03:10:14Z</time>
			</trkpt>
			<trkpt lat="30.218759" lon="120.102954">
				<speed>1.467505</speed>
				<ele>93.000000</ele>
				<time>2026-06-07T03:10:17Z</time>
			</trkpt>
			<trkpt lat="30.218810" lon="120.102949">
				<speed>1.484071</speed>
				<ele>94.000000</ele>
				<time>2026-06-07T03:10:21Z</time>
			</trkpt>
			<trkpt lat="30.218861" lon="120.102926">
				<speed>1.452154</speed>
				<ele>93.000000</ele>
				<time>2026-06-07T03:10:25Z</time>
			</trkpt>
			<trkpt lat="30.218913" lon="120.102913">
				<speed>1.454965</speed>
				<ele>93.000000</ele>
				<time>2026-06-07T03:10:29Z</time>
			</trkpt>
			<trkpt lat="30.218955" lon="120.102870">
				<speed>1.492375</speed>
				<ele>93.000000</ele>
				<time>2026-06-07T03:10:33Z</time>
			</trkpt>
			<trkpt lat="30.219002" lon="120.102846">
				<speed>1.351039</speed>
				<ele>92.000000</ele>
				<time>2026-06-07T03:10:37Z</time>
			</trkpt>
			<trkpt lat="30.219055" lon="120.102818">
				<speed>1.454452</speed>
				<ele>92.000000</ele>
				<time>2026-06-07T03:10:41Z</time>
			</trkpt>
			<trkpt lat="30.219087" lon="120.102780">
				<speed>1.203021</speed>
				<ele>92.000000</ele>
				<time>2026-06-07T03:10:45Z</time>
			</trkpt>
			<trkpt lat="30.219140" lon="120.102756">
				<speed>1.428295</speed>
				<ele>91.000000</ele>
				<time>2026-06-07T03:10:49Z</time>
			</trkpt>
			<trkpt lat="30.219181" lon="120.102719">
				<speed>1.472854</speed>
				<ele>90.000000</ele>
				<time>2026-06-07T03:10:54Z</time>
			</trkpt>
			<trkpt lat="30.219223" lon="120.102695">
				<speed>1.276228</speed>
				<ele>90.000000</ele>
				<time>2026-06-07T03:10:58Z</time>
			</trkpt>
			<trkpt lat="30.219261" lon="120.102656">
				<speed>1.166194</speed>
				<ele>89.000000</ele>
				<time>2026-06-07T03:11:03Z</time>
			</trkpt>
			<trkpt lat="30.219303" lon="120.102624">
				<speed>1.257482</speed>
				<ele>90.000000</ele>
				<time>2026-06-07T03:11:07Z</time>
			</trkpt>
			<trkpt lat="30.219347" lon="120.102598">
				<speed>1.470919</speed>
				<ele>90.000000</ele>
				<time>2026-06-07T03:11:10Z</time>
			</trkpt>
			<trkpt lat="30.219393" lon="120.102570">
				<speed>1.327851</speed>
				<ele>90.000000</ele>
				<time>2026-06-07T03:11:14Z</time>
			</trkpt>
			<trkpt lat="30.219437" lon="120.102536">
				<speed>1.411066</speed>
				<ele>89.000000</ele>
				<time>2026-06-07T03:11:18Z</time>
			</trkpt>
			<trkpt lat="30.219480" lon="120.102519">
				<speed>1.501821</speed>
				<ele>89.000000</ele>
				<time>2026-06-07T03:11:21Z</time>
			</trkpt>
			<trkpt lat="30.219527" lon="120.102482">
				<speed>1.522112</speed>
				<ele>90.000000</ele>
				<time>2026-06-07T03:11:25Z</time>
			</trkpt>
			<trkpt lat="30.219579" lon="120.102468">
				<speed>1.420457</speed>
				<ele>90.000000</ele>
				<time>2026-06-07T03:11:29Z</time>
			</trkpt>
			<trkpt lat="30.219624" lon="120.102460">
				<speed>1.668461</speed>
				<ele>90.000000</ele>
				<time>2026-06-07T03:11:34Z</time>
			</trkpt>
			<trkpt lat="30.219673" lon="120.102456">
				<speed>1.470757</speed>
				<ele>90.000000</ele>
				<time>2026-06-07T03:11:38Z</time>
			</trkpt>
			<trkpt lat="30.219716" lon="120.102438">
				<speed>1.354317</speed>
				<ele>91.000000</ele>
				<time>2026-06-07T03:11:42Z</time>
			</trkpt>
			<trkpt lat="30.219762" lon="120.102412">
				<speed>1.416098</speed>
				<ele>91.000000</ele>
				<time>2026-06-07T03:11:46Z</time>
			</trkpt>
			<trkpt lat="30.219818" lon="120.102382">
				<speed>1.485166</speed>
				<ele>91.000000</ele>
				<time>2026-06-07T03:11:50Z</time>
			</trkpt>
			<trkpt lat="30.219855" lon="120.102348">
				<speed>1.348579</speed>
				<ele>91.000000</ele>
				<time>2026-06-07T03:11:53Z</time>
			</trkpt>
			<trkpt lat="30.219895" lon="120.102311">
				<speed>1.159888</speed>
				<ele>90.000000</ele>
				<time>2026-06-07T03:11:57Z</time>
			</trkpt>
			<trkpt lat="30.219945" lon="120.102277">
				<speed>1.391676</speed>
				<ele>90.000000</ele>
				<time>2026-06-07T03:12:01Z</time>
			</trkpt>
			<trkpt lat="30.219992" lon="120.102251">
				<speed>1.362389</speed>
				<ele>90.000000</ele>
				<time>2026-06-07T03:12:05Z</time>
			</trkpt>
			<trkpt lat="30.220025" lon="120.102204">
				<speed>1.471370</speed>
				<ele>91.000000</ele>
				<time>2026-06-07T03:12:08Z</time>
			</trkpt>
			<trkpt lat="30.220065" lon="120.102153">
				<speed>1.529013</speed>
				<ele>91.000000</ele>
				<time>2026-06-07T03:12:11Z</time>
			</trkpt>
			<trkpt lat="30.220115" lon="120.102124">
				<speed>1.471104</speed>
				<ele>91.000000</ele>
				<time>2026-06-07T03:12:15Z</time>
			</trkpt>
			<trkpt lat="30.220176" lon="120.102107">
				<speed>1.488235</speed>
				<ele>91.000000</ele>
				<time>2026-06-07T03:12:20Z</time>
			</trkpt>
			<trkpt lat="30.220226" lon="120.102095">
				<speed>1.321447</speed>
				<ele>91.000000</ele>
				<time>2026-06-07T03:12:24Z</time>
			</trkpt>
			<trkpt lat="30.220279" lon="120.102084">
				<speed>1.493503</speed>
				<ele>91.000000</ele>
				<time>2026-06-07T03:12:28Z</time>
			</trkpt>
			<trkpt lat="30.220333" lon="120.102068">
				<speed>1.455221</speed>
				<ele>91.000000</ele>
				<time>2026-06-07T03:12:32Z</time>
			</trkpt>
			<trkpt lat="30.220387" lon="120.102066">
				<speed>1.457520</speed>
				<ele>92.000000</ele>
				<time>2026-06-07T03:12:36Z</time>
			</trkpt>
			<trkpt lat="30.220442" lon="120.102065">
				<speed>1.436298</speed>
				<ele>91.000000</ele>
				<time>2026-06-07T03:12:40Z</time>
			</trkpt>
			<trkpt lat="30.220494" lon="120.102073">
				<speed>1.472408</speed>
				<ele>91.000000</ele>
				<time>2026-06-07T03:12:45Z</time>
			</trkpt>
			<trkpt lat="30.220551" lon="120.102078">
				<speed>1.413564</speed>
				<ele>92.000000</ele>
				<time>2026-06-07T03:12:50Z</time>
			</trkpt>
			<trkpt lat="30.220601" lon="120.102059">
				<speed>1.492376</speed>
				<ele>94.000000</ele>
				<time>2026-06-07T03:12:56Z</time>
			</trkpt>
			<trkpt lat="30.220657" lon="120.102055">
				<speed>1.485481</speed>
				<ele>94.000000</ele>
				<time>2026-06-07T03:13:00Z</time>
			</trkpt>
			<trkpt lat="30.220714" lon="120.102049">
				<speed>1.541267</speed>
				<ele>94.000000</ele>
				<time>2026-06-07T03:13:04Z</time>
			</trkpt>
			<trkpt lat="30.220767" lon="120.102045">
				<speed>1.494470</speed>
				<ele>95.000000</ele>
				<time>2026-06-07T03:13:08Z</time>
			</trkpt>
			<trkpt lat="30.220816" lon="120.102041">
				<speed>1.421202</speed>
				<ele>94.000000</ele>
				<time>2026-06-07T03:13:11Z</time>
			</trkpt>
			<trkpt lat="30.220868" lon="120.102029">
				<speed>1.304793</speed>
				<ele>94.000000</ele>
				<time>2026-06-07T03:13:15Z</time>
			</trkpt>
			<trkpt lat="30.220883" lon="120.101975">
				<speed>1.289611</speed>
				<ele>94.000000</ele>
				<time>2026-06-07T03:13:19Z</time>
			</trkpt>
			<trkpt lat="30.220842" lon="120.101950">
				<speed>0.341290</speed>
				<ele>95.000000</ele>
				<time>2026-06-07T03:13:27Z</time>
			</trkpt>
			<trkpt lat="30.220818" lon="120.101895">
				<speed>0.654144</speed>
				<ele>95.000000</ele>
				<time>2026-06-07T03:13:34Z</time>
			</trkpt>
			<trkpt lat="30.220798" lon="120.101847">
				<speed>0.837610</speed>
				<ele>95.000000</ele>
				<time>2026-06-07T03:13:41Z</time>
			</trkpt>
			<trkpt lat="30.220778" lon="120.101794">
				<speed>0.704091</speed>
				<ele>94.000000</ele>
				<time>2026-06-07T03:14:06Z</time>
			</trkpt>
			<trkpt lat="30.220748" lon="120.101742">
				<speed>0.987812</speed>
				<ele>93.000000</ele>
				<time>2026-06-07T03:14:13Z</time>
			</trkpt>
			<trkpt lat="30.220725" lon="120.101696">
				<speed>0.757603</speed>
				<ele>92.000000</ele>
				<time>2026-06-07T03:14:20Z</time>
			</trkpt>
			<trkpt lat="30.220700" lon="120.101646">
				<speed>0.591596</speed>
				<ele>92.000000</ele>
				<time>2026-06-07T03:14:26Z</time>
			</trkpt>
			<trkpt lat="30.220706" lon="120.101591">
				<speed>0.929274</speed>
				<ele>92.000000</ele>
				<time>2026-06-07T03:14:33Z</time>
			</trkpt>
			<trkpt lat="30.220717" lon="120.101530">
				<speed>1.395780</speed>
				<ele>93.000000</ele>
				<time>2026-06-07T03:14:37Z</time>
			</trkpt>
			<trkpt lat="30.220755" lon="120.101489">
				<speed>1.234186</speed>
				<ele>93.000000</ele>
				<time>2026-06-07T03:14:41Z</time>
			</trkpt>
			<trkpt lat="30.220796" lon="120.101444">
				<speed>1.281673</speed>
				<ele>93.000000</ele>
				<time>2026-06-07T03:14:46Z</time>
			</trkpt>
			<trkpt lat="30.220833" lon="120.101404">
				<speed>1.210953</speed>
				<ele>93.000000</ele>
				<time>2026-06-07T03:14:50Z</time>
			</trkpt>
			<trkpt lat="30.220861" lon="120.101363">
				<speed>1.117823</speed>
				<ele>94.000000</ele>
				<time>2026-06-07T03:14:54Z</time>
			</trkpt>
			<trkpt lat="30.220898" lon="120.101332">
				<speed>1.194523</speed>
				<ele>93.000000</ele>
				<time>2026-06-07T03:14:58Z</time>
			</trkpt>
			<trkpt lat="30.220926" lon="120.101288">
				<speed>1.025385</speed>
				<ele>94.000000</ele>
				<time>2026-06-07T03:15:02Z</time>
			</trkpt>
			<trkpt lat="30.220962" lon="120.101250">
				<speed>1.332284</speed>
				<ele>95.000000</ele>
				<time>2026-06-07T03:15:06Z</time>
			</trkpt>
			<trkpt lat="30.221005" lon="120.101209">
				<speed>1.309304</speed>
				<ele>96.000000</ele>
				<time>2026-06-07T03:15:10Z</time>
			</trkpt>
			<trkpt lat="30.221050" lon="120.101169">
				<speed>1.410136</speed>
				<ele>96.000000</ele>
				<time>2026-06-07T03:15:14Z</time>
			</trkpt>
			<trkpt lat="30.221086" lon="120.101122">
				<speed>1.019118</speed>
				<ele>96.000000</ele>
				<time>2026-06-07T03:15:18Z</time>
			</trkpt>
			<trkpt lat="30.221130" lon="120.101079">
				<speed>1.334587</speed>
				<ele>95.000000</ele>
				<time>2026-06-07T03:15:22Z</time>
			</trkpt>
			<trkpt lat="30.221169" lon="120.101031">
				<speed>1.324834</speed>
				<ele>96.000000</ele>
				<time>2026-06-07T03:15:26Z</time>
			</trkpt>
			<trkpt lat="30.221205" lon="120.100986">
				<speed>1.507438</speed>
				<ele>96.000000</ele>
				<time>2026-06-07T03:15:30Z</time>
			</trkpt>
			<trkpt lat="30.221235" lon="120.100945">
				<speed>1.162830</speed>
				<ele>97.000000</ele>
				<time>2026-06-07T03:15:34Z</time>
			</trkpt>
			<trkpt lat="30.221245" lon="120.100894">
				<speed>1.159366</speed>
				<ele>96.000000</ele>
				<time>2026-06-07T03:15:38Z</time>
			</trkpt>
			<trkpt lat="30.221261" lon="120.100832">
				<speed>1.398741</speed>
				<ele>97.000000</ele>
				<time>2026-06-07T03:15:42Z</time>
			</trkpt>
			<trkpt lat="30.221260" lon="120.100772">
				<speed>1.408312</speed>
				<ele>97.000000</ele>
				<time>2026-06-07T03:15:46Z</time>
			</trkpt>
			<trkpt lat="30.221271" lon="120.100715">
				<speed>1.348856</speed>
				<ele>99.000000</ele>
				<time>2026-06-07T03:15:50Z</time>
			</trkpt>
			<trkpt lat="30.221285" lon="120.100653">
				<speed>1.441598</speed>
				<ele>99.000000</ele>
				<time>2026-06-07T03:15:54Z</time>
			</trkpt>
			<trkpt lat="30.221292" lon="120.100591">
				<speed>1.444228</speed>
				<ele>98.000000</ele>
				<time>2026-06-07T03:15:58Z</time>
			</trkpt>
			<trkpt lat="30.221306" lon="120.100528">
				<speed>1.479318</speed>
				<ele>98.000000</ele>
				<time>2026-06-07T03:16:02Z</time>
			</trkpt>
			<trkpt lat="30.221323" lon="120.100469">
				<speed>1.482854</speed>
				<ele>98.000000</ele>
				<time>2026-06-07T03:16:06Z</time>
			</trkpt>
			<trkpt lat="30.221326" lon="120.100405">
				<speed>1.447214</speed>
				<ele>98.000000</ele>
				<time>2026-06-07T03:16:10Z</time>
			</trkpt>
			<trkpt lat="30.221325" lon="120.100342">
				<speed>1.515468</speed>
				<ele>98.000000</ele>
				<time>2026-06-07T03:16:14Z</time>
			</trkpt>
			<trkpt lat="30.221316" lon="120.100278">
				<speed>1.532187</speed>
				<ele>98.000000</ele>
				<time>2026-06-07T03:16:18Z</time>
			</trkpt>
			<trkpt lat="30.221308" lon="120.100215">
				<speed>1.519522</speed>
				<ele>98.000000</ele>
				<time>2026-06-07T03:16:22Z</time>
			</trkpt>
			<trkpt lat="30.221310" lon="120.100153">
				<speed>1.532982</speed>
				<ele>99.000000</ele>
				<time>2026-06-07T03:16:26Z</time>
			</trkpt>
			<trkpt lat="30.221324" lon="120.100094">
				<speed>1.550993</speed>
				<ele>99.000000</ele>
				<time>2026-06-07T03:16:30Z</time>
			</trkpt>
			<trkpt lat="30.221329" lon="120.100035">
				<speed>1.396166</speed>
				<ele>99.000000</ele>
				<time>2026-06-07T03:16:34Z</time>
			</trkpt>
			<trkpt lat="30.221340" lon="120.099970">
				<speed>1.571918</speed>
				<ele>100.000000</ele>
				<time>2026-06-07T03:16:38Z</time>
			</trkpt>
			<trkpt lat="30.221343" lon="120.099911">
				<speed>1.367134</speed>
				<ele>100.000000</ele>
				<time>2026-06-07T03:16:42Z</time>
			</trkpt>
			<trkpt lat="30.221357" lon="120.099851">
				<speed>1.372977</speed>
				<ele>100.000000</ele>
				<time>2026-06-07T03:16:46Z</time>
			</trkpt>
			<trkpt lat="30.221365" lon="120.099795">
				<speed>1.695463</speed>
				<ele>101.000000</ele>
				<time>2026-06-07T03:16:50Z</time>
			</trkpt>
			<trkpt lat="30.221369" lon="120.099738">
				<speed>1.327887</speed>
				<ele>101.000000</ele>
				<time>2026-06-07T03:16:54Z</time>
			</trkpt>
			<trkpt lat="30.221373" lon="120.099673">
				<speed>1.438868</speed>
				<ele>101.000000</ele>
				<time>2026-06-07T03:16:58Z</time>
			</trkpt>
			<trkpt lat="30.221383" lon="120.099613">
				<speed>1.449533</speed>
				<ele>101.000000</ele>
				<time>2026-06-07T03:17:02Z</time>
			</trkpt>
			<trkpt lat="30.221401" lon="120.099554">
				<speed>1.435549</speed>
				<ele>102.000000</ele>
				<time>2026-06-07T03:17:06Z</time>
			</trkpt>
			<trkpt lat="30.221413" lon="120.099489">
				<speed>1.445862</speed>
				<ele>102.000000</ele>
				<time>2026-06-07T03:17:11Z</time>
			</trkpt>
			<trkpt lat="30.221422" lon="120.099424">
				<speed>1.532142</speed>
				<ele>103.000000</ele>
				<time>2026-06-07T03:17:15Z</time>
			</trkpt>
			<trkpt lat="30.221444" lon="120.099364">
				<speed>1.574980</speed>
				<ele>103.000000</ele>
				<time>2026-06-07T03:17:19Z</time>
			</trkpt>
			<trkpt lat="30.221458" lon="120.099299">
				<speed>1.576852</speed>
				<ele>104.000000</ele>
				<time>2026-06-07T03:17:23Z</time>
			</trkpt>
			<trkpt lat="30.221476" lon="120.099239">
				<speed>1.580373</speed>
				<ele>104.000000</ele>
				<time>2026-06-07T03:17:27Z</time>
			</trkpt>
			<trkpt lat="30.221490" lon="120.099178">
				<speed>1.528277</speed>
				<ele>103.000000</ele>
				<time>2026-06-07T03:17:31Z</time>
			</trkpt>
			<trkpt lat="30.221485" lon="120.099116">
				<speed>1.591059</speed>
				<ele>103.000000</ele>
				<time>2026-06-07T03:17:35Z</time>
			</trkpt>
			<trkpt lat="30.221496" lon="120.099055">
				<speed>1.533697</speed>
				<ele>103.000000</ele>
				<time>2026-06-07T03:17:39Z</time>
			</trkpt>
			<trkpt lat="30.221523" lon="120.099004">
				<speed>1.532826</speed>
				<ele>104.000000</ele>
				<time>2026-06-07T03:17:43Z</time>
			</trkpt>
			<trkpt lat="30.221545" lon="120.098948">
				<speed>1.460176</speed>
				<ele>105.000000</ele>
				<time>2026-06-07T03:17:47Z</time>
			</trkpt>
			<trkpt lat="30.221571" lon="120.098887">
				<speed>1.515447</speed>
				<ele>105.000000</ele>
				<time>2026-06-07T03:17:51Z</time>
			</trkpt>
			<trkpt lat="30.221601" lon="120.098838">
				<speed>1.503204</speed>
				<ele>106.000000</ele>
				<time>2026-06-07T03:17:55Z</time>
			</trkpt>
			<trkpt lat="30.221632" lon="120.098791">
				<speed>1.462896</speed>
				<ele>107.000000</ele>
				<time>2026-06-07T03:17:59Z</time>
			</trkpt>
			<trkpt lat="30.221663" lon="120.098745">
				<speed>1.420887</speed>
				<ele>107.000000</ele>
				<time>2026-06-07T03:18:03Z</time>
			</trkpt>
			<trkpt lat="30.221686" lon="120.098695">
				<speed>1.484899</speed>
				<ele>107.000000</ele>
				<time>2026-06-07T03:18:07Z</time>
			</trkpt>
			<trkpt lat="30.221696" lon="120.098634">
				<speed>1.471633</speed>
				<ele>109.000000</ele>
				<time>2026-06-07T03:18:12Z</time>
			</trkpt>
			<trkpt lat="30.221692" lon="120.098578">
				<speed>1.539506</speed>
				<ele>108.000000</ele>
				<time>2026-06-07T03:18:15Z</time>
			</trkpt>
			<trkpt lat="30.221692" lon="120.098525">
				<speed>1.508152</speed>
				<ele>109.000000</ele>
				<time>2026-06-07T03:18:18Z</time>
			</trkpt>
			<trkpt lat="30.221677" lon="120.098468">
				<speed>1.457178</speed>
				<ele>110.000000</ele>
				<time>2026-06-07T03:18:22Z</time>
			</trkpt>
			<trkpt lat="30.221661" lon="120.098410">
				<speed>1.510205</speed>
				<ele>110.000000</ele>
				<time>2026-06-07T03:18:26Z</time>
			</trkpt>
			<trkpt lat="30.221639" lon="120.098359">
				<speed>1.494352</speed>
				<ele>111.000000</ele>
				<time>2026-06-07T03:18:30Z</time>
			</trkpt>
			<trkpt lat="30.221627" lon="120.098308">
				<speed>1.497797</speed>
				<ele>111.000000</ele>
				<time>2026-06-07T03:18:34Z</time>
			</trkpt>
			<trkpt lat="30.221611" lon="120.098252">
				<speed>1.460191</speed>
				<ele>111.000000</ele>
				<time>2026-06-07T03:18:38Z</time>
			</trkpt>
			<trkpt lat="30.221585" lon="120.098192">
				<speed>1.379009</speed>
				<ele>112.000000</ele>
				<time>2026-06-07T03:18:42Z</time>
			</trkpt>
			<trkpt lat="30.221557" lon="120.098140">
				<speed>1.298884</speed>
				<ele>111.000000</ele>
				<time>2026-06-07T03:18:46Z</time>
			</trkpt>
			<trkpt lat="30.221545" lon="120.098087">
				<speed>1.457889</speed>
				<ele>113.000000</ele>
				<time>2026-06-07T03:18:50Z</time>
			</trkpt>
			<trkpt lat="30.221530" lon="120.098037">
				<speed>1.140037</speed>
				<ele>113.000000</ele>
				<time>2026-06-07T03:18:55Z</time>
			</trkpt>
			<trkpt lat="30.221514" lon="120.097984">
				<speed>1.208059</speed>
				<ele>114.000000</ele>
				<time>2026-06-07T03:18:59Z</time>
			</trkpt>
			<trkpt lat="30.221512" lon="120.097921">
				<speed>1.449845</speed>
				<ele>114.000000</ele>
				<time>2026-06-07T03:19:03Z</time>
			</trkpt>
			<trkpt lat="30.221501" lon="120.097855">
				<speed>1.441897</speed>
				<ele>115.000000</ele>
				<time>2026-06-07T03:19:07Z</time>
			</trkpt>
			<trkpt lat="30.221491" lon="120.097801">
				<speed>1.460304</speed>
				<ele>116.000000</ele>
				<time>2026-06-07T03:19:11Z</time>
			</trkpt>
			<trkpt lat="30.221474" lon="120.097752">
				<speed>1.498957</speed>
				<ele>115.000000</ele>
				<time>2026-06-07T03:19:14Z</time>
			</trkpt>
			<trkpt lat="30.221455" lon="120.097700">
				<speed>1.440770</speed>
				<ele>116.000000</ele>
				<time>2026-06-07T03:19:18Z</time>
			</trkpt>
			<trkpt lat="30.221422" lon="120.097649">
				<speed>1.441560</speed>
				<ele>116.000000</ele>
				<time>2026-06-07T03:19:22Z</time>
			</trkpt>
			<trkpt lat="30.221398" lon="120.097602">
				<speed>1.053279</speed>
				<ele>116.000000</ele>
				<time>2026-06-07T03:19:26Z</time>
			</trkpt>
			<trkpt lat="30.221373" lon="120.097539">
				<speed>1.458537</speed>
				<ele>116.000000</ele>
				<time>2026-06-07T03:19:30Z</time>
			</trkpt>
			<trkpt lat="30.221357" lon="120.097488">
				<speed>1.145992</speed>
				<ele>116.000000</ele>
				<time>2026-06-07T03:19:34Z</time>
			</trkpt>
			<trkpt lat="30.221333" lon="120.097440">
				<speed>1.350511</speed>
				<ele>117.000000</ele>
				<time>2026-06-07T03:19:38Z</time>
			</trkpt>
			<trkpt lat="30.221303" lon="120.097391">
				<speed>0.951064</speed>
				<ele>117.000000</ele>
				<time>2026-06-07T03:19:43Z</time>
			</trkpt>
			<trkpt lat="30.221295" lon="120.097336">
				<speed>1.093751</speed>
				<ele>118.000000</ele>
				<time>2026-06-07T03:19:53Z</time>
			</trkpt>
			<trkpt lat="30.221246" lon="120.097308">
				<speed>1.214168</speed>
				<ele>119.000000</ele>
				<time>2026-06-07T03:19:58Z</time>
			</trkpt>
			<trkpt lat="30.221212" lon="120.097270">
				<speed>1.334783</speed>
				<ele>119.000000</ele>
				<time>2026-06-07T03:20:02Z</time>
			</trkpt>
			<trkpt lat="30.221202" lon="120.097207">
				<speed>0.765960</speed>
				<ele>119.000000</ele>
				<time>2026-06-07T03:20:09Z</time>
			</trkpt>
			<trkpt lat="30.221204" lon="120.097144">
				<speed>1.441178</speed>
				<ele>120.000000</ele>
				<time>2026-06-07T03:20:14Z</time>
			</trkpt>
			<trkpt lat="30.221183" lon="120.097087">
				<speed>1.293756</speed>
				<ele>122.000000</ele>
				<time>2026-06-07T03:20:19Z</time>
			</trkpt>
			<trkpt lat="30.221171" lon="120.097028">
				<speed>0.839343</speed>
				<ele>123.000000</ele>
				<time>2026-06-07T03:20:25Z</time>
			</trkpt>
			<trkpt lat="30.221138" lon="120.096985">
				<speed>1.072188</speed>
				<ele>122.000000</ele>
				<time>2026-06-07T03:20:30Z</time>
			</trkpt>
			<trkpt lat="30.221104" lon="120.096941">
				<speed>1.251365</speed>
				<ele>122.000000</ele>
				<time>2026-06-07T03:20:34Z</time>
			</trkpt>
			<trkpt lat="30.221065" lon="120.096894">
				<speed>1.173691</speed>
				<ele>124.000000</ele>
				<time>2026-06-07T03:20:39Z</time>
			</trkpt>
			<trkpt lat="30.221029" lon="120.096857">
				<speed>0.801272</speed>
				<ele>125.000000</ele>
				<time>2026-06-07T03:20:45Z</time>
			</trkpt>
			<trkpt lat="30.220995" lon="120.096808">
				<speed>1.351004</speed>
				<ele>127.000000</ele>
				<time>2026-06-07T03:20:50Z</time>
			</trkpt>
			<trkpt lat="30.220965" lon="120.096758">
				<speed>1.289354</speed>
				<ele>128.000000</ele>
				<time>2026-06-07T03:20:55Z</time>
			</trkpt>
			<trkpt lat="30.220930" lon="120.096717">
				<speed>1.151937</speed>
				<ele>129.000000</ele>
				<time>2026-06-07T03:21:00Z</time>
			</trkpt>
			<trkpt lat="30.220898" lon="120.096673">
				<speed>0.946382</speed>
				<ele>129.000000</ele>
				<time>2026-06-07T03:21:05Z</time>
			</trkpt>
			<trkpt lat="30.220869" lon="120.096628">
				<speed>1.560956</speed>
				<ele>131.000000</ele>
				<time>2026-06-07T03:21:09Z</time>
			</trkpt>
			<trkpt lat="30.220846" lon="120.096579">
				<speed>1.284063</speed>
				<ele>132.000000</ele>
				<time>2026-06-07T03:21:15Z</time>
			</trkpt>
			<trkpt lat="30.220828" lon="120.096531">
				<speed>1.379318</speed>
				<ele>133.000000</ele>
				<time>2026-06-07T03:21:19Z</time>
			</trkpt>
			<trkpt lat="30.220802" lon="120.096477">
				<speed>1.130394</speed>
				<ele>134.000000</ele>
				<time>2026-06-07T03:21:25Z</time>
			</trkpt>
			<trkpt lat="30.220752" lon="120.096454">
				<speed>0.693432</speed>
				<ele>135.000000</ele>
				<time>2026-06-07T03:21:31Z</time>
			</trkpt>
			<trkpt lat="30.220724" lon="120.096408">
				<speed>0.917887</speed>
				<ele>136.000000</ele>
				<time>2026-06-07T03:21:37Z</time>
			</trkpt>
			<trkpt lat="30.220683" lon="120.096378">
				<speed>0.696663</speed>
				<ele>136.000000</ele>
				<time>2026-06-07T03:21:43Z</time>
			</trkpt>
			<trkpt lat="30.220650" lon="120.096332">
				<speed>0.861758</speed>
				<ele>137.000000</ele>
				<time>2026-06-07T03:21:49Z</time>
			</trkpt>
			<trkpt lat="30.220624" lon="120.096285">
				<speed>0.706679</speed>
				<ele>137.000000</ele>
				<time>2026-06-07T03:21:56Z</time>
			</trkpt>
			<trkpt lat="30.220597" lon="120.096239">
				<speed>0.805050</speed>
				<ele>138.000000</ele>
				<time>2026-06-07T03:22:03Z</time>
			</trkpt>
			<trkpt lat="30.220579" lon="120.096190">
				<speed>1.026646</speed>
				<ele>139.000000</ele>
				<time>2026-06-07T03:22:08Z</time>
			</trkpt>
			<trkpt lat="30.220557" lon="120.096142">
				<speed>0.671039</speed>
				<ele>139.000000</ele>
				<time>2026-06-07T03:22:15Z</time>
			</trkpt>
			<trkpt lat="30.220531" lon="120.096094">
				<speed>0.663316</speed>
				<ele>140.000000</ele>
				<time>2026-06-07T03:22:21Z</time>
			</trkpt>
			<trkpt lat="30.220504" lon="120.096048">
				<speed>0.632358</speed>
				<ele>142.000000</ele>
				<time>2026-06-07T03:22:29Z</time>
			</trkpt>
			<trkpt lat="30.220489" lon="120.095983">
				<speed>1.153297</speed>
				<ele>144.000000</ele>
				<time>2026-06-07T03:22:38Z</time>
			</trkpt>
			<trkpt lat="30.220478" lon="120.095931">
				<speed>0.607378</speed>
				<ele>147.000000</ele>
				<time>2026-06-07T03:22:47Z</time>
			</trkpt>
			<trkpt lat="30.220453" lon="120.095885">
				<speed>0.795227</speed>
				<ele>148.000000</ele>
				<time>2026-06-07T03:23:01Z</time>
			</trkpt>
			<trkpt lat="30.220448" lon="120.095830">
				<speed>0.697529</speed>
				<ele>151.000000</ele>
				<time>2026-06-07T03:23:15Z</time>
			</trkpt>
			<trkpt lat="30.220443" lon="120.095769">
				<speed>1.203137</speed>
				<ele>151.000000</ele>
				<time>2026-06-07T03:23:21Z</time>
			</trkpt>
			<trkpt lat="30.220437" lon="120.095711">
				<speed>0.891580</speed>
				<ele>152.000000</ele>
				<time>2026-06-07T03:23:26Z</time>
			</trkpt>
			<trkpt lat="30.220439" lon="120.095647">
				<speed>0.967236</speed>
				<ele>154.000000</ele>
				<time>2026-06-07T03:23:32Z</time>
			</trkpt>
			<trkpt lat="30.220445" lon="120.095586">
				<speed>0.882945</speed>
				<ele>154.000000</ele>
				<time>2026-06-07T03:23:38Z</time>
			</trkpt>
			<trkpt lat="30.220453" lon="120.095525">
				<speed>0.904838</speed>
				<ele>155.000000</ele>
				<time>2026-06-07T03:23:45Z</time>
			</trkpt>
			<trkpt lat="30.220442" lon="120.095475">
				<speed>0.502309</speed>
				<ele>156.000000</ele>
				<time>2026-06-07T03:23:52Z</time>
			</trkpt>
			<trkpt lat="30.220449" lon="120.095420">
				<speed>0.851442</speed>
				<ele>157.000000</ele>
				<time>2026-06-07T03:23:57Z</time>
			</trkpt>
			<trkpt lat="30.220457" lon="120.095361">
				<speed>0.801698</speed>
				<ele>158.000000</ele>
				<time>2026-06-07T03:24:05Z</time>
			</trkpt>
			<trkpt lat="30.220482" lon="120.095309">
				<speed>0.709559</speed>
				<ele>161.000000</ele>
				<time>2026-06-07T03:24:11Z</time>
			</trkpt>
			<trkpt lat="30.220503" lon="120.095258">
				<speed>1.042645</speed>
				<ele>160.000000</ele>
				<time>2026-06-07T03:24:15Z</time>
			</trkpt>
			<trkpt lat="30.220527" lon="120.095211">
				<speed>1.385029</speed>
				<ele>162.000000</ele>
				<time>2026-06-07T03:24:20Z</time>
			</trkpt>
			<trkpt lat="30.220557" lon="120.095157">
				<speed>1.218442</speed>
				<ele>163.000000</ele>
				<time>2026-06-07T03:24:25Z</time>
			</trkpt>
			<trkpt lat="30.220583" lon="120.095104">
				<speed>0.889109</speed>
				<ele>165.000000</ele>
				<time>2026-06-07T03:24:33Z</time>
			</trkpt>
			<trkpt lat="30.220601" lon="120.095048">
				<speed>0.826342</speed>
				<ele>166.000000</ele>
				<time>2026-06-07T03:24:39Z</time>
			</trkpt>
			<trkpt lat="30.220615" lon="120.094992">
				<speed>0.540174</speed>
				<ele>168.000000</ele>
				<time>2026-06-07T03:24:45Z</time>
			</trkpt>
			<trkpt lat="30.220613" lon="120.094939">
				<speed>0.747677</speed>
				<ele>169.000000</ele>
				<time>2026-06-07T03:24:53Z</time>
			</trkpt>
			<trkpt lat="30.220597" lon="120.094874">
				<speed>1.284371</speed>
				<ele>171.000000</ele>
				<time>2026-06-07T03:25:02Z</time>
			</trkpt>
			<trkpt lat="30.220632" lon="120.094839">
				<speed>0.614041</speed>
				<ele>171.000000</ele>
				<time>2026-06-07T03:25:06Z</time>
			</trkpt>
			<trkpt lat="30.220630" lon="120.094777">
				<speed>0.777200</speed>
				<ele>173.000000</ele>
				<time>2026-06-07T03:25:15Z</time>
			</trkpt>
			<trkpt lat="30.220623" lon="120.094721">
				<speed>0.920568</speed>
				<ele>174.000000</ele>
				<time>2026-06-07T03:25:20Z</time>
			</trkpt>
			<trkpt lat="30.220614" lon="120.094669">
				<speed>0.977056</speed>
				<ele>174.000000</ele>
				<time>2026-06-07T03:25:24Z</time>
			</trkpt>
			<trkpt lat="30.220595" lon="120.094612">
				<speed>0.824213</speed>
				<ele>174.000000</ele>
				<time>2026-06-07T03:25:32Z</time>
			</trkpt>
			<trkpt lat="30.220585" lon="120.094555">
				<speed>0.876533</speed>
				<ele>174.000000</ele>
				<time>2026-06-07T03:25:40Z</time>
			</trkpt>
			<trkpt lat="30.220576" lon="120.094503">
				<speed>1.027543</speed>
				<ele>175.000000</ele>
				<time>2026-06-07T03:25:45Z</time>
			</trkpt>
			<trkpt lat="30.220567" lon="120.094451">
				<speed>0.647747</speed>
				<ele>176.000000</ele>
				<time>2026-06-07T03:25:52Z</time>
			</trkpt>
			<trkpt lat="30.220558" lon="120.094398">
				<speed>1.079863</speed>
				<ele>177.000000</ele>
				<time>2026-06-07T03:25:57Z</time>
			</trkpt>
			<trkpt lat="30.220552" lon="120.094341">
				<speed>0.854521</speed>
				<ele>178.000000</ele>
				<time>2026-06-07T03:26:04Z</time>
			</trkpt>
			<trkpt lat="30.220534" lon="120.094272">
				<speed>1.475890</speed>
				<ele>178.000000</ele>
				<time>2026-06-07T03:26:11Z</time>
			</trkpt>
			<trkpt lat="30.220546" lon="120.094206">
				<speed>1.411114</speed>
				<ele>180.000000</ele>
				<time>2026-06-07T03:26:17Z</time>
			</trkpt>
			<trkpt lat="30.220549" lon="120.094149">
				<speed>1.155743</speed>
				<ele>180.000000</ele>
				<time>2026-06-07T03:26:23Z</time>
			</trkpt>
			<trkpt lat="30.220516" lon="120.094110">
				<speed>0.789610</speed>
				<ele>181.000000</ele>
				<time>2026-06-07T03:26:29Z</time>
			</trkpt>
			<trkpt lat="30.220482" lon="120.094071">
				<speed>0.744931</speed>
				<ele>183.000000</ele>
				<time>2026-06-07T03:26:35Z</time>
			</trkpt>
			<trkpt lat="30.220466" lon="120.094018">
				<speed>0.662344</speed>
				<ele>184.000000</ele>
				<time>2026-06-07T03:26:42Z</time>
			</trkpt>
			<trkpt lat="30.220463" lon="120.093955">
				<speed>0.987790</speed>
				<ele>186.000000</ele>
				<time>2026-06-07T03:26:49Z</time>
			</trkpt>
			<trkpt lat="30.220471" lon="120.093893">
				<speed>1.189670</speed>
				<ele>187.000000</ele>
				<time>2026-06-07T03:26:54Z</time>
			</trkpt>
			<trkpt lat="30.220479" lon="120.093840">
				<speed>0.674637</speed>
				<ele>189.000000</ele>
				<time>2026-06-07T03:27:03Z</time>
			</trkpt>
			<trkpt lat="30.220465" lon="120.093787">
				<speed>0.629187</speed>
				<ele>191.000000</ele>
				<time>2026-06-07T03:27:09Z</time>
			</trkpt>
			<trkpt lat="30.220457" lon="120.093728">
				<speed>0.551374</speed>
				<ele>194.000000</ele>
				<time>2026-06-07T03:27:18Z</time>
			</trkpt>
			<trkpt lat="30.220466" lon="120.093674">
				<speed>0.426398</speed>
				<ele>195.000000</ele>
				<time>2026-06-07T03:27:26Z</time>
			</trkpt>
			<trkpt lat="30.220479" lon="120.093621">
				<speed>0.770048</speed>
				<ele>197.000000</ele>
				<time>2026-06-07T03:27:34Z</time>
			</trkpt>
			<trkpt lat="30.220488" lon="120.093551">
				<speed>1.199046</speed>
				<ele>198.000000</ele>
				<time>2026-06-07T03:27:42Z</time>
			</trkpt>
			<trkpt lat="30.220485" lon="120.093498">
				<speed>0.430073</speed>
				<ele>200.000000</ele>
				<time>2026-06-07T03:27:50Z</time>
			</trkpt>
			<trkpt lat="30.220467" lon="120.093450">
				<speed>0.562194</speed>
				<ele>202.000000</ele>
				<time>2026-06-07T03:28:03Z</time>
			</trkpt>
			<trkpt lat="30.220445" lon="120.093398">
				<speed>1.032649</speed>
				<ele>204.000000</ele>
				<time>2026-06-07T03:28:09Z</time>
			</trkpt>
			<trkpt lat="30.220417" lon="120.093355">
				<speed>0.944340</speed>
				<ele>205.000000</ele>
				<time>2026-06-07T03:28:16Z</time>
			</trkpt>
			<trkpt lat="30.220405" lon="120.093301">
				<speed>0.709762</speed>
				<ele>208.000000</ele>
				<time>2026-06-07T03:28:24Z</time>
			</trkpt>
			<trkpt lat="30.220380" lon="120.093256">
				<speed>0.759253</speed>
				<ele>210.000000</ele>
				<time>2026-06-07T03:28:32Z</time>
			</trkpt>
			<trkpt lat="30.220342" lon="120.093222">
				<speed>0.824894</speed>
				<ele>212.000000</ele>
				<time>2026-06-07T03:28:39Z</time>
			</trkpt>
			<trkpt lat="30.220322" lon="120.093170">
				<speed>0.890385</speed>
				<ele>213.000000</ele>
				<time>2026-06-07T03:28:47Z</time>
			</trkpt>
			<trkpt lat="30.220308" lon="120.093115">
				<speed>0.763334</speed>
				<ele>215.000000</ele>
				<time>2026-06-07T03:28:56Z</time>
			</trkpt>
			<trkpt lat="30.220309" lon="120.093062">
				<speed>0.443810</speed>
				<ele>217.000000</ele>
				<time>2026-06-07T03:29:07Z</time>
			</trkpt>
			<trkpt lat="30.220302" lon="120.093008">
				<speed>0.311811</speed>
				<ele>219.000000</ele>
				<time>2026-06-07T03:29:16Z</time>
			</trkpt>
			<trkpt lat="30.220291" lon="120.092947">
				<speed>0.573455</speed>
				<ele>218.000000</ele>
				<time>2026-06-07T03:29:22Z</time>
			</trkpt>
			<trkpt lat="30.220293" lon="120.092893">
				<speed>0.523603</speed>
				<ele>219.000000</ele>
				<time>2026-06-07T03:29:30Z</time>
			</trkpt>
			<trkpt lat="30.220281" lon="120.092837">
				<speed>0.916425</speed>
				<ele>224.000000</ele>
				<time>2026-06-07T03:29:41Z</time>
			</trkpt>
			<trkpt lat="30.220255" lon="120.092789">
				<speed>0.699075</speed>
				<ele>226.000000</ele>
				<time>2026-06-07T03:29:49Z</time>
			</trkpt>
			<trkpt lat="30.220242" lon="120.092738">
				<speed>0.728473</speed>
				<ele>229.000000</ele>
				<time>2026-06-07T03:29:59Z</time>
			</trkpt>
			<trkpt lat="30.220249" lon="120.092686">
				<speed>0.571459</speed>
				<ele>232.000000</ele>
				<time>2026-06-07T03:30:07Z</time>
			</trkpt>
			<trkpt lat="30.220245" lon="120.092614">
				<speed>1.246175</speed>
				<ele>237.000000</ele>
				<time>2026-06-07T03:30:21Z</time>
			</trkpt>
			<trkpt lat="30.220279" lon="120.092580">
				<speed>0.838270</speed>
				<ele>239.000000</ele>
				<time>2026-06-07T03:30:29Z</time>
			</trkpt>
			<trkpt lat="30.220326" lon="120.092577">
				<speed>0.854272</speed>
				<ele>239.000000</ele>
				<time>2026-06-07T03:30:35Z</time>
			</trkpt>
			<trkpt lat="30.220374" lon="120.092571">
				<speed>0.771723</speed>
				<ele>239.000000</ele>
				<time>2026-06-07T03:30:41Z</time>
			</trkpt>
			<trkpt lat="30.220423" lon="120.092551">
				<speed>1.032168</speed>
				<ele>240.000000</ele>
				<time>2026-06-07T03:30:46Z</time>
			</trkpt>
			<trkpt lat="30.220472" lon="120.092541">
				<speed>1.062385</speed>
				<ele>240.000000</ele>
				<time>2026-06-07T03:30:52Z</time>
			</trkpt>
			<trkpt lat="30.220524" lon="120.092556">
				<speed>1.136507</speed>
				<ele>239.000000</ele>
				<time>2026-06-07T03:30:57Z</time>
			</trkpt>
			<trkpt lat="30.220569" lon="120.092569">
				<speed>1.204922</speed>
				<ele>239.000000</ele>
				<time>2026-06-07T03:31:01Z</time>
			</trkpt>
			<trkpt lat="30.220615" lon="120.092585">
				<speed>1.000272</speed>
				<ele>240.000000</ele>
				<time>2026-06-07T03:31:07Z</time>
			</trkpt>
			<trkpt lat="30.220665" lon="120.092590">
				<speed>1.126738</speed>
				<ele>238.000000</ele>
				<time>2026-06-07T03:31:21Z</time>
			</trkpt>
			<trkpt lat="30.220714" lon="120.092571">
				<speed>1.191317</speed>
				<ele>239.000000</ele>
				<time>2026-06-07T03:31:26Z</time>
			</trkpt>
			<trkpt lat="30.220748" lon="120.092522">
				<speed>1.298959</speed>
				<ele>240.000000</ele>
				<time>2026-06-07T03:31:31Z</time>
			</trkpt>
			<trkpt lat="30.220780" lon="120.092482">
				<speed>1.093864</speed>
				<ele>242.000000</ele>
				<time>2026-06-07T03:31:38Z</time>
			</trkpt>
			<trkpt lat="30.220817" lon="120.092452">
				<speed>1.475674</speed>
				<ele>243.000000</ele>
				<time>2026-06-07T03:31:43Z</time>
			</trkpt>
			<trkpt lat="30.220855" lon="120.092414">
				<speed>1.025944</speed>
				<ele>245.000000</ele>
				<time>2026-06-07T03:31:47Z</time>
			</trkpt>
			<trkpt lat="30.220904" lon="120.092415">
				<speed>1.272208</speed>
				<ele>246.000000</ele>
				<time>2026-06-07T03:31:51Z</time>
			</trkpt>
			<trkpt lat="30.220947" lon="120.092388">
				<speed>0.662502</speed>
				<ele>247.000000</ele>
				<time>2026-06-07T03:31:56Z</time>
			</trkpt>
			<trkpt lat="30.220991" lon="120.092367">
				<speed>1.116237</speed>
				<ele>247.000000</ele>
				<time>2026-06-07T03:32:00Z</time>
			</trkpt>
			<trkpt lat="30.221036" lon="120.092370">
				<speed>1.031472</speed>
				<ele>248.000000</ele>
				<time>2026-06-07T03:32:05Z</time>
			</trkpt>
			<trkpt lat="30.221077" lon="120.092403">
				<speed>0.641226</speed>
				<ele>251.000000</ele>
				<time>2026-06-07T03:32:11Z</time>
			</trkpt>
			<trkpt lat="30.221123" lon="120.092417">
				<speed>0.614310</speed>
				<ele>251.000000</ele>
				<time>2026-06-07T03:32:16Z</time>
			</trkpt>
			<trkpt lat="30.221168" lon="120.092424">
				<speed>0.913136</speed>
				<ele>251.000000</ele>
				<time>2026-06-07T03:32:21Z</time>
			</trkpt>
			<trkpt lat="30.221219" lon="120.092419">
				<speed>0.838327</speed>
				<ele>252.000000</ele>
				<time>2026-06-07T03:32:27Z</time>
			</trkpt>
			<trkpt lat="30.221269" lon="120.092427">
				<speed>0.897621</speed>
				<ele>252.000000</ele>
				<time>2026-06-07T03:32:33Z</time>
			</trkpt>
			<trkpt lat="30.221317" lon="120.092438">
				<speed>0.793529</speed>
				<ele>252.000000</ele>
				<time>2026-06-07T03:32:39Z</time>
			</trkpt>
			<trkpt lat="30.221363" lon="120.092432">
				<speed>0.502708</speed>
				<ele>253.000000</ele>
				<time>2026-06-07T03:32:44Z</time>
			</trkpt>
			<trkpt lat="30.221424" lon="120.092430">
				<speed>1.359613</speed>
				<ele>253.000000</ele>
				<time>2026-06-07T03:32:48Z</time>
			</trkpt>
			<trkpt lat="30.221476" lon="120.092449">
				<speed>0.934062</speed>
				<ele>255.000000</ele>
				<time>2026-06-07T03:32:53Z</time>
			</trkpt>
			<trkpt lat="30.221517" lon="120.092480">
				<speed>0.974524</speed>
				<ele>254.000000</ele>
				<time>2026-06-07T03:32:57Z</time>
			</trkpt>
			<trkpt lat="30.221553" lon="120.092517">
				<speed>0.880126</speed>
				<ele>254.000000</ele>
				<time>2026-06-07T03:33:02Z</time>
			</trkpt>
			<trkpt lat="30.221605" lon="120.092520">
				<speed>0.663920</speed>
				<ele>255.000000</ele>
				<time>2026-06-07T03:33:08Z</time>
			</trkpt>
			<trkpt lat="30.221653" lon="120.092535">
				<speed>0.437381</speed>
				<ele>257.000000</ele>
				<time>2026-06-07T03:33:14Z</time>
			</trkpt>
			<trkpt lat="30.221699" lon="120.092522">
				<speed>0.588015</speed>
				<ele>257.000000</ele>
				<time>2026-06-07T03:33:19Z</time>
			</trkpt>
			<trkpt lat="30.221747" lon="120.092536">
				<speed>0.488906</speed>
				<ele>259.000000</ele>
				<time>2026-06-07T03:33:26Z</time>
			</trkpt>
			<trkpt lat="30.221789" lon="120.092578">
				<speed>1.082103</speed>
				<ele>260.000000</ele>
				<time>2026-06-07T03:33:32Z</time>
			</trkpt>
			<trkpt lat="30.221837" lon="120.092585">
				<speed>0.897039</speed>
				<ele>262.000000</ele>
				<time>2026-06-07T03:33:39Z</time>
			</trkpt>
			<trkpt lat="30.221877" lon="120.092618">
				<speed>1.117529</speed>
				<ele>261.000000</ele>
				<time>2026-06-07T03:33:42Z</time>
			</trkpt>
			<trkpt lat="30.221928" lon="120.092637">
				<speed>0.907513</speed>
				<ele>263.000000</ele>
				<time>2026-06-07T03:33:49Z</time>
			</trkpt>
			<trkpt lat="30.221934" lon="120.092584">
				<speed>0.324430</speed>
				<ele>264.000000</ele>
				<time>2026-06-07T03:33:58Z</time>
			</trkpt>
			<trkpt lat="30.221917" lon="120.092535">
				<speed>1.190618</speed>
				<ele>265.000000</ele>
				<time>2026-06-07T03:34:08Z</time>
			</trkpt>
			<trkpt lat="30.221902" lon="120.092485">
				<speed>0.568205</speed>
				<ele>268.000000</ele>
				<time>2026-06-07T03:34:16Z</time>
			</trkpt>
			<trkpt lat="30.221913" lon="120.092430">
				<speed>1.187619</speed>
				<ele>269.000000</ele>
				<time>2026-06-07T03:34:31Z</time>
			</trkpt>
			<trkpt lat="30.221901" lon="120.092377">
				<speed>0.431053</speed>
				<ele>270.000000</ele>
				<time>2026-06-07T03:34:37Z</time>
			</trkpt>
			<trkpt lat="30.221904" lon="120.092323">
				<speed>0.578174</speed>
				<ele>270.000000</ele>
				<time>2026-06-07T03:34:46Z</time>
			</trkpt>
			<trkpt lat="30.221908" lon="120.092265">
				<speed>0.739415</speed>
				<ele>272.000000</ele>
				<time>2026-06-07T03:34:55Z</time>
			</trkpt>
			<trkpt lat="30.221861" lon="120.092270">
				<speed>0.974237</speed>
				<ele>273.000000</ele>
				<time>2026-06-07T03:35:03Z</time>
			</trkpt>
			<trkpt lat="30.221815" lon="120.092268">
				<speed>0.899995</speed>
				<ele>274.000000</ele>
				<time>2026-06-07T03:35:09Z</time>
			</trkpt>
			<trkpt lat="30.221763" lon="120.092232">
				<speed>1.662825</speed>
				<ele>273.000000</ele>
				<time>2026-06-07T03:35:17Z</time>
			</trkpt>
			<trkpt lat="30.221717" lon="120.092193">
				<speed>1.526155</speed>
				<ele>273.000000</ele>
				<time>2026-06-07T03:35:22Z</time>
			</trkpt>
			<trkpt lat="30.221673" lon="120.092166">
				<speed>1.004807</speed>
				<ele>274.000000</ele>
				<time>2026-06-07T03:35:27Z</time>
			</trkpt>
			<trkpt lat="30.221623" lon="120.092147">
				<speed>1.017758</speed>
				<ele>274.000000</ele>
				<time>2026-06-07T03:35:32Z</time>
			</trkpt>
			<trkpt lat="30.221576" lon="120.092128">
				<speed>1.262959</speed>
				<ele>274.000000</ele>
				<time>2026-06-07T03:35:36Z</time>
			</trkpt>
			<trkpt lat="30.221525" lon="120.092116">
				<speed>1.043167</speed>
				<ele>273.000000</ele>
				<time>2026-06-07T03:35:41Z</time>
			</trkpt>
			<trkpt lat="30.221481" lon="120.092140">
				<speed>0.498865</speed>
				<ele>271.000000</ele>
				<time>2026-06-07T03:35:49Z</time>
			</trkpt>
			<trkpt lat="30.221471" lon="120.092079">
				<speed>1.348598</speed>
				<ele>270.000000</ele>
				<time>2026-06-07T03:35:57Z</time>
			</trkpt>
			<trkpt lat="30.221415" lon="120.092076">
				<speed>0.504742</speed>
				<ele>269.000000</ele>
				<time>2026-06-07T03:36:04Z</time>
			</trkpt>
			<trkpt lat="30.221377" lon="120.092029">
				<speed>1.261995</speed>
				<ele>270.000000</ele>
				<time>2026-06-07T03:36:09Z</time>
			</trkpt>
			<trkpt lat="30.221335" lon="120.091995">
				<speed>1.323379</speed>
				<ele>271.000000</ele>
				<time>2026-06-07T03:36:13Z</time>
			</trkpt>
			<trkpt lat="30.221304" lon="120.091941">
				<speed>1.279713</speed>
				<ele>271.000000</ele>
				<time>2026-06-07T03:36:19Z</time>
			</trkpt>
			<trkpt lat="30.221258" lon="120.091930">
				<speed>0.470299</speed>
				<ele>273.000000</ele>
				<time>2026-06-07T03:36:24Z</time>
			</trkpt>
			<trkpt lat="30.221210" lon="120.091912">
				<speed>1.052229</speed>
				<ele>273.000000</ele>
				<time>2026-06-07T03:36:30Z</time>
			</trkpt>
			<trkpt lat="30.221165" lon="120.091923">
				<speed>1.363590</speed>
				<ele>274.000000</ele>
				<time>2026-06-07T03:36:33Z</time>
			</trkpt>
			<trkpt lat="30.221113" lon="120.091901">
				<speed>1.219979</speed>
				<ele>274.000000</ele>
				<time>2026-06-07T03:36:37Z</time>
			</trkpt>
			<trkpt lat="30.221067" lon="120.091913">
				<speed>1.424166</speed>
				<ele>274.000000</ele>
				<time>2026-06-07T03:36:40Z</time>
			</trkpt>
			<trkpt lat="30.221009" lon="120.091926">
				<speed>1.135242</speed>
				<ele>273.000000</ele>
				<time>2026-06-07T03:36:45Z</time>
			</trkpt>
			<trkpt lat="30.220957" lon="120.091934">
				<speed>1.208773</speed>
				<ele>273.000000</ele>
				<time>2026-06-07T03:36:49Z</time>
			</trkpt>
			<trkpt lat="30.220908" lon="120.091935">
				<speed>1.493640</speed>
				<ele>274.000000</ele>
				<time>2026-06-07T03:36:53Z</time>
			</trkpt>
			<trkpt lat="30.220856" lon="120.091939">
				<speed>1.312011</speed>
				<ele>275.000000</ele>
				<time>2026-06-07T03:36:57Z</time>
			</trkpt>
			<trkpt lat="30.220806" lon="120.091938">
				<speed>0.186997</speed>
				<ele>274.000000</ele>
				<time>2026-06-07T03:37:30Z</time>
			</trkpt>
			<trkpt lat="30.220757" lon="120.091938">
				<speed>1.154408</speed>
				<ele>275.000000</ele>
				<time>2026-06-07T03:37:34Z</time>
			</trkpt>
			<trkpt lat="30.220705" lon="120.091933">
				<speed>0.998458</speed>
				<ele>275.000000</ele>
				<time>2026-06-07T03:37:39Z</time>
			</trkpt>
			<trkpt lat="30.220658" lon="120.091927">
				<speed>1.261109</speed>
				<ele>276.000000</ele>
				<time>2026-06-07T03:37:43Z</time>
			</trkpt>
			<trkpt lat="30.220615" lon="120.091892">
				<speed>1.237654</speed>
				<ele>277.000000</ele>
				<time>2026-06-07T03:37:48Z</time>
			</trkpt>
			<trkpt lat="30.220569" lon="120.091848">
				<speed>1.212865</speed>
				<ele>278.000000</ele>
				<time>2026-06-07T03:37:54Z</time>
			</trkpt>
			<trkpt lat="30.220524" lon="120.091808">
				<speed>1.242440</speed>
				<ele>279.000000</ele>
				<time>2026-06-07T03:37:59Z</time>
			</trkpt>
			<trkpt lat="30.220477" lon="120.091791">
				<speed>1.030878</speed>
				<ele>280.000000</ele>
				<time>2026-06-07T03:38:04Z</time>
			</trkpt>
			<trkpt lat="30.220429" lon="120.091782">
				<speed>1.142325</speed>
				<ele>281.000000</ele>
				<time>2026-06-07T03:38:08Z</time>
			</trkpt>
			<trkpt lat="30.220379" lon="120.091757">
				<speed>0.891850</speed>
				<ele>282.000000</ele>
				<time>2026-06-07T03:38:13Z</time>
			</trkpt>
			<trkpt lat="30.220331" lon="120.091735">
				<speed>1.318789</speed>
				<ele>284.000000</ele>
				<time>2026-06-07T03:38:17Z</time>
			</trkpt>
			<trkpt lat="30.220289" lon="120.091714">
				<speed>1.006537</speed>
				<ele>285.000000</ele>
				<time>2026-06-07T03:38:22Z</time>
			</trkpt>
			<trkpt lat="30.220243" lon="120.091715">
				<speed>1.271619</speed>
				<ele>287.000000</ele>
				<time>2026-06-07T03:38:26Z</time>
			</trkpt>
			<trkpt lat="30.220186" lon="120.091735">
				<speed>0.998295</speed>
				<ele>287.000000</ele>
				<time>2026-06-07T03:38:31Z</time>
			</trkpt>
			<trkpt lat="30.220139" lon="120.091738">
				<speed>1.279244</speed>
				<ele>287.000000</ele>
				<time>2026-06-07T03:38:35Z</time>
			</trkpt>
			<trkpt lat="30.220094" lon="120.091755">
				<speed>1.304426</speed>
				<ele>287.000000</ele>
				<time>2026-06-07T03:38:38Z</time>
			</trkpt>
			<trkpt lat="30.220045" lon="120.091767">
				<speed>1.273921</speed>
				<ele>288.000000</ele>
				<time>2026-06-07T03:38:42Z</time>
			</trkpt>
			<trkpt lat="30.220009" lon="120.091803">
				<speed>1.223270</speed>
				<ele>288.000000</ele>
				<time>2026-06-07T03:38:46Z</time>
			</trkpt>
			<trkpt lat="30.219966" lon="120.091835">
				<speed>1.406970</speed>
				<ele>288.000000</ele>
				<time>2026-06-07T03:38:50Z</time>
			</trkpt>
			<trkpt lat="30.220006" lon="120.091795">
				<speed>0.131681</speed>
				<ele>286.000000</ele>
				<time>2026-06-07T03:39:09Z</time>
			</trkpt>
			<trkpt lat="30.220048" lon="120.091775">
				<speed>0.139181</speed>
				<ele>286.000000</ele>
				<time>2026-06-07T03:39:12Z</time>
			</trkpt>
			<trkpt lat="30.220095" lon="120.091755">
				<speed>0.734305</speed>
				<ele>287.000000</ele>
				<time>2026-06-07T03:39:16Z</time>
			</trkpt>
			<trkpt lat="30.220155" lon="120.091744">
				<speed>1.181917</speed>
				<ele>287.000000</ele>
				<time>2026-06-07T03:39:22Z</time>
			</trkpt>
			<trkpt lat="30.220210" lon="120.091723">
				<speed>1.438487</speed>
				<ele>287.000000</ele>
				<time>2026-06-07T03:39:26Z</time>
			</trkpt>
			<trkpt lat="30.220269" lon="120.091732">
				<speed>1.436633</speed>
				<ele>287.000000</ele>
				<time>2026-06-07T03:39:30Z</time>
			</trkpt>
			<trkpt lat="30.220315" lon="120.091747">
				<speed>0.937087</speed>
				<ele>286.000000</ele>
				<time>2026-06-07T03:39:34Z</time>
			</trkpt>
			<trkpt lat="30.220365" lon="120.091768">
				<speed>1.283037</speed>
				<ele>285.000000</ele>
				<time>2026-06-07T03:39:38Z</time>
			</trkpt>
			<trkpt lat="30.220416" lon="120.091789">
				<speed>1.091842</speed>
				<ele>283.000000</ele>
				<time>2026-06-07T03:39:44Z</time>
			</trkpt>
			<trkpt lat="30.220466" lon="120.091804">
				<speed>1.421043</speed>
				<ele>283.000000</ele>
				<time>2026-06-07T03:39:48Z</time>
			</trkpt>
			<trkpt lat="30.220515" lon="120.091813">
				<speed>1.290608</speed>
				<ele>282.000000</ele>
				<time>2026-06-07T03:39:52Z</time>
			</trkpt>
			<trkpt lat="30.220555" lon="120.091838">
				<speed>1.093406</speed>
				<ele>281.000000</ele>
				<time>2026-06-07T03:39:56Z</time>
			</trkpt>
			<trkpt lat="30.220598" lon="120.091861">
				<speed>1.110505</speed>
				<ele>281.000000</ele>
				<time>2026-06-07T03:40:00Z</time>
			</trkpt>
			<trkpt lat="30.220642" lon="120.091894">
				<speed>0.988942</speed>
				<ele>280.000000</ele>
				<time>2026-06-07T03:40:05Z</time>
			</trkpt>
			<trkpt lat="30.220689" lon="120.091915">
				<speed>1.055387</speed>
				<ele>278.000000</ele>
				<time>2026-06-07T03:40:10Z</time>
			</trkpt>
			<trkpt lat="30.220745" lon="120.091914">
				<speed>1.019770</speed>
				<ele>277.000000</ele>
				<time>2026-06-07T03:40:15Z</time>
			</trkpt>
			<trkpt lat="30.220790" lon="120.091913">
				<speed>0.992972</speed>
				<ele>276.000000</ele>
				<time>2026-06-07T03:40:19Z</time>
			</trkpt>
			<trkpt lat="30.220839" lon="120.091916">
				<speed>1.203857</speed>
				<ele>274.000000</ele>
				<time>2026-06-07T03:40:23Z</time>
			</trkpt>
			<trkpt lat="30.220888" lon="120.091923">
				<speed>1.158001</speed>
				<ele>274.000000</ele>
				<time>2026-06-07T03:40:27Z</time>
			</trkpt>
			<trkpt lat="30.220934" lon="120.091926">
				<speed>0.970141</speed>
				<ele>274.000000</ele>
				<time>2026-06-07T03:40:31Z</time>
			</trkpt>
			<trkpt lat="30.220986" lon="120.091920">
				<speed>1.401818</speed>
				<ele>274.000000</ele>
				<time>2026-06-07T03:40:35Z</time>
			</trkpt>
			<trkpt lat="30.221032" lon="120.091911">
				<speed>1.145697</speed>
				<ele>274.000000</ele>
				<time>2026-06-07T03:40:39Z</time>
			</trkpt>
			<trkpt lat="30.221086" lon="120.091897">
				<speed>1.423241</speed>
				<ele>273.000000</ele>
				<time>2026-06-07T03:40:43Z</time>
			</trkpt>
			<trkpt lat="30.221132" lon="120.091896">
				<speed>1.149254</speed>
				<ele>273.000000</ele>
				<time>2026-06-07T03:40:47Z</time>
			</trkpt>
			<trkpt lat="30.221179" lon="120.091900">
				<speed>1.175643</speed>
				<ele>273.000000</ele>
				<time>2026-06-07T03:40:51Z</time>
			</trkpt>
			<trkpt lat="30.221226" lon="120.091893">
				<speed>1.131888</speed>
				<ele>273.000000</ele>
				<time>2026-06-07T03:40:55Z</time>
			</trkpt>
			<trkpt lat="30.221242" lon="120.091836">
				<speed>0.811018</speed>
				<ele>273.000000</ele>
				<time>2026-06-07T03:41:01Z</time>
			</trkpt>
			<trkpt lat="30.221247" lon="120.091780">
				<speed>0.849867</speed>
				<ele>272.000000</ele>
				<time>2026-06-07T03:41:11Z</time>
			</trkpt>
			<trkpt lat="30.221241" lon="120.091727">
				<speed>0.614376</speed>
				<ele>272.000000</ele>
				<time>2026-06-07T03:41:20Z</time>
			</trkpt>
			<trkpt lat="30.221229" lon="120.091677">
				<speed>0.675869</speed>
				<ele>272.000000</ele>
				<time>2026-06-07T03:41:27Z</time>
			</trkpt>
			<trkpt lat="30.221269" lon="120.091647">
				<speed>0.796247</speed>
				<ele>272.000000</ele>
				<time>2026-06-07T03:41:38Z</time>
			</trkpt>
			<trkpt lat="30.221316" lon="120.091665">
				<speed>0.851167</speed>
				<ele>271.000000</ele>
				<time>2026-06-07T03:41:46Z</time>
			</trkpt>
			<trkpt lat="30.221362" lon="120.091665">
				<speed>0.407171</speed>
				<ele>269.000000</ele>
				<time>2026-06-07T03:41:54Z</time>
			</trkpt>
			<trkpt lat="30.221409" lon="120.091667">
				<speed>1.605317</speed>
				<ele>268.000000</ele>
				<time>2026-06-07T03:41:57Z</time>
			</trkpt>
			<trkpt lat="30.221456" lon="120.091697">
				<speed>1.606121</speed>
				<ele>267.000000</ele>
				<time>2026-06-07T03:42:01Z</time>
			</trkpt>
			<trkpt lat="30.221503" lon="120.091718">
				<speed>1.589070</speed>
				<ele>266.000000</ele>
				<time>2026-06-07T03:42:05Z</time>
			</trkpt>
			<trkpt lat="30.221551" lon="120.091709">
				<speed>1.294758</speed>
				<ele>262.000000</ele>
				<time>2026-06-07T03:42:10Z</time>
			</trkpt>
			<trkpt lat="30.221521" lon="120.091650">
				<speed>1.007238</speed>
				<ele>261.000000</ele>
				<time>2026-06-07T03:42:16Z</time>
			</trkpt>
			<trkpt lat="30.221510" lon="120.091588">
				<speed>1.012121</speed>
				<ele>262.000000</ele>
				<time>2026-06-07T03:42:22Z</time>
			</trkpt>
			<trkpt lat="30.221501" lon="120.091536">
				<speed>0.156314</speed>
				<ele>265.000000</ele>
				<time>2026-06-07T03:42:35Z</time>
			</trkpt>
			<trkpt lat="30.221548" lon="120.091537">
				<speed>0.585301</speed>
				<ele>264.000000</ele>
				<time>2026-06-07T03:42:43Z</time>
			</trkpt>
			<trkpt lat="30.221594" lon="120.091544">
				<speed>0.759498</speed>
				<ele>262.000000</ele>
				<time>2026-06-07T03:42:51Z</time>
			</trkpt>
			<trkpt lat="30.221644" lon="120.091549">
				<speed>0.796505</speed>
				<ele>260.000000</ele>
				<time>2026-06-07T03:42:58Z</time>
			</trkpt>
			<trkpt lat="30.221688" lon="120.091563">
				<speed>0.828460</speed>
				<ele>259.000000</ele>
				<time>2026-06-07T03:43:03Z</time>
			</trkpt>
			<trkpt lat="30.221735" lon="120.091587">
				<speed>1.050398</speed>
				<ele>258.000000</ele>
				<time>2026-06-07T03:43:08Z</time>
			</trkpt>
			<trkpt lat="30.221776" lon="120.091627">
				<speed>1.087751</speed>
				<ele>256.000000</ele>
				<time>2026-06-07T03:43:13Z</time>
			</trkpt>
			<trkpt lat="30.221823" lon="120.091641">
				<speed>1.047987</speed>
				<ele>254.000000</ele>
				<time>2026-06-07T03:43:20Z</time>
			</trkpt>
			<trkpt lat="30.221868" lon="120.091657">
				<speed>0.662317</speed>
				<ele>252.000000</ele>
				<time>2026-06-07T03:43:29Z</time>
			</trkpt>
			<trkpt lat="30.221921" lon="120.091671">
				<speed>1.492455</speed>
				<ele>250.000000</ele>
				<time>2026-06-07T03:43:34Z</time>
			</trkpt>
			<trkpt lat="30.221970" lon="120.091683">
				<speed>1.254947</speed>
				<ele>248.000000</ele>
				<time>2026-06-07T03:43:39Z</time>
			</trkpt>
			<trkpt lat="30.222018" lon="120.091700">
				<speed>0.788565</speed>
				<ele>246.000000</ele>
				<time>2026-06-07T03:43:49Z</time>
			</trkpt>
			<trkpt lat="30.222056" lon="120.091729">
				<speed>0.526541</speed>
				<ele>245.000000</ele>
				<time>2026-06-07T03:43:56Z</time>
			</trkpt>
			<trkpt lat="30.222103" lon="120.091740">
				<speed>0.557399</speed>
				<ele>244.000000</ele>
				<time>2026-06-07T03:44:02Z</time>
			</trkpt>
			<trkpt lat="30.222151" lon="120.091753">
				<speed>0.946302</speed>
				<ele>243.000000</ele>
				<time>2026-06-07T03:44:08Z</time>
			</trkpt>
			<trkpt lat="30.222205" lon="120.091767">
				<speed>0.956822</speed>
				<ele>240.000000</ele>
				<time>2026-06-07T03:44:15Z</time>
			</trkpt>
			<trkpt lat="30.222246" lon="120.091790">
				<speed>0.428999</speed>
				<ele>237.000000</ele>
				<time>2026-06-07T03:44:23Z</time>
			</trkpt>
			<trkpt lat="30.222292" lon="120.091808">
				<speed>0.425694</speed>
				<ele>235.000000</ele>
				<time>2026-06-07T03:44:29Z</time>
			</trkpt>
			<trkpt lat="30.222332" lon="120.091833">
				<speed>0.690555</speed>
				<ele>233.000000</ele>
				<time>2026-06-07T03:44:35Z</time>
			</trkpt>
			<trkpt lat="30.222366" lon="120.091869">
				<speed>0.757638</speed>
				<ele>231.000000</ele>
				<time>2026-06-07T03:44:40Z</time>
			</trkpt>
			<trkpt lat="30.222409" lon="120.091890">
				<speed>0.542632</speed>
				<ele>227.000000</ele>
				<time>2026-06-07T03:44:49Z</time>
			</trkpt>
			<trkpt lat="30.222443" lon="120.091933">
				<speed>1.261943</speed>
				<ele>225.000000</ele>
				<time>2026-06-07T03:44:58Z</time>
			</trkpt>
			<trkpt lat="30.222492" lon="120.091957">
				<speed>1.309687</speed>
				<ele>221.000000</ele>
				<time>2026-06-07T03:45:05Z</time>
			</trkpt>
			<trkpt lat="30.222540" lon="120.091973">
				<speed>0.754886</speed>
				<ele>219.000000</ele>
				<time>2026-06-07T03:45:14Z</time>
			</trkpt>
			<trkpt lat="30.222591" lon="120.091983">
				<speed>1.066318</speed>
				<ele>218.000000</ele>
				<time>2026-06-07T03:45:21Z</time>
			</trkpt>
			<trkpt lat="30.222656" lon="120.091978">
				<speed>1.099730</speed>
				<ele>216.000000</ele>
				<time>2026-06-07T03:45:29Z</time>
			</trkpt>
			<trkpt lat="30.222703" lon="120.091960">
				<speed>0.369752</speed>
				<ele>214.000000</ele>
				<time>2026-06-07T03:45:35Z</time>
			</trkpt>
			<trkpt lat="30.222746" lon="120.091933">
				<speed>0.463698</speed>
				<ele>212.000000</ele>
				<time>2026-06-07T03:45:46Z</time>
			</trkpt>
			<trkpt lat="30.222793" lon="120.091950">
				<speed>0.801466</speed>
				<ele>210.000000</ele>
				<time>2026-06-07T03:45:54Z</time>
			</trkpt>
			<trkpt lat="30.222842" lon="120.091959">
				<speed>0.877419</speed>
				<ele>209.000000</ele>
				<time>2026-06-07T03:46:00Z</time>
			</trkpt>
			<trkpt lat="30.222901" lon="120.091965">
				<speed>1.374486</speed>
				<ele>208.000000</ele>
				<time>2026-06-07T03:46:06Z</time>
			</trkpt>
			<trkpt lat="30.222950" lon="120.091952">
				<speed>1.036378</speed>
				<ele>208.000000</ele>
				<time>2026-06-07T03:46:11Z</time>
			</trkpt>
			<trkpt lat="30.222983" lon="120.091905">
				<speed>1.057003</speed>
				<ele>206.000000</ele>
				<time>2026-06-07T03:46:16Z</time>
			</trkpt>
			<trkpt lat="30.223039" lon="120.091920">
				<speed>0.965877</speed>
				<ele>204.000000</ele>
				<time>2026-06-07T03:46:23Z</time>
			</trkpt>
			<trkpt lat="30.223099" lon="120.091924">
				<speed>1.577475</speed>
				<ele>203.000000</ele>
				<time>2026-06-07T03:46:28Z</time>
			</trkpt>
			<trkpt lat="30.223160" lon="120.091915">
				<speed>1.612099</speed>
				<ele>203.000000</ele>
				<time>2026-06-07T03:46:33Z</time>
			</trkpt>
			<trkpt lat="30.223216" lon="120.091896">
				<speed>1.297911</speed>
				<ele>202.000000</ele>
				<time>2026-06-07T03:46:40Z</time>
			</trkpt>
			<trkpt lat="30.223256" lon="120.091861">
				<speed>0.731844</speed>
				<ele>201.000000</ele>
				<time>2026-06-07T03:46:45Z</time>
			</trkpt>
			<trkpt lat="30.223300" lon="120.091831">
				<speed>1.131451</speed>
				<ele>202.000000</ele>
				<time>2026-06-07T03:46:49Z</time>
			</trkpt>
			<trkpt lat="30.223347" lon="120.091806">
				<speed>0.879424</speed>
				<ele>199.000000</ele>
				<time>2026-06-07T03:46:59Z</time>
			</trkpt>
			<trkpt lat="30.223360" lon="120.091752">
				<speed>0.535388</speed>
				<ele>198.000000</ele>
				<time>2026-06-07T03:47:05Z</time>
			</trkpt>
			<trkpt lat="30.223403" lon="120.091772">
				<speed>0.510548</speed>
				<ele>197.000000</ele>
				<time>2026-06-07T03:47:14Z</time>
			</trkpt>
			<trkpt lat="30.223448" lon="120.091755">
				<speed>0.723509</speed>
				<ele>196.000000</ele>
				<time>2026-06-07T03:47:23Z</time>
			</trkpt>
			<trkpt lat="30.223490" lon="120.091728">
				<speed>0.895162</speed>
				<ele>196.000000</ele>
				<time>2026-06-07T03:47:29Z</time>
			</trkpt>
			<trkpt lat="30.223530" lon="120.091695">
				<speed>0.927740</speed>
				<ele>195.000000</ele>
				<time>2026-06-07T03:47:34Z</time>
			</trkpt>
			<trkpt lat="30.223569" lon="120.091656">
				<speed>0.715058</speed>
				<ele>194.000000</ele>
				<time>2026-06-07T03:47:40Z</time>
			</trkpt>
			<trkpt lat="30.223572" lon="120.091598">
				<speed>0.926169</speed>
				<ele>192.000000</ele>
				<time>2026-06-07T03:47:46Z</time>
			</trkpt>
			<trkpt lat="30.223579" lon="120.091537">
				<speed>0.901280</speed>
				<ele>192.000000</ele>
				<time>2026-06-07T03:47:52Z</time>
			</trkpt>
			<trkpt lat="30.223616" lon="120.091496">
				<speed>0.902950</speed>
				<ele>191.000000</ele>
				<time>2026-06-07T03:48:00Z</time>
			</trkpt>
			<trkpt lat="30.223656" lon="120.091457">
				<speed>1.025675</speed>
				<ele>190.000000</ele>
				<time>2026-06-07T03:48:05Z</time>
			</trkpt>
			<trkpt lat="30.223700" lon="120.091442">
				<speed>1.150966</speed>
				<ele>190.000000</ele>
				<time>2026-06-07T03:48:11Z</time>
			</trkpt>
			<trkpt lat="30.223747" lon="120.091428">
				<speed>1.131203</speed>
				<ele>190.000000</ele>
				<time>2026-06-07T03:48:17Z</time>
			</trkpt>
			<trkpt lat="30.223794" lon="120.091412">
				<speed>1.043003</speed>
				<ele>190.000000</ele>
				<time>2026-06-07T03:48:21Z</time>
			</trkpt>
			<trkpt lat="30.223849" lon="120.091438">
				<speed>1.463690</speed>
				<ele>190.000000</ele>
				<time>2026-06-07T03:48:26Z</time>
			</trkpt>
			<trkpt lat="30.223892" lon="120.091472">
				<speed>1.323436</speed>
				<ele>192.000000</ele>
				<time>2026-06-07T03:48:29Z</time>
			</trkpt>
			<trkpt lat="30.223929" lon="120.091504">
				<speed>0.450843</speed>
				<ele>191.000000</ele>
				<time>2026-06-07T03:48:35Z</time>
			</trkpt>
			<trkpt lat="30.223981" lon="120.091508">
				<speed>1.388918</speed>
				<ele>191.000000</ele>
				<time>2026-06-07T03:48:38Z</time>
			</trkpt>
			<trkpt lat="30.224026" lon="120.091497">
				<speed>1.167313</speed>
				<ele>191.000000</ele>
				<time>2026-06-07T03:48:42Z</time>
			</trkpt>
			<trkpt lat="30.224076" lon="120.091490">
				<speed>0.973253</speed>
				<ele>190.000000</ele>
				<time>2026-06-07T03:48:46Z</time>
			</trkpt>
			<trkpt lat="30.224122" lon="120.091485">
				<speed>1.200216</speed>
				<ele>189.000000</ele>
				<time>2026-06-07T03:48:51Z</time>
			</trkpt>
			<trkpt lat="30.224169" lon="120.091474">
				<speed>1.118823</speed>
				<ele>189.000000</ele>
				<time>2026-06-07T03:48:56Z</time>
			</trkpt>
			<trkpt lat="30.224224" lon="120.091452">
				<speed>1.249268</speed>
				<ele>186.000000</ele>
				<time>2026-06-07T03:49:03Z</time>
			</trkpt>
			<trkpt lat="30.224269" lon="120.091458">
				<speed>1.031315</speed>
				<ele>186.000000</ele>
				<time>2026-06-07T03:49:09Z</time>
			</trkpt>
			<trkpt lat="30.224313" lon="120.091471">
				<speed>1.016473</speed>
				<ele>186.000000</ele>
				<time>2026-06-07T03:49:13Z</time>
			</trkpt>
			<trkpt lat="30.224362" lon="120.091464">
				<speed>1.284593</speed>
				<ele>185.000000</ele>
				<time>2026-06-07T03:49:18Z</time>
			</trkpt>
			<trkpt lat="30.224417" lon="120.091460">
				<speed>1.188738</speed>
				<ele>184.000000</ele>
				<time>2026-06-07T03:49:23Z</time>
			</trkpt>
			<trkpt lat="30.224464" lon="120.091457">
				<speed>1.054812</speed>
				<ele>184.000000</ele>
				<time>2026-06-07T03:49:27Z</time>
			</trkpt>
			<trkpt lat="30.224507" lon="120.091440">
				<speed>1.025620</speed>
				<ele>183.000000</ele>
				<time>2026-06-07T03:49:31Z</time>
			</trkpt>
			<trkpt lat="30.224550" lon="120.091419">
				<speed>1.188495</speed>
				<ele>181.000000</ele>
				<time>2026-06-07T03:49:37Z</time>
			</trkpt>
			<trkpt lat="30.224599" lon="120.091403">
				<speed>0.926465</speed>
				<ele>180.000000</ele>
				<time>2026-06-07T03:49:46Z</time>
			</trkpt>
			<trkpt lat="30.224655" lon="120.091385">
				<speed>1.505070</speed>
				<ele>178.000000</ele>
				<time>2026-06-07T03:49:51Z</time>
			</trkpt>
			<trkpt lat="30.224708" lon="120.091377">
				<speed>1.515112</speed>
				<ele>177.000000</ele>
				<time>2026-06-07T03:49:55Z</time>
			</trkpt>
			<trkpt lat="30.224763" lon="120.091389">
				<speed>1.468646</speed>
				<ele>175.000000</ele>
				<time>2026-06-07T03:50:00Z</time>
			</trkpt>
			<trkpt lat="30.224812" lon="120.091417">
				<speed>1.481015</speed>
				<ele>175.000000</ele>
				<time>2026-06-07T03:50:04Z</time>
			</trkpt>
			<trkpt lat="30.224858" lon="120.091432">
				<speed>1.404426</speed>
				<ele>173.000000</ele>
				<time>2026-06-07T03:50:09Z</time>
			</trkpt>
			<trkpt lat="30.224904" lon="120.091427">
				<speed>1.111266</speed>
				<ele>173.000000</ele>
				<time>2026-06-07T03:50:13Z</time>
			</trkpt>
			<trkpt lat="30.224953" lon="120.091416">
				<speed>1.531617</speed>
				<ele>173.000000</ele>
				<time>2026-06-07T03:50:16Z</time>
			</trkpt>
			<trkpt lat="30.225004" lon="120.091397">
				<speed>1.076495</speed>
				<ele>172.000000</ele>
				<time>2026-06-07T03:50:20Z</time>
			</trkpt>
			<trkpt lat="30.225055" lon="120.091390">
				<speed>1.286867</speed>
				<ele>170.000000</ele>
				<time>2026-06-07T03:50:25Z</time>
			</trkpt>
			<trkpt lat="30.225106" lon="120.091385">
				<speed>1.154312</speed>
				<ele>169.000000</ele>
				<time>2026-06-07T03:50:30Z</time>
			</trkpt>
			<trkpt lat="30.225159" lon="120.091376">
				<speed>1.168905</speed>
				<ele>167.000000</ele>
				<time>2026-06-07T03:50:35Z</time>
			</trkpt>
			<trkpt lat="30.225207" lon="120.091358">
				<speed>1.138535</speed>
				<ele>165.000000</ele>
				<time>2026-06-07T03:50:40Z</time>
			</trkpt>
			<trkpt lat="30.225250" lon="120.091342">
				<speed>1.202835</speed>
				<ele>164.000000</ele>
				<time>2026-06-07T03:50:45Z</time>
			</trkpt>
			<trkpt lat="30.225295" lon="120.091326">
				<speed>1.422298</speed>
				<ele>163.000000</ele>
				<time>2026-06-07T03:50:49Z</time>
			</trkpt>
			<trkpt lat="30.225337" lon="120.091302">
				<speed>1.348893</speed>
				<ele>162.000000</ele>
				<time>2026-06-07T03:50:54Z</time>
			</trkpt>
			<trkpt lat="30.225384" lon="120.091291">
				<speed>1.091197</speed>
				<ele>160.000000</ele>
				<time>2026-06-07T03:50:58Z</time>
			</trkpt>
			<trkpt lat="30.225435" lon="120.091293">
				<speed>1.247221</speed>
				<ele>160.000000</ele>
				<time>2026-06-07T03:51:02Z</time>
			</trkpt>
			<trkpt lat="30.225478" lon="120.091310">
				<speed>1.372467</speed>
				<ele>160.000000</ele>
				<time>2026-06-07T03:51:06Z</time>
			</trkpt>
			<trkpt lat="30.225532" lon="120.091324">
				<speed>1.170925</speed>
				<ele>159.000000</ele>
				<time>2026-06-07T03:51:11Z</time>
			</trkpt>
			<trkpt lat="30.225584" lon="120.091334">
				<speed>0.866257</speed>
				<ele>160.000000</ele>
				<time>2026-06-07T03:51:15Z</time>
			</trkpt>
			<trkpt lat="30.225635" lon="120.091339">
				<speed>1.156213</speed>
				<ele>160.000000</ele>
				<time>2026-06-07T03:51:18Z</time>
			</trkpt>
			<trkpt lat="30.225683" lon="120.091337">
				<speed>0.916803</speed>
				<ele>160.000000</ele>
				<time>2026-06-07T03:51:22Z</time>
			</trkpt>
			<trkpt lat="30.225737" lon="120.091335">
				<speed>0.958049</speed>
				<ele>159.000000</ele>
				<time>2026-06-07T03:51:26Z</time>
			</trkpt>
			<trkpt lat="30.225787" lon="120.091338">
				<speed>0.918766</speed>
				<ele>158.000000</ele>
				<time>2026-06-07T03:51:30Z</time>
			</trkpt>
			<trkpt lat="30.225837" lon="120.091329">
				<speed>1.138437</speed>
				<ele>157.000000</ele>
				<time>2026-06-07T03:51:34Z</time>
			</trkpt>
			<trkpt lat="30.225892" lon="120.091311">
				<speed>1.428496</speed>
				<ele>156.000000</ele>
				<time>2026-06-07T03:51:38Z</time>
			</trkpt>
			<trkpt lat="30.225950" lon="120.091302">
				<speed>1.276793</speed>
				<ele>154.000000</ele>
				<time>2026-06-07T03:51:43Z</time>
			</trkpt>
			<trkpt lat="30.225999" lon="120.091301">
				<speed>1.387326</speed>
				<ele>154.000000</ele>
				<time>2026-06-07T03:51:47Z</time>
			</trkpt>
			<trkpt lat="30.226051" lon="120.091314">
				<speed>1.222749</speed>
				<ele>154.000000</ele>
				<time>2026-06-07T03:51:51Z</time>
			</trkpt>
			<trkpt lat="30.226104" lon="120.091334">
				<speed>1.013056</speed>
				<ele>152.000000</ele>
				<time>2026-06-07T03:51:57Z</time>
			</trkpt>
			<trkpt lat="30.226152" lon="120.091337">
				<speed>1.442682</speed>
				<ele>151.000000</ele>
				<time>2026-06-07T03:52:00Z</time>
			</trkpt>
			<trkpt lat="30.226200" lon="120.091346">
				<speed>1.508912</speed>
				<ele>150.000000</ele>
				<time>2026-06-07T03:52:04Z</time>
			</trkpt>
			<trkpt lat="30.226257" lon="120.091344">
				<speed>1.310421</speed>
				<ele>147.000000</ele>
				<time>2026-06-07T03:52:09Z</time>
			</trkpt>
			<trkpt lat="30.226309" lon="120.091333">
				<speed>0.978107</speed>
				<ele>146.000000</ele>
				<time>2026-06-07T03:52:14Z</time>
			</trkpt>
			<trkpt lat="30.226357" lon="120.091325">
				<speed>1.151981</speed>
				<ele>145.000000</ele>
				<time>2026-06-07T03:52:18Z</time>
			</trkpt>
			<trkpt lat="30.226413" lon="120.091323">
				<speed>0.989312</speed>
				<ele>143.000000</ele>
				<time>2026-06-07T03:52:24Z</time>
			</trkpt>
			<trkpt lat="30.226460" lon="120.091309">
				<speed>0.979382</speed>
				<ele>142.000000</ele>
				<time>2026-06-07T03:52:28Z</time>
			</trkpt>
			<trkpt lat="30.226506" lon="120.091290">
				<speed>0.907008</speed>
				<ele>142.000000</ele>
				<time>2026-06-07T03:52:32Z</time>
			</trkpt>
			<trkpt lat="30.226552" lon="120.091294">
				<speed>1.296758</speed>
				<ele>142.000000</ele>
				<time>2026-06-07T03:52:36Z</time>
			</trkpt>
			<trkpt lat="30.226605" lon="120.091291">
				<speed>1.339367</speed>
				<ele>140.000000</ele>
				<time>2026-06-07T03:52:40Z</time>
			</trkpt>
			<trkpt lat="30.226651" lon="120.091309">
				<speed>1.709714</speed>
				<ele>139.000000</ele>
				<time>2026-06-07T03:52:43Z</time>
			</trkpt>
			<trkpt lat="30.226697" lon="120.091321">
				<speed>1.081965</speed>
				<ele>137.000000</ele>
				<time>2026-06-07T03:52:47Z</time>
			</trkpt>
			<trkpt lat="30.226750" lon="120.091324">
				<speed>1.163138</speed>
				<ele>136.000000</ele>
				<time>2026-06-07T03:52:51Z</time>
			</trkpt>
			<trkpt lat="30.226797" lon="120.091316">
				<speed>0.754630</speed>
				<ele>135.000000</ele>
				<time>2026-06-07T03:52:56Z</time>
			</trkpt>
			<trkpt lat="30.226847" lon="120.091330">
				<speed>0.865764</speed>
				<ele>134.000000</ele>
				<time>2026-06-07T03:53:01Z</time>
			</trkpt>
			<trkpt lat="30.226904" lon="120.091322">
				<speed>1.063923</speed>
				<ele>133.000000</ele>
				<time>2026-06-07T03:53:06Z</time>
			</trkpt>
			<trkpt lat="30.226954" lon="120.091316">
				<speed>0.979038</speed>
				<ele>132.000000</ele>
				<time>2026-06-07T03:53:11Z</time>
			</trkpt>
			<trkpt lat="30.227002" lon="120.091306">
				<speed>1.253551</speed>
				<ele>131.000000</ele>
				<time>2026-06-07T03:53:15Z</time>
			</trkpt>
			<trkpt lat="30.227056" lon="120.091302">
				<speed>0.913267</speed>
				<ele>130.000000</ele>
				<time>2026-06-07T03:53:19Z</time>
			</trkpt>
			<trkpt lat="30.227107" lon="120.091313">
				<speed>1.143929</speed>
				<ele>128.000000</ele>
				<time>2026-06-07T03:53:23Z</time>
			</trkpt>
			<trkpt lat="30.227160" lon="120.091333">
				<speed>1.250276</speed>
				<ele>127.000000</ele>
				<time>2026-06-07T03:53:27Z</time>
			</trkpt>
			<trkpt lat="30.227212" lon="120.091352">
				<speed>1.085420</speed>
				<ele>127.000000</ele>
				<time>2026-06-07T03:53:32Z</time>
			</trkpt>
			<trkpt lat="30.227266" lon="120.091354">
				<speed>1.129321</speed>
				<ele>127.000000</ele>
				<time>2026-06-07T03:53:37Z</time>
			</trkpt>
			<trkpt lat="30.227320" lon="120.091376">
				<speed>1.346520</speed>
				<ele>126.000000</ele>
				<time>2026-06-07T03:53:41Z</time>
			</trkpt>
			<trkpt lat="30.227370" lon="120.091376">
				<speed>1.171948</speed>
				<ele>125.000000</ele>
				<time>2026-06-07T03:53:46Z</time>
			</trkpt>
			<trkpt lat="30.227421" lon="120.091379">
				<speed>0.689062</speed>
				<ele>125.000000</ele>
				<time>2026-06-07T03:53:55Z</time>
			</trkpt>
			<trkpt lat="30.227453" lon="120.091336">
				<speed>1.609846</speed>
				<ele>124.000000</ele>
				<time>2026-06-07T03:53:59Z</time>
			</trkpt>
			<trkpt lat="30.227424" lon="120.091288">
				<speed>1.279947</speed>
				<ele>123.000000</ele>
				<time>2026-06-07T03:54:03Z</time>
			</trkpt>
			<trkpt lat="30.227384" lon="120.091245">
				<speed>1.187532</speed>
				<ele>122.000000</ele>
				<time>2026-06-07T03:54:07Z</time>
			</trkpt>
			<trkpt lat="30.227349" lon="120.091203">
				<speed>1.120575</speed>
				<ele>122.000000</ele>
				<time>2026-06-07T03:54:11Z</time>
			</trkpt>
			<trkpt lat="30.227316" lon="120.091149">
				<speed>1.410469</speed>
				<ele>122.000000</ele>
				<time>2026-06-07T03:54:15Z</time>
			</trkpt>
			<trkpt lat="30.227283" lon="120.091110">
				<speed>1.168530</speed>
				<ele>122.000000</ele>
				<time>2026-06-07T03:54:19Z</time>
			</trkpt>
			<trkpt lat="30.227271" lon="120.091058">
				<speed>1.103119</speed>
				<ele>122.000000</ele>
				<time>2026-06-07T03:54:23Z</time>
			</trkpt>
			<trkpt lat="30.227315" lon="120.091026">
				<speed>1.283747</speed>
				<ele>122.000000</ele>
				<time>2026-06-07T03:54:27Z</time>
			</trkpt>
			<trkpt lat="30.227370" lon="120.091027">
				<speed>1.394742</speed>
				<ele>122.000000</ele>
				<time>2026-06-07T03:54:31Z</time>
			</trkpt>
			<trkpt lat="30.227416" lon="120.091012">
				<speed>0.538412</speed>
				<ele>122.000000</ele>
				<time>2026-06-07T03:54:36Z</time>
			</trkpt>
			<trkpt lat="30.227466" lon="120.091015">
				<speed>1.130749</speed>
				<ele>121.000000</ele>
				<time>2026-06-07T03:54:47Z</time>
			</trkpt>
			<trkpt lat="30.227513" lon="120.090992">
				<speed>0.820974</speed>
				<ele>121.000000</ele>
				<time>2026-06-07T03:54:53Z</time>
			</trkpt>
			<trkpt lat="30.227557" lon="120.091010">
				<speed>0.839306</speed>
				<ele>120.000000</ele>
				<time>2026-06-07T03:55:09Z</time>
			</trkpt>
			<trkpt lat="30.227598" lon="120.091053">
				<speed>0.864901</speed>
				<ele>120.000000</ele>
				<time>2026-06-07T03:55:16Z</time>
			</trkpt>
			<trkpt lat="30.227637" lon="120.091022">
				<speed>0.664042</speed>
				<ele>117.000000</ele>
				<time>2026-06-07T03:55:22Z</time>
			</trkpt>
			<trkpt lat="30.227683" lon="120.091005">
				<speed>0.942549</speed>
				<ele>117.000000</ele>
				<time>2026-06-07T03:55:29Z</time>
			</trkpt>
			<trkpt lat="30.227731" lon="120.091025">
				<speed>0.905051</speed>
				<ele>118.000000</ele>
				<time>2026-06-07T03:55:33Z</time>
			</trkpt>
			<trkpt lat="30.227755" lon="120.091073">
				<speed>0.856264</speed>
				<ele>117.000000</ele>
				<time>2026-06-07T03:55:37Z</time>
			</trkpt>
			<trkpt lat="30.227799" lon="120.091089">
				<speed>0.756637</speed>
				<ele>116.000000</ele>
				<time>2026-06-07T03:56:00Z</time>
			</trkpt>
			<trkpt lat="30.227748" lon="120.091065">
				<speed>0.082712</speed>
				<ele>115.000000</ele>
				<time>2026-06-07T03:56:17Z</time>
			</trkpt>
			<trkpt lat="30.227702" lon="120.091081">
				<speed>0.444273</speed>
				<ele>116.000000</ele>
				<time>2026-06-07T03:56:22Z</time>
			</trkpt>
			<trkpt lat="30.227689" lon="120.091031">
				<speed>0.104756</speed>
				<ele>118.000000</ele>
				<time>2026-06-07T03:57:07Z</time>
			</trkpt>
			<trkpt lat="30.227749" lon="120.090950">
				<speed>0.104756</speed>
				<ele>114.000000</ele>
				<time>2026-06-07T04:02:44Z</time>
			</trkpt>
			<trkpt lat="30.227700" lon="120.090972">
				<speed>0.189598</speed>
				<ele>115.000000</ele>
				<time>2026-06-07T04:03:01Z</time>
			</trkpt>
			<trkpt lat="30.227746" lon="120.090980">
				<speed>0.041897</speed>
				<ele>116.000000</ele>
				<time>2026-06-07T04:04:26Z</time>
			</trkpt>
			<trkpt lat="30.227703" lon="120.090998">
				<speed>0.000000</speed>
				<ele>116.000000</ele>
				<time>2026-06-07T04:04:32Z</time>
			</trkpt>
			<trkpt lat="30.227656" lon="120.091032">
				<speed>1.057027</speed>
				<ele>118.000000</ele>
				<time>2026-06-07T04:07:08Z</time>
			</trkpt>
			<trkpt lat="30.227611" lon="120.091025">
				<speed>1.554837</speed>
				<ele>118.000000</ele>
				<time>2026-06-07T04:07:33Z</time>
			</trkpt>
			<trkpt lat="30.227561" lon="120.091027">
				<speed>0.739872</speed>
				<ele>120.000000</ele>
				<time>2026-06-07T04:07:47Z</time>
			</trkpt>
			<trkpt lat="30.227515" lon="120.091020">
				<speed>1.168727</speed>
				<ele>119.000000</ele>
				<time>2026-06-07T04:07:52Z</time>
			</trkpt>
			<trkpt lat="30.227460" lon="120.091032">
				<speed>1.157183</speed>
				<ele>120.000000</ele>
				<time>2026-06-07T04:07:57Z</time>
			</trkpt>
			<trkpt lat="30.227408" lon="120.091020">
				<speed>1.084240</speed>
				<ele>120.000000</ele>
				<time>2026-06-07T04:08:02Z</time>
			</trkpt>
			<trkpt lat="30.227359" lon="120.091024">
				<speed>1.026641</speed>
				<ele>119.000000</ele>
				<time>2026-06-07T04:08:07Z</time>
			</trkpt>
			<trkpt lat="30.227311" lon="120.091036">
				<speed>1.301297</speed>
				<ele>120.000000</ele>
				<time>2026-06-07T04:08:11Z</time>
			</trkpt>
			<trkpt lat="30.227279" lon="120.091077">
				<speed>0.939897</speed>
				<ele>122.000000</ele>
				<time>2026-06-07T04:08:15Z</time>
			</trkpt>
			<trkpt lat="30.227312" lon="120.091121">
				<speed>1.071210</speed>
				<ele>124.000000</ele>
				<time>2026-06-07T04:08:19Z</time>
			</trkpt>
			<trkpt lat="30.227345" lon="120.091163">
				<speed>1.317369</speed>
				<ele>122.000000</ele>
				<time>2026-06-07T04:08:23Z</time>
			</trkpt>
			<trkpt lat="30.227368" lon="120.091209">
				<speed>1.356537</speed>
				<ele>122.000000</ele>
				<time>2026-06-07T04:08:27Z</time>
			</trkpt>
			<trkpt lat="30.227404" lon="120.091253">
				<speed>1.237451</speed>
				<ele>122.000000</ele>
				<time>2026-06-07T04:08:31Z</time>
			</trkpt>
			<trkpt lat="30.227435" lon="120.091298">
				<speed>1.226817</speed>
				<ele>122.000000</ele>
				<time>2026-06-07T04:08:35Z</time>
			</trkpt>
			<trkpt lat="30.227461" lon="120.091342">
				<speed>0.668464</speed>
				<ele>122.000000</ele>
				<time>2026-06-07T04:08:41Z</time>
			</trkpt>
			<trkpt lat="30.227419" lon="120.091379">
				<speed>1.760256</speed>
				<ele>121.000000</ele>
				<time>2026-06-07T04:08:50Z</time>
			</trkpt>
			<trkpt lat="30.227371" lon="120.091381">
				<speed>2.017464</speed>
				<ele>121.000000</ele>
				<time>2026-06-07T04:08:52Z</time>
			</trkpt>
			<trkpt lat="30.227317" lon="120.091378">
				<speed>1.198541</speed>
				<ele>123.000000</ele>
				<time>2026-06-07T04:08:57Z</time>
			</trkpt>
			<trkpt lat="30.227262" lon="120.091375">
				<speed>1.503112</speed>
				<ele>123.000000</ele>
				<time>2026-06-07T04:09:01Z</time>
			</trkpt>
			<trkpt lat="30.227216" lon="120.091348">
				<speed>1.248436</speed>
				<ele>125.000000</ele>
				<time>2026-06-07T04:09:05Z</time>
			</trkpt>
			<trkpt lat="30.227250" lon="120.091311">
				<speed>1.372071</speed>
				<ele>125.000000</ele>
				<time>2026-06-07T04:09:12Z</time>
			</trkpt>
			<trkpt lat="30.227298" lon="120.091313">
				<speed>1.143867</speed>
				<ele>124.000000</ele>
				<time>2026-06-07T04:09:17Z</time>
			</trkpt>
			<trkpt lat="30.227342" lon="120.091332">
				<speed>1.117034</speed>
				<ele>124.000000</ele>
				<time>2026-06-07T04:09:22Z</time>
			</trkpt>
			<trkpt lat="30.227394" lon="120.091319">
				<speed>1.094881</speed>
				<ele>122.000000</ele>
				<time>2026-06-07T04:09:27Z</time>
			</trkpt>
			<trkpt lat="30.227440" lon="120.091318">
				<speed>0.725984</speed>
				<ele>120.000000</ele>
				<time>2026-06-07T04:09:33Z</time>
			</trkpt>
			<trkpt lat="30.227493" lon="120.091295">
				<speed>1.483126</speed>
				<ele>120.000000</ele>
				<time>2026-06-07T04:09:35Z</time>
			</trkpt>
			<trkpt lat="30.227544" lon="120.091269">
				<speed>1.212036</speed>
				<ele>120.000000</ele>
				<time>2026-06-07T04:09:38Z</time>
			</trkpt>
			<trkpt lat="30.227592" lon="120.091255">
				<speed>1.197095</speed>
				<ele>119.000000</ele>
				<time>2026-06-07T04:09:42Z</time>
			</trkpt>
			<trkpt lat="30.227645" lon="120.091243">
				<speed>1.508452</speed>
				<ele>117.000000</ele>
				<time>2026-06-07T04:09:46Z</time>
			</trkpt>
			<trkpt lat="30.227695" lon="120.091235">
				<speed>1.098093</speed>
				<ele>117.000000</ele>
				<time>2026-06-07T04:09:50Z</time>
			</trkpt>
			<trkpt lat="30.227741" lon="120.091227">
				<speed>1.540097</speed>
				<ele>117.000000</ele>
				<time>2026-06-07T04:09:53Z</time>
			</trkpt>
			<trkpt lat="30.227793" lon="120.091210">
				<speed>1.396834</speed>
				<ele>115.000000</ele>
				<time>2026-06-07T04:09:57Z</time>
			</trkpt>
			<trkpt lat="30.227848" lon="120.091197">
				<speed>1.535701</speed>
				<ele>115.000000</ele>
				<time>2026-06-07T04:10:01Z</time>
			</trkpt>
			<trkpt lat="30.227895" lon="120.091172">
				<speed>1.394389</speed>
				<ele>114.000000</ele>
				<time>2026-06-07T04:10:05Z</time>
			</trkpt>
			<trkpt lat="30.227938" lon="120.091141">
				<speed>1.319012</speed>
				<ele>115.000000</ele>
				<time>2026-06-07T04:10:09Z</time>
			</trkpt>
			<trkpt lat="30.227987" lon="120.091106">
				<speed>1.458722</speed>
				<ele>114.000000</ele>
				<time>2026-06-07T04:10:13Z</time>
			</trkpt>
			<trkpt lat="30.228025" lon="120.091068">
				<speed>1.408808</speed>
				<ele>113.000000</ele>
				<time>2026-06-07T04:10:17Z</time>
			</trkpt>
			<trkpt lat="30.228084" lon="120.091069">
				<speed>1.593256</speed>
				<ele>113.000000</ele>
				<time>2026-06-07T04:10:20Z</time>
			</trkpt>
			<trkpt lat="30.228131" lon="120.091086">
				<speed>0.971745</speed>
				<ele>112.000000</ele>
				<time>2026-06-07T04:10:24Z</time>
			</trkpt>
			<trkpt lat="30.228185" lon="120.091097">
				<speed>1.150774</speed>
				<ele>112.000000</ele>
				<time>2026-06-07T04:10:28Z</time>
			</trkpt>
			<trkpt lat="30.228235" lon="120.091087">
				<speed>1.101210</speed>
				<ele>111.000000</ele>
				<time>2026-06-07T04:10:32Z</time>
			</trkpt>
			<trkpt lat="30.228284" lon="120.091052">
				<speed>1.517572</speed>
				<ele>111.000000</ele>
				<time>2026-06-07T04:10:36Z</time>
			</trkpt>
			<trkpt lat="30.228333" lon="120.091025">
				<speed>1.518714</speed>
				<ele>111.000000</ele>
				<time>2026-06-07T04:10:40Z</time>
			</trkpt>
			<trkpt lat="30.228391" lon="120.091026">
				<speed>1.546884</speed>
				<ele>112.000000</ele>
				<time>2026-06-07T04:10:44Z</time>
			</trkpt>
			<trkpt lat="30.228437" lon="120.091027">
				<speed>1.496101</speed>
				<ele>112.000000</ele>
				<time>2026-06-07T04:10:47Z</time>
			</trkpt>
			<trkpt lat="30.228479" lon="120.091060">
				<speed>0.923934</speed>
				<ele>109.000000</ele>
				<time>2026-06-07T04:10:52Z</time>
			</trkpt>
			<trkpt lat="30.228527" lon="120.091069">
				<speed>1.209871</speed>
				<ele>110.000000</ele>
				<time>2026-06-07T04:10:56Z</time>
			</trkpt>
			<trkpt lat="30.228575" lon="120.091079">
				<speed>0.995535</speed>
				<ele>109.000000</ele>
				<time>2026-06-07T04:11:00Z</time>
			</trkpt>
			<trkpt lat="30.228625" lon="120.091096">
				<speed>1.450606</speed>
				<ele>110.000000</ele>
				<time>2026-06-07T04:11:04Z</time>
			</trkpt>
			<trkpt lat="30.228670" lon="120.091114">
				<speed>1.520520</speed>
				<ele>109.000000</ele>
				<time>2026-06-07T04:11:09Z</time>
			</trkpt>
			<trkpt lat="30.228715" lon="120.091137">
				<speed>1.519923</speed>
				<ele>109.000000</ele>
				<time>2026-06-07T04:11:13Z</time>
			</trkpt>
			<trkpt lat="30.228767" lon="120.091137">
				<speed>1.447956</speed>
				<ele>108.000000</ele>
				<time>2026-06-07T04:11:17Z</time>
			</trkpt>
			<trkpt lat="30.228811" lon="120.091156">
				<speed>1.321078</speed>
				<ele>108.000000</ele>
				<time>2026-06-07T04:11:21Z</time>
			</trkpt>
			<trkpt lat="30.228861" lon="120.091162">
				<speed>1.047161</speed>
				<ele>107.000000</ele>
				<time>2026-06-07T04:11:26Z</time>
			</trkpt>
			<trkpt lat="30.228908" lon="120.091179">
				<speed>1.187794</speed>
				<ele>108.000000</ele>
				<time>2026-06-07T04:11:30Z</time>
			</trkpt>
			<trkpt lat="30.228957" lon="120.091185">
				<speed>1.494982</speed>
				<ele>108.000000</ele>
				<time>2026-06-07T04:11:33Z</time>
			</trkpt>
			<trkpt lat="30.229008" lon="120.091199">
				<speed>1.436497</speed>
				<ele>107.000000</ele>
				<time>2026-06-07T04:11:38Z</time>
			</trkpt>
			<trkpt lat="30.229057" lon="120.091181">
				<speed>1.190221</speed>
				<ele>108.000000</ele>
				<time>2026-06-07T04:11:43Z</time>
			</trkpt>
			<trkpt lat="30.229106" lon="120.091174">
				<speed>1.292258</speed>
				<ele>108.000000</ele>
				<time>2026-06-07T04:11:47Z</time>
			</trkpt>
			<trkpt lat="30.229145" lon="120.091135">
				<speed>0.868467</speed>
				<ele>109.000000</ele>
				<time>2026-06-07T04:11:53Z</time>
			</trkpt>
			<trkpt lat="30.229157" lon="120.091058">
				<speed>1.438196</speed>
				<ele>109.000000</ele>
				<time>2026-06-07T04:11:59Z</time>
			</trkpt>
			<trkpt lat="30.229119" lon="120.091012">
				<speed>1.338937</speed>
				<ele>109.000000</ele>
				<time>2026-06-07T04:12:07Z</time>
			</trkpt>
			<trkpt lat="30.229138" lon="120.090964">
				<speed>0.544061</speed>
				<ele>110.000000</ele>
				<time>2026-06-07T04:12:12Z</time>
			</trkpt>
			<trkpt lat="30.229155" lon="120.091017">
				<speed>0.283778</speed>
				<ele>109.000000</ele>
				<time>2026-06-07T04:12:28Z</time>
			</trkpt>
			<trkpt lat="30.229160" lon="120.090957">
				<speed>0.099307</speed>
				<ele>110.000000</ele>
				<time>2026-06-07T04:12:35Z</time>
			</trkpt>
			<trkpt lat="30.229177" lon="120.090909">
				<speed>0.097816</speed>
				<ele>109.000000</ele>
				<time>2026-06-07T04:12:39Z</time>
			</trkpt>
			<trkpt lat="30.229197" lon="120.090852">
				<speed>0.065029</speed>
				<ele>109.000000</ele>
				<time>2026-06-07T04:12:44Z</time>
			</trkpt>
			<trkpt lat="30.229203" lon="120.090799">
				<speed>0.055768</speed>
				<ele>110.000000</ele>
				<time>2026-06-07T04:12:49Z</time>
			</trkpt>
			<trkpt lat="30.229219" lon="120.090748">
				<speed>0.077300</speed>
				<ele>110.000000</ele>
				<time>2026-06-07T04:12:53Z</time>
			</trkpt>
			<trkpt lat="30.229228" lon="120.090691">
				<speed>0.048214</speed>
				<ele>111.000000</ele>
				<time>2026-06-07T04:12:57Z</time>
			</trkpt>
			<trkpt lat="30.229217" lon="120.090638">
				<speed>0.894416</speed>
				<ele>112.000000</ele>
				<time>2026-06-07T04:13:01Z</time>
			</trkpt>
			<trkpt lat="30.229214" lon="120.090575">
				<speed>0.844594</speed>
				<ele>113.000000</ele>
				<time>2026-06-07T04:13:09Z</time>
			</trkpt>
			<trkpt lat="30.229213" lon="120.090512">
				<speed>1.288116</speed>
				<ele>114.000000</ele>
				<time>2026-06-07T04:13:13Z</time>
			</trkpt>
			<trkpt lat="30.229200" lon="120.090457">
				<speed>1.138415</speed>
				<ele>114.000000</ele>
				<time>2026-06-07T04:13:18Z</time>
			</trkpt>
			<trkpt lat="30.229183" lon="120.090400">
				<speed>1.276812</speed>
				<ele>114.000000</ele>
				<time>2026-06-07T04:13:23Z</time>
			</trkpt>
			<trkpt lat="30.229158" lon="120.090347">
				<speed>0.828915</speed>
				<ele>114.000000</ele>
				<time>2026-06-07T04:13:28Z</time>
			</trkpt>
			<trkpt lat="30.229131" lon="120.090292">
				<speed>1.138764</speed>
				<ele>115.000000</ele>
				<time>2026-06-07T04:13:33Z</time>
			</trkpt>
			<trkpt lat="30.229114" lon="120.090241">
				<speed>1.050627</speed>
				<ele>116.000000</ele>
				<time>2026-06-07T04:13:38Z</time>
			</trkpt>
			<trkpt lat="30.229087" lon="120.090199">
				<speed>0.869050</speed>
				<ele>116.000000</ele>
				<time>2026-06-07T04:13:43Z</time>
			</trkpt>
			<trkpt lat="30.229096" lon="120.090137">
				<speed>1.090239</speed>
				<ele>117.000000</ele>
				<time>2026-06-07T04:13:47Z</time>
			</trkpt>
			<trkpt lat="30.229092" lon="120.090078">
				<speed>0.948754</speed>
				<ele>117.000000</ele>
				<time>2026-06-07T04:13:54Z</time>
			</trkpt>
			<trkpt lat="30.229092" lon="120.090020">
				<speed>0.558243</speed>
				<ele>118.000000</ele>
				<time>2026-06-07T04:14:01Z</time>
			</trkpt>
			<trkpt lat="30.229138" lon="120.090022">
				<speed>0.423354</speed>
				<ele>117.000000</ele>
				<time>2026-06-07T04:14:35Z</time>
			</trkpt>
			<trkpt lat="30.229190" lon="120.090012">
				<speed>0.827051</speed>
				<ele>118.000000</ele>
				<time>2026-06-07T04:15:08Z</time>
			</trkpt>
			<trkpt lat="30.229136" lon="120.090019">
				<speed>0.000000</speed>
				<ele>119.000000</ele>
				<time>2026-06-07T04:15:18Z</time>
			</trkpt>
			<trkpt lat="30.229153" lon="120.090022">
				<speed>0.100943</speed>
				<ele>117.000000</ele>
				<time>2026-06-07T04:15:19Z</time>
			</trkpt>
			<trkpt lat="30.229150" lon="120.089967">
				<speed>0.084145</speed>
				<ele>117.000000</ele>
				<time>2026-06-07T04:15:58Z</time>
			</trkpt>
			<trkpt lat="30.229178" lon="120.089899">
				<speed>1.344079</speed>
				<ele>118.000000</ele>
				<time>2026-06-07T04:16:11Z</time>
			</trkpt>
			<trkpt lat="30.229194" lon="120.089817">
				<speed>3.315368</speed>
				<ele>118.000000</ele>
				<time>2026-06-07T04:16:14Z</time>
			</trkpt>
			<trkpt lat="30.229240" lon="120.089861">
				<speed>2.035858</speed>
				<ele>119.000000</ele>
				<time>2026-06-07T04:16:17Z</time>
			</trkpt>
			<trkpt lat="30.229229" lon="120.089946">
				<speed>2.408528</speed>
				<ele>119.000000</ele>
				<time>2026-06-07T04:16:19Z</time>
			</trkpt>
			<trkpt lat="30.229296" lon="120.089930">
				<speed>2.724802</speed>
				<ele>119.000000</ele>
				<time>2026-06-07T04:16:21Z</time>
			</trkpt>
			<trkpt lat="30.229300" lon="120.089995">
				<speed>1.737697</speed>
				<ele>119.000000</ele>
				<time>2026-06-07T04:16:24Z</time>
			</trkpt>
			<trkpt lat="30.229053" lon="120.090171">
				<speed>1.252145</speed>
				<ele>118.000000</ele>
				<time>2026-06-07T04:16:40Z</time>
			</trkpt>
			<trkpt lat="30.229094" lon="120.090108">
				<speed>0.669963</speed>
				<ele>118.000000</ele>
				<time>2026-06-07T04:16:42Z</time>
			</trkpt>
			<trkpt lat="30.229187" lon="120.090009">
				<speed>0.669963</speed>
				<ele>118.000000</ele>
				<time>2026-06-07T04:16:44Z</time>
			</trkpt>
			<trkpt lat="30.229272" lon="120.089936">
				<speed>0.000000</speed>
				<ele>118.000000</ele>
				<time>2026-06-07T04:16:45Z</time>
			</trkpt>
			<trkpt lat="30.229323" lon="120.089890">
				<speed>0.000000</speed>
				<ele>118.000000</ele>
				<time>2026-06-07T04:16:46Z</time>
			</trkpt>
			<trkpt lat="30.229364" lon="120.089864">
				<speed>0.039871</speed>
				<ele>118.000000</ele>
				<time>2026-06-07T04:16:59Z</time>
			</trkpt>
			<trkpt lat="30.229301" lon="120.089847">
				<speed>1.430768</speed>
				<ele>117.000000</ele>
				<time>2026-06-07T04:17:26Z</time>
			</trkpt>
			<trkpt lat="30.229348" lon="120.089828">
				<speed>0.698963</speed>
				<ele>119.000000</ele>
				<time>2026-06-07T04:17:54Z</time>
			</trkpt>
			<trkpt lat="30.229392" lon="120.089809">
				<speed>0.667590</speed>
				<ele>119.000000</ele>
				<time>2026-06-07T04:17:59Z</time>
			</trkpt>
			<trkpt lat="30.229441" lon="120.089764">
				<speed>1.422074</speed>
				<ele>120.000000</ele>
				<time>2026-06-07T04:18:04Z</time>
			</trkpt>
			<trkpt lat="30.229482" lon="120.089791">
				<speed>0.801543</speed>
				<ele>121.000000</ele>
				<time>2026-06-07T04:18:12Z</time>
			</trkpt>
			<trkpt lat="30.229529" lon="120.089785">
				<speed>0.296506</speed>
				<ele>121.000000</ele>
				<time>2026-06-07T04:18:21Z</time>
			</trkpt>
			<trkpt lat="30.229573" lon="120.089835">
				<speed>0.000000</speed>
				<ele>120.000000</ele>
				<time>2026-06-07T04:18:29Z</time>
			</trkpt>
			<trkpt lat="30.229611" lon="120.089743">
				<speed>1.303049</speed>
				<ele>121.000000</ele>
				<time>2026-06-07T04:18:37Z</time>
			</trkpt>
			<trkpt lat="30.229600" lon="120.089692">
				<speed>0.000000</speed>
				<ele>121.000000</ele>
				<time>2026-06-07T04:18:46Z</time>
			</trkpt>
			<trkpt lat="30.229565" lon="120.089753">
				<speed>0.000000</speed>
				<ele>122.000000</ele>
				<time>2026-06-07T04:18:52Z</time>
			</trkpt>
			<trkpt lat="30.229586" lon="120.089694">
				<speed>0.501761</speed>
				<ele>121.000000</ele>
				<time>2026-06-07T04:19:42Z</time>
			</trkpt>
			<trkpt lat="30.229543" lon="120.089722">
				<speed>0.725763</speed>
				<ele>122.000000</ele>
				<time>2026-06-07T04:19:53Z</time>
			</trkpt>
			<trkpt lat="30.229610" lon="120.089709">
				<speed>0.725763</speed>
				<ele>122.000000</ele>
				<time>2026-06-07T04:19:54Z</time>
			</trkpt>
			<trkpt lat="30.229475" lon="120.089813">
				<speed>-1.000000</speed>
				<ele>120.000000</ele>
				<time>2026-06-07T04:21:00Z</time>
			</trkpt>
			<trkpt lat="30.229526" lon="120.089784">
				<speed>-1.000000</speed>
				<ele>121.000000</ele>
				<time>2026-06-07T04:22:08Z</time>
			</trkpt>
			<trkpt lat="30.229613" lon="120.089879">
				<speed>0.411371</speed>
				<ele>121.000000</ele>
				<time>2026-06-07T04:22:42Z</time>
			</trkpt>
			<trkpt lat="30.229656" lon="120.089853">
				<speed>0.931498</speed>
				<ele>121.000000</ele>
				<time>2026-06-07T04:22:46Z</time>
			</trkpt>
			<trkpt lat="30.229700" lon="120.089825">
				<speed>1.165962</speed>
				<ele>121.000000</ele>
				<time>2026-06-07T04:22:50Z</time>
			</trkpt>
			<trkpt lat="30.229745" lon="120.089799">
				<speed>0.868923</speed>
				<ele>121.000000</ele>
				<time>2026-06-07T04:22:55Z</time>
			</trkpt>
			<trkpt lat="30.229786" lon="120.089757">
				<speed>0.952110</speed>
				<ele>122.000000</ele>
				<time>2026-06-07T04:23:00Z</time>
			</trkpt>
			<trkpt lat="30.229818" lon="120.089713">
				<speed>1.337675</speed>
				<ele>122.000000</ele>
				<time>2026-06-07T04:23:04Z</time>
			</trkpt>
			<trkpt lat="30.229859" lon="120.089741">
				<speed>0.774060</speed>
				<ele>122.000000</ele>
				<time>2026-06-07T04:23:08Z</time>
			</trkpt>
			<trkpt lat="30.229908" lon="120.089732">
				<speed>1.314636</speed>
				<ele>123.000000</ele>
				<time>2026-06-07T04:23:12Z</time>
			</trkpt>
			<trkpt lat="30.229939" lon="120.089680">
				<speed>1.508411</speed>
				<ele>123.000000</ele>
				<time>2026-06-07T04:23:16Z</time>
			</trkpt>
			<trkpt lat="30.229979" lon="120.089643">
				<speed>0.841884</speed>
				<ele>125.000000</ele>
				<time>2026-06-07T04:23:26Z</time>
			</trkpt>
			<trkpt lat="30.230013" lon="120.089606">
				<speed>1.341704</speed>
				<ele>126.000000</ele>
				<time>2026-06-07T04:23:28Z</time>
			</trkpt>
			<trkpt lat="30.230027" lon="120.089549">
				<speed>1.708868</speed>
				<ele>126.000000</ele>
				<time>2026-06-07T04:23:30Z</time>
			</trkpt>
			<trkpt lat="30.230031" lon="120.089472">
				<speed>0.549888</speed>
				<ele>126.000000</ele>
				<time>2026-06-07T04:23:45Z</time>
			</trkpt>
			<trkpt lat="30.230071" lon="120.089506">
				<speed>0.662272</speed>
				<ele>126.000000</ele>
				<time>2026-06-07T04:23:48Z</time>
			</trkpt>
			<trkpt lat="30.230122" lon="120.089489">
				<speed>1.510290</speed>
				<ele>127.000000</ele>
				<time>2026-06-07T04:23:51Z</time>
			</trkpt>
			<trkpt lat="30.230166" lon="120.089475">
				<speed>1.663780</speed>
				<ele>126.000000</ele>
				<time>2026-06-07T04:23:54Z</time>
			</trkpt>
			<trkpt lat="30.230382" lon="120.089603">
				<speed>0.902823</speed>
				<ele>130.000000</ele>
				<time>2026-06-07T04:25:06Z</time>
			</trkpt>
			<trkpt lat="30.230406" lon="120.089655">
				<speed>0.949099</speed>
				<ele>131.000000</ele>
				<time>2026-06-07T04:25:08Z</time>
			</trkpt>
			<trkpt lat="30.230416" lon="120.089706">
				<speed>0.786946</speed>
				<ele>132.000000</ele>
				<time>2026-06-07T04:25:12Z</time>
			</trkpt>
			<trkpt lat="30.230625" lon="120.089326">
				<speed>0.374098</speed>
				<ele>133.000000</ele>
				<time>2026-06-07T04:25:22Z</time>
			</trkpt>
			<trkpt lat="30.230602" lon="120.089245">
				<speed>0.166611</speed>
				<ele>133.000000</ele>
				<time>2026-06-07T04:25:25Z</time>
			</trkpt>
			<trkpt lat="30.230649" lon="120.089229">
				<speed>0.587094</speed>
				<ele>133.000000</ele>
				<time>2026-06-07T04:25:29Z</time>
			</trkpt>
			<trkpt lat="30.230695" lon="120.089255">
				<speed>1.162793</speed>
				<ele>134.000000</ele>
				<time>2026-06-07T04:25:34Z</time>
			</trkpt>
			<trkpt lat="30.230742" lon="120.089273">
				<speed>1.219202</speed>
				<ele>134.000000</ele>
				<time>2026-06-07T04:25:42Z</time>
			</trkpt>
			<trkpt lat="30.230795" lon="120.089253">
				<speed>1.104373</speed>
				<ele>136.000000</ele>
				<time>2026-06-07T04:25:50Z</time>
			</trkpt>
			<trkpt lat="30.230851" lon="120.089233">
				<speed>1.356561</speed>
				<ele>136.000000</ele>
				<time>2026-06-07T04:26:01Z</time>
			</trkpt>
			<trkpt lat="30.230806" lon="120.089264">
				<speed>0.381737</speed>
				<ele>136.000000</ele>
				<time>2026-06-07T04:26:22Z</time>
			</trkpt>
			<trkpt lat="30.230678" lon="120.089453">
				<speed>9.178418</speed>
				<ele>201.000000</ele>
				<time>2026-06-07T04:27:19Z</time>
			</trkpt>
			<trkpt lat="30.230846" lon="120.089331">
				<speed>0.039148</speed>
				<ele>137.000000</ele>
				<time>2026-06-07T04:27:33Z</time>
			</trkpt>
			<trkpt lat="30.230803" lon="120.089282">
				<speed>0.484751</speed>
				<ele>136.000000</ele>
				<time>2026-06-07T04:27:36Z</time>
			</trkpt>
			<trkpt lat="30.230809" lon="120.089224">
				<speed>0.346869</speed>
				<ele>136.000000</ele>
				<time>2026-06-07T04:27:39Z</time>
			</trkpt>
			<trkpt lat="30.230854" lon="120.089191">
				<speed>0.184628</speed>
				<ele>136.000000</ele>
				<time>2026-06-07T04:27:59Z</time>
			</trkpt>
			<trkpt lat="30.230816" lon="120.089238">
				<speed>0.171556</speed>
				<ele>136.000000</ele>
				<time>2026-06-07T04:28:02Z</time>
			</trkpt>
			<trkpt lat="30.230839" lon="120.089191">
				<speed>0.000000</speed>
				<ele>137.000000</ele>
				<time>2026-06-07T04:28:16Z</time>
			</trkpt>
			<trkpt lat="30.230885" lon="120.089229">
				<speed>1.577117</speed>
				<ele>136.000000</ele>
				<time>2026-06-07T04:28:23Z</time>
			</trkpt>
			<trkpt lat="30.230839" lon="120.089239">
				<speed>0.030397</speed>
				<ele>138.000000</ele>
				<time>2026-06-07T04:28:54Z</time>
			</trkpt>
			<trkpt lat="30.230797" lon="120.089213">
				<speed>0.053768</speed>
				<ele>135.000000</ele>
				<time>2026-06-07T04:30:52Z</time>
			</trkpt>
			<trkpt lat="30.230729" lon="120.089222">
				<speed>1.441198</speed>
				<ele>136.000000</ele>
				<time>2026-06-07T04:30:59Z</time>
			</trkpt>
			<trkpt lat="30.230723" lon="120.089141">
				<speed>0.339224</speed>
				<ele>134.000000</ele>
				<time>2026-06-07T04:31:07Z</time>
			</trkpt>
			<trkpt lat="30.230746" lon="120.089091">
				<speed>0.714497</speed>
				<ele>135.000000</ele>
				<time>2026-06-07T04:31:10Z</time>
			</trkpt>
			<trkpt lat="30.230761" lon="120.089020">
				<speed>2.529991</speed>
				<ele>134.000000</ele>
				<time>2026-06-07T04:31:11Z</time>
			</trkpt>
			<trkpt lat="30.230790" lon="120.089042">
				<speed>0.593080</speed>
				<ele>137.000000</ele>
				<time>2026-06-07T04:31:22Z</time>
			</trkpt>
			<trkpt lat="30.230750" lon="120.089013">
				<speed>0.546456</speed>
				<ele>138.000000</ele>
				<time>2026-06-07T04:31:24Z</time>
			</trkpt>
			<trkpt lat="30.230765" lon="120.089062">
				<speed>0.745876</speed>
				<ele>137.000000</ele>
				<time>2026-06-07T04:31:31Z</time>
			</trkpt>
			<trkpt lat="30.230796" lon="120.089107">
				<speed>0.763452</speed>
				<ele>137.000000</ele>
				<time>2026-06-07T04:31:39Z</time>
			</trkpt>
			<trkpt lat="30.230842" lon="120.089092">
				<speed>1.534861</speed>
				<ele>138.000000</ele>
				<time>2026-06-07T04:31:42Z</time>
			</trkpt>
			<trkpt lat="30.230856" lon="120.089042">
				<speed>0.942179</speed>
				<ele>139.000000</ele>
				<time>2026-06-07T04:31:48Z</time>
			</trkpt>
			<trkpt lat="30.230810" lon="120.089067">
				<speed>0.077254</speed>
				<ele>139.000000</ele>
				<time>2026-06-07T04:31:57Z</time>
			</trkpt>
			<trkpt lat="30.230770" lon="120.089094">
				<speed>0.000000</speed>
				<ele>138.000000</ele>
				<time>2026-06-07T04:32:08Z</time>
			</trkpt>
			<trkpt lat="30.230739" lon="120.089132">
				<speed>0.000000</speed>
				<ele>136.000000</ele>
				<time>2026-06-07T04:32:23Z</time>
			</trkpt>
			<trkpt lat="30.230753" lon="120.089182">
				<speed>0.048947</speed>
				<ele>135.000000</ele>
				<time>2026-06-07T04:32:44Z</time>
			</trkpt>
			<trkpt lat="30.230748" lon="120.089130">
				<speed>0.349960</speed>
				<ele>135.000000</ele>
				<time>2026-06-07T04:33:16Z</time>
			</trkpt>
			<trkpt lat="30.230718" lon="120.089089">
				<speed>0.498501</speed>
				<ele>135.000000</ele>
				<time>2026-06-07T04:33:25Z</time>
			</trkpt>
			<trkpt lat="30.230665" lon="120.089093">
				<speed>0.870952</speed>
				<ele>136.000000</ele>
				<time>2026-06-07T04:33:30Z</time>
			</trkpt>
			<trkpt lat="30.230663" lon="120.089147">
				<speed>0.698495</speed>
				<ele>135.000000</ele>
				<time>2026-06-07T04:33:41Z</time>
			</trkpt>
			<trkpt lat="30.230680" lon="120.089205">
				<speed>0.595372</speed>
				<ele>132.000000</ele>
				<time>2026-06-07T04:33:49Z</time>
			</trkpt>
			<trkpt lat="30.230654" lon="120.089160">
				<speed>0.151141</speed>
				<ele>131.000000</ele>
				<time>2026-06-07T04:33:58Z</time>
			</trkpt>
			<trkpt lat="30.230628" lon="120.089104">
				<speed>0.917304</speed>
				<ele>132.000000</ele>
				<time>2026-06-07T04:34:03Z</time>
			</trkpt>
			<trkpt lat="30.230597" lon="120.089066">
				<speed>1.121026</speed>
				<ele>132.000000</ele>
				<time>2026-06-07T04:34:07Z</time>
			</trkpt>
			<trkpt lat="30.230572" lon="120.089016">
				<speed>1.194809</speed>
				<ele>132.000000</ele>
				<time>2026-06-07T04:34:17Z</time>
			</trkpt>
			<trkpt lat="30.230528" lon="120.088994">
				<speed>0.825697</speed>
				<ele>132.000000</ele>
				<time>2026-06-07T04:34:21Z</time>
			</trkpt>
			<trkpt lat="30.230485" lon="120.088976">
				<speed>1.150952</speed>
				<ele>134.000000</ele>
				<time>2026-06-07T04:34:25Z</time>
			</trkpt>
			<trkpt lat="30.230440" lon="120.088966">
				<speed>1.146158</speed>
				<ele>133.000000</ele>
				<time>2026-06-07T04:34:29Z</time>
			</trkpt>
			<trkpt lat="30.230389" lon="120.088985">
				<speed>0.788011</speed>
				<ele>132.000000</ele>
				<time>2026-06-07T04:34:35Z</time>
			</trkpt>
			<trkpt lat="30.230342" lon="120.088987">
				<speed>0.373047</speed>
				<ele>130.000000</ele>
				<time>2026-06-07T04:34:43Z</time>
			</trkpt>
			<trkpt lat="30.230280" lon="120.089022">
				<speed>0.662385</speed>
				<ele>128.000000</ele>
				<time>2026-06-07T04:34:58Z</time>
			</trkpt>
			<trkpt lat="30.230232" lon="120.089047">
				<speed>1.060016</speed>
				<ele>126.000000</ele>
				<time>2026-06-07T04:35:03Z</time>
			</trkpt>
			<trkpt lat="30.230187" lon="120.089076">
				<speed>0.682925</speed>
				<ele>127.000000</ele>
				<time>2026-06-07T04:35:11Z</time>
			</trkpt>
			<trkpt lat="30.230012" lon="120.089203">
				<speed>0.371955</speed>
				<ele>124.000000</ele>
				<time>2026-06-07T04:35:27Z</time>
			</trkpt>
			<trkpt lat="30.229972" lon="120.089226">
				<speed>0.824820</speed>
				<ele>124.000000</ele>
				<time>2026-06-07T04:35:31Z</time>
			</trkpt>
			<trkpt lat="30.229932" lon="120.089294">
				<speed>0.995784</speed>
				<ele>124.000000</ele>
				<time>2026-06-07T04:35:35Z</time>
			</trkpt>
			<trkpt lat="30.229968" lon="120.089258">
				<speed>0.062632</speed>
				<ele>124.000000</ele>
				<time>2026-06-07T04:35:37Z</time>
			</trkpt>
			<trkpt lat="30.229930" lon="120.089221">
				<speed>1.171037</speed>
				<ele>123.000000</ele>
				<time>2026-06-07T04:35:40Z</time>
			</trkpt>
			<trkpt lat="30.229890" lon="120.089246">
				<speed>1.251298</speed>
				<ele>124.000000</ele>
				<time>2026-06-07T04:35:47Z</time>
			</trkpt>
			<trkpt lat="30.229868" lon="120.089293">
				<speed>0.623703</speed>
				<ele>124.000000</ele>
				<time>2026-06-07T04:35:52Z</time>
			</trkpt>
			<trkpt lat="30.229822" lon="120.089317">
				<speed>1.126032</speed>
				<ele>123.000000</ele>
				<time>2026-06-07T04:35:59Z</time>
			</trkpt>
			<trkpt lat="30.229766" lon="120.089322">
				<speed>1.445702</speed>
				<ele>124.000000</ele>
				<time>2026-06-07T04:36:03Z</time>
			</trkpt>
			<trkpt lat="30.229716" lon="120.089348">
				<speed>0.928896</speed>
				<ele>124.000000</ele>
				<time>2026-06-07T04:36:08Z</time>
			</trkpt>
			<trkpt lat="30.229672" lon="120.089390">
				<speed>0.426562</speed>
				<ele>124.000000</ele>
				<time>2026-06-07T04:36:14Z</time>
			</trkpt>
			<trkpt lat="30.229636" lon="120.089433">
				<speed>1.363075</speed>
				<ele>124.000000</ele>
				<time>2026-06-07T04:36:17Z</time>
			</trkpt>
			<trkpt lat="30.229593" lon="120.089474">
				<speed>1.190245</speed>
				<ele>123.000000</ele>
				<time>2026-06-07T04:36:21Z</time>
			</trkpt>
			<trkpt lat="30.229546" lon="120.089496">
				<speed>0.903337</speed>
				<ele>123.000000</ele>
				<time>2026-06-07T04:36:26Z</time>
			</trkpt>
			<trkpt lat="30.229504" lon="120.089523">
				<speed>1.035615</speed>
				<ele>123.000000</ele>
				<time>2026-06-07T04:36:30Z</time>
			</trkpt>
			<trkpt lat="30.229466" lon="120.089565">
				<speed>1.027705</speed>
				<ele>122.000000</ele>
				<time>2026-06-07T04:36:34Z</time>
			</trkpt>
			<trkpt lat="30.229426" lon="120.089599">
				<speed>1.442293</speed>
				<ele>121.000000</ele>
				<time>2026-06-07T04:36:38Z</time>
			</trkpt>
			<trkpt lat="30.229387" lon="120.089628">
				<speed>0.957597</speed>
				<ele>122.000000</ele>
				<time>2026-06-07T04:36:43Z</time>
			</trkpt>
			<trkpt lat="30.229339" lon="120.089648">
				<speed>1.172842</speed>
				<ele>120.000000</ele>
				<time>2026-06-07T04:36:47Z</time>
			</trkpt>
			<trkpt lat="30.229293" lon="120.089677">
				<speed>1.123960</speed>
				<ele>120.000000</ele>
				<time>2026-06-07T04:36:52Z</time>
			</trkpt>
			<trkpt lat="30.229247" lon="120.089712">
				<speed>1.359413</speed>
				<ele>120.000000</ele>
				<time>2026-06-07T04:36:58Z</time>
			</trkpt>
			<trkpt lat="30.229200" lon="120.089731">
				<speed>1.179583</speed>
				<ele>119.000000</ele>
				<time>2026-06-07T04:37:03Z</time>
			</trkpt>
			<trkpt lat="30.229155" lon="120.089753">
				<speed>0.944787</speed>
				<ele>120.000000</ele>
				<time>2026-06-07T04:37:08Z</time>
			</trkpt>
			<trkpt lat="30.229107" lon="120.089778">
				<speed>1.410234</speed>
				<ele>119.000000</ele>
				<time>2026-06-07T04:37:12Z</time>
			</trkpt>
			<trkpt lat="30.229075" lon="120.089825">
				<speed>1.809625</speed>
				<ele>118.000000</ele>
				<time>2026-06-07T04:37:15Z</time>
			</trkpt>
			<trkpt lat="30.229045" lon="120.089870">
				<speed>0.784229</speed>
				<ele>119.000000</ele>
				<time>2026-06-07T04:37:21Z</time>
			</trkpt>
			<trkpt lat="30.229040" lon="120.089922">
				<speed>1.193176</speed>
				<ele>117.000000</ele>
				<time>2026-06-07T04:37:30Z</time>
			</trkpt>
			<trkpt lat="30.229058" lon="120.089975">
				<speed>1.214968</speed>
				<ele>119.000000</ele>
				<time>2026-06-07T04:37:34Z</time>
			</trkpt>
			<trkpt lat="30.229083" lon="120.090019">
				<speed>0.980402</speed>
				<ele>119.000000</ele>
				<time>2026-06-07T04:37:38Z</time>
			</trkpt>
			<trkpt lat="30.229122" lon="120.090056">
				<speed>1.461380</speed>
				<ele>119.000000</ele>
				<time>2026-06-07T04:37:41Z</time>
			</trkpt>
			<trkpt lat="30.229160" lon="120.090093">
				<speed>1.375954</speed>
				<ele>117.000000</ele>
				<time>2026-06-07T04:37:45Z</time>
			</trkpt>
			<trkpt lat="30.229190" lon="120.090138">
				<speed>0.607608</speed>
				<ele>117.000000</ele>
				<time>2026-06-07T04:37:51Z</time>
			</trkpt>
			<trkpt lat="30.229208" lon="120.090189">
				<speed>1.045187</speed>
				<ele>117.000000</ele>
				<time>2026-06-07T04:37:57Z</time>
			</trkpt>
			<trkpt lat="30.229230" lon="120.090132">
				<speed>-1.000000</speed>
				<ele>119.000000</ele>
				<time>2026-06-07T04:38:22Z</time>
			</trkpt>
			<trkpt lat="30.229244" lon="120.090069">
				<speed>-1.000000</speed>
				<ele>119.000000</ele>
				<time>2026-06-07T04:38:32Z</time>
			</trkpt>
			<trkpt lat="30.229331" lon="120.089956">
				<speed>-1.000000</speed>
				<ele>119.000000</ele>
				<time>2026-06-07T04:38:55Z</time>
			</trkpt>
			<trkpt lat="30.229222" lon="120.089998">
				<speed>-1.000000</speed>
				<ele>119.000000</ele>
				<time>2026-06-07T04:39:20Z</time>
			</trkpt>
			<trkpt lat="30.229350" lon="120.089943">
				<speed>-1.000000</speed>
				<ele>119.000000</ele>
				<time>2026-06-07T04:39:34Z</time>
			</trkpt>
			<trkpt lat="30.229408" lon="120.089884">
				<speed>-1.000000</speed>
				<ele>119.000000</ele>
				<time>2026-06-07T04:40:05Z</time>
			</trkpt>
			<trkpt lat="30.229399" lon="120.089898">
				<speed>-1.000000</speed>
				<ele>119.000000</ele>
				<time>2026-06-07T04:40:10Z</time>
			</trkpt>
			<trkpt lat="30.229368" lon="120.089951">
				<speed>-1.000000</speed>
				<ele>119.000000</ele>
				<time>2026-06-07T04:40:38Z</time>
			</trkpt>
			<trkpt lat="30.229302" lon="120.090100">
				<speed>-1.000000</speed>
				<ele>119.000000</ele>
				<time>2026-06-07T04:40:57Z</time>
			</trkpt>
			<trkpt lat="30.229316" lon="120.090041">
				<speed>-1.000000</speed>
				<ele>119.000000</ele>
				<time>2026-06-07T04:41:06Z</time>
			</trkpt>
			<trkpt lat="30.229342" lon="120.089981">
				<speed>-1.000000</speed>
				<ele>119.000000</ele>
				<time>2026-06-07T04:41:13Z</time>
			</trkpt>
			<trkpt lat="30.229290" lon="120.090076">
				<speed>-1.000000</speed>
				<ele>119.000000</ele>
				<time>2026-06-07T04:41:44Z</time>
			</trkpt>
			<trkpt lat="30.229302" lon="120.090026">
				<speed>-1.000000</speed>
				<ele>119.000000</ele>
				<time>2026-06-07T04:41:58Z</time>
			</trkpt>
			<trkpt lat="30.229337" lon="120.089961">
				<speed>-1.000000</speed>
				<ele>119.000000</ele>
				<time>2026-06-07T04:42:07Z</time>
			</trkpt>
			<trkpt lat="30.229309" lon="120.089971">
				<speed>-1.000000</speed>
				<ele>119.000000</ele>
				<time>2026-06-07T04:42:15Z</time>
			</trkpt>
			<trkpt lat="30.229357" lon="120.089943">
				<speed>-1.000000</speed>
				<ele>119.000000</ele>
				<time>2026-06-07T04:42:30Z</time>
			</trkpt>
			<trkpt lat="30.229357" lon="120.089943">
				<speed>-1.000000</speed>
				<ele>119.000000</ele>
				<time>2026-06-07T04:42:36Z</time>
			</trkpt>
			<trkpt lat="30.229300" lon="120.089971">
				<speed>-1.000000</speed>
				<ele>119.000000</ele>
				<time>2026-06-07T04:43:11Z</time>
			</trkpt>
			<trkpt lat="30.229299" lon="120.089968">
				<speed>-1.000000</speed>
				<ele>119.000000</ele>
				<time>2026-06-07T04:43:18Z</time>
			</trkpt>
			<trkpt lat="30.229354" lon="120.089946">
				<speed>-1.000000</speed>
				<ele>119.000000</ele>
				<time>2026-06-07T04:43:49Z</time>
			</trkpt>
			<trkpt lat="30.229345" lon="120.089951">
				<speed>-1.000000</speed>
				<ele>119.000000</ele>
				<time>2026-06-07T04:43:50Z</time>
			</trkpt>
			<trkpt lat="30.229353" lon="120.089954">
				<speed>-1.000000</speed>
				<ele>119.000000</ele>
				<time>2026-06-07T04:44:06Z</time>
			</trkpt>
			<trkpt lat="30.229240" lon="120.090003">
				<speed>-1.000000</speed>
				<ele>119.000000</ele>
				<time>2026-06-07T04:44:52Z</time>
			</trkpt>
			<trkpt lat="30.229256" lon="120.089994">
				<speed>-1.000000</speed>
				<ele>119.000000</ele>
				<time>2026-06-07T04:44:58Z</time>
			</trkpt>
			<trkpt lat="30.229315" lon="120.089961">
				<speed>-1.000000</speed>
				<ele>119.000000</ele>
				<time>2026-06-07T04:45:06Z</time>
			</trkpt>
			<trkpt lat="30.229363" lon="120.089924">
				<speed>-1.000000</speed>
				<ele>119.000000</ele>
				<time>2026-06-07T04:45:24Z</time>
			</trkpt>
			<trkpt lat="30.229356" lon="120.089935">
				<speed>-1.000000</speed>
				<ele>119.000000</ele>
				<time>2026-06-07T04:45:37Z</time>
			</trkpt>
			<trkpt lat="30.229304" lon="120.089965">
				<speed>-1.000000</speed>
				<ele>119.000000</ele>
				<time>2026-06-07T04:45:47Z</time>
			</trkpt>
			<trkpt lat="30.229356" lon="120.089943">
				<speed>-1.000000</speed>
				<ele>119.000000</ele>
				<time>2026-06-07T04:46:28Z</time>
			</trkpt>
			<trkpt lat="30.229356" lon="120.089944">
				<speed>-1.000000</speed>
				<ele>119.000000</ele>
				<time>2026-06-07T04:46:35Z</time>
			</trkpt>
			<trkpt lat="30.229353" lon="120.089943">
				<speed>-1.000000</speed>
				<ele>119.000000</ele>
				<time>2026-06-07T04:46:37Z</time>
			</trkpt>
			<trkpt lat="30.229294" lon="120.089974">
				<speed>-1.000000</speed>
				<ele>119.000000</ele>
				<time>2026-06-07T04:47:28Z</time>
			</trkpt>
			<trkpt lat="30.229340" lon="120.089944">
				<speed>-1.000000</speed>
				<ele>119.000000</ele>
				<time>2026-06-07T04:47:43Z</time>
			</trkpt>
			<trkpt lat="30.229347" lon="120.089943">
				<speed>-1.000000</speed>
				<ele>119.000000</ele>
				<time>2026-06-07T04:47:45Z</time>
			</trkpt>
			<trkpt lat="30.229295" lon="120.089974">
				<speed>-1.000000</speed>
				<ele>119.000000</ele>
				<time>2026-06-07T04:48:22Z</time>
			</trkpt>
			<trkpt lat="30.229293" lon="120.090002">
				<speed>-1.000000</speed>
				<ele>119.000000</ele>
				<time>2026-06-07T04:48:54Z</time>
			</trkpt>
			<trkpt lat="30.229365" lon="120.089907">
				<speed>-1.000000</speed>
				<ele>119.000000</ele>
				<time>2026-06-07T04:49:04Z</time>
			</trkpt>
			<trkpt lat="30.229265" lon="120.089990">
				<speed>-1.000000</speed>
				<ele>119.000000</ele>
				<time>2026-06-07T04:49:09Z</time>
			</trkpt>
			<trkpt lat="30.229177" lon="120.090103">
				<speed>0.899309</speed>
				<ele>117.000000</ele>
				<time>2026-06-07T04:49:15Z</time>
			</trkpt>
			<trkpt lat="30.229129" lon="120.090094">
				<speed>0.879318</speed>
				<ele>118.000000</ele>
				<time>2026-06-07T04:49:21Z</time>
			</trkpt>
			<trkpt lat="30.229086" lon="120.090121">
				<speed>1.040784</speed>
				<ele>117.000000</ele>
				<time>2026-06-07T04:49:28Z</time>
			</trkpt>
			<trkpt lat="30.229082" lon="120.090174">
				<speed>0.963321</speed>
				<ele>117.000000</ele>
				<time>2026-06-07T04:49:33Z</time>
			</trkpt>
			<trkpt lat="30.229125" lon="120.090219">
				<speed>1.107691</speed>
				<ele>116.000000</ele>
				<time>2026-06-07T04:49:38Z</time>
			</trkpt>
			<trkpt lat="30.229154" lon="120.090260">
				<speed>0.917610</speed>
				<ele>115.000000</ele>
				<time>2026-06-07T04:49:43Z</time>
			</trkpt>
			<trkpt lat="30.229172" lon="120.090312">
				<speed>0.866883</speed>
				<ele>115.000000</ele>
				<time>2026-06-07T04:49:48Z</time>
			</trkpt>
			<trkpt lat="30.229208" lon="120.090360">
				<speed>1.164627</speed>
				<ele>115.000000</ele>
				<time>2026-06-07T04:49:52Z</time>
			</trkpt>
			<trkpt lat="30.229228" lon="120.090411">
				<speed>1.310329</speed>
				<ele>115.000000</ele>
				<time>2026-06-07T04:49:58Z</time>
			</trkpt>
			<trkpt lat="30.229240" lon="120.090462">
				<speed>0.979607</speed>
				<ele>113.000000</ele>
				<time>2026-06-07T04:50:04Z</time>
			</trkpt>
			<trkpt lat="30.229245" lon="120.090515">
				<speed>1.027806</speed>
				<ele>112.000000</ele>
				<time>2026-06-07T04:50:09Z</time>
			</trkpt>
			<trkpt lat="30.229249" lon="120.090573">
				<speed>1.386670</speed>
				<ele>112.000000</ele>
				<time>2026-06-07T04:50:14Z</time>
			</trkpt>
			<trkpt lat="30.229218" lon="120.090623">
				<speed>1.231774</speed>
				<ele>112.000000</ele>
				<time>2026-06-07T04:50:19Z</time>
			</trkpt>
			<trkpt lat="30.229170" lon="120.090652">
				<speed>0.938419</speed>
				<ele>112.000000</ele>
				<time>2026-06-07T04:50:24Z</time>
			</trkpt>
			<trkpt lat="30.229123" lon="120.090655">
				<speed>1.071998</speed>
				<ele>113.000000</ele>
				<time>2026-06-07T04:50:29Z</time>
			</trkpt>
			<trkpt lat="30.229078" lon="120.090665">
				<speed>1.192975</speed>
				<ele>113.000000</ele>
				<time>2026-06-07T04:50:33Z</time>
			</trkpt>
			<trkpt lat="30.229031" lon="120.090692">
				<speed>1.229999</speed>
				<ele>112.000000</ele>
				<time>2026-06-07T04:50:38Z</time>
			</trkpt>
			<trkpt lat="30.228990" lon="120.090726">
				<speed>1.133036</speed>
				<ele>112.000000</ele>
				<time>2026-06-07T04:50:43Z</time>
			</trkpt>
			<trkpt lat="30.228936" lon="120.090723">
				<speed>0.993414</speed>
				<ele>110.000000</ele>
				<time>2026-06-07T04:50:54Z</time>
			</trkpt>
			<trkpt lat="30.228883" lon="120.090739">
				<speed>1.030797</speed>
				<ele>111.000000</ele>
				<time>2026-06-07T04:50:59Z</time>
			</trkpt>
			<trkpt lat="30.228840" lon="120.090767">
				<speed>1.085927</speed>
				<ele>111.000000</ele>
				<time>2026-06-07T04:51:03Z</time>
			</trkpt>
			<trkpt lat="30.228808" lon="120.090807">
				<speed>1.129183</speed>
				<ele>111.000000</ele>
				<time>2026-06-07T04:51:07Z</time>
			</trkpt>
			<trkpt lat="30.228763" lon="120.090845">
				<speed>1.123282</speed>
				<ele>110.000000</ele>
				<time>2026-06-07T04:51:12Z</time>
			</trkpt>
			<trkpt lat="30.228712" lon="120.090855">
				<speed>1.108021</speed>
				<ele>110.000000</ele>
				<time>2026-06-07T04:51:17Z</time>
			</trkpt>
			<trkpt lat="30.228660" lon="120.090866">
				<speed>1.101570</speed>
				<ele>110.000000</ele>
				<time>2026-06-07T04:51:22Z</time>
			</trkpt>
			<trkpt lat="30.228605" lon="120.090878">
				<speed>1.177314</speed>
				<ele>110.000000</ele>
				<time>2026-06-07T04:51:27Z</time>
			</trkpt>
			<trkpt lat="30.228552" lon="120.090877">
				<speed>1.263813</speed>
				<ele>110.000000</ele>
				<time>2026-06-07T04:51:32Z</time>
			</trkpt>
			<trkpt lat="30.228503" lon="120.090894">
				<speed>1.113872</speed>
				<ele>110.000000</ele>
				<time>2026-06-07T04:51:37Z</time>
			</trkpt>
			<trkpt lat="30.228454" lon="120.090903">
				<speed>1.060484</speed>
				<ele>110.000000</ele>
				<time>2026-06-07T04:51:42Z</time>
			</trkpt>
			<trkpt lat="30.228422" lon="120.090951">
				<speed>0.940159</speed>
				<ele>111.000000</ele>
				<time>2026-06-07T04:51:47Z</time>
			</trkpt>
			<trkpt lat="30.228425" lon="120.091008">
				<speed>1.117336</speed>
				<ele>111.000000</ele>
				<time>2026-06-07T04:51:52Z</time>
			</trkpt>
			<trkpt lat="30.228455" lon="120.091053">
				<speed>0.787102</speed>
				<ele>110.000000</ele>
				<time>2026-06-07T04:51:58Z</time>
			</trkpt>
			<trkpt lat="30.228500" lon="120.091075">
				<speed>0.973612</speed>
				<ele>110.000000</ele>
				<time>2026-06-07T04:52:02Z</time>
			</trkpt>
			<trkpt lat="30.228548" lon="120.091092">
				<speed>0.995108</speed>
				<ele>109.000000</ele>
				<time>2026-06-07T04:52:07Z</time>
			</trkpt>
			<trkpt lat="30.228600" lon="120.091103">
				<speed>0.873066</speed>
				<ele>109.000000</ele>
				<time>2026-06-07T04:52:13Z</time>
			</trkpt>
			<trkpt lat="30.228652" lon="120.091116">
				<speed>0.931928</speed>
				<ele>110.000000</ele>
				<time>2026-06-07T04:52:18Z</time>
			</trkpt>
			<trkpt lat="30.228699" lon="120.091127">
				<speed>1.057297</speed>
				<ele>110.000000</ele>
				<time>2026-06-07T04:52:23Z</time>
			</trkpt>
			<trkpt lat="30.228750" lon="120.091151">
				<speed>1.209775</speed>
				<ele>109.000000</ele>
				<time>2026-06-07T04:52:28Z</time>
			</trkpt>
			<trkpt lat="30.228802" lon="120.091163">
				<speed>1.139981</speed>
				<ele>109.000000</ele>
				<time>2026-06-07T04:52:33Z</time>
			</trkpt>
			<trkpt lat="30.228849" lon="120.091176">
				<speed>0.893225</speed>
				<ele>108.000000</ele>
				<time>2026-06-07T04:52:38Z</time>
			</trkpt>
			<trkpt lat="30.228903" lon="120.091191">
				<speed>1.209283</speed>
				<ele>109.000000</ele>
				<time>2026-06-07T04:52:43Z</time>
			</trkpt>
			<trkpt lat="30.228953" lon="120.091207">
				<speed>1.350906</speed>
				<ele>108.000000</ele>
				<time>2026-06-07T04:52:47Z</time>
			</trkpt>
			<trkpt lat="30.228998" lon="120.091225">
				<speed>1.157801</speed>
				<ele>108.000000</ele>
				<time>2026-06-07T04:52:51Z</time>
			</trkpt>
			<trkpt lat="30.229032" lon="120.091266">
				<speed>1.050607</speed>
				<ele>108.000000</ele>
				<time>2026-06-07T04:52:56Z</time>
			</trkpt>
			<trkpt lat="30.229017" lon="120.091320">
				<speed>0.949863</speed>
				<ele>107.000000</ele>
				<time>2026-06-07T04:53:00Z</time>
			</trkpt>
			<trkpt lat="30.229007" lon="120.091380">
				<speed>1.292875</speed>
				<ele>108.000000</ele>
				<time>2026-06-07T04:53:04Z</time>
			</trkpt>
			<trkpt lat="30.228997" lon="120.091434">
				<speed>1.363345</speed>
				<ele>107.000000</ele>
				<time>2026-06-07T04:53:08Z</time>
			</trkpt>
			<trkpt lat="30.228998" lon="120.091498">
				<speed>1.192246</speed>
				<ele>107.000000</ele>
				<time>2026-06-07T04:53:13Z</time>
			</trkpt>
			<trkpt lat="30.228996" lon="120.091553">
				<speed>1.215336</speed>
				<ele>106.000000</ele>
				<time>2026-06-07T04:53:17Z</time>
			</trkpt>
			<trkpt lat="30.228994" lon="120.091619">
				<speed>1.223017</speed>
				<ele>106.000000</ele>
				<time>2026-06-07T04:53:22Z</time>
			</trkpt>
			<trkpt lat="30.228995" lon="120.091682">
				<speed>1.108429</speed>
				<ele>106.000000</ele>
				<time>2026-06-07T04:53:27Z</time>
			</trkpt>
			<trkpt lat="30.228999" lon="120.091747">
				<speed>1.253521</speed>
				<ele>107.000000</ele>
				<time>2026-06-07T04:53:32Z</time>
			</trkpt>
			<trkpt lat="30.229002" lon="120.091802">
				<speed>0.960884</speed>
				<ele>106.000000</ele>
				<time>2026-06-07T04:53:37Z</time>
			</trkpt>
			<trkpt lat="30.229008" lon="120.091857">
				<speed>1.091958</speed>
				<ele>106.000000</ele>
				<time>2026-06-07T04:53:41Z</time>
			</trkpt>
			<trkpt lat="30.229028" lon="120.091914">
				<speed>1.045089</speed>
				<ele>106.000000</ele>
				<time>2026-06-07T04:53:45Z</time>
			</trkpt>
			<trkpt lat="30.229044" lon="120.091968">
				<speed>1.323131</speed>
				<ele>105.000000</ele>
				<time>2026-06-07T04:53:49Z</time>
			</trkpt>
			<trkpt lat="30.229058" lon="120.092025">
				<speed>1.601209</speed>
				<ele>105.000000</ele>
				<time>2026-06-07T04:53:53Z</time>
			</trkpt>
			<trkpt lat="30.229082" lon="120.092077">
				<speed>1.360584</speed>
				<ele>105.000000</ele>
				<time>2026-06-07T04:53:57Z</time>
			</trkpt>
			<trkpt lat="30.229107" lon="120.092126">
				<speed>1.291355</speed>
				<ele>104.000000</ele>
				<time>2026-06-07T04:54:01Z</time>
			</trkpt>
			<trkpt lat="30.229136" lon="120.092168">
				<speed>1.064552</speed>
				<ele>104.000000</ele>
				<time>2026-06-07T04:54:05Z</time>
			</trkpt>
			<trkpt lat="30.229163" lon="120.092211">
				<speed>1.223853</speed>
				<ele>104.000000</ele>
				<time>2026-06-07T04:54:09Z</time>
			</trkpt>
			<trkpt lat="30.229198" lon="120.092255">
				<speed>1.426949</speed>
				<ele>104.000000</ele>
				<time>2026-06-07T04:54:13Z</time>
			</trkpt>
			<trkpt lat="30.229228" lon="120.092299">
				<speed>1.367108</speed>
				<ele>103.000000</ele>
				<time>2026-06-07T04:54:17Z</time>
			</trkpt>
			<trkpt lat="30.229259" lon="120.092343">
				<speed>1.383299</speed>
				<ele>102.000000</ele>
				<time>2026-06-07T04:54:21Z</time>
			</trkpt>
			<trkpt lat="30.229288" lon="120.092384">
				<speed>1.187582</speed>
				<ele>101.000000</ele>
				<time>2026-06-07T04:54:25Z</time>
			</trkpt>
			<trkpt lat="30.229323" lon="120.092426">
				<speed>1.339577</speed>
				<ele>101.000000</ele>
				<time>2026-06-07T04:54:29Z</time>
			</trkpt>
			<trkpt lat="30.229355" lon="120.092473">
				<speed>1.309651</speed>
				<ele>101.000000</ele>
				<time>2026-06-07T04:54:33Z</time>
			</trkpt>
			<trkpt lat="30.229388" lon="120.092516">
				<speed>1.374906</speed>
				<ele>101.000000</ele>
				<time>2026-06-07T04:54:37Z</time>
			</trkpt>
			<trkpt lat="30.229413" lon="120.092562">
				<speed>1.375563</speed>
				<ele>100.000000</ele>
				<time>2026-06-07T04:54:41Z</time>
			</trkpt>
			<trkpt lat="30.229442" lon="120.092609">
				<speed>0.926825</speed>
				<ele>99.000000</ele>
				<time>2026-06-07T04:54:46Z</time>
			</trkpt>
			<trkpt lat="30.229478" lon="120.092653">
				<speed>1.324708</speed>
				<ele>99.000000</ele>
				<time>2026-06-07T04:54:50Z</time>
			</trkpt>
			<trkpt lat="30.229515" lon="120.092685">
				<speed>1.075832</speed>
				<ele>99.000000</ele>
				<time>2026-06-07T04:54:54Z</time>
			</trkpt>
			<trkpt lat="30.229556" lon="120.092734">
				<speed>1.387294</speed>
				<ele>99.000000</ele>
				<time>2026-06-07T04:54:58Z</time>
			</trkpt>
			<trkpt lat="30.229592" lon="120.092777">
				<speed>1.310402</speed>
				<ele>99.000000</ele>
				<time>2026-06-07T04:55:02Z</time>
			</trkpt>
			<trkpt lat="30.229627" lon="120.092823">
				<speed>1.454378</speed>
				<ele>98.000000</ele>
				<time>2026-06-07T04:55:06Z</time>
			</trkpt>
			<trkpt lat="30.229666" lon="120.092862">
				<speed>1.507690</speed>
				<ele>98.000000</ele>
				<time>2026-06-07T04:55:10Z</time>
			</trkpt>
			<trkpt lat="30.229715" lon="120.092886">
				<speed>1.504144</speed>
				<ele>98.000000</ele>
				<time>2026-06-07T04:55:14Z</time>
			</trkpt>
			<trkpt lat="30.229749" lon="120.092939">
				<speed>1.492835</speed>
				<ele>97.000000</ele>
				<time>2026-06-07T04:55:18Z</time>
			</trkpt>
			<trkpt lat="30.229793" lon="120.092979">
				<speed>1.480693</speed>
				<ele>96.000000</ele>
				<time>2026-06-07T04:55:22Z</time>
			</trkpt>
			<trkpt lat="30.229832" lon="120.093020">
				<speed>1.522620</speed>
				<ele>97.000000</ele>
				<time>2026-06-07T04:55:26Z</time>
			</trkpt>
			<trkpt lat="30.229864" lon="120.093062">
				<speed>1.497301</speed>
				<ele>96.000000</ele>
				<time>2026-06-07T04:55:30Z</time>
			</trkpt>
			<trkpt lat="30.229889" lon="120.093108">
				<speed>1.516583</speed>
				<ele>96.000000</ele>
				<time>2026-06-07T04:55:34Z</time>
			</trkpt>
			<trkpt lat="30.229924" lon="120.093143">
				<speed>1.396380</speed>
				<ele>95.000000</ele>
				<time>2026-06-07T04:55:38Z</time>
			</trkpt>
			<trkpt lat="30.229958" lon="120.093191">
				<speed>1.501547</speed>
				<ele>95.000000</ele>
				<time>2026-06-07T04:55:42Z</time>
			</trkpt>
			<trkpt lat="30.229993" lon="120.093240">
				<speed>1.516894</speed>
				<ele>95.000000</ele>
				<time>2026-06-07T04:55:46Z</time>
			</trkpt>
			<trkpt lat="30.230024" lon="120.093282">
				<speed>1.519629</speed>
				<ele>95.000000</ele>
				<time>2026-06-07T04:55:50Z</time>
			</trkpt>
			<trkpt lat="30.230056" lon="120.093324">
				<speed>1.467271</speed>
				<ele>95.000000</ele>
				<time>2026-06-07T04:55:54Z</time>
			</trkpt>
			<trkpt lat="30.230096" lon="120.093368">
				<speed>1.488424</speed>
				<ele>95.000000</ele>
				<time>2026-06-07T04:55:58Z</time>
			</trkpt>
			<trkpt lat="30.230133" lon="120.093402">
				<speed>1.353627</speed>
				<ele>96.000000</ele>
				<time>2026-06-07T04:56:02Z</time>
			</trkpt>
			<trkpt lat="30.230159" lon="120.093455">
				<speed>1.521186</speed>
				<ele>96.000000</ele>
				<time>2026-06-07T04:56:06Z</time>
			</trkpt>
			<trkpt lat="30.230182" lon="120.093506">
				<speed>1.411607</speed>
				<ele>96.000000</ele>
				<time>2026-06-07T04:56:10Z</time>
			</trkpt>
			<trkpt lat="30.230207" lon="120.093561">
				<speed>1.200310</speed>
				<ele>97.000000</ele>
				<time>2026-06-07T04:56:15Z</time>
			</trkpt>
			<trkpt lat="30.230216" lon="120.093615">
				<speed>1.446013</speed>
				<ele>97.000000</ele>
				<time>2026-06-07T04:56:19Z</time>
			</trkpt>
			<trkpt lat="30.230248" lon="120.093659">
				<speed>1.483731</speed>
				<ele>97.000000</ele>
				<time>2026-06-07T04:56:22Z</time>
			</trkpt>
			<trkpt lat="30.230272" lon="120.093714">
				<speed>1.142079</speed>
				<ele>97.000000</ele>
				<time>2026-06-07T04:56:26Z</time>
			</trkpt>
			<trkpt lat="30.230305" lon="120.093763">
				<speed>1.167127</speed>
				<ele>97.000000</ele>
				<time>2026-06-07T04:56:31Z</time>
			</trkpt>
			<trkpt lat="30.230346" lon="120.093809">
				<speed>1.418258</speed>
				<ele>97.000000</ele>
				<time>2026-06-07T04:56:35Z</time>
			</trkpt>
			<trkpt lat="30.230386" lon="120.093846">
				<speed>1.498990</speed>
				<ele>97.000000</ele>
				<time>2026-06-07T04:56:39Z</time>
			</trkpt>
			<trkpt lat="30.230426" lon="120.093891">
				<speed>1.331342</speed>
				<ele>97.000000</ele>
				<time>2026-06-07T04:56:44Z</time>
			</trkpt>
			<trkpt lat="30.230468" lon="120.093916">
				<speed>0.797372</speed>
				<ele>98.000000</ele>
				<time>2026-06-07T04:56:48Z</time>
			</trkpt>
			<trkpt lat="30.230506" lon="120.093945">
				<speed>1.232145</speed>
				<ele>98.000000</ele>
				<time>2026-06-07T04:56:52Z</time>
			</trkpt>
			<trkpt lat="30.230553" lon="120.093964">
				<speed>1.249258</speed>
				<ele>98.000000</ele>
				<time>2026-06-07T04:56:56Z</time>
			</trkpt>
			<trkpt lat="30.230615" lon="120.093993">
				<speed>1.531749</speed>
				<ele>99.000000</ele>
				<time>2026-06-07T04:57:00Z</time>
			</trkpt>
			<trkpt lat="30.230668" lon="120.094005">
				<speed>1.188330</speed>
				<ele>98.000000</ele>
				<time>2026-06-07T04:57:04Z</time>
			</trkpt>
			<trkpt lat="30.230711" lon="120.094022">
				<speed>1.514930</speed>
				<ele>98.000000</ele>
				<time>2026-06-07T04:57:07Z</time>
			</trkpt>
			<trkpt lat="30.230769" lon="120.094022">
				<speed>1.620097</speed>
				<ele>97.000000</ele>
				<time>2026-06-07T04:57:11Z</time>
			</trkpt>
			<trkpt lat="30.230814" lon="120.094036">
				<speed>1.807566</speed>
				<ele>96.000000</ele>
				<time>2026-06-07T04:57:13Z</time>
			</trkpt>
			<trkpt lat="30.230862" lon="120.094049">
				<speed>1.821731</speed>
				<ele>97.000000</ele>
				<time>2026-06-07T04:57:15Z</time>
			</trkpt>
			<trkpt lat="30.230919" lon="120.094072">
				<speed>2.432849</speed>
				<ele>97.000000</ele>
				<time>2026-06-07T04:57:17Z</time>
			</trkpt>
			<trkpt lat="30.230974" lon="120.094108">
				<speed>4.686984</speed>
				<ele>95.000000</ele>
				<time>2026-06-07T04:57:18Z</time>
			</trkpt>
			<trkpt lat="30.231028" lon="120.094117">
				<speed>4.747008</speed>
				<ele>95.000000</ele>
				<time>2026-06-07T04:57:19Z</time>
			</trkpt>
			<trkpt lat="30.231132" lon="120.094134">
				<speed>4.922662</speed>
				<ele>95.000000</ele>
				<time>2026-06-07T04:57:21Z</time>
			</trkpt>
			<trkpt lat="30.231230" lon="120.094161">
				<speed>4.439913</speed>
				<ele>94.000000</ele>
				<time>2026-06-07T04:57:23Z</time>
			</trkpt>
			<trkpt lat="30.231287" lon="120.094201">
				<speed>2.713307</speed>
				<ele>89.000000</ele>
				<time>2026-06-07T04:57:25Z</time>
			</trkpt>
			<trkpt lat="30.231302" lon="120.094259">
				<speed>1.507470</speed>
				<ele>90.000000</ele>
				<time>2026-06-07T04:57:29Z</time>
			</trkpt>
			<trkpt lat="30.231302" lon="120.094324">
				<speed>2.483713</speed>
				<ele>89.000000</ele>
				<time>2026-06-07T04:57:31Z</time>
			</trkpt>
			<trkpt lat="30.231358" lon="120.094330">
				<speed>1.324538</speed>
				<ele>90.000000</ele>
				<time>2026-06-07T04:57:36Z</time>
			</trkpt>
			<trkpt lat="30.231408" lon="120.094339">
				<speed>1.056566</speed>
				<ele>87.000000</ele>
				<time>2026-06-07T04:57:59Z</time>
			</trkpt>
		</trkseg>
	</trk>
	<extensions>
		<name>2026-06-07 09:51:54</name>
		<TrackTypeId>8</TrackTypeId>
		<SportType>18</SportType>
		<TrackTags><![CDATA[徒步]]></TrackTags>
		<BeginTime>1780797114000</BeginTime>
		<EndTime>1780808326768</EndTime>
		<PauseTime>2</PauseTime>
		<StartDistrictId>0</StartDistrictId>
		<EndDistrictId>0</EndDistrictId>
		<CreaterId>56392261</CreaterId>
		<CreaterName><![CDATA[Andy 的游历]]></CreaterName>
		<OriginCreaterId>56392261</OriginCreaterId>
		<OriginCreaterName><![CDATA[Andy 的游历]]></OriginCreaterName>
		<Distance>10837.195848</Distance>
		<ElevationGain>423.320000</ElevationGain>
		<ElevationLoss>343.240000</ElevationLoss>
		<SportAvgSpeed>0.966755</SportAvgSpeed>
	</extensions>
</gpx>
