<?xml version="1.0" encoding="UTF-8"?>
<gpx xmlns="http://www.topografix.com/GPX/1/1" version="1.1" creator="GPSBabel - http://www.gpsbabel.org">
	<metadata>
		<author>
			<name><![CDATA[Andy 的游历]]></name>
		</author>
	</metadata>
	<trk>
		<trkseg>
			<trkpt lat="24.819568" lon="110.389800">
				<speed>1.143867</speed>
				<ele>136.000000</ele>
				<time>2026-01-25T01:40:07Z</time>
			</trkpt>
			<trkpt lat="24.819526" lon="110.389823">
				<speed>1.161819</speed>
				<ele>135.000000</ele>
				<time>2026-01-25T01:40:11Z</time>
			</trkpt>
			<trkpt lat="24.819483" lon="110.389841">
				<speed>0.992602</speed>
				<ele>134.000000</ele>
				<time>2026-01-25T01:40:16Z</time>
			</trkpt>
			<trkpt lat="24.819433" lon="110.389858">
				<speed>1.183526</speed>
				<ele>134.000000</ele>
				<time>2026-01-25T01:40:20Z</time>
			</trkpt>
			<trkpt lat="24.819405" lon="110.389817">
				<speed>1.060581</speed>
				<ele>135.000000</ele>
				<time>2026-01-25T01:40:25Z</time>
			</trkpt>
			<trkpt lat="24.819394" lon="110.389768">
				<speed>0.999595</speed>
				<ele>134.000000</ele>
				<time>2026-01-25T01:40:30Z</time>
			</trkpt>
			<trkpt lat="24.819370" lon="110.389722">
				<speed>0.403258</speed>
				<ele>135.000000</ele>
				<time>2026-01-25T01:40:34Z</time>
			</trkpt>
			<trkpt lat="24.819344" lon="110.389669">
				<speed>0.657192</speed>
				<ele>135.000000</ele>
				<time>2026-01-25T01:40:39Z</time>
			</trkpt>
			<trkpt lat="24.819317" lon="110.389620">
				<speed>0.830407</speed>
				<ele>135.000000</ele>
				<time>2026-01-25T01:40:44Z</time>
			</trkpt>
			<trkpt lat="24.819301" lon="110.389565">
				<speed>0.974311</speed>
				<ele>135.000000</ele>
				<time>2026-01-25T01:40:48Z</time>
			</trkpt>
			<trkpt lat="24.819278" lon="110.389508">
				<speed>1.008783</speed>
				<ele>136.000000</ele>
				<time>2026-01-25T01:40:53Z</time>
			</trkpt>
			<trkpt lat="24.819253" lon="110.389454">
				<speed>1.084912</speed>
				<ele>135.000000</ele>
				<time>2026-01-25T01:40:58Z</time>
			</trkpt>
			<trkpt lat="24.819231" lon="110.389405">
				<speed>0.806887</speed>
				<ele>136.000000</ele>
				<time>2026-01-25T01:41:02Z</time>
			</trkpt>
			<trkpt lat="24.819209" lon="110.389354">
				<speed>1.029198</speed>
				<ele>136.000000</ele>
				<time>2026-01-25T01:41:07Z</time>
			</trkpt>
			<trkpt lat="24.819180" lon="110.389308">
				<speed>0.762549</speed>
				<ele>135.000000</ele>
				<time>2026-01-25T01:41:12Z</time>
			</trkpt>
			<trkpt lat="24.819158" lon="110.389249">
				<speed>0.951323</speed>
				<ele>136.000000</ele>
				<time>2026-01-25T01:41:17Z</time>
			</trkpt>
			<trkpt lat="24.819133" lon="110.389193">
				<speed>0.913858</speed>
				<ele>136.000000</ele>
				<time>2026-01-25T01:41:22Z</time>
			</trkpt>
			<trkpt lat="24.819072" lon="110.389181">
				<speed>1.655054</speed>
				<ele>136.000000</ele>
				<time>2026-01-25T01:41:26Z</time>
			</trkpt>
			<trkpt lat="24.819027" lon="110.389174">
				<speed>0.960517</speed>
				<ele>136.000000</ele>
				<time>2026-01-25T01:41:30Z</time>
			</trkpt>
			<trkpt lat="24.818980" lon="110.389190">
				<speed>0.751883</speed>
				<ele>137.000000</ele>
				<time>2026-01-25T01:41:37Z</time>
			</trkpt>
			<trkpt lat="24.818968" lon="110.389142">
				<speed>0.912440</speed>
				<ele>132.000000</ele>
				<time>2026-01-25T01:41:46Z</time>
			</trkpt>
			<trkpt lat="24.818941" lon="110.389099">
				<speed>0.483784</speed>
				<ele>132.000000</ele>
				<time>2026-01-25T01:41:51Z</time>
			</trkpt>
			<trkpt lat="24.818921" lon="110.389053">
				<speed>0.509516</speed>
				<ele>132.000000</ele>
				<time>2026-01-25T01:41:56Z</time>
			</trkpt>
			<trkpt lat="24.818909" lon="110.389108">
				<speed>1.277787</speed>
				<ele>130.000000</ele>
				<time>2026-01-25T01:42:01Z</time>
			</trkpt>
			<trkpt lat="24.818880" lon="110.389148">
				<speed>0.797481</speed>
				<ele>130.000000</ele>
				<time>2026-01-25T01:42:07Z</time>
			</trkpt>
			<trkpt lat="24.818834" lon="110.389172">
				<speed>1.244204</speed>
				<ele>130.000000</ele>
				<time>2026-01-25T01:42:11Z</time>
			</trkpt>
			<trkpt lat="24.818782" lon="110.389196">
				<speed>1.292450</speed>
				<ele>132.000000</ele>
				<time>2026-01-25T01:42:16Z</time>
			</trkpt>
			<trkpt lat="24.818739" lon="110.389214">
				<speed>1.173417</speed>
				<ele>132.000000</ele>
				<time>2026-01-25T01:42:20Z</time>
			</trkpt>
			<trkpt lat="24.818693" lon="110.389234">
				<speed>1.071225</speed>
				<ele>132.000000</ele>
				<time>2026-01-25T01:42:25Z</time>
			</trkpt>
			<trkpt lat="24.818647" lon="110.389259">
				<speed>0.951725</speed>
				<ele>132.000000</ele>
				<time>2026-01-25T01:42:30Z</time>
			</trkpt>
			<trkpt lat="24.818604" lon="110.389278">
				<speed>1.092056</speed>
				<ele>132.000000</ele>
				<time>2026-01-25T01:42:34Z</time>
			</trkpt>
			<trkpt lat="24.818570" lon="110.389319">
				<speed>0.986573</speed>
				<ele>131.000000</ele>
				<time>2026-01-25T01:42:39Z</time>
			</trkpt>
			<trkpt lat="24.818533" lon="110.389351">
				<speed>1.358247</speed>
				<ele>132.000000</ele>
				<time>2026-01-25T01:42:43Z</time>
			</trkpt>
			<trkpt lat="24.818502" lon="110.389387">
				<speed>1.208141</speed>
				<ele>132.000000</ele>
				<time>2026-01-25T01:42:47Z</time>
			</trkpt>
			<trkpt lat="24.818471" lon="110.389429">
				<speed>1.164608</speed>
				<ele>132.000000</ele>
				<time>2026-01-25T01:42:51Z</time>
			</trkpt>
			<trkpt lat="24.818437" lon="110.389478">
				<speed>1.120726</speed>
				<ele>132.000000</ele>
				<time>2026-01-25T01:42:56Z</time>
			</trkpt>
			<trkpt lat="24.818401" lon="110.389513">
				<speed>1.028285</speed>
				<ele>131.000000</ele>
				<time>2026-01-25T01:43:02Z</time>
			</trkpt>
			<trkpt lat="24.818364" lon="110.389556">
				<speed>1.205928</speed>
				<ele>131.000000</ele>
				<time>2026-01-25T01:43:07Z</time>
			</trkpt>
			<trkpt lat="24.818330" lon="110.389596">
				<speed>1.178328</speed>
				<ele>131.000000</ele>
				<time>2026-01-25T01:43:11Z</time>
			</trkpt>
			<trkpt lat="24.818293" lon="110.389628">
				<speed>1.063752</speed>
				<ele>132.000000</ele>
				<time>2026-01-25T01:43:15Z</time>
			</trkpt>
			<trkpt lat="24.818255" lon="110.389664">
				<speed>1.303758</speed>
				<ele>132.000000</ele>
				<time>2026-01-25T01:43:19Z</time>
			</trkpt>
			<trkpt lat="24.818216" lon="110.389695">
				<speed>1.143335</speed>
				<ele>132.000000</ele>
				<time>2026-01-25T01:43:23Z</time>
			</trkpt>
			<trkpt lat="24.818166" lon="110.389720">
				<speed>1.173597</speed>
				<ele>133.000000</ele>
				<time>2026-01-25T01:43:28Z</time>
			</trkpt>
			<trkpt lat="24.818118" lon="110.389738">
				<speed>1.093691</speed>
				<ele>132.000000</ele>
				<time>2026-01-25T01:43:33Z</time>
			</trkpt>
			<trkpt lat="24.818070" lon="110.389756">
				<speed>1.319958</speed>
				<ele>132.000000</ele>
				<time>2026-01-25T01:43:37Z</time>
			</trkpt>
			<trkpt lat="24.818024" lon="110.389773">
				<speed>1.317638</speed>
				<ele>132.000000</ele>
				<time>2026-01-25T01:43:41Z</time>
			</trkpt>
			<trkpt lat="24.817971" lon="110.389792">
				<speed>1.319479</speed>
				<ele>132.000000</ele>
				<time>2026-01-25T01:43:46Z</time>
			</trkpt>
			<trkpt lat="24.817916" lon="110.389812">
				<speed>1.330146</speed>
				<ele>132.000000</ele>
				<time>2026-01-25T01:43:51Z</time>
			</trkpt>
			<trkpt lat="24.817883" lon="110.389846">
				<speed>1.466237</speed>
				<ele>133.000000</ele>
				<time>2026-01-25T01:43:56Z</time>
			</trkpt>
			<trkpt lat="24.817836" lon="110.389871">
				<speed>0.944101</speed>
				<ele>133.000000</ele>
				<time>2026-01-25T01:44:01Z</time>
			</trkpt>
			<trkpt lat="24.817797" lon="110.389900">
				<speed>0.911175</speed>
				<ele>132.000000</ele>
				<time>2026-01-25T01:44:06Z</time>
			</trkpt>
			<trkpt lat="24.817752" lon="110.389937">
				<speed>1.185425</speed>
				<ele>133.000000</ele>
				<time>2026-01-25T01:44:11Z</time>
			</trkpt>
			<trkpt lat="24.817711" lon="110.389969">
				<speed>1.168795</speed>
				<ele>132.000000</ele>
				<time>2026-01-25T01:44:16Z</time>
			</trkpt>
			<trkpt lat="24.817670" lon="110.390004">
				<speed>1.203039</speed>
				<ele>132.000000</ele>
				<time>2026-01-25T01:44:21Z</time>
			</trkpt>
			<trkpt lat="24.817633" lon="110.390036">
				<speed>0.803875</speed>
				<ele>132.000000</ele>
				<time>2026-01-25T01:44:26Z</time>
			</trkpt>
			<trkpt lat="24.817591" lon="110.390065">
				<speed>1.084260</speed>
				<ele>132.000000</ele>
				<time>2026-01-25T01:44:32Z</time>
			</trkpt>
			<trkpt lat="24.817557" lon="110.390111">
				<speed>0.824366</speed>
				<ele>131.000000</ele>
				<time>2026-01-25T01:44:37Z</time>
			</trkpt>
			<trkpt lat="24.817526" lon="110.390149">
				<speed>1.105549</speed>
				<ele>132.000000</ele>
				<time>2026-01-25T01:44:41Z</time>
			</trkpt>
			<trkpt lat="24.817486" lon="110.390188">
				<speed>1.280000</speed>
				<ele>133.000000</ele>
				<time>2026-01-25T01:44:46Z</time>
			</trkpt>
			<trkpt lat="24.817446" lon="110.390226">
				<speed>1.133810</speed>
				<ele>134.000000</ele>
				<time>2026-01-25T01:44:51Z</time>
			</trkpt>
			<trkpt lat="24.817406" lon="110.390264">
				<speed>1.058251</speed>
				<ele>133.000000</ele>
				<time>2026-01-25T01:44:56Z</time>
			</trkpt>
			<trkpt lat="24.817368" lon="110.390298">
				<speed>1.053779</speed>
				<ele>134.000000</ele>
				<time>2026-01-25T01:45:01Z</time>
			</trkpt>
			<trkpt lat="24.817330" lon="110.390333">
				<speed>1.165050</speed>
				<ele>134.000000</ele>
				<time>2026-01-25T01:45:05Z</time>
			</trkpt>
			<trkpt lat="24.817295" lon="110.390375">
				<speed>1.055028</speed>
				<ele>133.000000</ele>
				<time>2026-01-25T01:45:10Z</time>
			</trkpt>
			<trkpt lat="24.817262" lon="110.390420">
				<speed>1.110671</speed>
				<ele>133.000000</ele>
				<time>2026-01-25T01:45:15Z</time>
			</trkpt>
			<trkpt lat="24.817229" lon="110.390473">
				<speed>1.268103</speed>
				<ele>133.000000</ele>
				<time>2026-01-25T01:45:20Z</time>
			</trkpt>
			<trkpt lat="24.817213" lon="110.390526">
				<speed>1.172805</speed>
				<ele>134.000000</ele>
				<time>2026-01-25T01:45:25Z</time>
			</trkpt>
			<trkpt lat="24.817197" lon="110.390573">
				<speed>1.123335</speed>
				<ele>134.000000</ele>
				<time>2026-01-25T01:45:29Z</time>
			</trkpt>
			<trkpt lat="24.817180" lon="110.390621">
				<speed>1.316462</speed>
				<ele>134.000000</ele>
				<time>2026-01-25T01:45:33Z</time>
			</trkpt>
			<trkpt lat="24.817161" lon="110.390672">
				<speed>1.227602</speed>
				<ele>134.000000</ele>
				<time>2026-01-25T01:45:37Z</time>
			</trkpt>
			<trkpt lat="24.817143" lon="110.390717">
				<speed>1.269674</speed>
				<ele>135.000000</ele>
				<time>2026-01-25T01:45:41Z</time>
			</trkpt>
			<trkpt lat="24.817104" lon="110.390761">
				<speed>1.213836</speed>
				<ele>134.000000</ele>
				<time>2026-01-25T01:45:47Z</time>
			</trkpt>
			<trkpt lat="24.817067" lon="110.390796">
				<speed>1.294983</speed>
				<ele>135.000000</ele>
				<time>2026-01-25T01:45:51Z</time>
			</trkpt>
			<trkpt lat="24.817038" lon="110.390836">
				<speed>1.329233</speed>
				<ele>134.000000</ele>
				<time>2026-01-25T01:45:55Z</time>
			</trkpt>
			<trkpt lat="24.817004" lon="110.390870">
				<speed>1.175057</speed>
				<ele>133.000000</ele>
				<time>2026-01-25T01:45:59Z</time>
			</trkpt>
			<trkpt lat="24.816974" lon="110.390912">
				<speed>1.354522</speed>
				<ele>133.000000</ele>
				<time>2026-01-25T01:46:03Z</time>
			</trkpt>
			<trkpt lat="24.816943" lon="110.390953">
				<speed>1.280085</speed>
				<ele>133.000000</ele>
				<time>2026-01-25T01:46:07Z</time>
			</trkpt>
			<trkpt lat="24.816913" lon="110.390996">
				<speed>1.293472</speed>
				<ele>134.000000</ele>
				<time>2026-01-25T01:46:11Z</time>
			</trkpt>
			<trkpt lat="24.816891" lon="110.391041">
				<speed>1.297534</speed>
				<ele>134.000000</ele>
				<time>2026-01-25T01:46:15Z</time>
			</trkpt>
			<trkpt lat="24.816858" lon="110.391091">
				<speed>1.239784</speed>
				<ele>133.000000</ele>
				<time>2026-01-25T01:46:20Z</time>
			</trkpt>
			<trkpt lat="24.816826" lon="110.391131">
				<speed>1.266467</speed>
				<ele>134.000000</ele>
				<time>2026-01-25T01:46:24Z</time>
			</trkpt>
			<trkpt lat="24.816795" lon="110.391174">
				<speed>1.390277</speed>
				<ele>134.000000</ele>
				<time>2026-01-25T01:46:28Z</time>
			</trkpt>
			<trkpt lat="24.816762" lon="110.391219">
				<speed>1.034396</speed>
				<ele>133.000000</ele>
				<time>2026-01-25T01:46:33Z</time>
			</trkpt>
			<trkpt lat="24.816739" lon="110.391267">
				<speed>1.050783</speed>
				<ele>132.000000</ele>
				<time>2026-01-25T01:46:38Z</time>
			</trkpt>
			<trkpt lat="24.816725" lon="110.391321">
				<speed>1.183537</speed>
				<ele>133.000000</ele>
				<time>2026-01-25T01:46:42Z</time>
			</trkpt>
			<trkpt lat="24.816695" lon="110.391367">
				<speed>1.224075</speed>
				<ele>132.000000</ele>
				<time>2026-01-25T01:46:47Z</time>
			</trkpt>
			<trkpt lat="24.816665" lon="110.391420">
				<speed>1.244110</speed>
				<ele>132.000000</ele>
				<time>2026-01-25T01:46:52Z</time>
			</trkpt>
			<trkpt lat="24.816639" lon="110.391464">
				<speed>1.248832</speed>
				<ele>133.000000</ele>
				<time>2026-01-25T01:46:56Z</time>
			</trkpt>
			<trkpt lat="24.816616" lon="110.391513">
				<speed>0.850337</speed>
				<ele>134.000000</ele>
				<time>2026-01-25T01:47:01Z</time>
			</trkpt>
			<trkpt lat="24.816566" lon="110.391541">
				<speed>1.160036</speed>
				<ele>133.000000</ele>
				<time>2026-01-25T01:47:06Z</time>
			</trkpt>
			<trkpt lat="24.816525" lon="110.391565">
				<speed>0.406474</speed>
				<ele>131.000000</ele>
				<time>2026-01-25T01:47:11Z</time>
			</trkpt>
			<trkpt lat="24.816484" lon="110.391590">
				<speed>0.526909</speed>
				<ele>131.000000</ele>
				<time>2026-01-25T01:47:16Z</time>
			</trkpt>
			<trkpt lat="24.816452" lon="110.391635">
				<speed>0.898780</speed>
				<ele>128.000000</ele>
				<time>2026-01-25T01:47:21Z</time>
			</trkpt>
			<trkpt lat="24.816410" lon="110.391665">
				<speed>0.990853</speed>
				<ele>130.000000</ele>
				<time>2026-01-25T01:47:25Z</time>
			</trkpt>
			<trkpt lat="24.816371" lon="110.391693">
				<speed>1.254211</speed>
				<ele>130.000000</ele>
				<time>2026-01-25T01:47:29Z</time>
			</trkpt>
			<trkpt lat="24.816325" lon="110.391721">
				<speed>1.035721</speed>
				<ele>130.000000</ele>
				<time>2026-01-25T01:47:34Z</time>
			</trkpt>
			<trkpt lat="24.816281" lon="110.391744">
				<speed>1.220744</speed>
				<ele>130.000000</ele>
				<time>2026-01-25T01:47:38Z</time>
			</trkpt>
			<trkpt lat="24.816240" lon="110.391766">
				<speed>1.323576</speed>
				<ele>131.000000</ele>
				<time>2026-01-25T01:47:42Z</time>
			</trkpt>
			<trkpt lat="24.816193" lon="110.391801">
				<speed>1.313699</speed>
				<ele>131.000000</ele>
				<time>2026-01-25T01:47:47Z</time>
			</trkpt>
			<trkpt lat="24.816157" lon="110.391831">
				<speed>1.175472</speed>
				<ele>131.000000</ele>
				<time>2026-01-25T01:47:51Z</time>
			</trkpt>
			<trkpt lat="24.816124" lon="110.391866">
				<speed>1.150823</speed>
				<ele>131.000000</ele>
				<time>2026-01-25T01:47:55Z</time>
			</trkpt>
			<trkpt lat="24.816090" lon="110.391900">
				<speed>1.064986</speed>
				<ele>131.000000</ele>
				<time>2026-01-25T01:47:59Z</time>
			</trkpt>
			<trkpt lat="24.816053" lon="110.391942">
				<speed>1.422847</speed>
				<ele>132.000000</ele>
				<time>2026-01-25T01:48:03Z</time>
			</trkpt>
			<trkpt lat="24.816021" lon="110.391981">
				<speed>1.097824</speed>
				<ele>131.000000</ele>
				<time>2026-01-25T01:48:07Z</time>
			</trkpt>
			<trkpt lat="24.815984" lon="110.392016">
				<speed>0.973206</speed>
				<ele>131.000000</ele>
				<time>2026-01-25T01:48:11Z</time>
			</trkpt>
			<trkpt lat="24.815951" lon="110.392060">
				<speed>1.304045</speed>
				<ele>131.000000</ele>
				<time>2026-01-25T01:48:14Z</time>
			</trkpt>
			<trkpt lat="24.815906" lon="110.392100">
				<speed>1.341825</speed>
				<ele>131.000000</ele>
				<time>2026-01-25T01:48:19Z</time>
			</trkpt>
			<trkpt lat="24.815860" lon="110.392099">
				<speed>0.816516</speed>
				<ele>132.000000</ele>
				<time>2026-01-25T01:48:24Z</time>
			</trkpt>
			<trkpt lat="24.815806" lon="110.392069">
				<speed>1.312031</speed>
				<ele>133.000000</ele>
				<time>2026-01-25T01:48:30Z</time>
			</trkpt>
			<trkpt lat="24.815756" lon="110.392058">
				<speed>1.391412</speed>
				<ele>133.000000</ele>
				<time>2026-01-25T01:48:34Z</time>
			</trkpt>
			<trkpt lat="24.815706" lon="110.392058">
				<speed>1.514513</speed>
				<ele>132.000000</ele>
				<time>2026-01-25T01:48:38Z</time>
			</trkpt>
			<trkpt lat="24.815659" lon="110.392062">
				<speed>1.286910</speed>
				<ele>132.000000</ele>
				<time>2026-01-25T01:48:42Z</time>
			</trkpt>
			<trkpt lat="24.815610" lon="110.392071">
				<speed>1.158939</speed>
				<ele>131.000000</ele>
				<time>2026-01-25T01:48:46Z</time>
			</trkpt>
			<trkpt lat="24.815559" lon="110.392080">
				<speed>1.445189</speed>
				<ele>131.000000</ele>
				<time>2026-01-25T01:48:50Z</time>
			</trkpt>
			<trkpt lat="24.815510" lon="110.392082">
				<speed>1.275925</speed>
				<ele>131.000000</ele>
				<time>2026-01-25T01:48:54Z</time>
			</trkpt>
			<trkpt lat="24.815457" lon="110.392093">
				<speed>1.132632</speed>
				<ele>131.000000</ele>
				<time>2026-01-25T01:48:59Z</time>
			</trkpt>
			<trkpt lat="24.815411" lon="110.392094">
				<speed>0.955373</speed>
				<ele>130.000000</ele>
				<time>2026-01-25T01:49:03Z</time>
			</trkpt>
			<trkpt lat="24.815366" lon="110.392087">
				<speed>1.039745</speed>
				<ele>131.000000</ele>
				<time>2026-01-25T01:49:07Z</time>
			</trkpt>
			<trkpt lat="24.815323" lon="110.392103">
				<speed>1.102169</speed>
				<ele>131.000000</ele>
				<time>2026-01-25T01:49:12Z</time>
			</trkpt>
			<trkpt lat="24.815274" lon="110.392121">
				<speed>1.365805</speed>
				<ele>130.000000</ele>
				<time>2026-01-25T01:49:16Z</time>
			</trkpt>
			<trkpt lat="24.815218" lon="110.392136">
				<speed>1.265711</speed>
				<ele>130.000000</ele>
				<time>2026-01-25T01:49:21Z</time>
			</trkpt>
			<trkpt lat="24.815164" lon="110.392148">
				<speed>1.159568</speed>
				<ele>130.000000</ele>
				<time>2026-01-25T01:49:26Z</time>
			</trkpt>
			<trkpt lat="24.815117" lon="110.392148">
				<speed>1.191595</speed>
				<ele>131.000000</ele>
				<time>2026-01-25T01:49:30Z</time>
			</trkpt>
			<trkpt lat="24.815070" lon="110.392159">
				<speed>1.200836</speed>
				<ele>132.000000</ele>
				<time>2026-01-25T01:49:34Z</time>
			</trkpt>
			<trkpt lat="24.815018" lon="110.392182">
				<speed>1.303033</speed>
				<ele>131.000000</ele>
				<time>2026-01-25T01:49:39Z</time>
			</trkpt>
			<trkpt lat="24.814971" lon="110.392197">
				<speed>1.194915</speed>
				<ele>131.000000</ele>
				<time>2026-01-25T01:49:43Z</time>
			</trkpt>
			<trkpt lat="24.814924" lon="110.392215">
				<speed>1.266334</speed>
				<ele>131.000000</ele>
				<time>2026-01-25T01:49:47Z</time>
			</trkpt>
			<trkpt lat="24.814878" lon="110.392231">
				<speed>1.218529</speed>
				<ele>131.000000</ele>
				<time>2026-01-25T01:49:51Z</time>
			</trkpt>
			<trkpt lat="24.814837" lon="110.392258">
				<speed>1.376135</speed>
				<ele>131.000000</ele>
				<time>2026-01-25T01:49:54Z</time>
			</trkpt>
			<trkpt lat="24.814798" lon="110.392287">
				<speed>1.279945</speed>
				<ele>131.000000</ele>
				<time>2026-01-25T01:49:58Z</time>
			</trkpt>
			<trkpt lat="24.814745" lon="110.392302">
				<speed>1.117918</speed>
				<ele>131.000000</ele>
				<time>2026-01-25T01:50:03Z</time>
			</trkpt>
			<trkpt lat="24.814699" lon="110.392320">
				<speed>1.265646</speed>
				<ele>131.000000</ele>
				<time>2026-01-25T01:50:07Z</time>
			</trkpt>
			<trkpt lat="24.814651" lon="110.392333">
				<speed>1.390460</speed>
				<ele>131.000000</ele>
				<time>2026-01-25T01:50:11Z</time>
			</trkpt>
			<trkpt lat="24.814596" lon="110.392350">
				<speed>1.750128</speed>
				<ele>130.000000</ele>
				<time>2026-01-25T01:50:15Z</time>
			</trkpt>
			<trkpt lat="24.814553" lon="110.392365">
				<speed>1.130270</speed>
				<ele>130.000000</ele>
				<time>2026-01-25T01:50:19Z</time>
			</trkpt>
			<trkpt lat="24.814522" lon="110.392405">
				<speed>1.148048</speed>
				<ele>131.000000</ele>
				<time>2026-01-25T01:50:23Z</time>
			</trkpt>
			<trkpt lat="24.814486" lon="110.392439">
				<speed>1.287964</speed>
				<ele>131.000000</ele>
				<time>2026-01-25T01:50:27Z</time>
			</trkpt>
			<trkpt lat="24.814456" lon="110.392477">
				<speed>1.242571</speed>
				<ele>130.000000</ele>
				<time>2026-01-25T01:50:32Z</time>
			</trkpt>
			<trkpt lat="24.814417" lon="110.392503">
				<speed>0.634145</speed>
				<ele>129.000000</ele>
				<time>2026-01-25T01:50:45Z</time>
			</trkpt>
			<trkpt lat="24.814380" lon="110.392544">
				<speed>1.142453</speed>
				<ele>130.000000</ele>
				<time>2026-01-25T01:50:53Z</time>
			</trkpt>
			<trkpt lat="24.814344" lon="110.392585">
				<speed>1.163559</speed>
				<ele>130.000000</ele>
				<time>2026-01-25T01:50:58Z</time>
			</trkpt>
			<trkpt lat="24.814302" lon="110.392613">
				<speed>1.408870</speed>
				<ele>129.000000</ele>
				<time>2026-01-25T01:51:02Z</time>
			</trkpt>
			<trkpt lat="24.814259" lon="110.392654">
				<speed>1.374804</speed>
				<ele>130.000000</ele>
				<time>2026-01-25T01:51:07Z</time>
			</trkpt>
			<trkpt lat="24.814218" lon="110.392689">
				<speed>1.221210</speed>
				<ele>130.000000</ele>
				<time>2026-01-25T01:51:12Z</time>
			</trkpt>
			<trkpt lat="24.814175" lon="110.392727">
				<speed>1.143261</speed>
				<ele>130.000000</ele>
				<time>2026-01-25T01:51:17Z</time>
			</trkpt>
			<trkpt lat="24.814137" lon="110.392760">
				<speed>1.204548</speed>
				<ele>131.000000</ele>
				<time>2026-01-25T01:51:21Z</time>
			</trkpt>
			<trkpt lat="24.814098" lon="110.392791">
				<speed>1.232003</speed>
				<ele>130.000000</ele>
				<time>2026-01-25T01:51:25Z</time>
			</trkpt>
			<trkpt lat="24.814065" lon="110.392832">
				<speed>1.049033</speed>
				<ele>130.000000</ele>
				<time>2026-01-25T01:51:30Z</time>
			</trkpt>
			<trkpt lat="24.814029" lon="110.392874">
				<speed>0.872695</speed>
				<ele>130.000000</ele>
				<time>2026-01-25T01:51:34Z</time>
			</trkpt>
			<trkpt lat="24.813990" lon="110.392909">
				<speed>1.109024</speed>
				<ele>130.000000</ele>
				<time>2026-01-25T01:51:38Z</time>
			</trkpt>
			<trkpt lat="24.813951" lon="110.392939">
				<speed>1.257290</speed>
				<ele>131.000000</ele>
				<time>2026-01-25T01:51:42Z</time>
			</trkpt>
			<trkpt lat="24.813914" lon="110.392970">
				<speed>1.186159</speed>
				<ele>131.000000</ele>
				<time>2026-01-25T01:51:46Z</time>
			</trkpt>
			<trkpt lat="24.813876" lon="110.392998">
				<speed>1.318611</speed>
				<ele>131.000000</ele>
				<time>2026-01-25T01:51:50Z</time>
			</trkpt>
			<trkpt lat="24.813832" lon="110.393032">
				<speed>1.057093</speed>
				<ele>130.000000</ele>
				<time>2026-01-25T01:51:55Z</time>
			</trkpt>
			<trkpt lat="24.813784" lon="110.393053">
				<speed>1.147260</speed>
				<ele>130.000000</ele>
				<time>2026-01-25T01:52:00Z</time>
			</trkpt>
			<trkpt lat="24.813743" lon="110.393075">
				<speed>1.220614</speed>
				<ele>130.000000</ele>
				<time>2026-01-25T01:52:04Z</time>
			</trkpt>
			<trkpt lat="24.813697" lon="110.393105">
				<speed>1.200336</speed>
				<ele>130.000000</ele>
				<time>2026-01-25T01:52:09Z</time>
			</trkpt>
			<trkpt lat="24.813647" lon="110.393131">
				<speed>1.072810</speed>
				<ele>130.000000</ele>
				<time>2026-01-25T01:52:14Z</time>
			</trkpt>
			<trkpt lat="24.813604" lon="110.393152">
				<speed>1.215144</speed>
				<ele>130.000000</ele>
				<time>2026-01-25T01:52:18Z</time>
			</trkpt>
			<trkpt lat="24.813561" lon="110.393175">
				<speed>1.201681</speed>
				<ele>130.000000</ele>
				<time>2026-01-25T01:52:22Z</time>
			</trkpt>
			<trkpt lat="24.813522" lon="110.393201">
				<speed>1.349449</speed>
				<ele>130.000000</ele>
				<time>2026-01-25T01:52:26Z</time>
			</trkpt>
			<trkpt lat="24.813490" lon="110.393236">
				<speed>1.274443</speed>
				<ele>130.000000</ele>
				<time>2026-01-25T01:52:30Z</time>
			</trkpt>
			<trkpt lat="24.813452" lon="110.393279">
				<speed>1.134678</speed>
				<ele>130.000000</ele>
				<time>2026-01-25T01:52:35Z</time>
			</trkpt>
			<trkpt lat="24.813403" lon="110.393307">
				<speed>1.275198</speed>
				<ele>130.000000</ele>
				<time>2026-01-25T01:52:41Z</time>
			</trkpt>
			<trkpt lat="24.813354" lon="110.393331">
				<speed>1.128421</speed>
				<ele>130.000000</ele>
				<time>2026-01-25T01:52:46Z</time>
			</trkpt>
			<trkpt lat="24.813311" lon="110.393348">
				<speed>1.249514</speed>
				<ele>131.000000</ele>
				<time>2026-01-25T01:52:50Z</time>
			</trkpt>
			<trkpt lat="24.813268" lon="110.393368">
				<speed>1.231609</speed>
				<ele>131.000000</ele>
				<time>2026-01-25T01:52:54Z</time>
			</trkpt>
			<trkpt lat="24.813224" lon="110.393386">
				<speed>1.256953</speed>
				<ele>131.000000</ele>
				<time>2026-01-25T01:52:58Z</time>
			</trkpt>
			<trkpt lat="24.813170" lon="110.393408">
				<speed>1.329228</speed>
				<ele>130.000000</ele>
				<time>2026-01-25T01:53:03Z</time>
			</trkpt>
			<trkpt lat="24.813124" lon="110.393446">
				<speed>1.156599</speed>
				<ele>130.000000</ele>
				<time>2026-01-25T01:53:08Z</time>
			</trkpt>
			<trkpt lat="24.813082" lon="110.393470">
				<speed>1.169056</speed>
				<ele>130.000000</ele>
				<time>2026-01-25T01:53:12Z</time>
			</trkpt>
			<trkpt lat="24.813076" lon="110.393528">
				<speed>1.043543</speed>
				<ele>131.000000</ele>
				<time>2026-01-25T01:53:17Z</time>
			</trkpt>
			<trkpt lat="24.813097" lon="110.393578">
				<speed>1.275623</speed>
				<ele>129.000000</ele>
				<time>2026-01-25T01:53:20Z</time>
			</trkpt>
			<trkpt lat="24.813074" lon="110.393623">
				<speed>1.066592</speed>
				<ele>129.000000</ele>
				<time>2026-01-25T01:53:26Z</time>
			</trkpt>
			<trkpt lat="24.813023" lon="110.393649">
				<speed>1.235075</speed>
				<ele>129.000000</ele>
				<time>2026-01-25T01:53:30Z</time>
			</trkpt>
			<trkpt lat="24.812976" lon="110.393666">
				<speed>1.297837</speed>
				<ele>128.000000</ele>
				<time>2026-01-25T01:53:34Z</time>
			</trkpt>
			<trkpt lat="24.812927" lon="110.393696">
				<speed>1.068041</speed>
				<ele>128.000000</ele>
				<time>2026-01-25T01:53:39Z</time>
			</trkpt>
			<trkpt lat="24.812885" lon="110.393724">
				<speed>1.219625</speed>
				<ele>127.000000</ele>
				<time>2026-01-25T01:53:43Z</time>
			</trkpt>
			<trkpt lat="24.812841" lon="110.393747">
				<speed>1.216485</speed>
				<ele>128.000000</ele>
				<time>2026-01-25T01:53:47Z</time>
			</trkpt>
			<trkpt lat="24.812796" lon="110.393751">
				<speed>1.179937</speed>
				<ele>127.000000</ele>
				<time>2026-01-25T01:53:51Z</time>
			</trkpt>
			<trkpt lat="24.812750" lon="110.393749">
				<speed>1.194962</speed>
				<ele>127.000000</ele>
				<time>2026-01-25T01:53:55Z</time>
			</trkpt>
			<trkpt lat="24.812707" lon="110.393783">
				<speed>1.022248</speed>
				<ele>126.000000</ele>
				<time>2026-01-25T01:54:00Z</time>
			</trkpt>
			<trkpt lat="24.812684" lon="110.393826">
				<speed>1.132235</speed>
				<ele>127.000000</ele>
				<time>2026-01-25T01:54:04Z</time>
			</trkpt>
			<trkpt lat="24.812652" lon="110.393864">
				<speed>1.229470</speed>
				<ele>126.000000</ele>
				<time>2026-01-25T01:54:08Z</time>
			</trkpt>
			<trkpt lat="24.812633" lon="110.393915">
				<speed>0.689932</speed>
				<ele>127.000000</ele>
				<time>2026-01-25T01:54:13Z</time>
			</trkpt>
			<trkpt lat="24.812606" lon="110.393968">
				<speed>0.582338</speed>
				<ele>127.000000</ele>
				<time>2026-01-25T01:54:20Z</time>
			</trkpt>
			<trkpt lat="24.812576" lon="110.394010">
				<speed>0.175197</speed>
				<ele>126.000000</ele>
				<time>2026-01-25T01:54:25Z</time>
			</trkpt>
			<trkpt lat="24.812536" lon="110.394032">
				<speed>0.645335</speed>
				<ele>126.000000</ele>
				<time>2026-01-25T01:54:29Z</time>
			</trkpt>
			<trkpt lat="24.812495" lon="110.394053">
				<speed>0.450567</speed>
				<ele>126.000000</ele>
				<time>2026-01-25T01:54:34Z</time>
			</trkpt>
			<trkpt lat="24.812446" lon="110.394069">
				<speed>0.783594</speed>
				<ele>126.000000</ele>
				<time>2026-01-25T01:54:39Z</time>
			</trkpt>
			<trkpt lat="24.812400" lon="110.394072">
				<speed>0.555103</speed>
				<ele>127.000000</ele>
				<time>2026-01-25T01:54:43Z</time>
			</trkpt>
			<trkpt lat="24.812342" lon="110.394070">
				<speed>0.715768</speed>
				<ele>127.000000</ele>
				<time>2026-01-25T01:54:49Z</time>
			</trkpt>
			<trkpt lat="24.812299" lon="110.394097">
				<speed>0.675182</speed>
				<ele>127.000000</ele>
				<time>2026-01-25T01:54:54Z</time>
			</trkpt>
			<trkpt lat="24.812282" lon="110.394148">
				<speed>0.595372</speed>
				<ele>128.000000</ele>
				<time>2026-01-25T01:54:59Z</time>
			</trkpt>
			<trkpt lat="24.812255" lon="110.394192">
				<speed>0.753230</speed>
				<ele>130.000000</ele>
				<time>2026-01-25T01:55:04Z</time>
			</trkpt>
			<trkpt lat="24.812233" lon="110.394146">
				<speed>0.594681</speed>
				<ele>132.000000</ele>
				<time>2026-01-25T01:55:09Z</time>
			</trkpt>
			<trkpt lat="24.812214" lon="110.394096">
				<speed>0.843004</speed>
				<ele>132.000000</ele>
				<time>2026-01-25T01:55:14Z</time>
			</trkpt>
			<trkpt lat="24.812188" lon="110.394054">
				<speed>0.359117</speed>
				<ele>132.000000</ele>
				<time>2026-01-25T01:55:18Z</time>
			</trkpt>
			<trkpt lat="24.812168" lon="110.394007">
				<speed>0.312312</speed>
				<ele>132.000000</ele>
				<time>2026-01-25T01:55:27Z</time>
			</trkpt>
			<trkpt lat="24.812145" lon="110.393964">
				<speed>1.062107</speed>
				<ele>134.000000</ele>
				<time>2026-01-25T01:55:33Z</time>
			</trkpt>
			<trkpt lat="24.812115" lon="110.393924">
				<speed>0.340323</speed>
				<ele>136.000000</ele>
				<time>2026-01-25T01:55:52Z</time>
			</trkpt>
			<trkpt lat="24.812089" lon="110.393879">
				<speed>0.851320</speed>
				<ele>136.000000</ele>
				<time>2026-01-25T01:56:04Z</time>
			</trkpt>
			<trkpt lat="24.812080" lon="110.393822">
				<speed>0.848001</speed>
				<ele>134.000000</ele>
				<time>2026-01-25T01:56:11Z</time>
			</trkpt>
			<trkpt lat="24.812058" lon="110.393778">
				<speed>0.775212</speed>
				<ele>133.000000</ele>
				<time>2026-01-25T01:56:17Z</time>
			</trkpt>
			<trkpt lat="24.812030" lon="110.393738">
				<speed>0.928491</speed>
				<ele>130.000000</ele>
				<time>2026-01-25T01:56:23Z</time>
			</trkpt>
			<trkpt lat="24.811993" lon="110.393697">
				<speed>0.892183</speed>
				<ele>131.000000</ele>
				<time>2026-01-25T01:56:29Z</time>
			</trkpt>
			<trkpt lat="24.811948" lon="110.393700">
				<speed>1.024400</speed>
				<ele>129.000000</ele>
				<time>2026-01-25T01:56:34Z</time>
			</trkpt>
			<trkpt lat="24.811927" lon="110.393649">
				<speed>0.742976</speed>
				<ele>130.000000</ele>
				<time>2026-01-25T01:56:43Z</time>
			</trkpt>
			<trkpt lat="24.811940" lon="110.393598">
				<speed>0.999664</speed>
				<ele>129.000000</ele>
				<time>2026-01-25T01:56:48Z</time>
			</trkpt>
			<trkpt lat="24.811910" lon="110.393560">
				<speed>1.161679</speed>
				<ele>129.000000</ele>
				<time>2026-01-25T01:56:53Z</time>
			</trkpt>
			<trkpt lat="24.811879" lon="110.393519">
				<speed>0.869715</speed>
				<ele>130.000000</ele>
				<time>2026-01-25T01:56:58Z</time>
			</trkpt>
			<trkpt lat="24.811835" lon="110.393544">
				<speed>1.356612</speed>
				<ele>131.000000</ele>
				<time>2026-01-25T01:57:03Z</time>
			</trkpt>
			<trkpt lat="24.811799" lon="110.393588">
				<speed>1.235976</speed>
				<ele>134.000000</ele>
				<time>2026-01-25T01:57:08Z</time>
			</trkpt>
			<trkpt lat="24.811757" lon="110.393630">
				<speed>1.415438</speed>
				<ele>135.000000</ele>
				<time>2026-01-25T01:57:13Z</time>
			</trkpt>
			<trkpt lat="24.811713" lon="110.393659">
				<speed>1.101791</speed>
				<ele>135.000000</ele>
				<time>2026-01-25T01:57:17Z</time>
			</trkpt>
			<trkpt lat="24.811681" lon="110.393700">
				<speed>1.289702</speed>
				<ele>135.000000</ele>
				<time>2026-01-25T01:57:21Z</time>
			</trkpt>
			<trkpt lat="24.811647" lon="110.393733">
				<speed>1.290614</speed>
				<ele>134.000000</ele>
				<time>2026-01-25T01:57:25Z</time>
			</trkpt>
			<trkpt lat="24.811611" lon="110.393763">
				<speed>1.206295</speed>
				<ele>133.000000</ele>
				<time>2026-01-25T01:57:29Z</time>
			</trkpt>
			<trkpt lat="24.811579" lon="110.393798">
				<speed>1.293729</speed>
				<ele>133.000000</ele>
				<time>2026-01-25T01:57:33Z</time>
			</trkpt>
			<trkpt lat="24.811541" lon="110.393840">
				<speed>1.158423</speed>
				<ele>132.000000</ele>
				<time>2026-01-25T01:57:38Z</time>
			</trkpt>
			<trkpt lat="24.811502" lon="110.393879">
				<speed>1.494765</speed>
				<ele>134.000000</ele>
				<time>2026-01-25T01:57:42Z</time>
			</trkpt>
			<trkpt lat="24.811468" lon="110.393915">
				<speed>1.208165</speed>
				<ele>133.000000</ele>
				<time>2026-01-25T01:57:46Z</time>
			</trkpt>
			<trkpt lat="24.811433" lon="110.393953">
				<speed>0.972727</speed>
				<ele>133.000000</ele>
				<time>2026-01-25T01:57:50Z</time>
			</trkpt>
			<trkpt lat="24.811396" lon="110.393992">
				<speed>1.276761</speed>
				<ele>133.000000</ele>
				<time>2026-01-25T01:57:54Z</time>
			</trkpt>
			<trkpt lat="24.811355" lon="110.394033">
				<speed>1.365548</speed>
				<ele>133.000000</ele>
				<time>2026-01-25T01:57:59Z</time>
			</trkpt>
			<trkpt lat="24.811317" lon="110.394069">
				<speed>1.399047</speed>
				<ele>133.000000</ele>
				<time>2026-01-25T01:58:03Z</time>
			</trkpt>
			<trkpt lat="24.811289" lon="110.394111">
				<speed>1.291273</speed>
				<ele>133.000000</ele>
				<time>2026-01-25T01:58:07Z</time>
			</trkpt>
			<trkpt lat="24.811247" lon="110.394147">
				<speed>1.362843</speed>
				<ele>133.000000</ele>
				<time>2026-01-25T01:58:11Z</time>
			</trkpt>
			<trkpt lat="24.811201" lon="110.394176">
				<speed>1.084965</speed>
				<ele>132.000000</ele>
				<time>2026-01-25T01:58:17Z</time>
			</trkpt>
			<trkpt lat="24.811154" lon="110.394204">
				<speed>1.152056</speed>
				<ele>131.000000</ele>
				<time>2026-01-25T01:58:22Z</time>
			</trkpt>
			<trkpt lat="24.811114" lon="110.394234">
				<speed>1.076765</speed>
				<ele>131.000000</ele>
				<time>2026-01-25T01:58:26Z</time>
			</trkpt>
			<trkpt lat="24.811072" lon="110.394252">
				<speed>0.847095</speed>
				<ele>131.000000</ele>
				<time>2026-01-25T01:58:30Z</time>
			</trkpt>
			<trkpt lat="24.811026" lon="110.394273">
				<speed>1.298049</speed>
				<ele>130.000000</ele>
				<time>2026-01-25T01:58:34Z</time>
			</trkpt>
			<trkpt lat="24.810987" lon="110.394305">
				<speed>1.343614</speed>
				<ele>130.000000</ele>
				<time>2026-01-25T01:58:38Z</time>
			</trkpt>
			<trkpt lat="24.810943" lon="110.394339">
				<speed>1.124822</speed>
				<ele>130.000000</ele>
				<time>2026-01-25T01:58:43Z</time>
			</trkpt>
			<trkpt lat="24.810901" lon="110.394361">
				<speed>0.958192</speed>
				<ele>130.000000</ele>
				<time>2026-01-25T01:58:47Z</time>
			</trkpt>
			<trkpt lat="24.810852" lon="110.394392">
				<speed>1.609213</speed>
				<ele>130.000000</ele>
				<time>2026-01-25T01:58:51Z</time>
			</trkpt>
			<trkpt lat="24.810799" lon="110.394417">
				<speed>1.405022</speed>
				<ele>130.000000</ele>
				<time>2026-01-25T01:58:57Z</time>
			</trkpt>
			<trkpt lat="24.810755" lon="110.394431">
				<speed>0.950293</speed>
				<ele>130.000000</ele>
				<time>2026-01-25T01:59:01Z</time>
			</trkpt>
			<trkpt lat="24.810703" lon="110.394448">
				<speed>1.378794</speed>
				<ele>130.000000</ele>
				<time>2026-01-25T01:59:05Z</time>
			</trkpt>
			<trkpt lat="24.810655" lon="110.394458">
				<speed>1.393099</speed>
				<ele>130.000000</ele>
				<time>2026-01-25T01:59:09Z</time>
			</trkpt>
			<trkpt lat="24.810606" lon="110.394470">
				<speed>1.346784</speed>
				<ele>131.000000</ele>
				<time>2026-01-25T01:59:13Z</time>
			</trkpt>
			<trkpt lat="24.810559" lon="110.394478">
				<speed>1.271851</speed>
				<ele>130.000000</ele>
				<time>2026-01-25T01:59:17Z</time>
			</trkpt>
			<trkpt lat="24.810517" lon="110.394505">
				<speed>1.339682</speed>
				<ele>130.000000</ele>
				<time>2026-01-25T01:59:21Z</time>
			</trkpt>
			<trkpt lat="24.810534" lon="110.394557">
				<speed>0.955562</speed>
				<ele>130.000000</ele>
				<time>2026-01-25T01:59:24Z</time>
			</trkpt>
			<trkpt lat="24.810546" lon="110.394618">
				<speed>1.194924</speed>
				<ele>130.000000</ele>
				<time>2026-01-25T01:59:29Z</time>
			</trkpt>
			<trkpt lat="24.810567" lon="110.394677">
				<speed>1.332627</speed>
				<ele>129.000000</ele>
				<time>2026-01-25T01:59:33Z</time>
			</trkpt>
			<trkpt lat="24.810582" lon="110.394738">
				<speed>1.343528</speed>
				<ele>130.000000</ele>
				<time>2026-01-25T01:59:38Z</time>
			</trkpt>
			<trkpt lat="24.810592" lon="110.394794">
				<speed>1.368621</speed>
				<ele>130.000000</ele>
				<time>2026-01-25T01:59:54Z</time>
			</trkpt>
			<trkpt lat="24.810633" lon="110.394829">
				<speed>1.224318</speed>
				<ele>128.000000</ele>
				<time>2026-01-25T01:59:58Z</time>
			</trkpt>
			<trkpt lat="24.810681" lon="110.394860">
				<speed>1.422103</speed>
				<ele>128.000000</ele>
				<time>2026-01-25T02:00:02Z</time>
			</trkpt>
			<trkpt lat="24.810721" lon="110.394895">
				<speed>1.360738</speed>
				<ele>127.000000</ele>
				<time>2026-01-25T02:00:06Z</time>
			</trkpt>
			<trkpt lat="24.810695" lon="110.394949">
				<speed>1.424506</speed>
				<ele>127.000000</ele>
				<time>2026-01-25T02:00:11Z</time>
			</trkpt>
			<trkpt lat="24.810644" lon="110.394969">
				<speed>1.548572</speed>
				<ele>128.000000</ele>
				<time>2026-01-25T02:00:15Z</time>
			</trkpt>
			<trkpt lat="24.810606" lon="110.395012">
				<speed>1.528802</speed>
				<ele>128.000000</ele>
				<time>2026-01-25T02:00:19Z</time>
			</trkpt>
			<trkpt lat="24.810584" lon="110.395063">
				<speed>1.511662</speed>
				<ele>129.000000</ele>
				<time>2026-01-25T02:00:23Z</time>
			</trkpt>
			<trkpt lat="24.810555" lon="110.395109">
				<speed>1.519344</speed>
				<ele>129.000000</ele>
				<time>2026-01-25T02:00:27Z</time>
			</trkpt>
			<trkpt lat="24.810519" lon="110.395148">
				<speed>1.182234</speed>
				<ele>129.000000</ele>
				<time>2026-01-25T02:00:31Z</time>
			</trkpt>
			<trkpt lat="24.810483" lon="110.395190">
				<speed>1.544257</speed>
				<ele>129.000000</ele>
				<time>2026-01-25T02:00:35Z</time>
			</trkpt>
			<trkpt lat="24.810456" lon="110.395239">
				<speed>1.695639</speed>
				<ele>130.000000</ele>
				<time>2026-01-25T02:00:39Z</time>
			</trkpt>
			<trkpt lat="24.810440" lon="110.395289">
				<speed>1.468839</speed>
				<ele>129.000000</ele>
				<time>2026-01-25T02:00:43Z</time>
			</trkpt>
			<trkpt lat="24.810412" lon="110.395332">
				<speed>1.185947</speed>
				<ele>130.000000</ele>
				<time>2026-01-25T02:00:47Z</time>
			</trkpt>
			<trkpt lat="24.810407" lon="110.395382">
				<speed>1.148622</speed>
				<ele>130.000000</ele>
				<time>2026-01-25T02:00:52Z</time>
			</trkpt>
			<trkpt lat="24.810388" lon="110.395429">
				<speed>0.994538</speed>
				<ele>126.000000</ele>
				<time>2026-01-25T02:01:17Z</time>
			</trkpt>
			<trkpt lat="24.810352" lon="110.395461">
				<speed>1.106532</speed>
				<ele>127.000000</ele>
				<time>2026-01-25T02:01:20Z</time>
			</trkpt>
			<trkpt lat="24.810308" lon="110.395477">
				<speed>0.315706</speed>
				<ele>128.000000</ele>
				<time>2026-01-25T02:01:26Z</time>
			</trkpt>
			<trkpt lat="24.810280" lon="110.395432">
				<speed>0.903746</speed>
				<ele>128.000000</ele>
				<time>2026-01-25T02:01:37Z</time>
			</trkpt>
			<trkpt lat="24.810235" lon="110.395414">
				<speed>1.208576</speed>
				<ele>129.000000</ele>
				<time>2026-01-25T02:01:41Z</time>
			</trkpt>
			<trkpt lat="24.810185" lon="110.395414">
				<speed>1.010689</speed>
				<ele>129.000000</ele>
				<time>2026-01-25T02:01:46Z</time>
			</trkpt>
			<trkpt lat="24.810144" lon="110.395437">
				<speed>1.054204</speed>
				<ele>129.000000</ele>
				<time>2026-01-25T02:01:51Z</time>
			</trkpt>
			<trkpt lat="24.810122" lon="110.395489">
				<speed>1.203019</speed>
				<ele>129.000000</ele>
				<time>2026-01-25T02:01:56Z</time>
			</trkpt>
			<trkpt lat="24.810095" lon="110.395530">
				<speed>1.193326</speed>
				<ele>129.000000</ele>
				<time>2026-01-25T02:02:00Z</time>
			</trkpt>
			<trkpt lat="24.810062" lon="110.395564">
				<speed>1.290316</speed>
				<ele>129.000000</ele>
				<time>2026-01-25T02:02:04Z</time>
			</trkpt>
			<trkpt lat="24.810017" lon="110.395591">
				<speed>1.069496</speed>
				<ele>129.000000</ele>
				<time>2026-01-25T02:02:09Z</time>
			</trkpt>
			<trkpt lat="24.809976" lon="110.395631">
				<speed>1.230535</speed>
				<ele>130.000000</ele>
				<time>2026-01-25T02:02:14Z</time>
			</trkpt>
			<trkpt lat="24.809939" lon="110.395676">
				<speed>1.344920</speed>
				<ele>130.000000</ele>
				<time>2026-01-25T02:02:19Z</time>
			</trkpt>
			<trkpt lat="24.809901" lon="110.395715">
				<speed>0.981647</speed>
				<ele>130.000000</ele>
				<time>2026-01-25T02:02:25Z</time>
			</trkpt>
			<trkpt lat="24.809867" lon="110.395750">
				<speed>0.802810</speed>
				<ele>130.000000</ele>
				<time>2026-01-25T02:02:35Z</time>
			</trkpt>
			<trkpt lat="24.809831" lon="110.395788">
				<speed>1.282416</speed>
				<ele>131.000000</ele>
				<time>2026-01-25T02:02:40Z</time>
			</trkpt>
			<trkpt lat="24.809797" lon="110.395821">
				<speed>1.366895</speed>
				<ele>130.000000</ele>
				<time>2026-01-25T02:02:44Z</time>
			</trkpt>
			<trkpt lat="24.809759" lon="110.395858">
				<speed>1.340590</speed>
				<ele>130.000000</ele>
				<time>2026-01-25T02:02:48Z</time>
			</trkpt>
			<trkpt lat="24.809716" lon="110.395886">
				<speed>1.332494</speed>
				<ele>130.000000</ele>
				<time>2026-01-25T02:02:52Z</time>
			</trkpt>
			<trkpt lat="24.809680" lon="110.395918">
				<speed>1.252818</speed>
				<ele>130.000000</ele>
				<time>2026-01-25T02:02:58Z</time>
			</trkpt>
			<trkpt lat="24.809639" lon="110.395959">
				<speed>1.123047</speed>
				<ele>130.000000</ele>
				<time>2026-01-25T02:03:03Z</time>
			</trkpt>
			<trkpt lat="24.809604" lon="110.396006">
				<speed>1.114606</speed>
				<ele>130.000000</ele>
				<time>2026-01-25T02:03:09Z</time>
			</trkpt>
			<trkpt lat="24.809575" lon="110.396052">
				<speed>0.933061</speed>
				<ele>130.000000</ele>
				<time>2026-01-25T02:03:13Z</time>
			</trkpt>
			<trkpt lat="24.809542" lon="110.396092">
				<speed>0.381103</speed>
				<ele>130.000000</ele>
				<time>2026-01-25T02:03:21Z</time>
			</trkpt>
			<trkpt lat="24.809507" lon="110.396125">
				<speed>1.181590</speed>
				<ele>130.000000</ele>
				<time>2026-01-25T02:03:24Z</time>
			</trkpt>
			<trkpt lat="24.809466" lon="110.396168">
				<speed>1.336556</speed>
				<ele>130.000000</ele>
				<time>2026-01-25T02:03:27Z</time>
			</trkpt>
			<trkpt lat="24.809421" lon="110.396209">
				<speed>1.335982</speed>
				<ele>131.000000</ele>
				<time>2026-01-25T02:03:32Z</time>
			</trkpt>
			<trkpt lat="24.809382" lon="110.396241">
				<speed>1.422766</speed>
				<ele>131.000000</ele>
				<time>2026-01-25T02:03:36Z</time>
			</trkpt>
			<trkpt lat="24.809351" lon="110.396292">
				<speed>1.347606</speed>
				<ele>131.000000</ele>
				<time>2026-01-25T02:03:41Z</time>
			</trkpt>
			<trkpt lat="24.809319" lon="110.396333">
				<speed>0.881756</speed>
				<ele>130.000000</ele>
				<time>2026-01-25T02:03:46Z</time>
			</trkpt>
			<trkpt lat="24.809299" lon="110.396388">
				<speed>1.317652</speed>
				<ele>130.000000</ele>
				<time>2026-01-25T02:03:50Z</time>
			</trkpt>
			<trkpt lat="24.809301" lon="110.396442">
				<speed>1.260383</speed>
				<ele>130.000000</ele>
				<time>2026-01-25T02:03:54Z</time>
			</trkpt>
			<trkpt lat="24.809297" lon="110.396499">
				<speed>1.334319</speed>
				<ele>130.000000</ele>
				<time>2026-01-25T02:03:58Z</time>
			</trkpt>
			<trkpt lat="24.809292" lon="110.396549">
				<speed>1.287766</speed>
				<ele>130.000000</ele>
				<time>2026-01-25T02:04:02Z</time>
			</trkpt>
			<trkpt lat="24.809292" lon="110.396603">
				<speed>1.267561</speed>
				<ele>130.000000</ele>
				<time>2026-01-25T02:04:06Z</time>
			</trkpt>
			<trkpt lat="24.809310" lon="110.396655">
				<speed>1.266477</speed>
				<ele>128.000000</ele>
				<time>2026-01-25T02:04:10Z</time>
			</trkpt>
			<trkpt lat="24.809324" lon="110.396708">
				<speed>1.328545</speed>
				<ele>129.000000</ele>
				<time>2026-01-25T02:04:14Z</time>
			</trkpt>
			<trkpt lat="24.809318" lon="110.396763">
				<speed>1.405388</speed>
				<ele>129.000000</ele>
				<time>2026-01-25T02:04:18Z</time>
			</trkpt>
			<trkpt lat="24.809298" lon="110.396813">
				<speed>1.409865</speed>
				<ele>129.000000</ele>
				<time>2026-01-25T02:04:22Z</time>
			</trkpt>
			<trkpt lat="24.809280" lon="110.396865">
				<speed>1.426726</speed>
				<ele>129.000000</ele>
				<time>2026-01-25T02:04:26Z</time>
			</trkpt>
			<trkpt lat="24.809268" lon="110.396918">
				<speed>1.240739</speed>
				<ele>129.000000</ele>
				<time>2026-01-25T02:04:30Z</time>
			</trkpt>
			<trkpt lat="24.809244" lon="110.396962">
				<speed>1.153072</speed>
				<ele>129.000000</ele>
				<time>2026-01-25T02:04:34Z</time>
			</trkpt>
			<trkpt lat="24.809221" lon="110.397010">
				<speed>1.166602</speed>
				<ele>130.000000</ele>
				<time>2026-01-25T02:04:38Z</time>
			</trkpt>
			<trkpt lat="24.809189" lon="110.397059">
				<speed>1.487093</speed>
				<ele>129.000000</ele>
				<time>2026-01-25T02:04:42Z</time>
			</trkpt>
			<trkpt lat="24.809160" lon="110.397097">
				<speed>1.041538</speed>
				<ele>129.000000</ele>
				<time>2026-01-25T02:04:46Z</time>
			</trkpt>
			<trkpt lat="24.809127" lon="110.397139">
				<speed>1.180696</speed>
				<ele>129.000000</ele>
				<time>2026-01-25T02:04:50Z</time>
			</trkpt>
			<trkpt lat="24.809101" lon="110.397185">
				<speed>1.267290</speed>
				<ele>129.000000</ele>
				<time>2026-01-25T02:04:54Z</time>
			</trkpt>
			<trkpt lat="24.809072" lon="110.397228">
				<speed>0.757044</speed>
				<ele>129.000000</ele>
				<time>2026-01-25T02:04:59Z</time>
			</trkpt>
			<trkpt lat="24.809042" lon="110.397275">
				<speed>1.133133</speed>
				<ele>129.000000</ele>
				<time>2026-01-25T02:05:04Z</time>
			</trkpt>
			<trkpt lat="24.809019" lon="110.397320">
				<speed>1.274474</speed>
				<ele>129.000000</ele>
				<time>2026-01-25T02:05:08Z</time>
			</trkpt>
			<trkpt lat="24.808998" lon="110.397366">
				<speed>1.223501</speed>
				<ele>129.000000</ele>
				<time>2026-01-25T02:05:12Z</time>
			</trkpt>
			<trkpt lat="24.808978" lon="110.397417">
				<speed>1.331623</speed>
				<ele>129.000000</ele>
				<time>2026-01-25T02:05:17Z</time>
			</trkpt>
			<trkpt lat="24.808959" lon="110.397464">
				<speed>1.098225</speed>
				<ele>129.000000</ele>
				<time>2026-01-25T02:05:21Z</time>
			</trkpt>
			<trkpt lat="24.808934" lon="110.397507">
				<speed>1.051263</speed>
				<ele>129.000000</ele>
				<time>2026-01-25T02:05:25Z</time>
			</trkpt>
			<trkpt lat="24.808903" lon="110.397550">
				<speed>1.224420</speed>
				<ele>129.000000</ele>
				<time>2026-01-25T02:05:29Z</time>
			</trkpt>
			<trkpt lat="24.808861" lon="110.397592">
				<speed>1.369488</speed>
				<ele>129.000000</ele>
				<time>2026-01-25T02:05:33Z</time>
			</trkpt>
			<trkpt lat="24.808814" lon="110.397603">
				<speed>1.378405</speed>
				<ele>127.000000</ele>
				<time>2026-01-25T02:05:37Z</time>
			</trkpt>
			<trkpt lat="24.808766" lon="110.397590">
				<speed>1.233527</speed>
				<ele>127.000000</ele>
				<time>2026-01-25T02:05:41Z</time>
			</trkpt>
			<trkpt lat="24.808708" lon="110.397597">
				<speed>1.696795</speed>
				<ele>127.000000</ele>
				<time>2026-01-25T02:05:45Z</time>
			</trkpt>
			<trkpt lat="24.808674" lon="110.397631">
				<speed>1.311093</speed>
				<ele>126.000000</ele>
				<time>2026-01-25T02:05:49Z</time>
			</trkpt>
			<trkpt lat="24.808658" lon="110.397682">
				<speed>1.302530</speed>
				<ele>127.000000</ele>
				<time>2026-01-25T02:05:53Z</time>
			</trkpt>
			<trkpt lat="24.808657" lon="110.397737">
				<speed>1.150100</speed>
				<ele>128.000000</ele>
				<time>2026-01-25T02:05:57Z</time>
			</trkpt>
			<trkpt lat="24.808642" lon="110.397784">
				<speed>0.946454</speed>
				<ele>128.000000</ele>
				<time>2026-01-25T02:06:01Z</time>
			</trkpt>
			<trkpt lat="24.808613" lon="110.397832">
				<speed>1.319301</speed>
				<ele>128.000000</ele>
				<time>2026-01-25T02:06:05Z</time>
			</trkpt>
			<trkpt lat="24.808586" lon="110.397876">
				<speed>0.995618</speed>
				<ele>128.000000</ele>
				<time>2026-01-25T02:06:09Z</time>
			</trkpt>
			<trkpt lat="24.808558" lon="110.397926">
				<speed>1.408740</speed>
				<ele>127.000000</ele>
				<time>2026-01-25T02:06:13Z</time>
			</trkpt>
			<trkpt lat="24.808529" lon="110.397973">
				<speed>1.454122</speed>
				<ele>128.000000</ele>
				<time>2026-01-25T02:06:17Z</time>
			</trkpt>
			<trkpt lat="24.808506" lon="110.398019">
				<speed>1.249428</speed>
				<ele>128.000000</ele>
				<time>2026-01-25T02:06:21Z</time>
			</trkpt>
			<trkpt lat="24.808495" lon="110.398069">
				<speed>1.125897</speed>
				<ele>127.000000</ele>
				<time>2026-01-25T02:06:25Z</time>
			</trkpt>
			<trkpt lat="24.808478" lon="110.398125">
				<speed>1.257434</speed>
				<ele>128.000000</ele>
				<time>2026-01-25T02:06:30Z</time>
			</trkpt>
			<trkpt lat="24.808453" lon="110.398180">
				<speed>1.512792</speed>
				<ele>128.000000</ele>
				<time>2026-01-25T02:06:34Z</time>
			</trkpt>
			<trkpt lat="24.808433" lon="110.398225">
				<speed>1.269934</speed>
				<ele>129.000000</ele>
				<time>2026-01-25T02:06:38Z</time>
			</trkpt>
			<trkpt lat="24.808412" lon="110.398270">
				<speed>1.193234</speed>
				<ele>129.000000</ele>
				<time>2026-01-25T02:06:42Z</time>
			</trkpt>
			<trkpt lat="24.808390" lon="110.398314">
				<speed>1.301805</speed>
				<ele>129.000000</ele>
				<time>2026-01-25T02:06:46Z</time>
			</trkpt>
			<trkpt lat="24.808364" lon="110.398359">
				<speed>1.228982</speed>
				<ele>129.000000</ele>
				<time>2026-01-25T02:06:51Z</time>
			</trkpt>
			<trkpt lat="24.808336" lon="110.398409">
				<speed>1.110874</speed>
				<ele>129.000000</ele>
				<time>2026-01-25T02:06:57Z</time>
			</trkpt>
			<trkpt lat="24.808314" lon="110.398453">
				<speed>1.143032</speed>
				<ele>129.000000</ele>
				<time>2026-01-25T02:07:01Z</time>
			</trkpt>
			<trkpt lat="24.808293" lon="110.398510">
				<speed>1.287087</speed>
				<ele>128.000000</ele>
				<time>2026-01-25T02:07:06Z</time>
			</trkpt>
			<trkpt lat="24.808293" lon="110.398562">
				<speed>1.142633</speed>
				<ele>128.000000</ele>
				<time>2026-01-25T02:07:10Z</time>
			</trkpt>
			<trkpt lat="24.808280" lon="110.398612">
				<speed>1.252950</speed>
				<ele>129.000000</ele>
				<time>2026-01-25T02:07:14Z</time>
			</trkpt>
			<trkpt lat="24.808276" lon="110.398672">
				<speed>1.093443</speed>
				<ele>129.000000</ele>
				<time>2026-01-25T02:07:21Z</time>
			</trkpt>
			<trkpt lat="24.808260" lon="110.398724">
				<speed>1.132141</speed>
				<ele>128.000000</ele>
				<time>2026-01-25T02:07:26Z</time>
			</trkpt>
			<trkpt lat="24.808235" lon="110.398768">
				<speed>1.052978</speed>
				<ele>127.000000</ele>
				<time>2026-01-25T02:07:31Z</time>
			</trkpt>
			<trkpt lat="24.808198" lon="110.398814">
				<speed>1.306089</speed>
				<ele>128.000000</ele>
				<time>2026-01-25T02:07:36Z</time>
			</trkpt>
			<trkpt lat="24.808167" lon="110.398864">
				<speed>1.316213</speed>
				<ele>128.000000</ele>
				<time>2026-01-25T02:07:40Z</time>
			</trkpt>
			<trkpt lat="24.808140" lon="110.398924">
				<speed>1.346123</speed>
				<ele>128.000000</ele>
				<time>2026-01-25T02:07:45Z</time>
			</trkpt>
			<trkpt lat="24.808115" lon="110.398980">
				<speed>1.258100</speed>
				<ele>128.000000</ele>
				<time>2026-01-25T02:07:50Z</time>
			</trkpt>
			<trkpt lat="24.808077" lon="110.399029">
				<speed>1.316314</speed>
				<ele>127.000000</ele>
				<time>2026-01-25T02:07:55Z</time>
			</trkpt>
			<trkpt lat="24.808039" lon="110.399062">
				<speed>1.416348</speed>
				<ele>129.000000</ele>
				<time>2026-01-25T02:07:59Z</time>
			</trkpt>
			<trkpt lat="24.808014" lon="110.399113">
				<speed>1.238106</speed>
				<ele>127.000000</ele>
				<time>2026-01-25T02:08:04Z</time>
			</trkpt>
			<trkpt lat="24.807989" lon="110.399157">
				<speed>1.331317</speed>
				<ele>128.000000</ele>
				<time>2026-01-25T02:08:08Z</time>
			</trkpt>
			<trkpt lat="24.807965" lon="110.399201">
				<speed>1.153783</speed>
				<ele>128.000000</ele>
				<time>2026-01-25T02:08:12Z</time>
			</trkpt>
			<trkpt lat="24.807935" lon="110.399242">
				<speed>1.266793</speed>
				<ele>128.000000</ele>
				<time>2026-01-25T02:08:16Z</time>
			</trkpt>
			<trkpt lat="24.807906" lon="110.399288">
				<speed>1.222616</speed>
				<ele>128.000000</ele>
				<time>2026-01-25T02:08:20Z</time>
			</trkpt>
			<trkpt lat="24.807875" lon="110.399341">
				<speed>1.121551</speed>
				<ele>126.000000</ele>
				<time>2026-01-25T02:08:25Z</time>
			</trkpt>
			<trkpt lat="24.807848" lon="110.399382">
				<speed>1.127256</speed>
				<ele>125.000000</ele>
				<time>2026-01-25T02:08:29Z</time>
			</trkpt>
			<trkpt lat="24.807819" lon="110.399426">
				<speed>1.287800</speed>
				<ele>126.000000</ele>
				<time>2026-01-25T02:08:33Z</time>
			</trkpt>
			<trkpt lat="24.807787" lon="110.399463">
				<speed>1.399555</speed>
				<ele>126.000000</ele>
				<time>2026-01-25T02:08:37Z</time>
			</trkpt>
			<trkpt lat="24.807750" lon="110.399500">
				<speed>1.418310</speed>
				<ele>126.000000</ele>
				<time>2026-01-25T02:08:41Z</time>
			</trkpt>
			<trkpt lat="24.807712" lon="110.399535">
				<speed>1.394980</speed>
				<ele>126.000000</ele>
				<time>2026-01-25T02:08:45Z</time>
			</trkpt>
			<trkpt lat="24.807666" lon="110.399553">
				<speed>1.164148</speed>
				<ele>126.000000</ele>
				<time>2026-01-25T02:08:50Z</time>
			</trkpt>
			<trkpt lat="24.807622" lon="110.399567">
				<speed>1.249788</speed>
				<ele>126.000000</ele>
				<time>2026-01-25T02:08:54Z</time>
			</trkpt>
			<trkpt lat="24.807574" lon="110.399574">
				<speed>1.232594</speed>
				<ele>126.000000</ele>
				<time>2026-01-25T02:08:58Z</time>
			</trkpt>
			<trkpt lat="24.807525" lon="110.399567">
				<speed>1.326825</speed>
				<ele>127.000000</ele>
				<time>2026-01-25T02:09:02Z</time>
			</trkpt>
			<trkpt lat="24.807476" lon="110.399543">
				<speed>1.449093</speed>
				<ele>127.000000</ele>
				<time>2026-01-25T02:09:06Z</time>
			</trkpt>
			<trkpt lat="24.807418" lon="110.399524">
				<speed>1.379628</speed>
				<ele>127.000000</ele>
				<time>2026-01-25T02:09:11Z</time>
			</trkpt>
			<trkpt lat="24.807367" lon="110.399519">
				<speed>1.051578</speed>
				<ele>128.000000</ele>
				<time>2026-01-25T02:09:15Z</time>
			</trkpt>
			<trkpt lat="24.807324" lon="110.399554">
				<speed>1.180098</speed>
				<ele>127.000000</ele>
				<time>2026-01-25T02:09:19Z</time>
			</trkpt>
			<trkpt lat="24.807292" lon="110.399599">
				<speed>1.377929</speed>
				<ele>127.000000</ele>
				<time>2026-01-25T02:09:23Z</time>
			</trkpt>
			<trkpt lat="24.807259" lon="110.399641">
				<speed>1.447678</speed>
				<ele>126.000000</ele>
				<time>2026-01-25T02:09:27Z</time>
			</trkpt>
			<trkpt lat="24.807232" lon="110.399686">
				<speed>1.469128</speed>
				<ele>126.000000</ele>
				<time>2026-01-25T02:09:31Z</time>
			</trkpt>
			<trkpt lat="24.807211" lon="110.399731">
				<speed>1.296497</speed>
				<ele>126.000000</ele>
				<time>2026-01-25T02:09:35Z</time>
			</trkpt>
			<trkpt lat="24.807195" lon="110.399781">
				<speed>1.417262</speed>
				<ele>127.000000</ele>
				<time>2026-01-25T02:09:39Z</time>
			</trkpt>
			<trkpt lat="24.807176" lon="110.399832">
				<speed>1.388497</speed>
				<ele>126.000000</ele>
				<time>2026-01-25T02:09:43Z</time>
			</trkpt>
			<trkpt lat="24.807169" lon="110.399888">
				<speed>1.436386</speed>
				<ele>126.000000</ele>
				<time>2026-01-25T02:09:47Z</time>
			</trkpt>
			<trkpt lat="24.807150" lon="110.399938">
				<speed>1.354776</speed>
				<ele>126.000000</ele>
				<time>2026-01-25T02:09:51Z</time>
			</trkpt>
			<trkpt lat="24.807124" lon="110.399991">
				<speed>1.124861</speed>
				<ele>127.000000</ele>
				<time>2026-01-25T02:09:56Z</time>
			</trkpt>
			<trkpt lat="24.807097" lon="110.400034">
				<speed>1.077648</speed>
				<ele>127.000000</ele>
				<time>2026-01-25T02:10:00Z</time>
			</trkpt>
			<trkpt lat="24.807064" lon="110.400078">
				<speed>1.123798</speed>
				<ele>126.000000</ele>
				<time>2026-01-25T02:10:04Z</time>
			</trkpt>
			<trkpt lat="24.807024" lon="110.400117">
				<speed>1.247255</speed>
				<ele>127.000000</ele>
				<time>2026-01-25T02:10:08Z</time>
			</trkpt>
			<trkpt lat="24.806992" lon="110.400151">
				<speed>1.214404</speed>
				<ele>128.000000</ele>
				<time>2026-01-25T02:10:12Z</time>
			</trkpt>
			<trkpt lat="24.806968" lon="110.400194">
				<speed>1.207285</speed>
				<ele>128.000000</ele>
				<time>2026-01-25T02:10:16Z</time>
			</trkpt>
			<trkpt lat="24.806942" lon="110.400239">
				<speed>1.125377</speed>
				<ele>129.000000</ele>
				<time>2026-01-25T02:10:20Z</time>
			</trkpt>
			<trkpt lat="24.806914" lon="110.400289">
				<speed>1.397948</speed>
				<ele>128.000000</ele>
				<time>2026-01-25T02:10:24Z</time>
			</trkpt>
			<trkpt lat="24.806884" lon="110.400336">
				<speed>1.269825</speed>
				<ele>129.000000</ele>
				<time>2026-01-25T02:10:28Z</time>
			</trkpt>
			<trkpt lat="24.806863" lon="110.400382">
				<speed>1.250093</speed>
				<ele>128.000000</ele>
				<time>2026-01-25T02:10:32Z</time>
			</trkpt>
			<trkpt lat="24.806844" lon="110.400431">
				<speed>1.061157</speed>
				<ele>128.000000</ele>
				<time>2026-01-25T02:10:36Z</time>
			</trkpt>
			<trkpt lat="24.806819" lon="110.400482">
				<speed>1.337545</speed>
				<ele>129.000000</ele>
				<time>2026-01-25T02:10:40Z</time>
			</trkpt>
			<trkpt lat="24.806782" lon="110.400531">
				<speed>1.135962</speed>
				<ele>129.000000</ele>
				<time>2026-01-25T02:10:45Z</time>
			</trkpt>
			<trkpt lat="24.806743" lon="110.400574">
				<speed>1.314946</speed>
				<ele>128.000000</ele>
				<time>2026-01-25T02:10:50Z</time>
			</trkpt>
			<trkpt lat="24.806724" lon="110.400620">
				<speed>1.196236</speed>
				<ele>128.000000</ele>
				<time>2026-01-25T02:10:54Z</time>
			</trkpt>
			<trkpt lat="24.806686" lon="110.400658">
				<speed>1.341475</speed>
				<ele>129.000000</ele>
				<time>2026-01-25T02:10:58Z</time>
			</trkpt>
			<trkpt lat="24.806678" lon="110.400712">
				<speed>1.285599</speed>
				<ele>127.000000</ele>
				<time>2026-01-25T02:11:02Z</time>
			</trkpt>
			<trkpt lat="24.806625" lon="110.400737">
				<speed>1.206748</speed>
				<ele>128.000000</ele>
				<time>2026-01-25T02:11:06Z</time>
			</trkpt>
			<trkpt lat="24.806592" lon="110.400785">
				<speed>1.115272</speed>
				<ele>128.000000</ele>
				<time>2026-01-25T02:11:11Z</time>
			</trkpt>
			<trkpt lat="24.806547" lon="110.400816">
				<speed>1.327241</speed>
				<ele>127.000000</ele>
				<time>2026-01-25T02:11:15Z</time>
			</trkpt>
			<trkpt lat="24.806504" lon="110.400852">
				<speed>1.442786</speed>
				<ele>127.000000</ele>
				<time>2026-01-25T02:11:19Z</time>
			</trkpt>
			<trkpt lat="24.806470" lon="110.400885">
				<speed>1.244871</speed>
				<ele>127.000000</ele>
				<time>2026-01-25T02:11:23Z</time>
			</trkpt>
			<trkpt lat="24.806432" lon="110.400928">
				<speed>1.455892</speed>
				<ele>128.000000</ele>
				<time>2026-01-25T02:11:27Z</time>
			</trkpt>
			<trkpt lat="24.806402" lon="110.400967">
				<speed>1.231615</speed>
				<ele>128.000000</ele>
				<time>2026-01-25T02:11:31Z</time>
			</trkpt>
			<trkpt lat="24.806371" lon="110.401008">
				<speed>1.034699</speed>
				<ele>127.000000</ele>
				<time>2026-01-25T02:11:36Z</time>
			</trkpt>
			<trkpt lat="24.806333" lon="110.401043">
				<speed>1.334372</speed>
				<ele>127.000000</ele>
				<time>2026-01-25T02:11:40Z</time>
			</trkpt>
			<trkpt lat="24.806302" lon="110.401084">
				<speed>1.393078</speed>
				<ele>128.000000</ele>
				<time>2026-01-25T02:11:44Z</time>
			</trkpt>
			<trkpt lat="24.806260" lon="110.401135">
				<speed>1.338096</speed>
				<ele>128.000000</ele>
				<time>2026-01-25T02:11:49Z</time>
			</trkpt>
			<trkpt lat="24.806218" lon="110.401173">
				<speed>1.367423</speed>
				<ele>128.000000</ele>
				<time>2026-01-25T02:11:54Z</time>
			</trkpt>
			<trkpt lat="24.806164" lon="110.401202">
				<speed>1.507936</speed>
				<ele>128.000000</ele>
				<time>2026-01-25T02:11:58Z</time>
			</trkpt>
			<trkpt lat="24.806117" lon="110.401234">
				<speed>1.578095</speed>
				<ele>127.000000</ele>
				<time>2026-01-25T02:12:02Z</time>
			</trkpt>
			<trkpt lat="24.806069" lon="110.401267">
				<speed>1.173951</speed>
				<ele>125.000000</ele>
				<time>2026-01-25T02:12:07Z</time>
			</trkpt>
			<trkpt lat="24.806025" lon="110.401299">
				<speed>1.169156</speed>
				<ele>127.000000</ele>
				<time>2026-01-25T02:12:12Z</time>
			</trkpt>
			<trkpt lat="24.805987" lon="110.401329">
				<speed>1.338940</speed>
				<ele>127.000000</ele>
				<time>2026-01-25T02:12:16Z</time>
			</trkpt>
			<trkpt lat="24.805943" lon="110.401373">
				<speed>1.465550</speed>
				<ele>126.000000</ele>
				<time>2026-01-25T02:12:21Z</time>
			</trkpt>
			<trkpt lat="24.805900" lon="110.401407">
				<speed>1.404554</speed>
				<ele>126.000000</ele>
				<time>2026-01-25T02:12:25Z</time>
			</trkpt>
			<trkpt lat="24.805861" lon="110.401434">
				<speed>1.570661</speed>
				<ele>126.000000</ele>
				<time>2026-01-25T02:12:28Z</time>
			</trkpt>
			<trkpt lat="24.805811" lon="110.401420">
				<speed>1.225389</speed>
				<ele>126.000000</ele>
				<time>2026-01-25T02:12:32Z</time>
			</trkpt>
			<trkpt lat="24.805773" lon="110.401380">
				<speed>1.438090</speed>
				<ele>126.000000</ele>
				<time>2026-01-25T02:12:36Z</time>
			</trkpt>
			<trkpt lat="24.805740" lon="110.401330">
				<speed>0.956579</speed>
				<ele>125.000000</ele>
				<time>2026-01-25T02:12:41Z</time>
			</trkpt>
			<trkpt lat="24.805709" lon="110.401285">
				<speed>1.446504</speed>
				<ele>124.000000</ele>
				<time>2026-01-25T02:12:45Z</time>
			</trkpt>
			<trkpt lat="24.805683" lon="110.401244">
				<speed>1.127893</speed>
				<ele>124.000000</ele>
				<time>2026-01-25T02:12:49Z</time>
			</trkpt>
			<trkpt lat="24.805650" lon="110.401203">
				<speed>1.258402</speed>
				<ele>124.000000</ele>
				<time>2026-01-25T02:12:53Z</time>
			</trkpt>
			<trkpt lat="24.805609" lon="110.401178">
				<speed>1.158150</speed>
				<ele>124.000000</ele>
				<time>2026-01-25T02:12:57Z</time>
			</trkpt>
			<trkpt lat="24.805561" lon="110.401164">
				<speed>1.278951</speed>
				<ele>124.000000</ele>
				<time>2026-01-25T02:13:01Z</time>
			</trkpt>
			<trkpt lat="24.805515" lon="110.401174">
				<speed>1.334375</speed>
				<ele>125.000000</ele>
				<time>2026-01-25T02:13:05Z</time>
			</trkpt>
			<trkpt lat="24.805470" lon="110.401196">
				<speed>1.395238</speed>
				<ele>125.000000</ele>
				<time>2026-01-25T02:13:09Z</time>
			</trkpt>
			<trkpt lat="24.805426" lon="110.401224">
				<speed>1.427857</speed>
				<ele>125.000000</ele>
				<time>2026-01-25T02:13:13Z</time>
			</trkpt>
			<trkpt lat="24.805397" lon="110.401270">
				<speed>1.268378</speed>
				<ele>125.000000</ele>
				<time>2026-01-25T02:13:17Z</time>
			</trkpt>
			<trkpt lat="24.805370" lon="110.401320">
				<speed>1.375026</speed>
				<ele>126.000000</ele>
				<time>2026-01-25T02:13:21Z</time>
			</trkpt>
			<trkpt lat="24.805339" lon="110.401365">
				<speed>1.209860</speed>
				<ele>127.000000</ele>
				<time>2026-01-25T02:13:25Z</time>
			</trkpt>
			<trkpt lat="24.805305" lon="110.401409">
				<speed>1.500226</speed>
				<ele>127.000000</ele>
				<time>2026-01-25T02:13:29Z</time>
			</trkpt>
			<trkpt lat="24.805269" lon="110.401446">
				<speed>1.342976</speed>
				<ele>127.000000</ele>
				<time>2026-01-25T02:13:33Z</time>
			</trkpt>
			<trkpt lat="24.805242" lon="110.401491">
				<speed>1.305271</speed>
				<ele>127.000000</ele>
				<time>2026-01-25T02:13:37Z</time>
			</trkpt>
			<trkpt lat="24.805214" lon="110.401533">
				<speed>1.473609</speed>
				<ele>128.000000</ele>
				<time>2026-01-25T02:13:43Z</time>
			</trkpt>
			<trkpt lat="24.805161" lon="110.401552">
				<speed>1.340063</speed>
				<ele>127.000000</ele>
				<time>2026-01-25T02:13:47Z</time>
			</trkpt>
			<trkpt lat="24.805106" lon="110.401573">
				<speed>1.408662</speed>
				<ele>125.000000</ele>
				<time>2026-01-25T02:13:51Z</time>
			</trkpt>
			<trkpt lat="24.805059" lon="110.401594">
				<speed>1.227693</speed>
				<ele>126.000000</ele>
				<time>2026-01-25T02:13:55Z</time>
			</trkpt>
			<trkpt lat="24.805014" lon="110.401615">
				<speed>1.212031</speed>
				<ele>125.000000</ele>
				<time>2026-01-25T02:13:59Z</time>
			</trkpt>
			<trkpt lat="24.804966" lon="110.401624">
				<speed>0.936551</speed>
				<ele>125.000000</ele>
				<time>2026-01-25T02:14:05Z</time>
			</trkpt>
			<trkpt lat="24.804928" lon="110.401654">
				<speed>1.650898</speed>
				<ele>125.000000</ele>
				<time>2026-01-25T02:14:08Z</time>
			</trkpt>
			<trkpt lat="24.804877" lon="110.401674">
				<speed>1.529530</speed>
				<ele>125.000000</ele>
				<time>2026-01-25T02:14:12Z</time>
			</trkpt>
			<trkpt lat="24.804839" lon="110.401707">
				<speed>1.375122</speed>
				<ele>124.000000</ele>
				<time>2026-01-25T02:14:16Z</time>
			</trkpt>
			<trkpt lat="24.804789" lon="110.401735">
				<speed>1.485919</speed>
				<ele>123.000000</ele>
				<time>2026-01-25T02:14:20Z</time>
			</trkpt>
			<trkpt lat="24.804739" lon="110.401746">
				<speed>1.470929</speed>
				<ele>125.000000</ele>
				<time>2026-01-25T02:14:24Z</time>
			</trkpt>
			<trkpt lat="24.804688" lon="110.401752">
				<speed>1.505569</speed>
				<ele>125.000000</ele>
				<time>2026-01-25T02:14:28Z</time>
			</trkpt>
			<trkpt lat="24.804636" lon="110.401729">
				<speed>1.439952</speed>
				<ele>125.000000</ele>
				<time>2026-01-25T02:14:32Z</time>
			</trkpt>
			<trkpt lat="24.804597" lon="110.401700">
				<speed>1.235711</speed>
				<ele>125.000000</ele>
				<time>2026-01-25T02:14:36Z</time>
			</trkpt>
			<trkpt lat="24.804552" lon="110.401726">
				<speed>1.143258</speed>
				<ele>125.000000</ele>
				<time>2026-01-25T02:14:40Z</time>
			</trkpt>
			<trkpt lat="24.804521" lon="110.401770">
				<speed>1.337363</speed>
				<ele>126.000000</ele>
				<time>2026-01-25T02:14:44Z</time>
			</trkpt>
			<trkpt lat="24.804490" lon="110.401813">
				<speed>0.972655</speed>
				<ele>126.000000</ele>
				<time>2026-01-25T02:14:49Z</time>
			</trkpt>
			<trkpt lat="24.804453" lon="110.401854">
				<speed>1.340979</speed>
				<ele>126.000000</ele>
				<time>2026-01-25T02:14:53Z</time>
			</trkpt>
			<trkpt lat="24.804427" lon="110.401900">
				<speed>1.313377</speed>
				<ele>126.000000</ele>
				<time>2026-01-25T02:14:57Z</time>
			</trkpt>
			<trkpt lat="24.804394" lon="110.401939">
				<speed>1.289464</speed>
				<ele>127.000000</ele>
				<time>2026-01-25T02:15:01Z</time>
			</trkpt>
			<trkpt lat="24.804361" lon="110.401983">
				<speed>0.856161</speed>
				<ele>126.000000</ele>
				<time>2026-01-25T02:15:06Z</time>
			</trkpt>
			<trkpt lat="24.804321" lon="110.402008">
				<speed>1.335568</speed>
				<ele>126.000000</ele>
				<time>2026-01-25T02:15:09Z</time>
			</trkpt>
			<trkpt lat="24.804280" lon="110.402035">
				<speed>1.193731</speed>
				<ele>127.000000</ele>
				<time>2026-01-25T02:15:13Z</time>
			</trkpt>
			<trkpt lat="24.804235" lon="110.402063">
				<speed>0.937254</speed>
				<ele>127.000000</ele>
				<time>2026-01-25T02:15:18Z</time>
			</trkpt>
			<trkpt lat="24.804193" lon="110.402095">
				<speed>1.412348</speed>
				<ele>126.000000</ele>
				<time>2026-01-25T02:15:22Z</time>
			</trkpt>
			<trkpt lat="24.804159" lon="110.402134">
				<speed>1.124042</speed>
				<ele>125.000000</ele>
				<time>2026-01-25T02:15:26Z</time>
			</trkpt>
			<trkpt lat="24.804120" lon="110.402165">
				<speed>0.984420</speed>
				<ele>127.000000</ele>
				<time>2026-01-25T02:15:31Z</time>
			</trkpt>
			<trkpt lat="24.804072" lon="110.402192">
				<speed>1.113176</speed>
				<ele>126.000000</ele>
				<time>2026-01-25T02:15:36Z</time>
			</trkpt>
			<trkpt lat="24.804033" lon="110.402220">
				<speed>1.700304</speed>
				<ele>127.000000</ele>
				<time>2026-01-25T02:15:39Z</time>
			</trkpt>
			<trkpt lat="24.803992" lon="110.402258">
				<speed>0.990862</speed>
				<ele>125.000000</ele>
				<time>2026-01-25T02:15:44Z</time>
			</trkpt>
			<trkpt lat="24.803948" lon="110.402288">
				<speed>1.267671</speed>
				<ele>126.000000</ele>
				<time>2026-01-25T02:15:48Z</time>
			</trkpt>
			<trkpt lat="24.803906" lon="110.402318">
				<speed>1.271627</speed>
				<ele>126.000000</ele>
				<time>2026-01-25T02:15:52Z</time>
			</trkpt>
			<trkpt lat="24.803866" lon="110.402347">
				<speed>1.361982</speed>
				<ele>126.000000</ele>
				<time>2026-01-25T02:15:56Z</time>
			</trkpt>
			<trkpt lat="24.803827" lon="110.402377">
				<speed>1.274529</speed>
				<ele>126.000000</ele>
				<time>2026-01-25T02:16:00Z</time>
			</trkpt>
			<trkpt lat="24.803787" lon="110.402409">
				<speed>1.329049</speed>
				<ele>126.000000</ele>
				<time>2026-01-25T02:16:04Z</time>
			</trkpt>
			<trkpt lat="24.803743" lon="110.402438">
				<speed>1.000978</speed>
				<ele>125.000000</ele>
				<time>2026-01-25T02:16:09Z</time>
			</trkpt>
			<trkpt lat="24.803695" lon="110.402460">
				<speed>1.307839</speed>
				<ele>125.000000</ele>
				<time>2026-01-25T02:16:13Z</time>
			</trkpt>
			<trkpt lat="24.803647" lon="110.402481">
				<speed>1.224625</speed>
				<ele>125.000000</ele>
				<time>2026-01-25T02:16:18Z</time>
			</trkpt>
			<trkpt lat="24.803595" lon="110.402504">
				<speed>1.153038</speed>
				<ele>125.000000</ele>
				<time>2026-01-25T02:16:23Z</time>
			</trkpt>
			<trkpt lat="24.803546" lon="110.402529">
				<speed>1.258076</speed>
				<ele>124.000000</ele>
				<time>2026-01-25T02:16:27Z</time>
			</trkpt>
			<trkpt lat="24.803495" lon="110.402548">
				<speed>1.252920</speed>
				<ele>124.000000</ele>
				<time>2026-01-25T02:16:32Z</time>
			</trkpt>
			<trkpt lat="24.803451" lon="110.402561">
				<speed>1.196339</speed>
				<ele>125.000000</ele>
				<time>2026-01-25T02:16:36Z</time>
			</trkpt>
			<trkpt lat="24.803404" lon="110.402577">
				<speed>1.034429</speed>
				<ele>126.000000</ele>
				<time>2026-01-25T02:16:41Z</time>
			</trkpt>
			<trkpt lat="24.803355" lon="110.402609">
				<speed>1.300046</speed>
				<ele>126.000000</ele>
				<time>2026-01-25T02:16:46Z</time>
			</trkpt>
			<trkpt lat="24.803313" lon="110.402646">
				<speed>1.199085</speed>
				<ele>125.000000</ele>
				<time>2026-01-25T02:16:51Z</time>
			</trkpt>
			<trkpt lat="24.803279" lon="110.402698">
				<speed>1.288862</speed>
				<ele>126.000000</ele>
				<time>2026-01-25T02:16:56Z</time>
			</trkpt>
			<trkpt lat="24.803260" lon="110.402745">
				<speed>1.307646</speed>
				<ele>126.000000</ele>
				<time>2026-01-25T02:17:00Z</time>
			</trkpt>
			<trkpt lat="24.803219" lon="110.402785">
				<speed>1.206696</speed>
				<ele>125.000000</ele>
				<time>2026-01-25T02:17:05Z</time>
			</trkpt>
			<trkpt lat="24.803168" lon="110.402783">
				<speed>1.032336</speed>
				<ele>125.000000</ele>
				<time>2026-01-25T02:17:10Z</time>
			</trkpt>
			<trkpt lat="24.803123" lon="110.402803">
				<speed>1.045765</speed>
				<ele>125.000000</ele>
				<time>2026-01-25T02:17:14Z</time>
			</trkpt>
			<trkpt lat="24.803098" lon="110.402855">
				<speed>1.200711</speed>
				<ele>125.000000</ele>
				<time>2026-01-25T02:17:19Z</time>
			</trkpt>
			<trkpt lat="24.803088" lon="110.402907">
				<speed>1.066744</speed>
				<ele>126.000000</ele>
				<time>2026-01-25T02:17:23Z</time>
			</trkpt>
			<trkpt lat="24.803081" lon="110.402960">
				<speed>1.132474</speed>
				<ele>126.000000</ele>
				<time>2026-01-25T02:17:27Z</time>
			</trkpt>
			<trkpt lat="24.803042" lon="110.402997">
				<speed>1.339565</speed>
				<ele>125.000000</ele>
				<time>2026-01-25T02:17:31Z</time>
			</trkpt>
			<trkpt lat="24.803005" lon="110.403031">
				<speed>1.333580</speed>
				<ele>125.000000</ele>
				<time>2026-01-25T02:17:35Z</time>
			</trkpt>
			<trkpt lat="24.802965" lon="110.403060">
				<speed>1.288325</speed>
				<ele>125.000000</ele>
				<time>2026-01-25T02:17:39Z</time>
			</trkpt>
			<trkpt lat="24.802927" lon="110.403088">
				<speed>1.260493</speed>
				<ele>126.000000</ele>
				<time>2026-01-25T02:17:43Z</time>
			</trkpt>
			<trkpt lat="24.802892" lon="110.403124">
				<speed>1.319447</speed>
				<ele>126.000000</ele>
				<time>2026-01-25T02:17:47Z</time>
			</trkpt>
			<trkpt lat="24.802852" lon="110.403170">
				<speed>1.295025</speed>
				<ele>125.000000</ele>
				<time>2026-01-25T02:17:52Z</time>
			</trkpt>
			<trkpt lat="24.802820" lon="110.403206">
				<speed>1.272407</speed>
				<ele>125.000000</ele>
				<time>2026-01-25T02:17:56Z</time>
			</trkpt>
			<trkpt lat="24.802786" lon="110.403239">
				<speed>1.302689</speed>
				<ele>125.000000</ele>
				<time>2026-01-25T02:18:00Z</time>
			</trkpt>
			<trkpt lat="24.802751" lon="110.403278">
				<speed>1.362883</speed>
				<ele>125.000000</ele>
				<time>2026-01-25T02:18:04Z</time>
			</trkpt>
			<trkpt lat="24.802716" lon="110.403311">
				<speed>1.276958</speed>
				<ele>126.000000</ele>
				<time>2026-01-25T02:18:08Z</time>
			</trkpt>
			<trkpt lat="24.802690" lon="110.403364">
				<speed>1.120140</speed>
				<ele>124.000000</ele>
				<time>2026-01-25T02:18:13Z</time>
			</trkpt>
			<trkpt lat="24.802656" lon="110.403406">
				<speed>1.002345</speed>
				<ele>127.000000</ele>
				<time>2026-01-25T02:18:17Z</time>
			</trkpt>
			<trkpt lat="24.802613" lon="110.403436">
				<speed>1.131813</speed>
				<ele>128.000000</ele>
				<time>2026-01-25T02:18:21Z</time>
			</trkpt>
			<trkpt lat="24.802571" lon="110.403469">
				<speed>1.289318</speed>
				<ele>129.000000</ele>
				<time>2026-01-25T02:18:25Z</time>
			</trkpt>
			<trkpt lat="24.802525" lon="110.403503">
				<speed>1.369946</speed>
				<ele>129.000000</ele>
				<time>2026-01-25T02:18:30Z</time>
			</trkpt>
			<trkpt lat="24.802481" lon="110.403537">
				<speed>1.426412</speed>
				<ele>129.000000</ele>
				<time>2026-01-25T02:18:34Z</time>
			</trkpt>
			<trkpt lat="24.802437" lon="110.403566">
				<speed>1.223601</speed>
				<ele>129.000000</ele>
				<time>2026-01-25T02:18:38Z</time>
			</trkpt>
			<trkpt lat="24.802389" lon="110.403590">
				<speed>1.466258</speed>
				<ele>129.000000</ele>
				<time>2026-01-25T02:18:42Z</time>
			</trkpt>
			<trkpt lat="24.802346" lon="110.403611">
				<speed>0.979031</speed>
				<ele>128.000000</ele>
				<time>2026-01-25T02:18:46Z</time>
			</trkpt>
			<trkpt lat="24.802304" lon="110.403634">
				<speed>1.124924</speed>
				<ele>128.000000</ele>
				<time>2026-01-25T02:18:50Z</time>
			</trkpt>
			<trkpt lat="24.802262" lon="110.403676">
				<speed>1.114794</speed>
				<ele>125.000000</ele>
				<time>2026-01-25T02:18:55Z</time>
			</trkpt>
			<trkpt lat="24.802226" lon="110.403706">
				<speed>1.134408</speed>
				<ele>124.000000</ele>
				<time>2026-01-25T02:18:59Z</time>
			</trkpt>
			<trkpt lat="24.802185" lon="110.403739">
				<speed>1.600930</speed>
				<ele>125.000000</ele>
				<time>2026-01-25T02:19:03Z</time>
			</trkpt>
			<trkpt lat="24.802148" lon="110.403768">
				<speed>0.971801</speed>
				<ele>125.000000</ele>
				<time>2026-01-25T02:19:08Z</time>
			</trkpt>
			<trkpt lat="24.802111" lon="110.403802">
				<speed>1.186554</speed>
				<ele>126.000000</ele>
				<time>2026-01-25T02:19:12Z</time>
			</trkpt>
			<trkpt lat="24.802074" lon="110.403834">
				<speed>1.181844</speed>
				<ele>125.000000</ele>
				<time>2026-01-25T02:19:16Z</time>
			</trkpt>
			<trkpt lat="24.802035" lon="110.403871">
				<speed>1.151720</speed>
				<ele>127.000000</ele>
				<time>2026-01-25T02:19:20Z</time>
			</trkpt>
			<trkpt lat="24.802004" lon="110.403911">
				<speed>1.217624</speed>
				<ele>127.000000</ele>
				<time>2026-01-25T02:19:24Z</time>
			</trkpt>
			<trkpt lat="24.801961" lon="110.403947">
				<speed>1.267238</speed>
				<ele>128.000000</ele>
				<time>2026-01-25T02:19:28Z</time>
			</trkpt>
			<trkpt lat="24.801926" lon="110.403983">
				<speed>0.963260</speed>
				<ele>128.000000</ele>
				<time>2026-01-25T02:19:32Z</time>
			</trkpt>
			<trkpt lat="24.801886" lon="110.404019">
				<speed>1.282263</speed>
				<ele>128.000000</ele>
				<time>2026-01-25T02:19:36Z</time>
			</trkpt>
			<trkpt lat="24.801848" lon="110.404061">
				<speed>0.996050</speed>
				<ele>128.000000</ele>
				<time>2026-01-25T02:19:41Z</time>
			</trkpt>
			<trkpt lat="24.801822" lon="110.404106">
				<speed>1.278624</speed>
				<ele>128.000000</ele>
				<time>2026-01-25T02:19:45Z</time>
			</trkpt>
			<trkpt lat="24.801791" lon="110.404160">
				<speed>1.315493</speed>
				<ele>127.000000</ele>
				<time>2026-01-25T02:19:50Z</time>
			</trkpt>
			<trkpt lat="24.801755" lon="110.404199">
				<speed>1.455084</speed>
				<ele>127.000000</ele>
				<time>2026-01-25T02:19:54Z</time>
			</trkpt>
			<trkpt lat="24.801701" lon="110.404218">
				<speed>1.100410</speed>
				<ele>127.000000</ele>
				<time>2026-01-25T02:19:59Z</time>
			</trkpt>
			<trkpt lat="24.801647" lon="110.404243">
				<speed>1.334173</speed>
				<ele>125.000000</ele>
				<time>2026-01-25T02:20:04Z</time>
			</trkpt>
			<trkpt lat="24.801607" lon="110.404281">
				<speed>1.471089</speed>
				<ele>125.000000</ele>
				<time>2026-01-25T02:20:08Z</time>
			</trkpt>
			<trkpt lat="24.801575" lon="110.404317">
				<speed>0.995755</speed>
				<ele>126.000000</ele>
				<time>2026-01-25T02:20:12Z</time>
			</trkpt>
			<trkpt lat="24.801540" lon="110.404356">
				<speed>1.005986</speed>
				<ele>126.000000</ele>
				<time>2026-01-25T02:20:16Z</time>
			</trkpt>
			<trkpt lat="24.801512" lon="110.404411">
				<speed>1.099093</speed>
				<ele>127.000000</ele>
				<time>2026-01-25T02:20:22Z</time>
			</trkpt>
			<trkpt lat="24.801481" lon="110.404458">
				<speed>1.320428</speed>
				<ele>127.000000</ele>
				<time>2026-01-25T02:20:26Z</time>
			</trkpt>
			<trkpt lat="24.801449" lon="110.404494">
				<speed>1.518437</speed>
				<ele>127.000000</ele>
				<time>2026-01-25T02:20:29Z</time>
			</trkpt>
			<trkpt lat="24.801411" lon="110.404526">
				<speed>1.299765</speed>
				<ele>128.000000</ele>
				<time>2026-01-25T02:20:33Z</time>
			</trkpt>
			<trkpt lat="24.801368" lon="110.404554">
				<speed>1.067340</speed>
				<ele>128.000000</ele>
				<time>2026-01-25T02:20:37Z</time>
			</trkpt>
			<trkpt lat="24.801331" lon="110.404592">
				<speed>1.266500</speed>
				<ele>128.000000</ele>
				<time>2026-01-25T02:20:41Z</time>
			</trkpt>
			<trkpt lat="24.801290" lon="110.404635">
				<speed>1.204597</speed>
				<ele>127.000000</ele>
				<time>2026-01-25T02:20:46Z</time>
			</trkpt>
			<trkpt lat="24.801253" lon="110.404673">
				<speed>1.308593</speed>
				<ele>127.000000</ele>
				<time>2026-01-25T02:20:50Z</time>
			</trkpt>
			<trkpt lat="24.801218" lon="110.404709">
				<speed>1.112160</speed>
				<ele>127.000000</ele>
				<time>2026-01-25T02:20:54Z</time>
			</trkpt>
			<trkpt lat="24.801177" lon="110.404751">
				<speed>1.193120</speed>
				<ele>127.000000</ele>
				<time>2026-01-25T02:20:59Z</time>
			</trkpt>
			<trkpt lat="24.801138" lon="110.404786">
				<speed>1.227635</speed>
				<ele>127.000000</ele>
				<time>2026-01-25T02:21:03Z</time>
			</trkpt>
			<trkpt lat="24.801097" lon="110.404817">
				<speed>1.166393</speed>
				<ele>124.000000</ele>
				<time>2026-01-25T02:21:19Z</time>
			</trkpt>
			<trkpt lat="24.801055" lon="110.404847">
				<speed>1.002916</speed>
				<ele>123.000000</ele>
				<time>2026-01-25T02:21:24Z</time>
			</trkpt>
			<trkpt lat="24.801032" lon="110.404895">
				<speed>1.492434</speed>
				<ele>124.000000</ele>
				<time>2026-01-25T02:21:28Z</time>
			</trkpt>
			<trkpt lat="24.800989" lon="110.404931">
				<speed>1.419827</speed>
				<ele>125.000000</ele>
				<time>2026-01-25T02:21:32Z</time>
			</trkpt>
			<trkpt lat="24.800949" lon="110.404969">
				<speed>1.162299</speed>
				<ele>126.000000</ele>
				<time>2026-01-25T02:21:36Z</time>
			</trkpt>
			<trkpt lat="24.800918" lon="110.405011">
				<speed>1.633968</speed>
				<ele>126.000000</ele>
				<time>2026-01-25T02:21:39Z</time>
			</trkpt>
			<trkpt lat="24.800884" lon="110.405048">
				<speed>1.595613</speed>
				<ele>127.000000</ele>
				<time>2026-01-25T02:21:42Z</time>
			</trkpt>
			<trkpt lat="24.800847" lon="110.405093">
				<speed>1.414803</speed>
				<ele>128.000000</ele>
				<time>2026-01-25T02:21:46Z</time>
			</trkpt>
			<trkpt lat="24.800809" lon="110.405139">
				<speed>1.658221</speed>
				<ele>128.000000</ele>
				<time>2026-01-25T02:21:50Z</time>
			</trkpt>
			<trkpt lat="24.800774" lon="110.405185">
				<speed>1.332206</speed>
				<ele>127.000000</ele>
				<time>2026-01-25T02:21:55Z</time>
			</trkpt>
			<trkpt lat="24.800731" lon="110.405220">
				<speed>1.352350</speed>
				<ele>128.000000</ele>
				<time>2026-01-25T02:21:59Z</time>
			</trkpt>
			<trkpt lat="24.800688" lon="110.405260">
				<speed>1.248279</speed>
				<ele>128.000000</ele>
				<time>2026-01-25T02:22:03Z</time>
			</trkpt>
			<trkpt lat="24.800646" lon="110.405299">
				<speed>1.392739</speed>
				<ele>128.000000</ele>
				<time>2026-01-25T02:22:07Z</time>
			</trkpt>
			<trkpt lat="24.800608" lon="110.405328">
				<speed>1.300134</speed>
				<ele>128.000000</ele>
				<time>2026-01-25T02:22:11Z</time>
			</trkpt>
			<trkpt lat="24.800565" lon="110.405357">
				<speed>0.910451</speed>
				<ele>128.000000</ele>
				<time>2026-01-25T02:22:16Z</time>
			</trkpt>
			<trkpt lat="24.800526" lon="110.405393">
				<speed>1.184244</speed>
				<ele>129.000000</ele>
				<time>2026-01-25T02:22:20Z</time>
			</trkpt>
			<trkpt lat="24.800490" lon="110.405431">
				<speed>0.992739</speed>
				<ele>128.000000</ele>
				<time>2026-01-25T02:22:25Z</time>
			</trkpt>
			<trkpt lat="24.800453" lon="110.405465">
				<speed>1.216493</speed>
				<ele>127.000000</ele>
				<time>2026-01-25T02:22:29Z</time>
			</trkpt>
			<trkpt lat="24.800415" lon="110.405509">
				<speed>1.389844</speed>
				<ele>127.000000</ele>
				<time>2026-01-25T02:22:33Z</time>
			</trkpt>
			<trkpt lat="24.800374" lon="110.405536">
				<speed>1.258564</speed>
				<ele>127.000000</ele>
				<time>2026-01-25T02:22:37Z</time>
			</trkpt>
			<trkpt lat="24.800326" lon="110.405573">
				<speed>1.368611</speed>
				<ele>128.000000</ele>
				<time>2026-01-25T02:22:42Z</time>
			</trkpt>
			<trkpt lat="24.800286" lon="110.405603">
				<speed>1.354987</speed>
				<ele>128.000000</ele>
				<time>2026-01-25T02:22:46Z</time>
			</trkpt>
			<trkpt lat="24.800237" lon="110.405634">
				<speed>1.299634</speed>
				<ele>128.000000</ele>
				<time>2026-01-25T02:22:51Z</time>
			</trkpt>
			<trkpt lat="24.800191" lon="110.405669">
				<speed>1.269732</speed>
				<ele>128.000000</ele>
				<time>2026-01-25T02:22:56Z</time>
			</trkpt>
			<trkpt lat="24.800146" lon="110.405692">
				<speed>1.086028</speed>
				<ele>128.000000</ele>
				<time>2026-01-25T02:23:00Z</time>
			</trkpt>
			<trkpt lat="24.800105" lon="110.405724">
				<speed>1.377135</speed>
				<ele>128.000000</ele>
				<time>2026-01-25T02:23:04Z</time>
			</trkpt>
			<trkpt lat="24.800065" lon="110.405748">
				<speed>1.239802</speed>
				<ele>128.000000</ele>
				<time>2026-01-25T02:23:08Z</time>
			</trkpt>
			<trkpt lat="24.800023" lon="110.405768">
				<speed>1.334075</speed>
				<ele>128.000000</ele>
				<time>2026-01-25T02:23:12Z</time>
			</trkpt>
			<trkpt lat="24.799972" lon="110.405791">
				<speed>1.099156</speed>
				<ele>129.000000</ele>
				<time>2026-01-25T02:23:17Z</time>
			</trkpt>
			<trkpt lat="24.799922" lon="110.405814">
				<speed>1.274443</speed>
				<ele>129.000000</ele>
				<time>2026-01-25T02:23:22Z</time>
			</trkpt>
			<trkpt lat="24.799881" lon="110.405834">
				<speed>1.243639</speed>
				<ele>129.000000</ele>
				<time>2026-01-25T02:23:26Z</time>
			</trkpt>
			<trkpt lat="24.799836" lon="110.405851">
				<speed>1.246438</speed>
				<ele>129.000000</ele>
				<time>2026-01-25T02:23:30Z</time>
			</trkpt>
			<trkpt lat="24.799793" lon="110.405872">
				<speed>1.133352</speed>
				<ele>130.000000</ele>
				<time>2026-01-25T02:23:34Z</time>
			</trkpt>
			<trkpt lat="24.799786" lon="110.405922">
				<speed>1.199804</speed>
				<ele>129.000000</ele>
				<time>2026-01-25T02:23:41Z</time>
			</trkpt>
			<trkpt lat="24.799772" lon="110.405971">
				<speed>0.456840</speed>
				<ele>128.000000</ele>
				<time>2026-01-25T02:23:49Z</time>
			</trkpt>
			<trkpt lat="24.799804" lon="110.406008">
				<speed>0.969252</speed>
				<ele>129.000000</ele>
				<time>2026-01-25T02:23:56Z</time>
			</trkpt>
			<trkpt lat="24.799845" lon="110.406043">
				<speed>0.986865</speed>
				<ele>128.000000</ele>
				<time>2026-01-25T02:24:13Z</time>
			</trkpt>
			<trkpt lat="24.799897" lon="110.406052">
				<speed>1.131544</speed>
				<ele>128.000000</ele>
				<time>2026-01-25T02:24:27Z</time>
			</trkpt>
			<trkpt lat="24.799942" lon="110.406071">
				<speed>1.004976</speed>
				<ele>127.000000</ele>
				<time>2026-01-25T02:24:32Z</time>
			</trkpt>
			<trkpt lat="24.799988" lon="110.406092">
				<speed>0.118171</speed>
				<ele>127.000000</ele>
				<time>2026-01-25T02:24:43Z</time>
			</trkpt>
			<trkpt lat="24.799944" lon="110.406072">
				<speed>0.042429</speed>
				<ele>127.000000</ele>
				<time>2026-01-25T02:26:17Z</time>
			</trkpt>
			<trkpt lat="24.799900" lon="110.406045">
				<speed>0.046999</speed>
				<ele>127.000000</ele>
				<time>2026-01-25T02:26:24Z</time>
			</trkpt>
			<trkpt lat="24.799853" lon="110.406022">
				<speed>0.194966</speed>
				<ele>128.000000</ele>
				<time>2026-01-25T02:26:29Z</time>
			</trkpt>
			<trkpt lat="24.799805" lon="110.406015">
				<speed>0.154155</speed>
				<ele>128.000000</ele>
				<time>2026-01-25T02:26:33Z</time>
			</trkpt>
			<trkpt lat="24.799773" lon="110.405979">
				<speed>0.157207</speed>
				<ele>127.000000</ele>
				<time>2026-01-25T02:26:53Z</time>
			</trkpt>
			<trkpt lat="24.799776" lon="110.405929">
				<speed>0.658628</speed>
				<ele>127.000000</ele>
				<time>2026-01-25T02:26:59Z</time>
			</trkpt>
			<trkpt lat="24.799786" lon="110.405879">
				<speed>0.364802</speed>
				<ele>128.000000</ele>
				<time>2026-01-25T02:27:05Z</time>
			</trkpt>
			<trkpt lat="24.799733" lon="110.405892">
				<speed>1.310519</speed>
				<ele>132.000000</ele>
				<time>2026-01-25T02:27:32Z</time>
			</trkpt>
			<trkpt lat="24.799687" lon="110.405896">
				<speed>1.147288</speed>
				<ele>131.000000</ele>
				<time>2026-01-25T02:27:36Z</time>
			</trkpt>
			<trkpt lat="24.799642" lon="110.405917">
				<speed>1.044539</speed>
				<ele>130.000000</ele>
				<time>2026-01-25T02:27:40Z</time>
			</trkpt>
			<trkpt lat="24.799607" lon="110.405960">
				<speed>1.226263</speed>
				<ele>129.000000</ele>
				<time>2026-01-25T02:27:44Z</time>
			</trkpt>
			<trkpt lat="24.799571" lon="110.406000">
				<speed>1.061799</speed>
				<ele>129.000000</ele>
				<time>2026-01-25T02:27:48Z</time>
			</trkpt>
			<trkpt lat="24.799537" lon="110.406041">
				<speed>1.205119</speed>
				<ele>130.000000</ele>
				<time>2026-01-25T02:27:52Z</time>
			</trkpt>
			<trkpt lat="24.799506" lon="110.406077">
				<speed>1.200623</speed>
				<ele>130.000000</ele>
				<time>2026-01-25T02:27:56Z</time>
			</trkpt>
			<trkpt lat="24.799462" lon="110.406106">
				<speed>1.242319</speed>
				<ele>129.000000</ele>
				<time>2026-01-25T02:28:01Z</time>
			</trkpt>
			<trkpt lat="24.799424" lon="110.406136">
				<speed>1.135077</speed>
				<ele>129.000000</ele>
				<time>2026-01-25T02:28:05Z</time>
			</trkpt>
			<trkpt lat="24.799382" lon="110.406174">
				<speed>1.161779</speed>
				<ele>130.000000</ele>
				<time>2026-01-25T02:28:10Z</time>
			</trkpt>
			<trkpt lat="24.799334" lon="110.406206">
				<speed>1.343293</speed>
				<ele>130.000000</ele>
				<time>2026-01-25T02:28:15Z</time>
			</trkpt>
			<trkpt lat="24.799285" lon="110.406226">
				<speed>1.060357</speed>
				<ele>129.000000</ele>
				<time>2026-01-25T02:28:21Z</time>
			</trkpt>
			<trkpt lat="24.799243" lon="110.406246">
				<speed>1.206936</speed>
				<ele>129.000000</ele>
				<time>2026-01-25T02:28:25Z</time>
			</trkpt>
			<trkpt lat="24.799194" lon="110.406282">
				<speed>1.042982</speed>
				<ele>129.000000</ele>
				<time>2026-01-25T02:28:30Z</time>
			</trkpt>
			<trkpt lat="24.799157" lon="110.406316">
				<speed>0.925555</speed>
				<ele>129.000000</ele>
				<time>2026-01-25T02:28:34Z</time>
			</trkpt>
			<trkpt lat="24.799113" lon="110.406348">
				<speed>0.834147</speed>
				<ele>129.000000</ele>
				<time>2026-01-25T02:28:39Z</time>
			</trkpt>
			<trkpt lat="24.799069" lon="110.406388">
				<speed>0.881518</speed>
				<ele>130.000000</ele>
				<time>2026-01-25T02:28:44Z</time>
			</trkpt>
			<trkpt lat="24.799031" lon="110.406423">
				<speed>0.889609</speed>
				<ele>130.000000</ele>
				<time>2026-01-25T02:28:48Z</time>
			</trkpt>
			<trkpt lat="24.798985" lon="110.406453">
				<speed>0.871633</speed>
				<ele>129.000000</ele>
				<time>2026-01-25T02:28:52Z</time>
			</trkpt>
			<trkpt lat="24.798943" lon="110.406491">
				<speed>1.082511</speed>
				<ele>129.000000</ele>
				<time>2026-01-25T02:28:56Z</time>
			</trkpt>
			<trkpt lat="24.798907" lon="110.406537">
				<speed>0.908562</speed>
				<ele>129.000000</ele>
				<time>2026-01-25T02:29:00Z</time>
			</trkpt>
			<trkpt lat="24.798872" lon="110.406575">
				<speed>0.843448</speed>
				<ele>130.000000</ele>
				<time>2026-01-25T02:29:04Z</time>
			</trkpt>
			<trkpt lat="24.798830" lon="110.406597">
				<speed>0.927284</speed>
				<ele>130.000000</ele>
				<time>2026-01-25T02:29:08Z</time>
			</trkpt>
			<trkpt lat="24.798780" lon="110.406618">
				<speed>1.040424</speed>
				<ele>130.000000</ele>
				<time>2026-01-25T02:29:12Z</time>
			</trkpt>
			<trkpt lat="24.798731" lon="110.406643">
				<speed>0.852144</speed>
				<ele>130.000000</ele>
				<time>2026-01-25T02:29:16Z</time>
			</trkpt>
			<trkpt lat="24.798685" lon="110.406677">
				<speed>0.697739</speed>
				<ele>130.000000</ele>
				<time>2026-01-25T02:29:21Z</time>
			</trkpt>
			<trkpt lat="24.798641" lon="110.406709">
				<speed>1.054134</speed>
				<ele>130.000000</ele>
				<time>2026-01-25T02:29:25Z</time>
			</trkpt>
			<trkpt lat="24.798594" lon="110.406735">
				<speed>1.201593</speed>
				<ele>129.000000</ele>
				<time>2026-01-25T02:29:29Z</time>
			</trkpt>
			<trkpt lat="24.798553" lon="110.406760">
				<speed>1.164474</speed>
				<ele>128.000000</ele>
				<time>2026-01-25T02:29:33Z</time>
			</trkpt>
			<trkpt lat="24.798511" lon="110.406778">
				<speed>0.838139</speed>
				<ele>128.000000</ele>
				<time>2026-01-25T02:29:37Z</time>
			</trkpt>
			<trkpt lat="24.798477" lon="110.406822">
				<speed>1.174173</speed>
				<ele>128.000000</ele>
				<time>2026-01-25T02:29:41Z</time>
			</trkpt>
			<trkpt lat="24.798444" lon="110.406877">
				<speed>1.213284</speed>
				<ele>129.000000</ele>
				<time>2026-01-25T02:29:46Z</time>
			</trkpt>
			<trkpt lat="24.798425" lon="110.406924">
				<speed>0.986911</speed>
				<ele>129.000000</ele>
				<time>2026-01-25T02:29:50Z</time>
			</trkpt>
			<trkpt lat="24.798391" lon="110.406964">
				<speed>1.344295</speed>
				<ele>129.000000</ele>
				<time>2026-01-25T02:29:54Z</time>
			</trkpt>
			<trkpt lat="24.798348" lon="110.406983">
				<speed>1.095320</speed>
				<ele>129.000000</ele>
				<time>2026-01-25T02:29:58Z</time>
			</trkpt>
			<trkpt lat="24.798299" lon="110.407002">
				<speed>0.969296</speed>
				<ele>129.000000</ele>
				<time>2026-01-25T02:30:03Z</time>
			</trkpt>
			<trkpt lat="24.798235" lon="110.407025">
				<speed>1.362143</speed>
				<ele>129.000000</ele>
				<time>2026-01-25T02:30:09Z</time>
			</trkpt>
			<trkpt lat="24.798180" lon="110.407011">
				<speed>1.191894</speed>
				<ele>130.000000</ele>
				<time>2026-01-25T02:30:13Z</time>
			</trkpt>
			<trkpt lat="24.798129" lon="110.407005">
				<speed>1.029640</speed>
				<ele>130.000000</ele>
				<time>2026-01-25T02:30:17Z</time>
			</trkpt>
			<trkpt lat="24.798072" lon="110.407015">
				<speed>1.335616</speed>
				<ele>129.000000</ele>
				<time>2026-01-25T02:30:21Z</time>
			</trkpt>
			<trkpt lat="24.798025" lon="110.407053">
				<speed>1.191222</speed>
				<ele>128.000000</ele>
				<time>2026-01-25T02:30:27Z</time>
			</trkpt>
			<trkpt lat="24.797975" lon="110.407071">
				<speed>0.944858</speed>
				<ele>128.000000</ele>
				<time>2026-01-25T02:30:31Z</time>
			</trkpt>
			<trkpt lat="24.797935" lon="110.407110">
				<speed>1.200993</speed>
				<ele>129.000000</ele>
				<time>2026-01-25T02:30:35Z</time>
			</trkpt>
			<trkpt lat="24.797900" lon="110.407146">
				<speed>0.930521</speed>
				<ele>129.000000</ele>
				<time>2026-01-25T02:30:39Z</time>
			</trkpt>
			<trkpt lat="24.797857" lon="110.407189">
				<speed>0.769982</speed>
				<ele>129.000000</ele>
				<time>2026-01-25T02:30:45Z</time>
			</trkpt>
			<trkpt lat="24.797809" lon="110.407190">
				<speed>0.859998</speed>
				<ele>129.000000</ele>
				<time>2026-01-25T02:30:49Z</time>
			</trkpt>
			<trkpt lat="24.797768" lon="110.407220">
				<speed>1.221763</speed>
				<ele>128.000000</ele>
				<time>2026-01-25T02:30:53Z</time>
			</trkpt>
			<trkpt lat="24.797761" lon="110.407270">
				<speed>1.386794</speed>
				<ele>129.000000</ele>
				<time>2026-01-25T02:30:56Z</time>
			</trkpt>
			<trkpt lat="24.797751" lon="110.407321">
				<speed>1.148313</speed>
				<ele>128.000000</ele>
				<time>2026-01-25T02:31:00Z</time>
			</trkpt>
			<trkpt lat="24.797723" lon="110.407368">
				<speed>1.015730</speed>
				<ele>128.000000</ele>
				<time>2026-01-25T02:31:03Z</time>
			</trkpt>
			<trkpt lat="24.797688" lon="110.407403">
				<speed>0.830267</speed>
				<ele>128.000000</ele>
				<time>2026-01-25T02:31:07Z</time>
			</trkpt>
			<trkpt lat="24.797641" lon="110.407427">
				<speed>0.893832</speed>
				<ele>128.000000</ele>
				<time>2026-01-25T02:31:12Z</time>
			</trkpt>
			<trkpt lat="24.797585" lon="110.407440">
				<speed>1.055847</speed>
				<ele>126.000000</ele>
				<time>2026-01-25T02:31:17Z</time>
			</trkpt>
			<trkpt lat="24.797532" lon="110.407450">
				<speed>1.109915</speed>
				<ele>127.000000</ele>
				<time>2026-01-25T02:31:21Z</time>
			</trkpt>
			<trkpt lat="24.797481" lon="110.407449">
				<speed>1.150774</speed>
				<ele>127.000000</ele>
				<time>2026-01-25T02:31:25Z</time>
			</trkpt>
			<trkpt lat="24.797429" lon="110.407461">
				<speed>1.139962</speed>
				<ele>127.000000</ele>
				<time>2026-01-25T02:31:29Z</time>
			</trkpt>
			<trkpt lat="24.797377" lon="110.407481">
				<speed>1.379931</speed>
				<ele>127.000000</ele>
				<time>2026-01-25T02:31:33Z</time>
			</trkpt>
			<trkpt lat="24.797345" lon="110.407524">
				<speed>1.000334</speed>
				<ele>128.000000</ele>
				<time>2026-01-25T02:31:38Z</time>
			</trkpt>
			<trkpt lat="24.797305" lon="110.407567">
				<speed>1.265759</speed>
				<ele>128.000000</ele>
				<time>2026-01-25T02:31:43Z</time>
			</trkpt>
			<trkpt lat="24.797278" lon="110.407616">
				<speed>1.385555</speed>
				<ele>128.000000</ele>
				<time>2026-01-25T02:31:47Z</time>
			</trkpt>
			<trkpt lat="24.797265" lon="110.407674">
				<speed>1.331498</speed>
				<ele>128.000000</ele>
				<time>2026-01-25T02:31:51Z</time>
			</trkpt>
			<trkpt lat="24.797257" lon="110.407738">
				<speed>1.289592</speed>
				<ele>127.000000</ele>
				<time>2026-01-25T02:31:56Z</time>
			</trkpt>
			<trkpt lat="24.797237" lon="110.407790">
				<speed>1.136741</speed>
				<ele>127.000000</ele>
				<time>2026-01-25T02:32:01Z</time>
			</trkpt>
			<trkpt lat="24.797204" lon="110.407825">
				<speed>1.427096</speed>
				<ele>126.000000</ele>
				<time>2026-01-25T02:32:04Z</time>
			</trkpt>
			<trkpt lat="24.797168" lon="110.407870">
				<speed>1.240283</speed>
				<ele>126.000000</ele>
				<time>2026-01-25T02:32:08Z</time>
			</trkpt>
			<trkpt lat="24.797146" lon="110.407916">
				<speed>1.112778</speed>
				<ele>125.000000</ele>
				<time>2026-01-25T02:32:12Z</time>
			</trkpt>
			<trkpt lat="24.797127" lon="110.407963">
				<speed>1.130436</speed>
				<ele>125.000000</ele>
				<time>2026-01-25T02:32:16Z</time>
			</trkpt>
			<trkpt lat="24.797115" lon="110.408016">
				<speed>1.231209</speed>
				<ele>126.000000</ele>
				<time>2026-01-25T02:32:20Z</time>
			</trkpt>
			<trkpt lat="24.797100" lon="110.408066">
				<speed>1.042069</speed>
				<ele>126.000000</ele>
				<time>2026-01-25T02:32:25Z</time>
			</trkpt>
			<trkpt lat="24.797073" lon="110.408113">
				<speed>1.182917</speed>
				<ele>126.000000</ele>
				<time>2026-01-25T02:32:30Z</time>
			</trkpt>
			<trkpt lat="24.797031" lon="110.408152">
				<speed>1.319049</speed>
				<ele>126.000000</ele>
				<time>2026-01-25T02:32:34Z</time>
			</trkpt>
			<trkpt lat="24.796997" lon="110.408189">
				<speed>1.266889</speed>
				<ele>126.000000</ele>
				<time>2026-01-25T02:32:38Z</time>
			</trkpt>
			<trkpt lat="24.796953" lon="110.408223">
				<speed>1.118123</speed>
				<ele>125.000000</ele>
				<time>2026-01-25T02:32:42Z</time>
			</trkpt>
			<trkpt lat="24.796907" lon="110.408257">
				<speed>1.265738</speed>
				<ele>125.000000</ele>
				<time>2026-01-25T02:32:46Z</time>
			</trkpt>
			<trkpt lat="24.796860" lon="110.408282">
				<speed>1.179141</speed>
				<ele>125.000000</ele>
				<time>2026-01-25T02:32:50Z</time>
			</trkpt>
			<trkpt lat="24.796815" lon="110.408315">
				<speed>1.467891</speed>
				<ele>126.000000</ele>
				<time>2026-01-25T02:32:54Z</time>
			</trkpt>
			<trkpt lat="24.796771" lon="110.408345">
				<speed>1.264489</speed>
				<ele>126.000000</ele>
				<time>2026-01-25T02:32:58Z</time>
			</trkpt>
			<trkpt lat="24.796731" lon="110.408388">
				<speed>1.098106</speed>
				<ele>126.000000</ele>
				<time>2026-01-25T02:33:03Z</time>
			</trkpt>
			<trkpt lat="24.796688" lon="110.408420">
				<speed>1.284044</speed>
				<ele>127.000000</ele>
				<time>2026-01-25T02:33:06Z</time>
			</trkpt>
			<trkpt lat="24.796656" lon="110.408458">
				<speed>1.106467</speed>
				<ele>126.000000</ele>
				<time>2026-01-25T02:33:10Z</time>
			</trkpt>
			<trkpt lat="24.796623" lon="110.408495">
				<speed>1.020071</speed>
				<ele>125.000000</ele>
				<time>2026-01-25T02:33:14Z</time>
			</trkpt>
			<trkpt lat="24.796581" lon="110.408533">
				<speed>1.106275</speed>
				<ele>125.000000</ele>
				<time>2026-01-25T02:33:18Z</time>
			</trkpt>
			<trkpt lat="24.796539" lon="110.408562">
				<speed>1.273985</speed>
				<ele>126.000000</ele>
				<time>2026-01-25T02:33:21Z</time>
			</trkpt>
			<trkpt lat="24.796492" lon="110.408589">
				<speed>1.200851</speed>
				<ele>126.000000</ele>
				<time>2026-01-25T02:33:25Z</time>
			</trkpt>
			<trkpt lat="24.796451" lon="110.408621">
				<speed>1.183228</speed>
				<ele>126.000000</ele>
				<time>2026-01-25T02:33:29Z</time>
			</trkpt>
			<trkpt lat="24.796403" lon="110.408656">
				<speed>1.531068</speed>
				<ele>126.000000</ele>
				<time>2026-01-25T02:33:33Z</time>
			</trkpt>
			<trkpt lat="24.796370" lon="110.408695">
				<speed>1.141852</speed>
				<ele>126.000000</ele>
				<time>2026-01-25T02:33:37Z</time>
			</trkpt>
			<trkpt lat="24.796321" lon="110.408723">
				<speed>1.254992</speed>
				<ele>127.000000</ele>
				<time>2026-01-25T02:33:41Z</time>
			</trkpt>
			<trkpt lat="24.796270" lon="110.408744">
				<speed>1.290345</speed>
				<ele>127.000000</ele>
				<time>2026-01-25T02:33:45Z</time>
			</trkpt>
			<trkpt lat="24.796225" lon="110.408767">
				<speed>1.198671</speed>
				<ele>126.000000</ele>
				<time>2026-01-25T02:33:49Z</time>
			</trkpt>
			<trkpt lat="24.796176" lon="110.408793">
				<speed>1.375633</speed>
				<ele>127.000000</ele>
				<time>2026-01-25T02:33:53Z</time>
			</trkpt>
			<trkpt lat="24.796124" lon="110.408814">
				<speed>1.318043</speed>
				<ele>126.000000</ele>
				<time>2026-01-25T02:33:57Z</time>
			</trkpt>
			<trkpt lat="24.796081" lon="110.408839">
				<speed>1.019073</speed>
				<ele>127.000000</ele>
				<time>2026-01-25T02:34:01Z</time>
			</trkpt>
			<trkpt lat="24.796026" lon="110.408865">
				<speed>1.380414</speed>
				<ele>126.000000</ele>
				<time>2026-01-25T02:34:05Z</time>
			</trkpt>
			<trkpt lat="24.795979" lon="110.408892">
				<speed>1.322457</speed>
				<ele>127.000000</ele>
				<time>2026-01-25T02:34:09Z</time>
			</trkpt>
			<trkpt lat="24.795936" lon="110.408925">
				<speed>1.484340</speed>
				<ele>126.000000</ele>
				<time>2026-01-25T02:34:13Z</time>
			</trkpt>
			<trkpt lat="24.795895" lon="110.408950">
				<speed>1.306104</speed>
				<ele>127.000000</ele>
				<time>2026-01-25T02:34:17Z</time>
			</trkpt>
			<trkpt lat="24.795851" lon="110.408966">
				<speed>1.050019</speed>
				<ele>126.000000</ele>
				<time>2026-01-25T02:34:21Z</time>
			</trkpt>
			<trkpt lat="24.795798" lon="110.408953">
				<speed>1.350234</speed>
				<ele>127.000000</ele>
				<time>2026-01-25T02:34:25Z</time>
			</trkpt>
			<trkpt lat="24.795760" lon="110.408912">
				<speed>1.307147</speed>
				<ele>127.000000</ele>
				<time>2026-01-25T02:34:29Z</time>
			</trkpt>
			<trkpt lat="24.795735" lon="110.408862">
				<speed>1.307927</speed>
				<ele>126.000000</ele>
				<time>2026-01-25T02:34:35Z</time>
			</trkpt>
			<trkpt lat="24.795719" lon="110.408808">
				<speed>1.450006</speed>
				<ele>126.000000</ele>
				<time>2026-01-25T02:34:39Z</time>
			</trkpt>
			<trkpt lat="24.795691" lon="110.408757">
				<speed>1.439892</speed>
				<ele>126.000000</ele>
				<time>2026-01-25T02:34:43Z</time>
			</trkpt>
			<trkpt lat="24.795652" lon="110.408715">
				<speed>1.254561</speed>
				<ele>126.000000</ele>
				<time>2026-01-25T02:34:47Z</time>
			</trkpt>
			<trkpt lat="24.795603" lon="110.408687">
				<speed>1.289966</speed>
				<ele>126.000000</ele>
				<time>2026-01-25T02:34:51Z</time>
			</trkpt>
			<trkpt lat="24.795553" lon="110.408656">
				<speed>1.370110</speed>
				<ele>126.000000</ele>
				<time>2026-01-25T02:34:55Z</time>
			</trkpt>
			<trkpt lat="24.795508" lon="110.408635">
				<speed>1.157038</speed>
				<ele>125.000000</ele>
				<time>2026-01-25T02:34:59Z</time>
			</trkpt>
			<trkpt lat="24.795460" lon="110.408650">
				<speed>1.340395</speed>
				<ele>125.000000</ele>
				<time>2026-01-25T02:35:03Z</time>
			</trkpt>
			<trkpt lat="24.795412" lon="110.408675">
				<speed>1.505936</speed>
				<ele>126.000000</ele>
				<time>2026-01-25T02:35:07Z</time>
			</trkpt>
			<trkpt lat="24.795370" lon="110.408702">
				<speed>1.354064</speed>
				<ele>126.000000</ele>
				<time>2026-01-25T02:35:10Z</time>
			</trkpt>
			<trkpt lat="24.795327" lon="110.408740">
				<speed>1.413989</speed>
				<ele>126.000000</ele>
				<time>2026-01-25T02:35:14Z</time>
			</trkpt>
			<trkpt lat="24.795288" lon="110.408780">
				<speed>1.320618</speed>
				<ele>126.000000</ele>
				<time>2026-01-25T02:35:18Z</time>
			</trkpt>
			<trkpt lat="24.795247" lon="110.408806">
				<speed>1.198229</speed>
				<ele>126.000000</ele>
				<time>2026-01-25T02:35:22Z</time>
			</trkpt>
			<trkpt lat="24.795203" lon="110.408823">
				<speed>1.195508</speed>
				<ele>126.000000</ele>
				<time>2026-01-25T02:35:26Z</time>
			</trkpt>
			<trkpt lat="24.795150" lon="110.408841">
				<speed>1.441889</speed>
				<ele>127.000000</ele>
				<time>2026-01-25T02:35:30Z</time>
			</trkpt>
			<trkpt lat="24.795110" lon="110.408870">
				<speed>1.221314</speed>
				<ele>126.000000</ele>
				<time>2026-01-25T02:35:34Z</time>
			</trkpt>
			<trkpt lat="24.795071" lon="110.408904">
				<speed>1.424732</speed>
				<ele>127.000000</ele>
				<time>2026-01-25T02:35:38Z</time>
			</trkpt>
			<trkpt lat="24.795035" lon="110.408942">
				<speed>1.344856</speed>
				<ele>127.000000</ele>
				<time>2026-01-25T02:35:42Z</time>
			</trkpt>
			<trkpt lat="24.795001" lon="110.408975">
				<speed>1.239509</speed>
				<ele>128.000000</ele>
				<time>2026-01-25T02:35:46Z</time>
			</trkpt>
			<trkpt lat="24.794970" lon="110.409022">
				<speed>1.144672</speed>
				<ele>128.000000</ele>
				<time>2026-01-25T02:35:50Z</time>
			</trkpt>
			<trkpt lat="24.794956" lon="110.409069">
				<speed>1.102163</speed>
				<ele>127.000000</ele>
				<time>2026-01-25T02:35:54Z</time>
			</trkpt>
			<trkpt lat="24.794931" lon="110.409116">
				<speed>1.058467</speed>
				<ele>128.000000</ele>
				<time>2026-01-25T02:35:58Z</time>
			</trkpt>
			<trkpt lat="24.794896" lon="110.409152">
				<speed>0.986382</speed>
				<ele>127.000000</ele>
				<time>2026-01-25T02:36:03Z</time>
			</trkpt>
			<trkpt lat="24.794854" lon="110.409186">
				<speed>1.179253</speed>
				<ele>127.000000</ele>
				<time>2026-01-25T02:36:07Z</time>
			</trkpt>
			<trkpt lat="24.794810" lon="110.409219">
				<speed>1.275520</speed>
				<ele>127.000000</ele>
				<time>2026-01-25T02:36:11Z</time>
			</trkpt>
			<trkpt lat="24.794765" lon="110.409241">
				<speed>1.463035</speed>
				<ele>127.000000</ele>
				<time>2026-01-25T02:36:14Z</time>
			</trkpt>
			<trkpt lat="24.794725" lon="110.409272">
				<speed>1.010579</speed>
				<ele>127.000000</ele>
				<time>2026-01-25T02:36:18Z</time>
			</trkpt>
			<trkpt lat="24.794691" lon="110.409305">
				<speed>1.074705</speed>
				<ele>126.000000</ele>
				<time>2026-01-25T02:36:22Z</time>
			</trkpt>
			<trkpt lat="24.794651" lon="110.409330">
				<speed>1.336915</speed>
				<ele>126.000000</ele>
				<time>2026-01-25T02:36:26Z</time>
			</trkpt>
			<trkpt lat="24.794604" lon="110.409348">
				<speed>1.057603</speed>
				<ele>126.000000</ele>
				<time>2026-01-25T02:36:30Z</time>
			</trkpt>
			<trkpt lat="24.794552" lon="110.409357">
				<speed>1.228241</speed>
				<ele>126.000000</ele>
				<time>2026-01-25T02:36:34Z</time>
			</trkpt>
			<trkpt lat="24.794499" lon="110.409377">
				<speed>1.256911</speed>
				<ele>125.000000</ele>
				<time>2026-01-25T02:36:38Z</time>
			</trkpt>
			<trkpt lat="24.794454" lon="110.409405">
				<speed>1.044627</speed>
				<ele>127.000000</ele>
				<time>2026-01-25T02:36:43Z</time>
			</trkpt>
			<trkpt lat="24.794412" lon="110.409444">
				<speed>1.197114</speed>
				<ele>127.000000</ele>
				<time>2026-01-25T02:36:47Z</time>
			</trkpt>
			<trkpt lat="24.794370" lon="110.409463">
				<speed>1.107932</speed>
				<ele>128.000000</ele>
				<time>2026-01-25T02:36:50Z</time>
			</trkpt>
			<trkpt lat="24.794328" lon="110.409501">
				<speed>1.407922</speed>
				<ele>128.000000</ele>
				<time>2026-01-25T02:36:54Z</time>
			</trkpt>
			<trkpt lat="24.794292" lon="110.409540">
				<speed>1.266631</speed>
				<ele>128.000000</ele>
				<time>2026-01-25T02:36:58Z</time>
			</trkpt>
			<trkpt lat="24.794257" lon="110.409588">
				<speed>1.372062</speed>
				<ele>126.000000</ele>
				<time>2026-01-25T02:37:03Z</time>
			</trkpt>
			<trkpt lat="24.794221" lon="110.409624">
				<speed>1.320699</speed>
				<ele>126.000000</ele>
				<time>2026-01-25T02:37:07Z</time>
			</trkpt>
			<trkpt lat="24.794185" lon="110.409659">
				<speed>1.233043</speed>
				<ele>126.000000</ele>
				<time>2026-01-25T02:37:10Z</time>
			</trkpt>
			<trkpt lat="24.794151" lon="110.409697">
				<speed>1.344086</speed>
				<ele>127.000000</ele>
				<time>2026-01-25T02:37:14Z</time>
			</trkpt>
			<trkpt lat="24.794104" lon="110.409733">
				<speed>1.378802</speed>
				<ele>127.000000</ele>
				<time>2026-01-25T02:37:18Z</time>
			</trkpt>
			<trkpt lat="24.794064" lon="110.409764">
				<speed>1.166118</speed>
				<ele>127.000000</ele>
				<time>2026-01-25T02:37:22Z</time>
			</trkpt>
			<trkpt lat="24.794022" lon="110.409802">
				<speed>1.180623</speed>
				<ele>126.000000</ele>
				<time>2026-01-25T02:37:26Z</time>
			</trkpt>
			<trkpt lat="24.793980" lon="110.409842">
				<speed>1.098515</speed>
				<ele>127.000000</ele>
				<time>2026-01-25T02:37:31Z</time>
			</trkpt>
			<trkpt lat="24.793942" lon="110.409882">
				<speed>1.422779</speed>
				<ele>126.000000</ele>
				<time>2026-01-25T02:37:35Z</time>
			</trkpt>
			<trkpt lat="24.793904" lon="110.409921">
				<speed>1.002825</speed>
				<ele>126.000000</ele>
				<time>2026-01-25T02:37:39Z</time>
			</trkpt>
			<trkpt lat="24.793868" lon="110.409965">
				<speed>0.810082</speed>
				<ele>126.000000</ele>
				<time>2026-01-25T02:37:44Z</time>
			</trkpt>
			<trkpt lat="24.793837" lon="110.410005">
				<speed>1.026389</speed>
				<ele>127.000000</ele>
				<time>2026-01-25T02:37:47Z</time>
			</trkpt>
			<trkpt lat="24.793804" lon="110.410040">
				<speed>0.987435</speed>
				<ele>127.000000</ele>
				<time>2026-01-25T02:37:50Z</time>
			</trkpt>
			<trkpt lat="24.793769" lon="110.410075">
				<speed>0.913654</speed>
				<ele>128.000000</ele>
				<time>2026-01-25T02:37:55Z</time>
			</trkpt>
			<trkpt lat="24.793725" lon="110.410120">
				<speed>1.114231</speed>
				<ele>127.000000</ele>
				<time>2026-01-25T02:38:00Z</time>
			</trkpt>
			<trkpt lat="24.793689" lon="110.410163">
				<speed>1.009035</speed>
				<ele>127.000000</ele>
				<time>2026-01-25T02:38:04Z</time>
			</trkpt>
			<trkpt lat="24.793653" lon="110.410208">
				<speed>1.119040</speed>
				<ele>127.000000</ele>
				<time>2026-01-25T02:38:07Z</time>
			</trkpt>
			<trkpt lat="24.793614" lon="110.410238">
				<speed>1.249849</speed>
				<ele>127.000000</ele>
				<time>2026-01-25T02:38:10Z</time>
			</trkpt>
			<trkpt lat="24.793566" lon="110.410267">
				<speed>1.247243</speed>
				<ele>127.000000</ele>
				<time>2026-01-25T02:38:14Z</time>
			</trkpt>
			<trkpt lat="24.793530" lon="110.410301">
				<speed>0.654823</speed>
				<ele>125.000000</ele>
				<time>2026-01-25T02:38:19Z</time>
			</trkpt>
			<trkpt lat="24.793475" lon="110.410315">
				<speed>0.709335</speed>
				<ele>125.000000</ele>
				<time>2026-01-25T02:38:24Z</time>
			</trkpt>
			<trkpt lat="24.793422" lon="110.410332">
				<speed>0.740821</speed>
				<ele>124.000000</ele>
				<time>2026-01-25T02:38:29Z</time>
			</trkpt>
			<trkpt lat="24.793372" lon="110.410358">
				<speed>0.972924</speed>
				<ele>124.000000</ele>
				<time>2026-01-25T02:38:33Z</time>
			</trkpt>
			<trkpt lat="24.793331" lon="110.410384">
				<speed>0.800221</speed>
				<ele>123.000000</ele>
				<time>2026-01-25T02:38:38Z</time>
			</trkpt>
			<trkpt lat="24.793286" lon="110.410408">
				<speed>0.890691</speed>
				<ele>124.000000</ele>
				<time>2026-01-25T02:38:42Z</time>
			</trkpt>
			<trkpt lat="24.793253" lon="110.410443">
				<speed>0.812443</speed>
				<ele>124.000000</ele>
				<time>2026-01-25T02:38:47Z</time>
			</trkpt>
			<trkpt lat="24.793209" lon="110.410481">
				<speed>0.855729</speed>
				<ele>123.000000</ele>
				<time>2026-01-25T02:38:51Z</time>
			</trkpt>
			<trkpt lat="24.793163" lon="110.410509">
				<speed>0.913516</speed>
				<ele>123.000000</ele>
				<time>2026-01-25T02:38:55Z</time>
			</trkpt>
			<trkpt lat="24.793119" lon="110.410527">
				<speed>1.262927</speed>
				<ele>122.000000</ele>
				<time>2026-01-25T02:38:58Z</time>
			</trkpt>
			<trkpt lat="24.793074" lon="110.410548">
				<speed>0.910611</speed>
				<ele>122.000000</ele>
				<time>2026-01-25T02:39:02Z</time>
			</trkpt>
			<trkpt lat="24.793023" lon="110.410577">
				<speed>1.079147</speed>
				<ele>122.000000</ele>
				<time>2026-01-25T02:39:07Z</time>
			</trkpt>
			<trkpt lat="24.792974" lon="110.410616">
				<speed>1.456913</speed>
				<ele>122.000000</ele>
				<time>2026-01-25T02:39:11Z</time>
			</trkpt>
			<trkpt lat="24.792935" lon="110.410651">
				<speed>1.060737</speed>
				<ele>122.000000</ele>
				<time>2026-01-25T02:39:14Z</time>
			</trkpt>
			<trkpt lat="24.792895" lon="110.410685">
				<speed>1.044240</speed>
				<ele>123.000000</ele>
				<time>2026-01-25T02:39:18Z</time>
			</trkpt>
			<trkpt lat="24.792856" lon="110.410718">
				<speed>1.172268</speed>
				<ele>123.000000</ele>
				<time>2026-01-25T02:39:22Z</time>
			</trkpt>
			<trkpt lat="24.792812" lon="110.410742">
				<speed>1.282666</speed>
				<ele>124.000000</ele>
				<time>2026-01-25T02:39:26Z</time>
			</trkpt>
			<trkpt lat="24.792770" lon="110.410774">
				<speed>1.140488</speed>
				<ele>123.000000</ele>
				<time>2026-01-25T02:39:31Z</time>
			</trkpt>
			<trkpt lat="24.792726" lon="110.410803">
				<speed>1.165617</speed>
				<ele>124.000000</ele>
				<time>2026-01-25T02:39:35Z</time>
			</trkpt>
			<trkpt lat="24.792687" lon="110.410844">
				<speed>1.259395</speed>
				<ele>124.000000</ele>
				<time>2026-01-25T02:39:39Z</time>
			</trkpt>
			<trkpt lat="24.792642" lon="110.410878">
				<speed>1.240313</speed>
				<ele>124.000000</ele>
				<time>2026-01-25T02:39:43Z</time>
			</trkpt>
			<trkpt lat="24.792602" lon="110.410915">
				<speed>1.075598</speed>
				<ele>124.000000</ele>
				<time>2026-01-25T02:39:47Z</time>
			</trkpt>
			<trkpt lat="24.792556" lon="110.410952">
				<speed>1.085244</speed>
				<ele>124.000000</ele>
				<time>2026-01-25T02:39:52Z</time>
			</trkpt>
			<trkpt lat="24.792504" lon="110.410971">
				<speed>1.280887</speed>
				<ele>125.000000</ele>
				<time>2026-01-25T02:39:56Z</time>
			</trkpt>
			<trkpt lat="24.792454" lon="110.410982">
				<speed>1.117624</speed>
				<ele>124.000000</ele>
				<time>2026-01-25T02:40:00Z</time>
			</trkpt>
			<trkpt lat="24.792409" lon="110.410994">
				<speed>1.128946</speed>
				<ele>124.000000</ele>
				<time>2026-01-25T02:40:04Z</time>
			</trkpt>
			<trkpt lat="24.792362" lon="110.411010">
				<speed>1.101146</speed>
				<ele>124.000000</ele>
				<time>2026-01-25T02:40:08Z</time>
			</trkpt>
			<trkpt lat="24.792306" lon="110.411026">
				<speed>1.305792</speed>
				<ele>124.000000</ele>
				<time>2026-01-25T02:40:12Z</time>
			</trkpt>
			<trkpt lat="24.792258" lon="110.411062">
				<speed>1.209337</speed>
				<ele>125.000000</ele>
				<time>2026-01-25T02:40:17Z</time>
			</trkpt>
			<trkpt lat="24.792226" lon="110.411105">
				<speed>1.194641</speed>
				<ele>125.000000</ele>
				<time>2026-01-25T02:40:21Z</time>
			</trkpt>
			<trkpt lat="24.792192" lon="110.411149">
				<speed>1.203144</speed>
				<ele>125.000000</ele>
				<time>2026-01-25T02:40:25Z</time>
			</trkpt>
			<trkpt lat="24.792155" lon="110.411190">
				<speed>1.222421</speed>
				<ele>125.000000</ele>
				<time>2026-01-25T02:40:29Z</time>
			</trkpt>
			<trkpt lat="24.792122" lon="110.411235">
				<speed>1.158466</speed>
				<ele>125.000000</ele>
				<time>2026-01-25T02:40:33Z</time>
			</trkpt>
			<trkpt lat="24.792100" lon="110.411285">
				<speed>1.110666</speed>
				<ele>125.000000</ele>
				<time>2026-01-25T02:40:37Z</time>
			</trkpt>
			<trkpt lat="24.792070" lon="110.411329">
				<speed>1.240309</speed>
				<ele>125.000000</ele>
				<time>2026-01-25T02:40:41Z</time>
			</trkpt>
			<trkpt lat="24.792049" lon="110.411385">
				<speed>1.047670</speed>
				<ele>125.000000</ele>
				<time>2026-01-25T02:40:46Z</time>
			</trkpt>
			<trkpt lat="24.792030" lon="110.411448">
				<speed>1.546999</speed>
				<ele>125.000000</ele>
				<time>2026-01-25T02:40:50Z</time>
			</trkpt>
			<trkpt lat="24.792012" lon="110.411503">
				<speed>1.308239</speed>
				<ele>125.000000</ele>
				<time>2026-01-25T02:40:55Z</time>
			</trkpt>
			<trkpt lat="24.791997" lon="110.411552">
				<speed>1.199633</speed>
				<ele>125.000000</ele>
				<time>2026-01-25T02:40:59Z</time>
			</trkpt>
			<trkpt lat="24.791970" lon="110.411599">
				<speed>1.181622</speed>
				<ele>125.000000</ele>
				<time>2026-01-25T02:41:03Z</time>
			</trkpt>
			<trkpt lat="24.791940" lon="110.411645">
				<speed>1.295932</speed>
				<ele>125.000000</ele>
				<time>2026-01-25T02:41:07Z</time>
			</trkpt>
			<trkpt lat="24.791919" lon="110.411698">
				<speed>1.340676</speed>
				<ele>125.000000</ele>
				<time>2026-01-25T02:41:11Z</time>
			</trkpt>
			<trkpt lat="24.791890" lon="110.411747">
				<speed>1.365372</speed>
				<ele>125.000000</ele>
				<time>2026-01-25T02:41:14Z</time>
			</trkpt>
			<trkpt lat="24.791865" lon="110.411801">
				<speed>1.272219</speed>
				<ele>125.000000</ele>
				<time>2026-01-25T02:41:18Z</time>
			</trkpt>
			<trkpt lat="24.791849" lon="110.411849">
				<speed>1.242448</speed>
				<ele>124.000000</ele>
				<time>2026-01-25T02:41:22Z</time>
			</trkpt>
			<trkpt lat="24.791828" lon="110.411904">
				<speed>1.033613</speed>
				<ele>124.000000</ele>
				<time>2026-01-25T02:41:27Z</time>
			</trkpt>
			<trkpt lat="24.791806" lon="110.411957">
				<speed>1.163747</speed>
				<ele>125.000000</ele>
				<time>2026-01-25T02:41:31Z</time>
			</trkpt>
			<trkpt lat="24.791776" lon="110.412002">
				<speed>1.043945</speed>
				<ele>125.000000</ele>
				<time>2026-01-25T02:41:35Z</time>
			</trkpt>
			<trkpt lat="24.791744" lon="110.412048">
				<speed>1.483350</speed>
				<ele>125.000000</ele>
				<time>2026-01-25T02:41:39Z</time>
			</trkpt>
			<trkpt lat="24.791720" lon="110.412100">
				<speed>1.332404</speed>
				<ele>125.000000</ele>
				<time>2026-01-25T02:41:43Z</time>
			</trkpt>
			<trkpt lat="24.791688" lon="110.412137">
				<speed>1.296691</speed>
				<ele>125.000000</ele>
				<time>2026-01-25T02:41:46Z</time>
			</trkpt>
			<trkpt lat="24.791640" lon="110.412173">
				<speed>1.000479</speed>
				<ele>125.000000</ele>
				<time>2026-01-25T02:41:52Z</time>
			</trkpt>
			<trkpt lat="24.791591" lon="110.412195">
				<speed>0.971209</speed>
				<ele>124.000000</ele>
				<time>2026-01-25T02:41:56Z</time>
			</trkpt>
			<trkpt lat="24.791552" lon="110.412224">
				<speed>1.333720</speed>
				<ele>124.000000</ele>
				<time>2026-01-25T02:41:59Z</time>
			</trkpt>
			<trkpt lat="24.791517" lon="110.412259">
				<speed>0.822433</speed>
				<ele>124.000000</ele>
				<time>2026-01-25T02:42:04Z</time>
			</trkpt>
			<trkpt lat="24.791470" lon="110.412282">
				<speed>1.008969</speed>
				<ele>125.000000</ele>
				<time>2026-01-25T02:42:08Z</time>
			</trkpt>
			<trkpt lat="24.791421" lon="110.412305">
				<speed>1.027938</speed>
				<ele>125.000000</ele>
				<time>2026-01-25T02:42:12Z</time>
			</trkpt>
			<trkpt lat="24.791395" lon="110.412350">
				<speed>1.101840</speed>
				<ele>125.000000</ele>
				<time>2026-01-25T02:42:17Z</time>
			</trkpt>
			<trkpt lat="24.791383" lon="110.412399">
				<speed>1.133505</speed>
				<ele>125.000000</ele>
				<time>2026-01-25T02:42:21Z</time>
			</trkpt>
			<trkpt lat="24.791368" lon="110.412452">
				<speed>1.027733</speed>
				<ele>125.000000</ele>
				<time>2026-01-25T02:42:25Z</time>
			</trkpt>
			<trkpt lat="24.791338" lon="110.412498">
				<speed>1.249976</speed>
				<ele>125.000000</ele>
				<time>2026-01-25T02:42:29Z</time>
			</trkpt>
			<trkpt lat="24.791304" lon="110.412549">
				<speed>1.125306</speed>
				<ele>125.000000</ele>
				<time>2026-01-25T02:42:33Z</time>
			</trkpt>
			<trkpt lat="24.791284" lon="110.412594">
				<speed>1.304339</speed>
				<ele>125.000000</ele>
				<time>2026-01-25T02:42:36Z</time>
			</trkpt>
			<trkpt lat="24.791256" lon="110.412644">
				<speed>1.050072</speed>
				<ele>125.000000</ele>
				<time>2026-01-25T02:42:42Z</time>
			</trkpt>
			<trkpt lat="24.791227" lon="110.412695">
				<speed>1.223566</speed>
				<ele>125.000000</ele>
				<time>2026-01-25T02:42:46Z</time>
			</trkpt>
			<trkpt lat="24.791193" lon="110.412741">
				<speed>1.259328</speed>
				<ele>125.000000</ele>
				<time>2026-01-25T02:42:50Z</time>
			</trkpt>
			<trkpt lat="24.791163" lon="110.412790">
				<speed>1.212372</speed>
				<ele>126.000000</ele>
				<time>2026-01-25T02:42:54Z</time>
			</trkpt>
			<trkpt lat="24.791125" lon="110.412840">
				<speed>1.526965</speed>
				<ele>126.000000</ele>
				<time>2026-01-25T02:42:59Z</time>
			</trkpt>
			<trkpt lat="24.791105" lon="110.412894">
				<speed>1.376335</speed>
				<ele>126.000000</ele>
				<time>2026-01-25T02:43:03Z</time>
			</trkpt>
			<trkpt lat="24.791085" lon="110.412943">
				<speed>1.174147</speed>
				<ele>125.000000</ele>
				<time>2026-01-25T02:43:07Z</time>
			</trkpt>
			<trkpt lat="24.791058" lon="110.412992">
				<speed>1.251149</speed>
				<ele>125.000000</ele>
				<time>2026-01-25T02:43:11Z</time>
			</trkpt>
			<trkpt lat="24.791026" lon="110.413043">
				<speed>1.168111</speed>
				<ele>125.000000</ele>
				<time>2026-01-25T02:43:16Z</time>
			</trkpt>
			<trkpt lat="24.790993" lon="110.413083">
				<speed>1.007325</speed>
				<ele>125.000000</ele>
				<time>2026-01-25T02:43:19Z</time>
			</trkpt>
			<trkpt lat="24.790956" lon="110.413132">
				<speed>1.306363</speed>
				<ele>125.000000</ele>
				<time>2026-01-25T02:43:23Z</time>
			</trkpt>
			<trkpt lat="24.790931" lon="110.413176">
				<speed>0.953698</speed>
				<ele>125.000000</ele>
				<time>2026-01-25T02:43:27Z</time>
			</trkpt>
			<trkpt lat="24.790909" lon="110.413227">
				<speed>1.151509</speed>
				<ele>126.000000</ele>
				<time>2026-01-25T02:43:31Z</time>
			</trkpt>
			<trkpt lat="24.790891" lon="110.413278">
				<speed>1.035873</speed>
				<ele>125.000000</ele>
				<time>2026-01-25T02:43:35Z</time>
			</trkpt>
			<trkpt lat="24.790875" lon="110.413325">
				<speed>1.328370</speed>
				<ele>125.000000</ele>
				<time>2026-01-25T02:43:38Z</time>
			</trkpt>
			<trkpt lat="24.790860" lon="110.413383">
				<speed>1.236868</speed>
				<ele>125.000000</ele>
				<time>2026-01-25T02:43:42Z</time>
			</trkpt>
			<trkpt lat="24.790847" lon="110.413430">
				<speed>1.141918</speed>
				<ele>126.000000</ele>
				<time>2026-01-25T02:43:45Z</time>
			</trkpt>
			<trkpt lat="24.790831" lon="110.413480">
				<speed>1.352057</speed>
				<ele>126.000000</ele>
				<time>2026-01-25T02:43:49Z</time>
			</trkpt>
			<trkpt lat="24.790811" lon="110.413534">
				<speed>1.425156</speed>
				<ele>125.000000</ele>
				<time>2026-01-25T02:43:53Z</time>
			</trkpt>
			<trkpt lat="24.790793" lon="110.413584">
				<speed>1.282635</speed>
				<ele>126.000000</ele>
				<time>2026-01-25T02:43:57Z</time>
			</trkpt>
			<trkpt lat="24.790770" lon="110.413629">
				<speed>1.255599</speed>
				<ele>126.000000</ele>
				<time>2026-01-25T02:44:01Z</time>
			</trkpt>
			<trkpt lat="24.790741" lon="110.413684">
				<speed>1.652153</speed>
				<ele>127.000000</ele>
				<time>2026-01-25T02:44:05Z</time>
			</trkpt>
			<trkpt lat="24.790728" lon="110.413736">
				<speed>1.417740</speed>
				<ele>128.000000</ele>
				<time>2026-01-25T02:44:09Z</time>
			</trkpt>
			<trkpt lat="24.790714" lon="110.413785">
				<speed>1.035656</speed>
				<ele>127.000000</ele>
				<time>2026-01-25T02:44:13Z</time>
			</trkpt>
			<trkpt lat="24.790710" lon="110.413844">
				<speed>1.200853</speed>
				<ele>127.000000</ele>
				<time>2026-01-25T02:44:17Z</time>
			</trkpt>
			<trkpt lat="24.790692" lon="110.413903">
				<speed>1.259803</speed>
				<ele>126.000000</ele>
				<time>2026-01-25T02:44:21Z</time>
			</trkpt>
			<trkpt lat="24.790670" lon="110.413962">
				<speed>1.411913</speed>
				<ele>126.000000</ele>
				<time>2026-01-25T02:44:25Z</time>
			</trkpt>
			<trkpt lat="24.790647" lon="110.414006">
				<speed>1.131165</speed>
				<ele>126.000000</ele>
				<time>2026-01-25T02:44:29Z</time>
			</trkpt>
			<trkpt lat="24.790618" lon="110.414063">
				<speed>1.211275</speed>
				<ele>126.000000</ele>
				<time>2026-01-25T02:44:34Z</time>
			</trkpt>
			<trkpt lat="24.790598" lon="110.414113">
				<speed>1.292227</speed>
				<ele>127.000000</ele>
				<time>2026-01-25T02:44:38Z</time>
			</trkpt>
			<trkpt lat="24.790574" lon="110.414158">
				<speed>1.174365</speed>
				<ele>127.000000</ele>
				<time>2026-01-25T02:44:42Z</time>
			</trkpt>
			<trkpt lat="24.790555" lon="110.414206">
				<speed>1.271632</speed>
				<ele>127.000000</ele>
				<time>2026-01-25T02:44:46Z</time>
			</trkpt>
			<trkpt lat="24.790541" lon="110.414256">
				<speed>1.128539</speed>
				<ele>127.000000</ele>
				<time>2026-01-25T02:44:50Z</time>
			</trkpt>
			<trkpt lat="24.790524" lon="110.414310">
				<speed>1.343671</speed>
				<ele>127.000000</ele>
				<time>2026-01-25T02:44:54Z</time>
			</trkpt>
			<trkpt lat="24.790501" lon="110.414368">
				<speed>1.255508</speed>
				<ele>126.000000</ele>
				<time>2026-01-25T02:44:59Z</time>
			</trkpt>
			<trkpt lat="24.790482" lon="110.414426">
				<speed>1.133539</speed>
				<ele>126.000000</ele>
				<time>2026-01-25T02:45:06Z</time>
			</trkpt>
			<trkpt lat="24.790464" lon="110.414482">
				<speed>1.406593</speed>
				<ele>126.000000</ele>
				<time>2026-01-25T02:45:10Z</time>
			</trkpt>
			<trkpt lat="24.790450" lon="110.414543">
				<speed>1.107949</speed>
				<ele>126.000000</ele>
				<time>2026-01-25T02:45:16Z</time>
			</trkpt>
			<trkpt lat="24.790432" lon="110.414597">
				<speed>1.128599</speed>
				<ele>126.000000</ele>
				<time>2026-01-25T02:45:20Z</time>
			</trkpt>
			<trkpt lat="24.790418" lon="110.414649">
				<speed>1.096820</speed>
				<ele>126.000000</ele>
				<time>2026-01-25T02:45:25Z</time>
			</trkpt>
			<trkpt lat="24.790397" lon="110.414709">
				<speed>1.373507</speed>
				<ele>126.000000</ele>
				<time>2026-01-25T02:45:30Z</time>
			</trkpt>
			<trkpt lat="24.790378" lon="110.414767">
				<speed>1.286808</speed>
				<ele>126.000000</ele>
				<time>2026-01-25T02:45:35Z</time>
			</trkpt>
			<trkpt lat="24.790363" lon="110.414816">
				<speed>1.264386</speed>
				<ele>126.000000</ele>
				<time>2026-01-25T02:45:39Z</time>
			</trkpt>
			<trkpt lat="24.790341" lon="110.414866">
				<speed>1.119571</speed>
				<ele>126.000000</ele>
				<time>2026-01-25T02:45:43Z</time>
			</trkpt>
			<trkpt lat="24.790296" lon="110.414887">
				<speed>1.145456</speed>
				<ele>125.000000</ele>
				<time>2026-01-25T02:45:48Z</time>
			</trkpt>
			<trkpt lat="24.790251" lon="110.414865">
				<speed>1.038731</speed>
				<ele>125.000000</ele>
				<time>2026-01-25T02:45:52Z</time>
			</trkpt>
			<trkpt lat="24.790207" lon="110.414855">
				<speed>0.972523</speed>
				<ele>125.000000</ele>
				<time>2026-01-25T02:45:56Z</time>
			</trkpt>
			<trkpt lat="24.790154" lon="110.414871">
				<speed>1.037118</speed>
				<ele>125.000000</ele>
				<time>2026-01-25T02:46:00Z</time>
			</trkpt>
			<trkpt lat="24.790127" lon="110.414915">
				<speed>1.106176</speed>
				<ele>124.000000</ele>
				<time>2026-01-25T02:46:04Z</time>
			</trkpt>
			<trkpt lat="24.790113" lon="110.414969">
				<speed>1.322697</speed>
				<ele>126.000000</ele>
				<time>2026-01-25T02:46:08Z</time>
			</trkpt>
			<trkpt lat="24.790101" lon="110.415021">
				<speed>1.373106</speed>
				<ele>125.000000</ele>
				<time>2026-01-25T02:46:12Z</time>
			</trkpt>
			<trkpt lat="24.790080" lon="110.415081">
				<speed>1.226624</speed>
				<ele>125.000000</ele>
				<time>2026-01-25T02:46:17Z</time>
			</trkpt>
			<trkpt lat="24.790047" lon="110.415132">
				<speed>1.164690</speed>
				<ele>126.000000</ele>
				<time>2026-01-25T02:46:22Z</time>
			</trkpt>
			<trkpt lat="24.790028" lon="110.415177">
				<speed>1.192881</speed>
				<ele>126.000000</ele>
				<time>2026-01-25T02:46:26Z</time>
			</trkpt>
			<trkpt lat="24.789999" lon="110.415219">
				<speed>1.097869</speed>
				<ele>126.000000</ele>
				<time>2026-01-25T02:46:30Z</time>
			</trkpt>
			<trkpt lat="24.789965" lon="110.415267">
				<speed>1.356854</speed>
				<ele>127.000000</ele>
				<time>2026-01-25T02:46:34Z</time>
			</trkpt>
			<trkpt lat="24.789942" lon="110.415320">
				<speed>1.432932</speed>
				<ele>127.000000</ele>
				<time>2026-01-25T02:46:38Z</time>
			</trkpt>
			<trkpt lat="24.789932" lon="110.415376">
				<speed>1.413179</speed>
				<ele>128.000000</ele>
				<time>2026-01-25T02:46:42Z</time>
			</trkpt>
			<trkpt lat="24.789940" lon="110.415428">
				<speed>1.495293</speed>
				<ele>127.000000</ele>
				<time>2026-01-25T02:46:46Z</time>
			</trkpt>
			<trkpt lat="24.789959" lon="110.415484">
				<speed>1.298324</speed>
				<ele>126.000000</ele>
				<time>2026-01-25T02:46:51Z</time>
			</trkpt>
			<trkpt lat="24.789956" lon="110.415545">
				<speed>1.220176</speed>
				<ele>126.000000</ele>
				<time>2026-01-25T02:46:56Z</time>
			</trkpt>
			<trkpt lat="24.789955" lon="110.415603">
				<speed>1.432339</speed>
				<ele>126.000000</ele>
				<time>2026-01-25T02:47:00Z</time>
			</trkpt>
			<trkpt lat="24.789959" lon="110.415654">
				<speed>1.077828</speed>
				<ele>126.000000</ele>
				<time>2026-01-25T02:47:04Z</time>
			</trkpt>
			<trkpt lat="24.789949" lon="110.415710">
				<speed>1.113581</speed>
				<ele>126.000000</ele>
				<time>2026-01-25T02:47:08Z</time>
			</trkpt>
			<trkpt lat="24.789942" lon="110.415765">
				<speed>1.152055</speed>
				<ele>125.000000</ele>
				<time>2026-01-25T02:47:12Z</time>
			</trkpt>
			<trkpt lat="24.789941" lon="110.415818">
				<speed>1.215486</speed>
				<ele>125.000000</ele>
				<time>2026-01-25T02:47:16Z</time>
			</trkpt>
			<trkpt lat="24.789921" lon="110.415873">
				<speed>1.210467</speed>
				<ele>125.000000</ele>
				<time>2026-01-25T02:47:21Z</time>
			</trkpt>
			<trkpt lat="24.789926" lon="110.415931">
				<speed>1.610364</speed>
				<ele>126.000000</ele>
				<time>2026-01-25T02:47:25Z</time>
			</trkpt>
			<trkpt lat="24.789923" lon="110.415982">
				<speed>1.443014</speed>
				<ele>126.000000</ele>
				<time>2026-01-25T02:47:29Z</time>
			</trkpt>
			<trkpt lat="24.789912" lon="110.416036">
				<speed>1.204541</speed>
				<ele>126.000000</ele>
				<time>2026-01-25T02:47:34Z</time>
			</trkpt>
			<trkpt lat="24.789896" lon="110.416086">
				<speed>1.428942</speed>
				<ele>126.000000</ele>
				<time>2026-01-25T02:47:38Z</time>
			</trkpt>
			<trkpt lat="24.789862" lon="110.416127">
				<speed>1.416347</speed>
				<ele>126.000000</ele>
				<time>2026-01-25T02:47:42Z</time>
			</trkpt>
			<trkpt lat="24.789821" lon="110.416168">
				<speed>1.112560</speed>
				<ele>126.000000</ele>
				<time>2026-01-25T02:47:47Z</time>
			</trkpt>
			<trkpt lat="24.789795" lon="110.416213">
				<speed>1.185025</speed>
				<ele>127.000000</ele>
				<time>2026-01-25T02:47:51Z</time>
			</trkpt>
			<trkpt lat="24.789775" lon="110.416261">
				<speed>1.450216</speed>
				<ele>127.000000</ele>
				<time>2026-01-25T02:47:55Z</time>
			</trkpt>
			<trkpt lat="24.789755" lon="110.416317">
				<speed>1.170609</speed>
				<ele>127.000000</ele>
				<time>2026-01-25T02:48:00Z</time>
			</trkpt>
			<trkpt lat="24.789731" lon="110.416373">
				<speed>1.244264</speed>
				<ele>127.000000</ele>
				<time>2026-01-25T02:48:05Z</time>
			</trkpt>
			<trkpt lat="24.789733" lon="110.416427">
				<speed>1.290661</speed>
				<ele>127.000000</ele>
				<time>2026-01-25T02:48:09Z</time>
			</trkpt>
			<trkpt lat="24.789759" lon="110.416473">
				<speed>1.314108</speed>
				<ele>127.000000</ele>
				<time>2026-01-25T02:48:13Z</time>
			</trkpt>
			<trkpt lat="24.789782" lon="110.416522">
				<speed>1.293103</speed>
				<ele>127.000000</ele>
				<time>2026-01-25T02:48:17Z</time>
			</trkpt>
			<trkpt lat="24.789791" lon="110.416576">
				<speed>1.387105</speed>
				<ele>127.000000</ele>
				<time>2026-01-25T02:48:21Z</time>
			</trkpt>
			<trkpt lat="24.789782" lon="110.416642">
				<speed>1.374716</speed>
				<ele>127.000000</ele>
				<time>2026-01-25T02:48:26Z</time>
			</trkpt>
			<trkpt lat="24.789769" lon="110.416695">
				<speed>1.261379</speed>
				<ele>126.000000</ele>
				<time>2026-01-25T02:48:31Z</time>
			</trkpt>
			<trkpt lat="24.789772" lon="110.416745">
				<speed>1.286577</speed>
				<ele>126.000000</ele>
				<time>2026-01-25T02:48:35Z</time>
			</trkpt>
			<trkpt lat="24.789767" lon="110.416797">
				<speed>1.242344</speed>
				<ele>126.000000</ele>
				<time>2026-01-25T02:48:39Z</time>
			</trkpt>
			<trkpt lat="24.789755" lon="110.416851">
				<speed>1.220299</speed>
				<ele>126.000000</ele>
				<time>2026-01-25T02:48:43Z</time>
			</trkpt>
			<trkpt lat="24.789749" lon="110.416908">
				<speed>1.355884</speed>
				<ele>126.000000</ele>
				<time>2026-01-25T02:48:47Z</time>
			</trkpt>
			<trkpt lat="24.789734" lon="110.416969">
				<speed>1.293787</speed>
				<ele>125.000000</ele>
				<time>2026-01-25T02:48:52Z</time>
			</trkpt>
			<trkpt lat="24.789715" lon="110.417017">
				<speed>1.340578</speed>
				<ele>126.000000</ele>
				<time>2026-01-25T02:48:56Z</time>
			</trkpt>
			<trkpt lat="24.789688" lon="110.417066">
				<speed>1.359683</speed>
				<ele>126.000000</ele>
				<time>2026-01-25T02:49:00Z</time>
			</trkpt>
			<trkpt lat="24.789665" lon="110.417113">
				<speed>1.289510</speed>
				<ele>126.000000</ele>
				<time>2026-01-25T02:49:04Z</time>
			</trkpt>
			<trkpt lat="24.789635" lon="110.417158">
				<speed>1.281106</speed>
				<ele>126.000000</ele>
				<time>2026-01-25T02:49:08Z</time>
			</trkpt>
			<trkpt lat="24.789602" lon="110.417201">
				<speed>1.365303</speed>
				<ele>126.000000</ele>
				<time>2026-01-25T02:49:12Z</time>
			</trkpt>
			<trkpt lat="24.789579" lon="110.417245">
				<speed>1.175303</speed>
				<ele>126.000000</ele>
				<time>2026-01-25T02:49:16Z</time>
			</trkpt>
			<trkpt lat="24.789549" lon="110.417286">
				<speed>1.160530</speed>
				<ele>127.000000</ele>
				<time>2026-01-25T02:49:20Z</time>
			</trkpt>
			<trkpt lat="24.789522" lon="110.417329">
				<speed>1.078493</speed>
				<ele>126.000000</ele>
				<time>2026-01-25T02:49:24Z</time>
			</trkpt>
			<trkpt lat="24.789500" lon="110.417378">
				<speed>1.148028</speed>
				<ele>126.000000</ele>
				<time>2026-01-25T02:49:28Z</time>
			</trkpt>
			<trkpt lat="24.789471" lon="110.417430">
				<speed>1.486528</speed>
				<ele>126.000000</ele>
				<time>2026-01-25T02:49:32Z</time>
			</trkpt>
			<trkpt lat="24.789444" lon="110.417469">
				<speed>0.958746</speed>
				<ele>126.000000</ele>
				<time>2026-01-25T02:49:37Z</time>
			</trkpt>
			<trkpt lat="24.789410" lon="110.417510">
				<speed>1.335227</speed>
				<ele>126.000000</ele>
				<time>2026-01-25T02:49:41Z</time>
			</trkpt>
			<trkpt lat="24.789376" lon="110.417555">
				<speed>0.952702</speed>
				<ele>126.000000</ele>
				<time>2026-01-25T02:49:46Z</time>
			</trkpt>
			<trkpt lat="24.789338" lon="110.417596">
				<speed>1.242571</speed>
				<ele>127.000000</ele>
				<time>2026-01-25T02:49:50Z</time>
			</trkpt>
			<trkpt lat="24.789305" lon="110.417644">
				<speed>1.109827</speed>
				<ele>126.000000</ele>
				<time>2026-01-25T02:49:55Z</time>
			</trkpt>
			<trkpt lat="24.789268" lon="110.417687">
				<speed>1.313551</speed>
				<ele>126.000000</ele>
				<time>2026-01-25T02:49:59Z</time>
			</trkpt>
			<trkpt lat="24.789232" lon="110.417720">
				<speed>1.244059</speed>
				<ele>126.000000</ele>
				<time>2026-01-25T02:50:03Z</time>
			</trkpt>
			<trkpt lat="24.789201" lon="110.417760">
				<speed>1.209765</speed>
				<ele>126.000000</ele>
				<time>2026-01-25T02:50:07Z</time>
			</trkpt>
			<trkpt lat="24.789156" lon="110.417796">
				<speed>1.441144</speed>
				<ele>126.000000</ele>
				<time>2026-01-25T02:50:11Z</time>
			</trkpt>
			<trkpt lat="24.789116" lon="110.417840">
				<speed>1.251277</speed>
				<ele>126.000000</ele>
				<time>2026-01-25T02:50:16Z</time>
			</trkpt>
			<trkpt lat="24.789078" lon="110.417878">
				<speed>1.092786</speed>
				<ele>126.000000</ele>
				<time>2026-01-25T02:50:20Z</time>
			</trkpt>
			<trkpt lat="24.789037" lon="110.417925">
				<speed>1.352796</speed>
				<ele>125.000000</ele>
				<time>2026-01-25T02:50:26Z</time>
			</trkpt>
			<trkpt lat="24.789002" lon="110.417967">
				<speed>1.357137</speed>
				<ele>126.000000</ele>
				<time>2026-01-25T02:50:30Z</time>
			</trkpt>
			<trkpt lat="24.788962" lon="110.417998">
				<speed>1.134424</speed>
				<ele>125.000000</ele>
				<time>2026-01-25T02:50:35Z</time>
			</trkpt>
			<trkpt lat="24.788922" lon="110.418031">
				<speed>1.219342</speed>
				<ele>126.000000</ele>
				<time>2026-01-25T02:50:39Z</time>
			</trkpt>
			<trkpt lat="24.788878" lon="110.418066">
				<speed>1.145774</speed>
				<ele>125.000000</ele>
				<time>2026-01-25T02:50:44Z</time>
			</trkpt>
			<trkpt lat="24.788842" lon="110.418102">
				<speed>1.043311</speed>
				<ele>126.000000</ele>
				<time>2026-01-25T02:50:48Z</time>
			</trkpt>
			<trkpt lat="24.788805" lon="110.418138">
				<speed>1.245749</speed>
				<ele>126.000000</ele>
				<time>2026-01-25T02:50:52Z</time>
			</trkpt>
			<trkpt lat="24.788768" lon="110.418174">
				<speed>1.271165</speed>
				<ele>126.000000</ele>
				<time>2026-01-25T02:50:56Z</time>
			</trkpt>
			<trkpt lat="24.788734" lon="110.418210">
				<speed>1.257643</speed>
				<ele>126.000000</ele>
				<time>2026-01-25T02:51:00Z</time>
			</trkpt>
			<trkpt lat="24.788698" lon="110.418242">
				<speed>1.483763</speed>
				<ele>126.000000</ele>
				<time>2026-01-25T02:51:03Z</time>
			</trkpt>
			<trkpt lat="24.788653" lon="110.418271">
				<speed>1.367019</speed>
				<ele>126.000000</ele>
				<time>2026-01-25T02:51:07Z</time>
			</trkpt>
			<trkpt lat="24.788612" lon="110.418303">
				<speed>1.389377</speed>
				<ele>125.000000</ele>
				<time>2026-01-25T02:51:11Z</time>
			</trkpt>
			<trkpt lat="24.788574" lon="110.418333">
				<speed>1.286795</speed>
				<ele>125.000000</ele>
				<time>2026-01-25T02:51:15Z</time>
			</trkpt>
			<trkpt lat="24.788533" lon="110.418367">
				<speed>1.325564</speed>
				<ele>126.000000</ele>
				<time>2026-01-25T02:51:19Z</time>
			</trkpt>
			<trkpt lat="24.788494" lon="110.418392">
				<speed>1.327826</speed>
				<ele>126.000000</ele>
				<time>2026-01-25T02:51:23Z</time>
			</trkpt>
			<trkpt lat="24.788448" lon="110.418412">
				<speed>1.264738</speed>
				<ele>126.000000</ele>
				<time>2026-01-25T02:51:28Z</time>
			</trkpt>
			<trkpt lat="24.788407" lon="110.418448">
				<speed>1.392246</speed>
				<ele>126.000000</ele>
				<time>2026-01-25T02:51:33Z</time>
			</trkpt>
			<trkpt lat="24.788371" lon="110.418481">
				<speed>1.358372</speed>
				<ele>126.000000</ele>
				<time>2026-01-25T02:51:37Z</time>
			</trkpt>
			<trkpt lat="24.788329" lon="110.418512">
				<speed>1.331937</speed>
				<ele>126.000000</ele>
				<time>2026-01-25T02:51:41Z</time>
			</trkpt>
			<trkpt lat="24.788291" lon="110.418542">
				<speed>1.363478</speed>
				<ele>126.000000</ele>
				<time>2026-01-25T02:51:45Z</time>
			</trkpt>
			<trkpt lat="24.788243" lon="110.418572">
				<speed>1.450989</speed>
				<ele>126.000000</ele>
				<time>2026-01-25T02:51:50Z</time>
			</trkpt>
			<trkpt lat="24.788205" lon="110.418600">
				<speed>1.035344</speed>
				<ele>126.000000</ele>
				<time>2026-01-25T02:51:54Z</time>
			</trkpt>
			<trkpt lat="24.788165" lon="110.418638">
				<speed>1.221198</speed>
				<ele>126.000000</ele>
				<time>2026-01-25T02:51:58Z</time>
			</trkpt>
			<trkpt lat="24.788127" lon="110.418669">
				<speed>1.139838</speed>
				<ele>126.000000</ele>
				<time>2026-01-25T02:52:02Z</time>
			</trkpt>
			<trkpt lat="24.788087" lon="110.418696">
				<speed>1.246826</speed>
				<ele>126.000000</ele>
				<time>2026-01-25T02:52:06Z</time>
			</trkpt>
			<trkpt lat="24.788046" lon="110.418719">
				<speed>1.148558</speed>
				<ele>125.000000</ele>
				<time>2026-01-25T02:52:10Z</time>
			</trkpt>
			<trkpt lat="24.788000" lon="110.418735">
				<speed>1.268575</speed>
				<ele>125.000000</ele>
				<time>2026-01-25T02:52:14Z</time>
			</trkpt>
			<trkpt lat="24.787958" lon="110.418762">
				<speed>1.197909</speed>
				<ele>125.000000</ele>
				<time>2026-01-25T02:52:18Z</time>
			</trkpt>
			<trkpt lat="24.787911" lon="110.418797">
				<speed>1.285670</speed>
				<ele>125.000000</ele>
				<time>2026-01-25T02:52:23Z</time>
			</trkpt>
			<trkpt lat="24.787873" lon="110.418826">
				<speed>1.074565</speed>
				<ele>125.000000</ele>
				<time>2026-01-25T02:52:27Z</time>
			</trkpt>
			<trkpt lat="24.787826" lon="110.418858">
				<speed>1.021951</speed>
				<ele>125.000000</ele>
				<time>2026-01-25T02:52:32Z</time>
			</trkpt>
			<trkpt lat="24.787782" lon="110.418886">
				<speed>1.209746</speed>
				<ele>126.000000</ele>
				<time>2026-01-25T02:52:36Z</time>
			</trkpt>
			<trkpt lat="24.787738" lon="110.418910">
				<speed>1.336757</speed>
				<ele>126.000000</ele>
				<time>2026-01-25T02:52:40Z</time>
			</trkpt>
			<trkpt lat="24.787692" lon="110.418928">
				<speed>1.313334</speed>
				<ele>126.000000</ele>
				<time>2026-01-25T02:52:44Z</time>
			</trkpt>
			<trkpt lat="24.787650" lon="110.418956">
				<speed>0.998868</speed>
				<ele>125.000000</ele>
				<time>2026-01-25T02:52:49Z</time>
			</trkpt>
			<trkpt lat="24.787605" lon="110.418980">
				<speed>1.169616</speed>
				<ele>125.000000</ele>
				<time>2026-01-25T02:52:53Z</time>
			</trkpt>
			<trkpt lat="24.787559" lon="110.419000">
				<speed>1.361312</speed>
				<ele>125.000000</ele>
				<time>2026-01-25T02:52:57Z</time>
			</trkpt>
			<trkpt lat="24.787510" lon="110.419019">
				<speed>1.244510</speed>
				<ele>125.000000</ele>
				<time>2026-01-25T02:53:01Z</time>
			</trkpt>
			<trkpt lat="24.787467" lon="110.419045">
				<speed>1.141453</speed>
				<ele>125.000000</ele>
				<time>2026-01-25T02:53:05Z</time>
			</trkpt>
			<trkpt lat="24.787416" lon="110.419060">
				<speed>1.386265</speed>
				<ele>125.000000</ele>
				<time>2026-01-25T02:53:09Z</time>
			</trkpt>
			<trkpt lat="24.787362" lon="110.419069">
				<speed>1.368438</speed>
				<ele>125.000000</ele>
				<time>2026-01-25T02:53:13Z</time>
			</trkpt>
			<trkpt lat="24.787312" lon="110.419076">
				<speed>1.304913</speed>
				<ele>125.000000</ele>
				<time>2026-01-25T02:53:17Z</time>
			</trkpt>
			<trkpt lat="24.787264" lon="110.419065">
				<speed>1.301114</speed>
				<ele>125.000000</ele>
				<time>2026-01-25T02:53:21Z</time>
			</trkpt>
			<trkpt lat="24.787227" lon="110.419029">
				<speed>1.375046</speed>
				<ele>125.000000</ele>
				<time>2026-01-25T02:53:25Z</time>
			</trkpt>
			<trkpt lat="24.787190" lon="110.418992">
				<speed>1.406313</speed>
				<ele>125.000000</ele>
				<time>2026-01-25T02:53:29Z</time>
			</trkpt>
			<trkpt lat="24.787143" lon="110.418979">
				<speed>1.200320</speed>
				<ele>126.000000</ele>
				<time>2026-01-25T02:53:33Z</time>
			</trkpt>
			<trkpt lat="24.787087" lon="110.418977">
				<speed>1.469977</speed>
				<ele>125.000000</ele>
				<time>2026-01-25T02:53:37Z</time>
			</trkpt>
			<trkpt lat="24.787035" lon="110.418985">
				<speed>1.581107</speed>
				<ele>125.000000</ele>
				<time>2026-01-25T02:53:41Z</time>
			</trkpt>
			<trkpt lat="24.786980" lon="110.419008">
				<speed>1.353650</speed>
				<ele>125.000000</ele>
				<time>2026-01-25T02:53:46Z</time>
			</trkpt>
			<trkpt lat="24.786948" lon="110.419046">
				<speed>1.150833</speed>
				<ele>125.000000</ele>
				<time>2026-01-25T02:53:50Z</time>
			</trkpt>
			<trkpt lat="24.786919" lon="110.419094">
				<speed>0.969742</speed>
				<ele>125.000000</ele>
				<time>2026-01-25T02:53:55Z</time>
			</trkpt>
			<trkpt lat="24.786883" lon="110.419135">
				<speed>1.117005</speed>
				<ele>126.000000</ele>
				<time>2026-01-25T02:53:59Z</time>
			</trkpt>
			<trkpt lat="24.786851" lon="110.419181">
				<speed>1.254465</speed>
				<ele>126.000000</ele>
				<time>2026-01-25T02:54:03Z</time>
			</trkpt>
			<trkpt lat="24.786817" lon="110.419218">
				<speed>1.449201</speed>
				<ele>126.000000</ele>
				<time>2026-01-25T02:54:07Z</time>
			</trkpt>
			<trkpt lat="24.786783" lon="110.419260">
				<speed>1.424895</speed>
				<ele>126.000000</ele>
				<time>2026-01-25T02:54:11Z</time>
			</trkpt>
			<trkpt lat="24.786763" lon="110.419304">
				<speed>1.398442</speed>
				<ele>126.000000</ele>
				<time>2026-01-25T02:54:15Z</time>
			</trkpt>
			<trkpt lat="24.786731" lon="110.419340">
				<speed>1.136123</speed>
				<ele>126.000000</ele>
				<time>2026-01-25T02:54:19Z</time>
			</trkpt>
			<trkpt lat="24.786703" lon="110.419387">
				<speed>1.145461</speed>
				<ele>126.000000</ele>
				<time>2026-01-25T02:54:23Z</time>
			</trkpt>
			<trkpt lat="24.786679" lon="110.419433">
				<speed>1.235768</speed>
				<ele>126.000000</ele>
				<time>2026-01-25T02:54:27Z</time>
			</trkpt>
			<trkpt lat="24.786646" lon="110.419470">
				<speed>1.168348</speed>
				<ele>127.000000</ele>
				<time>2026-01-25T02:54:31Z</time>
			</trkpt>
			<trkpt lat="24.786609" lon="110.419501">
				<speed>1.333571</speed>
				<ele>126.000000</ele>
				<time>2026-01-25T02:54:35Z</time>
			</trkpt>
			<trkpt lat="24.786577" lon="110.419537">
				<speed>1.153428</speed>
				<ele>126.000000</ele>
				<time>2026-01-25T02:54:39Z</time>
			</trkpt>
			<trkpt lat="24.786533" lon="110.419567">
				<speed>1.268882</speed>
				<ele>126.000000</ele>
				<time>2026-01-25T02:54:43Z</time>
			</trkpt>
			<trkpt lat="24.786490" lon="110.419607">
				<speed>1.375801</speed>
				<ele>125.000000</ele>
				<time>2026-01-25T02:54:48Z</time>
			</trkpt>
			<trkpt lat="24.786449" lon="110.419633">
				<speed>1.358775</speed>
				<ele>126.000000</ele>
				<time>2026-01-25T02:54:52Z</time>
			</trkpt>
			<trkpt lat="24.786397" lon="110.419644">
				<speed>1.232868</speed>
				<ele>125.000000</ele>
				<time>2026-01-25T02:54:56Z</time>
			</trkpt>
			<trkpt lat="24.786341" lon="110.419640">
				<speed>1.238412</speed>
				<ele>126.000000</ele>
				<time>2026-01-25T02:55:00Z</time>
			</trkpt>
			<trkpt lat="24.786293" lon="110.419649">
				<speed>1.136848</speed>
				<ele>126.000000</ele>
				<time>2026-01-25T02:55:04Z</time>
			</trkpt>
			<trkpt lat="24.786244" lon="110.419650">
				<speed>1.012172</speed>
				<ele>126.000000</ele>
				<time>2026-01-25T02:55:09Z</time>
			</trkpt>
			<trkpt lat="24.786191" lon="110.419635">
				<speed>1.331773</speed>
				<ele>125.000000</ele>
				<time>2026-01-25T02:55:13Z</time>
			</trkpt>
			<trkpt lat="24.786141" lon="110.419618">
				<speed>1.910054</speed>
				<ele>125.000000</ele>
				<time>2026-01-25T02:55:16Z</time>
			</trkpt>
			<trkpt lat="24.786093" lon="110.419624">
				<speed>1.258962</speed>
				<ele>126.000000</ele>
				<time>2026-01-25T02:55:21Z</time>
			</trkpt>
			<trkpt lat="24.786050" lon="110.419655">
				<speed>1.341003</speed>
				<ele>126.000000</ele>
				<time>2026-01-25T02:55:25Z</time>
			</trkpt>
			<trkpt lat="24.786011" lon="110.419691">
				<speed>1.309162</speed>
				<ele>126.000000</ele>
				<time>2026-01-25T02:55:29Z</time>
			</trkpt>
			<trkpt lat="24.785972" lon="110.419722">
				<speed>1.401787</speed>
				<ele>126.000000</ele>
				<time>2026-01-25T02:55:33Z</time>
			</trkpt>
			<trkpt lat="24.785934" lon="110.419759">
				<speed>1.375746</speed>
				<ele>126.000000</ele>
				<time>2026-01-25T02:55:37Z</time>
			</trkpt>
			<trkpt lat="24.785905" lon="110.419804">
				<speed>1.490342</speed>
				<ele>126.000000</ele>
				<time>2026-01-25T02:55:41Z</time>
			</trkpt>
			<trkpt lat="24.785881" lon="110.419861">
				<speed>1.294023</speed>
				<ele>126.000000</ele>
				<time>2026-01-25T02:55:46Z</time>
			</trkpt>
			<trkpt lat="24.785857" lon="110.419906">
				<speed>1.347983</speed>
				<ele>125.000000</ele>
				<time>2026-01-25T02:55:50Z</time>
			</trkpt>
			<trkpt lat="24.785807" lon="110.419929">
				<speed>1.307772</speed>
				<ele>125.000000</ele>
				<time>2026-01-25T02:55:54Z</time>
			</trkpt>
			<trkpt lat="24.785760" lon="110.419953">
				<speed>1.458945</speed>
				<ele>125.000000</ele>
				<time>2026-01-25T02:55:58Z</time>
			</trkpt>
			<trkpt lat="24.785720" lon="110.419980">
				<speed>1.160470</speed>
				<ele>126.000000</ele>
				<time>2026-01-25T02:56:02Z</time>
			</trkpt>
			<trkpt lat="24.785680" lon="110.420012">
				<speed>1.511643</speed>
				<ele>126.000000</ele>
				<time>2026-01-25T02:56:06Z</time>
			</trkpt>
			<trkpt lat="24.785647" lon="110.420054">
				<speed>1.439532</speed>
				<ele>125.000000</ele>
				<time>2026-01-25T02:56:10Z</time>
			</trkpt>
			<trkpt lat="24.785605" lon="110.420089">
				<speed>1.514318</speed>
				<ele>125.000000</ele>
				<time>2026-01-25T02:56:14Z</time>
			</trkpt>
			<trkpt lat="24.785556" lon="110.420123">
				<speed>1.367928</speed>
				<ele>125.000000</ele>
				<time>2026-01-25T02:56:19Z</time>
			</trkpt>
			<trkpt lat="24.785518" lon="110.420160">
				<speed>1.450300</speed>
				<ele>125.000000</ele>
				<time>2026-01-25T02:56:23Z</time>
			</trkpt>
			<trkpt lat="24.785480" lon="110.420196">
				<speed>0.960452</speed>
				<ele>125.000000</ele>
				<time>2026-01-25T02:56:27Z</time>
			</trkpt>
			<trkpt lat="24.785434" lon="110.420237">
				<speed>1.322520</speed>
				<ele>126.000000</ele>
				<time>2026-01-25T02:56:32Z</time>
			</trkpt>
			<trkpt lat="24.785388" lon="110.420266">
				<speed>1.467448</speed>
				<ele>126.000000</ele>
				<time>2026-01-25T02:56:36Z</time>
			</trkpt>
			<trkpt lat="24.785349" lon="110.420294">
				<speed>1.297000</speed>
				<ele>127.000000</ele>
				<time>2026-01-25T02:56:40Z</time>
			</trkpt>
			<trkpt lat="24.785300" lon="110.420328">
				<speed>1.356549</speed>
				<ele>127.000000</ele>
				<time>2026-01-25T02:56:45Z</time>
			</trkpt>
			<trkpt lat="24.785244" lon="110.420354">
				<speed>1.439407</speed>
				<ele>126.000000</ele>
				<time>2026-01-25T02:56:50Z</time>
			</trkpt>
			<trkpt lat="24.785199" lon="110.420378">
				<speed>1.258998</speed>
				<ele>126.000000</ele>
				<time>2026-01-25T02:56:54Z</time>
			</trkpt>
			<trkpt lat="24.785148" lon="110.420401">
				<speed>1.484102</speed>
				<ele>125.000000</ele>
				<time>2026-01-25T02:56:58Z</time>
			</trkpt>
			<trkpt lat="24.785105" lon="110.420437">
				<speed>1.483053</speed>
				<ele>125.000000</ele>
				<time>2026-01-25T02:57:02Z</time>
			</trkpt>
			<trkpt lat="24.785064" lon="110.420473">
				<speed>1.492498</speed>
				<ele>126.000000</ele>
				<time>2026-01-25T02:57:06Z</time>
			</trkpt>
			<trkpt lat="24.785027" lon="110.420512">
				<speed>1.522413</speed>
				<ele>126.000000</ele>
				<time>2026-01-25T02:57:10Z</time>
			</trkpt>
			<trkpt lat="24.785004" lon="110.420564">
				<speed>1.398600</speed>
				<ele>126.000000</ele>
				<time>2026-01-25T02:57:14Z</time>
			</trkpt>
			<trkpt lat="24.784991" lon="110.420618">
				<speed>1.354851</speed>
				<ele>126.000000</ele>
				<time>2026-01-25T02:57:19Z</time>
			</trkpt>
			<trkpt lat="24.784963" lon="110.420670">
				<speed>1.347105</speed>
				<ele>125.000000</ele>
				<time>2026-01-25T02:57:23Z</time>
			</trkpt>
			<trkpt lat="24.784926" lon="110.420717">
				<speed>1.220930</speed>
				<ele>126.000000</ele>
				<time>2026-01-25T02:57:28Z</time>
			</trkpt>
			<trkpt lat="24.784889" lon="110.420745">
				<speed>1.240622</speed>
				<ele>126.000000</ele>
				<time>2026-01-25T02:57:32Z</time>
			</trkpt>
			<trkpt lat="24.784840" lon="110.420775">
				<speed>1.156435</speed>
				<ele>126.000000</ele>
				<time>2026-01-25T02:57:37Z</time>
			</trkpt>
			<trkpt lat="24.784798" lon="110.420814">
				<speed>1.247378</speed>
				<ele>126.000000</ele>
				<time>2026-01-25T02:57:42Z</time>
			</trkpt>
			<trkpt lat="24.784763" lon="110.420846">
				<speed>1.223307</speed>
				<ele>126.000000</ele>
				<time>2026-01-25T02:57:46Z</time>
			</trkpt>
			<trkpt lat="24.784727" lon="110.420878">
				<speed>1.420154</speed>
				<ele>126.000000</ele>
				<time>2026-01-25T02:57:50Z</time>
			</trkpt>
			<trkpt lat="24.784695" lon="110.420913">
				<speed>1.294804</speed>
				<ele>125.000000</ele>
				<time>2026-01-25T02:57:54Z</time>
			</trkpt>
			<trkpt lat="24.784660" lon="110.420947">
				<speed>1.069425</speed>
				<ele>125.000000</ele>
				<time>2026-01-25T02:57:58Z</time>
			</trkpt>
			<trkpt lat="24.784625" lon="110.420980">
				<speed>1.177980</speed>
				<ele>126.000000</ele>
				<time>2026-01-25T02:58:02Z</time>
			</trkpt>
			<trkpt lat="24.784588" lon="110.421015">
				<speed>1.403704</speed>
				<ele>125.000000</ele>
				<time>2026-01-25T02:58:06Z</time>
			</trkpt>
			<trkpt lat="24.784544" lon="110.421049">
				<speed>1.548928</speed>
				<ele>125.000000</ele>
				<time>2026-01-25T02:58:10Z</time>
			</trkpt>
			<trkpt lat="24.784500" lon="110.421079">
				<speed>1.471605</speed>
				<ele>125.000000</ele>
				<time>2026-01-25T02:58:14Z</time>
			</trkpt>
			<trkpt lat="24.784462" lon="110.421113">
				<speed>1.255359</speed>
				<ele>125.000000</ele>
				<time>2026-01-25T02:58:18Z</time>
			</trkpt>
			<trkpt lat="24.784422" lon="110.421150">
				<speed>1.416611</speed>
				<ele>125.000000</ele>
				<time>2026-01-25T02:58:22Z</time>
			</trkpt>
			<trkpt lat="24.784392" lon="110.421190">
				<speed>1.393982</speed>
				<ele>125.000000</ele>
				<time>2026-01-25T02:58:26Z</time>
			</trkpt>
			<trkpt lat="24.784362" lon="110.421231">
				<speed>1.258134</speed>
				<ele>125.000000</ele>
				<time>2026-01-25T02:58:30Z</time>
			</trkpt>
			<trkpt lat="24.784324" lon="110.421276">
				<speed>1.365989</speed>
				<ele>126.000000</ele>
				<time>2026-01-25T02:58:35Z</time>
			</trkpt>
			<trkpt lat="24.784295" lon="110.421314">
				<speed>1.366890</speed>
				<ele>125.000000</ele>
				<time>2026-01-25T02:58:39Z</time>
			</trkpt>
			<trkpt lat="24.784258" lon="110.421351">
				<speed>1.321626</speed>
				<ele>126.000000</ele>
				<time>2026-01-25T02:58:43Z</time>
			</trkpt>
			<trkpt lat="24.784225" lon="110.421390">
				<speed>1.337022</speed>
				<ele>126.000000</ele>
				<time>2026-01-25T02:58:47Z</time>
			</trkpt>
			<trkpt lat="24.784192" lon="110.421430">
				<speed>1.254540</speed>
				<ele>125.000000</ele>
				<time>2026-01-25T02:58:51Z</time>
			</trkpt>
			<trkpt lat="24.784154" lon="110.421466">
				<speed>1.125564</speed>
				<ele>125.000000</ele>
				<time>2026-01-25T02:58:55Z</time>
			</trkpt>
			<trkpt lat="24.784116" lon="110.421509">
				<speed>1.123360</speed>
				<ele>125.000000</ele>
				<time>2026-01-25T02:58:59Z</time>
			</trkpt>
			<trkpt lat="24.784083" lon="110.421549">
				<speed>0.990352</speed>
				<ele>125.000000</ele>
				<time>2026-01-25T02:59:03Z</time>
			</trkpt>
			<trkpt lat="24.784044" lon="110.421589">
				<speed>1.418034</speed>
				<ele>125.000000</ele>
				<time>2026-01-25T02:59:07Z</time>
			</trkpt>
			<trkpt lat="24.784008" lon="110.421623">
				<speed>1.251485</speed>
				<ele>126.000000</ele>
				<time>2026-01-25T02:59:11Z</time>
			</trkpt>
			<trkpt lat="24.783970" lon="110.421660">
				<speed>1.284171</speed>
				<ele>125.000000</ele>
				<time>2026-01-25T02:59:15Z</time>
			</trkpt>
			<trkpt lat="24.783936" lon="110.421704">
				<speed>1.345636</speed>
				<ele>125.000000</ele>
				<time>2026-01-25T02:59:19Z</time>
			</trkpt>
			<trkpt lat="24.783899" lon="110.421744">
				<speed>1.485280</speed>
				<ele>126.000000</ele>
				<time>2026-01-25T02:59:23Z</time>
			</trkpt>
			<trkpt lat="24.783862" lon="110.421781">
				<speed>1.481263</speed>
				<ele>125.000000</ele>
				<time>2026-01-25T02:59:27Z</time>
			</trkpt>
			<trkpt lat="24.783825" lon="110.421821">
				<speed>1.354530</speed>
				<ele>125.000000</ele>
				<time>2026-01-25T02:59:31Z</time>
			</trkpt>
			<trkpt lat="24.783791" lon="110.421863">
				<speed>1.077238</speed>
				<ele>125.000000</ele>
				<time>2026-01-25T02:59:35Z</time>
			</trkpt>
			<trkpt lat="24.783763" lon="110.421902">
				<speed>1.553827</speed>
				<ele>125.000000</ele>
				<time>2026-01-25T02:59:38Z</time>
			</trkpt>
			<trkpt lat="24.783727" lon="110.421936">
				<speed>1.087964</speed>
				<ele>124.000000</ele>
				<time>2026-01-25T02:59:42Z</time>
			</trkpt>
			<trkpt lat="24.783702" lon="110.421977">
				<speed>1.048801</speed>
				<ele>124.000000</ele>
				<time>2026-01-25T02:59:46Z</time>
			</trkpt>
			<trkpt lat="24.783665" lon="110.422018">
				<speed>1.060286</speed>
				<ele>125.000000</ele>
				<time>2026-01-25T02:59:50Z</time>
			</trkpt>
			<trkpt lat="24.783635" lon="110.422064">
				<speed>1.263836</speed>
				<ele>125.000000</ele>
				<time>2026-01-25T02:59:54Z</time>
			</trkpt>
			<trkpt lat="24.783603" lon="110.422111">
				<speed>1.430706</speed>
				<ele>125.000000</ele>
				<time>2026-01-25T02:59:58Z</time>
			</trkpt>
			<trkpt lat="24.783571" lon="110.422157">
				<speed>1.266233</speed>
				<ele>125.000000</ele>
				<time>2026-01-25T03:00:02Z</time>
			</trkpt>
			<trkpt lat="24.783529" lon="110.422199">
				<speed>1.260292</speed>
				<ele>125.000000</ele>
				<time>2026-01-25T03:00:07Z</time>
			</trkpt>
			<trkpt lat="24.783495" lon="110.422233">
				<speed>1.332548</speed>
				<ele>125.000000</ele>
				<time>2026-01-25T03:00:11Z</time>
			</trkpt>
			<trkpt lat="24.783464" lon="110.422283">
				<speed>1.197558</speed>
				<ele>126.000000</ele>
				<time>2026-01-25T03:00:16Z</time>
			</trkpt>
			<trkpt lat="24.783424" lon="110.422329">
				<speed>1.356722</speed>
				<ele>125.000000</ele>
				<time>2026-01-25T03:00:21Z</time>
			</trkpt>
			<trkpt lat="24.783392" lon="110.422366">
				<speed>1.239079</speed>
				<ele>125.000000</ele>
				<time>2026-01-25T03:00:25Z</time>
			</trkpt>
			<trkpt lat="24.783357" lon="110.422404">
				<speed>1.033110</speed>
				<ele>125.000000</ele>
				<time>2026-01-25T03:00:29Z</time>
			</trkpt>
			<trkpt lat="24.783320" lon="110.422444">
				<speed>1.019096</speed>
				<ele>125.000000</ele>
				<time>2026-01-25T03:00:33Z</time>
			</trkpt>
			<trkpt lat="24.783289" lon="110.422485">
				<speed>1.293373</speed>
				<ele>125.000000</ele>
				<time>2026-01-25T03:00:37Z</time>
			</trkpt>
			<trkpt lat="24.783254" lon="110.422534">
				<speed>1.197959</speed>
				<ele>125.000000</ele>
				<time>2026-01-25T03:00:42Z</time>
			</trkpt>
			<trkpt lat="24.783224" lon="110.422578">
				<speed>0.984190</speed>
				<ele>126.000000</ele>
				<time>2026-01-25T03:00:46Z</time>
			</trkpt>
			<trkpt lat="24.783192" lon="110.422627">
				<speed>1.436486</speed>
				<ele>126.000000</ele>
				<time>2026-01-25T03:00:50Z</time>
			</trkpt>
			<trkpt lat="24.783162" lon="110.422670">
				<speed>1.329890</speed>
				<ele>126.000000</ele>
				<time>2026-01-25T03:00:54Z</time>
			</trkpt>
			<trkpt lat="24.783136" lon="110.422719">
				<speed>1.113837</speed>
				<ele>126.000000</ele>
				<time>2026-01-25T03:00:58Z</time>
			</trkpt>
			<trkpt lat="24.783106" lon="110.422772">
				<speed>1.429823</speed>
				<ele>126.000000</ele>
				<time>2026-01-25T03:01:02Z</time>
			</trkpt>
			<trkpt lat="24.783071" lon="110.422806">
				<speed>1.125173</speed>
				<ele>126.000000</ele>
				<time>2026-01-25T03:01:06Z</time>
			</trkpt>
			<trkpt lat="24.783039" lon="110.422850">
				<speed>1.027036</speed>
				<ele>126.000000</ele>
				<time>2026-01-25T03:01:10Z</time>
			</trkpt>
			<trkpt lat="24.783001" lon="110.422889">
				<speed>1.260690</speed>
				<ele>125.000000</ele>
				<time>2026-01-25T03:01:14Z</time>
			</trkpt>
			<trkpt lat="24.782971" lon="110.422928">
				<speed>1.269496</speed>
				<ele>126.000000</ele>
				<time>2026-01-25T03:01:18Z</time>
			</trkpt>
			<trkpt lat="24.782935" lon="110.422969">
				<speed>1.345397</speed>
				<ele>126.000000</ele>
				<time>2026-01-25T03:01:22Z</time>
			</trkpt>
			<trkpt lat="24.782901" lon="110.423008">
				<speed>1.140537</speed>
				<ele>126.000000</ele>
				<time>2026-01-25T03:01:26Z</time>
			</trkpt>
			<trkpt lat="24.782866" lon="110.423049">
				<speed>1.001022</speed>
				<ele>126.000000</ele>
				<time>2026-01-25T03:01:30Z</time>
			</trkpt>
			<trkpt lat="24.782829" lon="110.423088">
				<speed>1.011610</speed>
				<ele>126.000000</ele>
				<time>2026-01-25T03:01:34Z</time>
			</trkpt>
			<trkpt lat="24.782788" lon="110.423116">
				<speed>1.100439</speed>
				<ele>127.000000</ele>
				<time>2026-01-25T03:01:38Z</time>
			</trkpt>
			<trkpt lat="24.782750" lon="110.423152">
				<speed>1.358652</speed>
				<ele>127.000000</ele>
				<time>2026-01-25T03:01:42Z</time>
			</trkpt>
			<trkpt lat="24.782711" lon="110.423183">
				<speed>1.251997</speed>
				<ele>126.000000</ele>
				<time>2026-01-25T03:01:46Z</time>
			</trkpt>
			<trkpt lat="24.782665" lon="110.423205">
				<speed>1.278726</speed>
				<ele>126.000000</ele>
				<time>2026-01-25T03:01:50Z</time>
			</trkpt>
			<trkpt lat="24.782616" lon="110.423222">
				<speed>0.997470</speed>
				<ele>126.000000</ele>
				<time>2026-01-25T03:01:54Z</time>
			</trkpt>
			<trkpt lat="24.782568" lon="110.423245">
				<speed>1.361015</speed>
				<ele>126.000000</ele>
				<time>2026-01-25T03:01:58Z</time>
			</trkpt>
			<trkpt lat="24.782520" lon="110.423279">
				<speed>1.265505</speed>
				<ele>127.000000</ele>
				<time>2026-01-25T03:02:03Z</time>
			</trkpt>
			<trkpt lat="24.782481" lon="110.423313">
				<speed>1.282111</speed>
				<ele>127.000000</ele>
				<time>2026-01-25T03:02:07Z</time>
			</trkpt>
			<trkpt lat="24.782444" lon="110.423350">
				<speed>1.373943</speed>
				<ele>127.000000</ele>
				<time>2026-01-25T03:02:11Z</time>
			</trkpt>
			<trkpt lat="24.782405" lon="110.423382">
				<speed>1.009070</speed>
				<ele>127.000000</ele>
				<time>2026-01-25T03:02:15Z</time>
			</trkpt>
			<trkpt lat="24.782364" lon="110.423414">
				<speed>1.002004</speed>
				<ele>127.000000</ele>
				<time>2026-01-25T03:02:19Z</time>
			</trkpt>
			<trkpt lat="24.782316" lon="110.423450">
				<speed>1.452411</speed>
				<ele>129.000000</ele>
				<time>2026-01-25T03:02:23Z</time>
			</trkpt>
			<trkpt lat="24.782287" lon="110.423494">
				<speed>1.025903</speed>
				<ele>128.000000</ele>
				<time>2026-01-25T03:02:28Z</time>
			</trkpt>
			<trkpt lat="24.782262" lon="110.423549">
				<speed>1.285656</speed>
				<ele>128.000000</ele>
				<time>2026-01-25T03:02:33Z</time>
			</trkpt>
			<trkpt lat="24.782245" lon="110.423600">
				<speed>1.179771</speed>
				<ele>128.000000</ele>
				<time>2026-01-25T03:02:38Z</time>
			</trkpt>
			<trkpt lat="24.782230" lon="110.423650">
				<speed>1.210733</speed>
				<ele>128.000000</ele>
				<time>2026-01-25T03:02:42Z</time>
			</trkpt>
			<trkpt lat="24.782205" lon="110.423700">
				<speed>1.365269</speed>
				<ele>128.000000</ele>
				<time>2026-01-25T03:02:46Z</time>
			</trkpt>
			<trkpt lat="24.782191" lon="110.423748">
				<speed>1.295323</speed>
				<ele>127.000000</ele>
				<time>2026-01-25T03:02:50Z</time>
			</trkpt>
			<trkpt lat="24.782180" lon="110.423799">
				<speed>1.249552</speed>
				<ele>126.000000</ele>
				<time>2026-01-25T03:02:54Z</time>
			</trkpt>
			<trkpt lat="24.782169" lon="110.423854">
				<speed>1.160527</speed>
				<ele>127.000000</ele>
				<time>2026-01-25T03:02:58Z</time>
			</trkpt>
			<trkpt lat="24.782156" lon="110.423909">
				<speed>1.474452</speed>
				<ele>127.000000</ele>
				<time>2026-01-25T03:03:02Z</time>
			</trkpt>
			<trkpt lat="24.782136" lon="110.423953">
				<speed>1.130672</speed>
				<ele>127.000000</ele>
				<time>2026-01-25T03:03:06Z</time>
			</trkpt>
			<trkpt lat="24.782108" lon="110.423992">
				<speed>1.223334</speed>
				<ele>127.000000</ele>
				<time>2026-01-25T03:03:10Z</time>
			</trkpt>
			<trkpt lat="24.782067" lon="110.424035">
				<speed>1.326084</speed>
				<ele>126.000000</ele>
				<time>2026-01-25T03:03:15Z</time>
			</trkpt>
			<trkpt lat="24.782034" lon="110.424073">
				<speed>1.309844</speed>
				<ele>126.000000</ele>
				<time>2026-01-25T03:03:19Z</time>
			</trkpt>
			<trkpt lat="24.782004" lon="110.424121">
				<speed>1.429118</speed>
				<ele>125.000000</ele>
				<time>2026-01-25T03:03:23Z</time>
			</trkpt>
			<trkpt lat="24.781973" lon="110.424173">
				<speed>1.372959</speed>
				<ele>125.000000</ele>
				<time>2026-01-25T03:03:28Z</time>
			</trkpt>
			<trkpt lat="24.781946" lon="110.424213">
				<speed>1.162618</speed>
				<ele>125.000000</ele>
				<time>2026-01-25T03:03:32Z</time>
			</trkpt>
			<trkpt lat="24.781925" lon="110.424257">
				<speed>1.025922</speed>
				<ele>126.000000</ele>
				<time>2026-01-25T03:03:36Z</time>
			</trkpt>
			<trkpt lat="24.781896" lon="110.424295">
				<speed>1.196846</speed>
				<ele>126.000000</ele>
				<time>2026-01-25T03:03:40Z</time>
			</trkpt>
			<trkpt lat="24.781854" lon="110.424338">
				<speed>1.456906</speed>
				<ele>127.000000</ele>
				<time>2026-01-25T03:03:44Z</time>
			</trkpt>
			<trkpt lat="24.781822" lon="110.424386">
				<speed>1.329528</speed>
				<ele>126.000000</ele>
				<time>2026-01-25T03:03:49Z</time>
			</trkpt>
			<trkpt lat="24.781793" lon="110.424426">
				<speed>1.346974</speed>
				<ele>127.000000</ele>
				<time>2026-01-25T03:03:53Z</time>
			</trkpt>
			<trkpt lat="24.781764" lon="110.424469">
				<speed>1.391639</speed>
				<ele>126.000000</ele>
				<time>2026-01-25T03:03:57Z</time>
			</trkpt>
			<trkpt lat="24.781726" lon="110.424518">
				<speed>1.758862</speed>
				<ele>127.000000</ele>
				<time>2026-01-25T03:04:01Z</time>
			</trkpt>
			<trkpt lat="24.781694" lon="110.424556">
				<speed>1.446414</speed>
				<ele>126.000000</ele>
				<time>2026-01-25T03:04:05Z</time>
			</trkpt>
			<trkpt lat="24.781670" lon="110.424598">
				<speed>1.125475</speed>
				<ele>126.000000</ele>
				<time>2026-01-25T03:04:09Z</time>
			</trkpt>
			<trkpt lat="24.781636" lon="110.424642">
				<speed>1.073755</speed>
				<ele>126.000000</ele>
				<time>2026-01-25T03:04:13Z</time>
			</trkpt>
			<trkpt lat="24.781605" lon="110.424687">
				<speed>1.401153</speed>
				<ele>126.000000</ele>
				<time>2026-01-25T03:04:17Z</time>
			</trkpt>
			<trkpt lat="24.781573" lon="110.424731">
				<speed>1.044718</speed>
				<ele>126.000000</ele>
				<time>2026-01-25T03:04:21Z</time>
			</trkpt>
			<trkpt lat="24.781541" lon="110.424782">
				<speed>1.681674</speed>
				<ele>126.000000</ele>
				<time>2026-01-25T03:04:25Z</time>
			</trkpt>
			<trkpt lat="24.781513" lon="110.424824">
				<speed>1.425540</speed>
				<ele>126.000000</ele>
				<time>2026-01-25T03:04:29Z</time>
			</trkpt>
			<trkpt lat="24.781488" lon="110.424869">
				<speed>1.050911</speed>
				<ele>126.000000</ele>
				<time>2026-01-25T03:04:33Z</time>
			</trkpt>
			<trkpt lat="24.781457" lon="110.424922">
				<speed>1.467651</speed>
				<ele>126.000000</ele>
				<time>2026-01-25T03:04:37Z</time>
			</trkpt>
			<trkpt lat="24.781432" lon="110.424969">
				<speed>1.298859</speed>
				<ele>126.000000</ele>
				<time>2026-01-25T03:04:41Z</time>
			</trkpt>
			<trkpt lat="24.781405" lon="110.425013">
				<speed>1.110341</speed>
				<ele>125.000000</ele>
				<time>2026-01-25T03:04:45Z</time>
			</trkpt>
			<trkpt lat="24.781378" lon="110.425056">
				<speed>1.362096</speed>
				<ele>124.000000</ele>
				<time>2026-01-25T03:04:49Z</time>
			</trkpt>
			<trkpt lat="24.781342" lon="110.425110">
				<speed>1.466674</speed>
				<ele>125.000000</ele>
				<time>2026-01-25T03:04:54Z</time>
			</trkpt>
			<trkpt lat="24.781314" lon="110.425149">
				<speed>1.286877</speed>
				<ele>126.000000</ele>
				<time>2026-01-25T03:04:58Z</time>
			</trkpt>
			<trkpt lat="24.781273" lon="110.425190">
				<speed>1.213722</speed>
				<ele>125.000000</ele>
				<time>2026-01-25T03:05:02Z</time>
			</trkpt>
			<trkpt lat="24.781238" lon="110.425222">
				<speed>1.574108</speed>
				<ele>125.000000</ele>
				<time>2026-01-25T03:05:05Z</time>
			</trkpt>
			<trkpt lat="24.781200" lon="110.425260">
				<speed>1.464894</speed>
				<ele>125.000000</ele>
				<time>2026-01-25T03:05:09Z</time>
			</trkpt>
			<trkpt lat="24.781166" lon="110.425300">
				<speed>1.416889</speed>
				<ele>126.000000</ele>
				<time>2026-01-25T03:05:13Z</time>
			</trkpt>
			<trkpt lat="24.781138" lon="110.425339">
				<speed>1.357965</speed>
				<ele>125.000000</ele>
				<time>2026-01-25T03:05:17Z</time>
			</trkpt>
			<trkpt lat="24.781102" lon="110.425388">
				<speed>1.413225</speed>
				<ele>125.000000</ele>
				<time>2026-01-25T03:05:21Z</time>
			</trkpt>
			<trkpt lat="24.781065" lon="110.425425">
				<speed>1.224424</speed>
				<ele>126.000000</ele>
				<time>2026-01-25T03:05:25Z</time>
			</trkpt>
			<trkpt lat="24.781036" lon="110.425468">
				<speed>1.143310</speed>
				<ele>125.000000</ele>
				<time>2026-01-25T03:05:29Z</time>
			</trkpt>
			<trkpt lat="24.780993" lon="110.425506">
				<speed>1.343429</speed>
				<ele>125.000000</ele>
				<time>2026-01-25T03:05:33Z</time>
			</trkpt>
			<trkpt lat="24.780950" lon="110.425524">
				<speed>1.249502</speed>
				<ele>125.000000</ele>
				<time>2026-01-25T03:05:36Z</time>
			</trkpt>
			<trkpt lat="24.780898" lon="110.425552">
				<speed>1.238227</speed>
				<ele>125.000000</ele>
				<time>2026-01-25T03:05:40Z</time>
			</trkpt>
			<trkpt lat="24.780864" lon="110.425599">
				<speed>1.247236</speed>
				<ele>126.000000</ele>
				<time>2026-01-25T03:05:44Z</time>
			</trkpt>
			<trkpt lat="24.780847" lon="110.425646">
				<speed>1.254711</speed>
				<ele>127.000000</ele>
				<time>2026-01-25T03:05:48Z</time>
			</trkpt>
			<trkpt lat="24.780829" lon="110.425694">
				<speed>1.349610</speed>
				<ele>127.000000</ele>
				<time>2026-01-25T03:05:52Z</time>
			</trkpt>
			<trkpt lat="24.780808" lon="110.425749">
				<speed>1.342830</speed>
				<ele>126.000000</ele>
				<time>2026-01-25T03:05:57Z</time>
			</trkpt>
			<trkpt lat="24.780787" lon="110.425799">
				<speed>1.214132</speed>
				<ele>126.000000</ele>
				<time>2026-01-25T03:06:01Z</time>
			</trkpt>
			<trkpt lat="24.780767" lon="110.425849">
				<speed>1.198120</speed>
				<ele>126.000000</ele>
				<time>2026-01-25T03:06:05Z</time>
			</trkpt>
			<trkpt lat="24.780741" lon="110.425902">
				<speed>1.282676</speed>
				<ele>126.000000</ele>
				<time>2026-01-25T03:06:09Z</time>
			</trkpt>
			<trkpt lat="24.780705" lon="110.425948">
				<speed>1.468117</speed>
				<ele>126.000000</ele>
				<time>2026-01-25T03:06:12Z</time>
			</trkpt>
			<trkpt lat="24.780666" lon="110.425998">
				<speed>1.375342</speed>
				<ele>125.000000</ele>
				<time>2026-01-25T03:06:17Z</time>
			</trkpt>
			<trkpt lat="24.780629" lon="110.426033">
				<speed>1.238307</speed>
				<ele>125.000000</ele>
				<time>2026-01-25T03:06:21Z</time>
			</trkpt>
			<trkpt lat="24.780589" lon="110.426069">
				<speed>1.204012</speed>
				<ele>126.000000</ele>
				<time>2026-01-25T03:06:25Z</time>
			</trkpt>
			<trkpt lat="24.780543" lon="110.426106">
				<speed>1.459107</speed>
				<ele>125.000000</ele>
				<time>2026-01-25T03:06:29Z</time>
			</trkpt>
			<trkpt lat="24.780504" lon="110.426146">
				<speed>1.244349</speed>
				<ele>124.000000</ele>
				<time>2026-01-25T03:06:33Z</time>
			</trkpt>
			<trkpt lat="24.780469" lon="110.426190">
				<speed>0.838542</speed>
				<ele>125.000000</ele>
				<time>2026-01-25T03:06:38Z</time>
			</trkpt>
			<trkpt lat="24.780442" lon="110.426242">
				<speed>1.302685</speed>
				<ele>125.000000</ele>
				<time>2026-01-25T03:06:43Z</time>
			</trkpt>
			<trkpt lat="24.780416" lon="110.426289">
				<speed>0.986405</speed>
				<ele>125.000000</ele>
				<time>2026-01-25T03:06:47Z</time>
			</trkpt>
			<trkpt lat="24.780375" lon="110.426337">
				<speed>1.421526</speed>
				<ele>125.000000</ele>
				<time>2026-01-25T03:06:51Z</time>
			</trkpt>
			<trkpt lat="24.780322" lon="110.426347">
				<speed>1.250792</speed>
				<ele>126.000000</ele>
				<time>2026-01-25T03:06:55Z</time>
			</trkpt>
			<trkpt lat="24.780277" lon="110.426331">
				<speed>1.162808</speed>
				<ele>126.000000</ele>
				<time>2026-01-25T03:06:59Z</time>
			</trkpt>
			<trkpt lat="24.780222" lon="110.426344">
				<speed>1.329805</speed>
				<ele>126.000000</ele>
				<time>2026-01-25T03:07:04Z</time>
			</trkpt>
			<trkpt lat="24.780202" lon="110.426390">
				<speed>1.205700</speed>
				<ele>126.000000</ele>
				<time>2026-01-25T03:07:08Z</time>
			</trkpt>
			<trkpt lat="24.780170" lon="110.426442">
				<speed>1.220663</speed>
				<ele>126.000000</ele>
				<time>2026-01-25T03:07:13Z</time>
			</trkpt>
			<trkpt lat="24.780131" lon="110.426481">
				<speed>1.395815</speed>
				<ele>125.000000</ele>
				<time>2026-01-25T03:07:17Z</time>
			</trkpt>
			<trkpt lat="24.780094" lon="110.426525">
				<speed>1.015219</speed>
				<ele>126.000000</ele>
				<time>2026-01-25T03:07:22Z</time>
			</trkpt>
			<trkpt lat="24.780068" lon="110.426567">
				<speed>1.093081</speed>
				<ele>126.000000</ele>
				<time>2026-01-25T03:07:26Z</time>
			</trkpt>
			<trkpt lat="24.780037" lon="110.426608">
				<speed>1.284630</speed>
				<ele>126.000000</ele>
				<time>2026-01-25T03:07:30Z</time>
			</trkpt>
			<trkpt lat="24.780004" lon="110.426647">
				<speed>1.118472</speed>
				<ele>126.000000</ele>
				<time>2026-01-25T03:07:34Z</time>
			</trkpt>
			<trkpt lat="24.779983" lon="110.426692">
				<speed>1.184828</speed>
				<ele>126.000000</ele>
				<time>2026-01-25T03:07:38Z</time>
			</trkpt>
			<trkpt lat="24.779948" lon="110.426736">
				<speed>1.128369</speed>
				<ele>127.000000</ele>
				<time>2026-01-25T03:07:42Z</time>
			</trkpt>
			<trkpt lat="24.779907" lon="110.426779">
				<speed>1.331133</speed>
				<ele>127.000000</ele>
				<time>2026-01-25T03:07:46Z</time>
			</trkpt>
			<trkpt lat="24.779859" lon="110.426803">
				<speed>1.388228</speed>
				<ele>127.000000</ele>
				<time>2026-01-25T03:07:50Z</time>
			</trkpt>
			<trkpt lat="24.779811" lon="110.426826">
				<speed>1.161055</speed>
				<ele>127.000000</ele>
				<time>2026-01-25T03:07:54Z</time>
			</trkpt>
			<trkpt lat="24.779769" lon="110.426861">
				<speed>1.376443</speed>
				<ele>127.000000</ele>
				<time>2026-01-25T03:07:58Z</time>
			</trkpt>
			<trkpt lat="24.779728" lon="110.426896">
				<speed>1.323444</speed>
				<ele>127.000000</ele>
				<time>2026-01-25T03:08:02Z</time>
			</trkpt>
			<trkpt lat="24.779686" lon="110.426925">
				<speed>1.344176</speed>
				<ele>127.000000</ele>
				<time>2026-01-25T03:08:06Z</time>
			</trkpt>
			<trkpt lat="24.779648" lon="110.426968">
				<speed>1.148785</speed>
				<ele>127.000000</ele>
				<time>2026-01-25T03:08:10Z</time>
			</trkpt>
			<trkpt lat="24.779607" lon="110.426996">
				<speed>1.382647</speed>
				<ele>126.000000</ele>
				<time>2026-01-25T03:08:14Z</time>
			</trkpt>
			<trkpt lat="24.779575" lon="110.427049">
				<speed>1.248936</speed>
				<ele>126.000000</ele>
				<time>2026-01-25T03:08:19Z</time>
			</trkpt>
			<trkpt lat="24.779555" lon="110.427096">
				<speed>1.271422</speed>
				<ele>126.000000</ele>
				<time>2026-01-25T03:08:23Z</time>
			</trkpt>
			<trkpt lat="24.779530" lon="110.427152">
				<speed>1.194473</speed>
				<ele>127.000000</ele>
				<time>2026-01-25T03:08:28Z</time>
			</trkpt>
			<trkpt lat="24.779499" lon="110.427197">
				<speed>0.801942</speed>
				<ele>127.000000</ele>
				<time>2026-01-25T03:08:33Z</time>
			</trkpt>
			<trkpt lat="24.779461" lon="110.427231">
				<speed>1.248882</speed>
				<ele>126.000000</ele>
				<time>2026-01-25T03:08:37Z</time>
			</trkpt>
			<trkpt lat="24.779421" lon="110.427261">
				<speed>1.428501</speed>
				<ele>126.000000</ele>
				<time>2026-01-25T03:08:41Z</time>
			</trkpt>
			<trkpt lat="24.779386" lon="110.427295">
				<speed>1.472157</speed>
				<ele>127.000000</ele>
				<time>2026-01-25T03:08:45Z</time>
			</trkpt>
			<trkpt lat="24.779359" lon="110.427339">
				<speed>1.038877</speed>
				<ele>126.000000</ele>
				<time>2026-01-25T03:08:49Z</time>
			</trkpt>
			<trkpt lat="24.779327" lon="110.427382">
				<speed>1.212394</speed>
				<ele>126.000000</ele>
				<time>2026-01-25T03:08:53Z</time>
			</trkpt>
			<trkpt lat="24.779301" lon="110.427426">
				<speed>1.317955</speed>
				<ele>126.000000</ele>
				<time>2026-01-25T03:08:57Z</time>
			</trkpt>
			<trkpt lat="24.779279" lon="110.427479">
				<speed>1.135118</speed>
				<ele>126.000000</ele>
				<time>2026-01-25T03:09:02Z</time>
			</trkpt>
			<trkpt lat="24.779235" lon="110.427512">
				<speed>1.146170</speed>
				<ele>126.000000</ele>
				<time>2026-01-25T03:09:07Z</time>
			</trkpt>
			<trkpt lat="24.779188" lon="110.427547">
				<speed>1.192480</speed>
				<ele>126.000000</ele>
				<time>2026-01-25T03:09:14Z</time>
			</trkpt>
			<trkpt lat="24.779160" lon="110.427589">
				<speed>1.053244</speed>
				<ele>126.000000</ele>
				<time>2026-01-25T03:09:19Z</time>
			</trkpt>
			<trkpt lat="24.779127" lon="110.427624">
				<speed>0.940246</speed>
				<ele>125.000000</ele>
				<time>2026-01-25T03:09:24Z</time>
			</trkpt>
			<trkpt lat="24.779093" lon="110.427671">
				<speed>1.256229</speed>
				<ele>125.000000</ele>
				<time>2026-01-25T03:09:29Z</time>
			</trkpt>
			<trkpt lat="24.779064" lon="110.427722">
				<speed>1.208218</speed>
				<ele>125.000000</ele>
				<time>2026-01-25T03:09:34Z</time>
			</trkpt>
			<trkpt lat="24.779030" lon="110.427767">
				<speed>0.976817</speed>
				<ele>125.000000</ele>
				<time>2026-01-25T03:09:39Z</time>
			</trkpt>
			<trkpt lat="24.778986" lon="110.427800">
				<speed>1.253520</speed>
				<ele>125.000000</ele>
				<time>2026-01-25T03:09:43Z</time>
			</trkpt>
			<trkpt lat="24.778962" lon="110.427845">
				<speed>0.596852</speed>
				<ele>125.000000</ele>
				<time>2026-01-25T03:09:48Z</time>
			</trkpt>
			<trkpt lat="24.778917" lon="110.427859">
				<speed>1.099296</speed>
				<ele>125.000000</ele>
				<time>2026-01-25T03:10:23Z</time>
			</trkpt>
			<trkpt lat="24.778891" lon="110.427906">
				<speed>1.035293</speed>
				<ele>124.000000</ele>
				<time>2026-01-25T03:10:28Z</time>
			</trkpt>
			<trkpt lat="24.778855" lon="110.427939">
				<speed>1.400954</speed>
				<ele>124.000000</ele>
				<time>2026-01-25T03:10:32Z</time>
			</trkpt>
			<trkpt lat="24.778821" lon="110.427983">
				<speed>0.978911</speed>
				<ele>125.000000</ele>
				<time>2026-01-25T03:10:37Z</time>
			</trkpt>
			<trkpt lat="24.778793" lon="110.428032">
				<speed>1.086620</speed>
				<ele>125.000000</ele>
				<time>2026-01-25T03:10:42Z</time>
			</trkpt>
			<trkpt lat="24.778778" lon="110.428083">
				<speed>1.231032</speed>
				<ele>125.000000</ele>
				<time>2026-01-25T03:10:45Z</time>
			</trkpt>
			<trkpt lat="24.778791" lon="110.428137">
				<speed>1.427024</speed>
				<ele>125.000000</ele>
				<time>2026-01-25T03:10:49Z</time>
			</trkpt>
			<trkpt lat="24.778783" lon="110.428197">
				<speed>1.445862</speed>
				<ele>125.000000</ele>
				<time>2026-01-25T03:10:53Z</time>
			</trkpt>
			<trkpt lat="24.778770" lon="110.428248">
				<speed>1.133018</speed>
				<ele>124.000000</ele>
				<time>2026-01-25T03:10:56Z</time>
			</trkpt>
			<trkpt lat="24.778757" lon="110.428299">
				<speed>1.379102</speed>
				<ele>125.000000</ele>
				<time>2026-01-25T03:11:00Z</time>
			</trkpt>
			<trkpt lat="24.778723" lon="110.428344">
				<speed>1.319970</speed>
				<ele>125.000000</ele>
				<time>2026-01-25T03:11:04Z</time>
			</trkpt>
			<trkpt lat="24.778680" lon="110.428383">
				<speed>1.320803</speed>
				<ele>126.000000</ele>
				<time>2026-01-25T03:11:08Z</time>
			</trkpt>
			<trkpt lat="24.778653" lon="110.428425">
				<speed>1.067566</speed>
				<ele>125.000000</ele>
				<time>2026-01-25T03:11:12Z</time>
			</trkpt>
			<trkpt lat="24.778618" lon="110.428461">
				<speed>1.107896</speed>
				<ele>125.000000</ele>
				<time>2026-01-25T03:11:16Z</time>
			</trkpt>
			<trkpt lat="24.778584" lon="110.428507">
				<speed>1.339934</speed>
				<ele>126.000000</ele>
				<time>2026-01-25T03:11:20Z</time>
			</trkpt>
			<trkpt lat="24.778551" lon="110.428555">
				<speed>1.530119</speed>
				<ele>126.000000</ele>
				<time>2026-01-25T03:11:24Z</time>
			</trkpt>
			<trkpt lat="24.778517" lon="110.428600">
				<speed>1.485892</speed>
				<ele>126.000000</ele>
				<time>2026-01-25T03:11:28Z</time>
			</trkpt>
			<trkpt lat="24.778480" lon="110.428643">
				<speed>1.486190</speed>
				<ele>126.000000</ele>
				<time>2026-01-25T03:11:32Z</time>
			</trkpt>
			<trkpt lat="24.778450" lon="110.428693">
				<speed>1.489732</speed>
				<ele>125.000000</ele>
				<time>2026-01-25T03:11:36Z</time>
			</trkpt>
			<trkpt lat="24.778409" lon="110.428732">
				<speed>1.500169</speed>
				<ele>125.000000</ele>
				<time>2026-01-25T03:11:40Z</time>
			</trkpt>
			<trkpt lat="24.778366" lon="110.428767">
				<speed>1.101370</speed>
				<ele>125.000000</ele>
				<time>2026-01-25T03:11:45Z</time>
			</trkpt>
			<trkpt lat="24.778334" lon="110.428808">
				<speed>1.381105</speed>
				<ele>125.000000</ele>
				<time>2026-01-25T03:11:49Z</time>
			</trkpt>
			<trkpt lat="24.778299" lon="110.428844">
				<speed>0.945481</speed>
				<ele>125.000000</ele>
				<time>2026-01-25T03:11:54Z</time>
			</trkpt>
			<trkpt lat="24.778267" lon="110.428885">
				<speed>1.279633</speed>
				<ele>126.000000</ele>
				<time>2026-01-25T03:11:58Z</time>
			</trkpt>
			<trkpt lat="24.778234" lon="110.428924">
				<speed>1.278644</speed>
				<ele>126.000000</ele>
				<time>2026-01-25T03:12:02Z</time>
			</trkpt>
			<trkpt lat="24.778195" lon="110.428960">
				<speed>1.339178</speed>
				<ele>126.000000</ele>
				<time>2026-01-25T03:12:06Z</time>
			</trkpt>
			<trkpt lat="24.778164" lon="110.429004">
				<speed>1.446443</speed>
				<ele>125.000000</ele>
				<time>2026-01-25T03:12:10Z</time>
			</trkpt>
			<trkpt lat="24.778130" lon="110.429052">
				<speed>1.475020</speed>
				<ele>126.000000</ele>
				<time>2026-01-25T03:12:15Z</time>
			</trkpt>
			<trkpt lat="24.778094" lon="110.429093">
				<speed>1.491519</speed>
				<ele>126.000000</ele>
				<time>2026-01-25T03:12:20Z</time>
			</trkpt>
			<trkpt lat="24.778049" lon="110.429135">
				<speed>1.466798</speed>
				<ele>125.000000</ele>
				<time>2026-01-25T03:12:25Z</time>
			</trkpt>
			<trkpt lat="24.778019" lon="110.429189">
				<speed>1.377303</speed>
				<ele>125.000000</ele>
				<time>2026-01-25T03:12:30Z</time>
			</trkpt>
			<trkpt lat="24.777989" lon="110.429233">
				<speed>1.233346</speed>
				<ele>126.000000</ele>
				<time>2026-01-25T03:12:34Z</time>
			</trkpt>
			<trkpt lat="24.777958" lon="110.429272">
				<speed>1.358751</speed>
				<ele>126.000000</ele>
				<time>2026-01-25T03:12:38Z</time>
			</trkpt>
			<trkpt lat="24.777928" lon="110.429320">
				<speed>1.430625</speed>
				<ele>126.000000</ele>
				<time>2026-01-25T03:12:42Z</time>
			</trkpt>
			<trkpt lat="24.777896" lon="110.429362">
				<speed>1.388824</speed>
				<ele>126.000000</ele>
				<time>2026-01-25T03:12:45Z</time>
			</trkpt>
			<trkpt lat="24.777845" lon="110.429389">
				<speed>1.003023</speed>
				<ele>126.000000</ele>
				<time>2026-01-25T03:13:24Z</time>
			</trkpt>
			<trkpt lat="24.777797" lon="110.429415">
				<speed>1.113185</speed>
				<ele>127.000000</ele>
				<time>2026-01-25T03:13:31Z</time>
			</trkpt>
			<trkpt lat="24.777754" lon="110.429449">
				<speed>1.198543</speed>
				<ele>127.000000</ele>
				<time>2026-01-25T03:13:36Z</time>
			</trkpt>
			<trkpt lat="24.777713" lon="110.429490">
				<speed>1.190673</speed>
				<ele>127.000000</ele>
				<time>2026-01-25T03:13:41Z</time>
			</trkpt>
			<trkpt lat="24.777676" lon="110.429532">
				<speed>1.133046</speed>
				<ele>127.000000</ele>
				<time>2026-01-25T03:13:46Z</time>
			</trkpt>
			<trkpt lat="24.777638" lon="110.429565">
				<speed>1.335342</speed>
				<ele>126.000000</ele>
				<time>2026-01-25T03:13:50Z</time>
			</trkpt>
			<trkpt lat="24.777599" lon="110.429606">
				<speed>1.305138</speed>
				<ele>126.000000</ele>
				<time>2026-01-25T03:13:55Z</time>
			</trkpt>
			<trkpt lat="24.777562" lon="110.429643">
				<speed>1.331349</speed>
				<ele>126.000000</ele>
				<time>2026-01-25T03:13:59Z</time>
			</trkpt>
			<trkpt lat="24.777519" lon="110.429666">
				<speed>1.337721</speed>
				<ele>125.000000</ele>
				<time>2026-01-25T03:14:03Z</time>
			</trkpt>
			<trkpt lat="24.777477" lon="110.429692">
				<speed>1.349792</speed>
				<ele>125.000000</ele>
				<time>2026-01-25T03:14:07Z</time>
			</trkpt>
			<trkpt lat="24.777430" lon="110.429727">
				<speed>1.434962</speed>
				<ele>125.000000</ele>
				<time>2026-01-25T03:14:12Z</time>
			</trkpt>
			<trkpt lat="24.777379" lon="110.429751">
				<speed>1.001307</speed>
				<ele>126.000000</ele>
				<time>2026-01-25T03:14:17Z</time>
			</trkpt>
			<trkpt lat="24.777337" lon="110.429793">
				<speed>1.416750</speed>
				<ele>126.000000</ele>
				<time>2026-01-25T03:14:21Z</time>
			</trkpt>
			<trkpt lat="24.777295" lon="110.429824">
				<speed>1.393228</speed>
				<ele>127.000000</ele>
				<time>2026-01-25T03:14:26Z</time>
			</trkpt>
			<trkpt lat="24.777255" lon="110.429851">
				<speed>1.214605</speed>
				<ele>127.000000</ele>
				<time>2026-01-25T03:14:30Z</time>
			</trkpt>
			<trkpt lat="24.777208" lon="110.429885">
				<speed>1.464267</speed>
				<ele>127.000000</ele>
				<time>2026-01-25T03:14:34Z</time>
			</trkpt>
			<trkpt lat="24.777159" lon="110.429911">
				<speed>1.468471</speed>
				<ele>127.000000</ele>
				<time>2026-01-25T03:14:38Z</time>
			</trkpt>
			<trkpt lat="24.777114" lon="110.429937">
				<speed>1.418004</speed>
				<ele>128.000000</ele>
				<time>2026-01-25T03:14:42Z</time>
			</trkpt>
			<trkpt lat="24.777065" lon="110.429968">
				<speed>1.215644</speed>
				<ele>128.000000</ele>
				<time>2026-01-25T03:14:47Z</time>
			</trkpt>
			<trkpt lat="24.777022" lon="110.429990">
				<speed>1.490881</speed>
				<ele>126.000000</ele>
				<time>2026-01-25T03:14:50Z</time>
			</trkpt>
			<trkpt lat="24.776972" lon="110.430019">
				<speed>1.506978</speed>
				<ele>127.000000</ele>
				<time>2026-01-25T03:14:53Z</time>
			</trkpt>
			<trkpt lat="24.776929" lon="110.430048">
				<speed>1.245510</speed>
				<ele>127.000000</ele>
				<time>2026-01-25T03:14:57Z</time>
			</trkpt>
			<trkpt lat="24.776886" lon="110.430085">
				<speed>1.501015</speed>
				<ele>126.000000</ele>
				<time>2026-01-25T03:15:01Z</time>
			</trkpt>
			<trkpt lat="24.776840" lon="110.430110">
				<speed>1.435489</speed>
				<ele>126.000000</ele>
				<time>2026-01-25T03:15:05Z</time>
			</trkpt>
			<trkpt lat="24.776800" lon="110.430144">
				<speed>1.501977</speed>
				<ele>126.000000</ele>
				<time>2026-01-25T03:15:09Z</time>
			</trkpt>
			<trkpt lat="24.776752" lon="110.430170">
				<speed>1.490385</speed>
				<ele>126.000000</ele>
				<time>2026-01-25T03:15:13Z</time>
			</trkpt>
			<trkpt lat="24.776732" lon="110.430224">
				<speed>1.419955</speed>
				<ele>127.000000</ele>
				<time>2026-01-25T03:15:17Z</time>
			</trkpt>
			<trkpt lat="24.776761" lon="110.430267">
				<speed>1.114910</speed>
				<ele>126.000000</ele>
				<time>2026-01-25T03:15:21Z</time>
			</trkpt>
			<trkpt lat="24.776799" lon="110.430311">
				<speed>1.560075</speed>
				<ele>127.000000</ele>
				<time>2026-01-25T03:15:25Z</time>
			</trkpt>
			<trkpt lat="24.776822" lon="110.430362">
				<speed>1.509630</speed>
				<ele>126.000000</ele>
				<time>2026-01-25T03:15:29Z</time>
			</trkpt>
			<trkpt lat="24.776848" lon="110.430416">
				<speed>1.473665</speed>
				<ele>127.000000</ele>
				<time>2026-01-25T03:15:34Z</time>
			</trkpt>
			<trkpt lat="24.776873" lon="110.430458">
				<speed>1.480208</speed>
				<ele>127.000000</ele>
				<time>2026-01-25T03:15:38Z</time>
			</trkpt>
			<trkpt lat="24.776897" lon="110.430506">
				<speed>1.513539</speed>
				<ele>127.000000</ele>
				<time>2026-01-25T03:15:42Z</time>
			</trkpt>
			<trkpt lat="24.776925" lon="110.430553">
				<speed>1.322156</speed>
				<ele>127.000000</ele>
				<time>2026-01-25T03:15:46Z</time>
			</trkpt>
			<trkpt lat="24.776954" lon="110.430600">
				<speed>1.132414</speed>
				<ele>126.000000</ele>
				<time>2026-01-25T03:15:50Z</time>
			</trkpt>
			<trkpt lat="24.776972" lon="110.430656">
				<speed>1.409913</speed>
				<ele>126.000000</ele>
				<time>2026-01-25T03:15:54Z</time>
			</trkpt>
			<trkpt lat="24.776998" lon="110.430702">
				<speed>1.257849</speed>
				<ele>127.000000</ele>
				<time>2026-01-25T03:15:58Z</time>
			</trkpt>
			<trkpt lat="24.777028" lon="110.430749">
				<speed>1.159462</speed>
				<ele>127.000000</ele>
				<time>2026-01-25T03:16:02Z</time>
			</trkpt>
			<trkpt lat="24.777050" lon="110.430792">
				<speed>1.239014</speed>
				<ele>127.000000</ele>
				<time>2026-01-25T03:16:06Z</time>
			</trkpt>
			<trkpt lat="24.777071" lon="110.430839">
				<speed>1.320597</speed>
				<ele>126.000000</ele>
				<time>2026-01-25T03:16:10Z</time>
			</trkpt>
			<trkpt lat="24.777098" lon="110.430885">
				<speed>1.227320</speed>
				<ele>126.000000</ele>
				<time>2026-01-25T03:16:14Z</time>
			</trkpt>
			<trkpt lat="24.777078" lon="110.430948">
				<speed>1.331102</speed>
				<ele>125.000000</ele>
				<time>2026-01-25T03:16:18Z</time>
			</trkpt>
			<trkpt lat="24.777066" lon="110.430996">
				<speed>1.416456</speed>
				<ele>127.000000</ele>
				<time>2026-01-25T03:16:21Z</time>
			</trkpt>
			<trkpt lat="24.777055" lon="110.431058">
				<speed>1.536151</speed>
				<ele>128.000000</ele>
				<time>2026-01-25T03:16:25Z</time>
			</trkpt>
			<trkpt lat="24.777041" lon="110.431115">
				<speed>1.416474</speed>
				<ele>128.000000</ele>
				<time>2026-01-25T03:16:30Z</time>
			</trkpt>
			<trkpt lat="24.777032" lon="110.431168">
				<speed>1.269182</speed>
				<ele>127.000000</ele>
				<time>2026-01-25T03:16:34Z</time>
			</trkpt>
			<trkpt lat="24.777017" lon="110.431227">
				<speed>1.230254</speed>
				<ele>127.000000</ele>
				<time>2026-01-25T03:16:38Z</time>
			</trkpt>
			<trkpt lat="24.777001" lon="110.431278">
				<speed>1.228758</speed>
				<ele>127.000000</ele>
				<time>2026-01-25T03:16:42Z</time>
			</trkpt>
			<trkpt lat="24.776985" lon="110.431332">
				<speed>1.172317</speed>
				<ele>127.000000</ele>
				<time>2026-01-25T03:16:46Z</time>
			</trkpt>
			<trkpt lat="24.776973" lon="110.431386">
				<speed>1.099009</speed>
				<ele>128.000000</ele>
				<time>2026-01-25T03:16:50Z</time>
			</trkpt>
			<trkpt lat="24.776944" lon="110.431435">
				<speed>1.204637</speed>
				<ele>129.000000</ele>
				<time>2026-01-25T03:16:54Z</time>
			</trkpt>
			<trkpt lat="24.776918" lon="110.431490">
				<speed>1.248340</speed>
				<ele>128.000000</ele>
				<time>2026-01-25T03:16:58Z</time>
			</trkpt>
			<trkpt lat="24.776894" lon="110.431538">
				<speed>1.072437</speed>
				<ele>129.000000</ele>
				<time>2026-01-25T03:17:02Z</time>
			</trkpt>
			<trkpt lat="24.776871" lon="110.431589">
				<speed>1.145343</speed>
				<ele>129.000000</ele>
				<time>2026-01-25T03:17:06Z</time>
			</trkpt>
			<trkpt lat="24.776836" lon="110.431629">
				<speed>1.140421</speed>
				<ele>128.000000</ele>
				<time>2026-01-25T03:17:10Z</time>
			</trkpt>
			<trkpt lat="24.776799" lon="110.431660">
				<speed>1.137434</speed>
				<ele>128.000000</ele>
				<time>2026-01-25T03:17:14Z</time>
			</trkpt>
			<trkpt lat="24.776761" lon="110.431691">
				<speed>1.403397</speed>
				<ele>128.000000</ele>
				<time>2026-01-25T03:17:18Z</time>
			</trkpt>
			<trkpt lat="24.776726" lon="110.431729">
				<speed>1.208501</speed>
				<ele>127.000000</ele>
				<time>2026-01-25T03:17:22Z</time>
			</trkpt>
			<trkpt lat="24.776691" lon="110.431772">
				<speed>1.324811</speed>
				<ele>127.000000</ele>
				<time>2026-01-25T03:17:26Z</time>
			</trkpt>
			<trkpt lat="24.776657" lon="110.431805">
				<speed>0.880912</speed>
				<ele>127.000000</ele>
				<time>2026-01-25T03:17:30Z</time>
			</trkpt>
			<trkpt lat="24.776624" lon="110.431843">
				<speed>1.148974</speed>
				<ele>127.000000</ele>
				<time>2026-01-25T03:17:33Z</time>
			</trkpt>
			<trkpt lat="24.776588" lon="110.431885">
				<speed>1.079774</speed>
				<ele>127.000000</ele>
				<time>2026-01-25T03:17:37Z</time>
			</trkpt>
			<trkpt lat="24.776549" lon="110.431930">
				<speed>1.296126</speed>
				<ele>128.000000</ele>
				<time>2026-01-25T03:17:41Z</time>
			</trkpt>
			<trkpt lat="24.776521" lon="110.431969">
				<speed>1.143526</speed>
				<ele>128.000000</ele>
				<time>2026-01-25T03:17:45Z</time>
			</trkpt>
			<trkpt lat="24.776481" lon="110.432008">
				<speed>0.963415</speed>
				<ele>127.000000</ele>
				<time>2026-01-25T03:17:50Z</time>
			</trkpt>
			<trkpt lat="24.776443" lon="110.432056">
				<speed>0.847137</speed>
				<ele>127.000000</ele>
				<time>2026-01-25T03:17:55Z</time>
			</trkpt>
			<trkpt lat="24.776405" lon="110.432105">
				<speed>1.226590</speed>
				<ele>128.000000</ele>
				<time>2026-01-25T03:17:59Z</time>
			</trkpt>
			<trkpt lat="24.776379" lon="110.432152">
				<speed>1.206891</speed>
				<ele>127.000000</ele>
				<time>2026-01-25T03:18:03Z</time>
			</trkpt>
			<trkpt lat="24.776353" lon="110.432201">
				<speed>1.063050</speed>
				<ele>128.000000</ele>
				<time>2026-01-25T03:18:07Z</time>
			</trkpt>
			<trkpt lat="24.776320" lon="110.432251">
				<speed>1.123574</speed>
				<ele>128.000000</ele>
				<time>2026-01-25T03:18:11Z</time>
			</trkpt>
			<trkpt lat="24.776288" lon="110.432308">
				<speed>1.362784</speed>
				<ele>129.000000</ele>
				<time>2026-01-25T03:18:15Z</time>
			</trkpt>
			<trkpt lat="24.776257" lon="110.432362">
				<speed>1.194116</speed>
				<ele>127.000000</ele>
				<time>2026-01-25T03:18:20Z</time>
			</trkpt>
			<trkpt lat="24.776229" lon="110.432411">
				<speed>1.139317</speed>
				<ele>127.000000</ele>
				<time>2026-01-25T03:18:24Z</time>
			</trkpt>
			<trkpt lat="24.776207" lon="110.432469">
				<speed>1.238531</speed>
				<ele>128.000000</ele>
				<time>2026-01-25T03:18:28Z</time>
			</trkpt>
			<trkpt lat="24.776176" lon="110.432515">
				<speed>1.179747</speed>
				<ele>127.000000</ele>
				<time>2026-01-25T03:18:32Z</time>
			</trkpt>
			<trkpt lat="24.776141" lon="110.432564">
				<speed>1.041500</speed>
				<ele>126.000000</ele>
				<time>2026-01-25T03:18:38Z</time>
			</trkpt>
			<trkpt lat="24.776105" lon="110.432610">
				<speed>1.178659</speed>
				<ele>126.000000</ele>
				<time>2026-01-25T03:18:42Z</time>
			</trkpt>
			<trkpt lat="24.776061" lon="110.432623">
				<speed>0.382443</speed>
				<ele>127.000000</ele>
				<time>2026-01-25T03:18:52Z</time>
			</trkpt>
			<trkpt lat="24.776023" lon="110.432595">
				<speed>1.064632</speed>
				<ele>127.000000</ele>
				<time>2026-01-25T03:18:56Z</time>
			</trkpt>
			<trkpt lat="24.775977" lon="110.432570">
				<speed>0.833081</speed>
				<ele>127.000000</ele>
				<time>2026-01-25T03:19:01Z</time>
			</trkpt>
			<trkpt lat="24.775928" lon="110.432557">
				<speed>0.691608</speed>
				<ele>126.000000</ele>
				<time>2026-01-25T03:19:05Z</time>
			</trkpt>
			<trkpt lat="24.775896" lon="110.432593">
				<speed>1.269891</speed>
				<ele>125.000000</ele>
				<time>2026-01-25T03:19:08Z</time>
			</trkpt>
			<trkpt lat="24.775856" lon="110.432622">
				<speed>0.985579</speed>
				<ele>125.000000</ele>
				<time>2026-01-25T03:19:12Z</time>
			</trkpt>
			<trkpt lat="24.775813" lon="110.432655">
				<speed>1.191317</speed>
				<ele>125.000000</ele>
				<time>2026-01-25T03:19:16Z</time>
			</trkpt>
			<trkpt lat="24.775776" lon="110.432693">
				<speed>0.954246</speed>
				<ele>125.000000</ele>
				<time>2026-01-25T03:19:20Z</time>
			</trkpt>
			<trkpt lat="24.775735" lon="110.432732">
				<speed>1.004087</speed>
				<ele>126.000000</ele>
				<time>2026-01-25T03:19:24Z</time>
			</trkpt>
			<trkpt lat="24.775690" lon="110.432774">
				<speed>1.315842</speed>
				<ele>126.000000</ele>
				<time>2026-01-25T03:19:29Z</time>
			</trkpt>
			<trkpt lat="24.775644" lon="110.432782">
				<speed>1.091125</speed>
				<ele>128.000000</ele>
				<time>2026-01-25T03:19:33Z</time>
			</trkpt>
			<trkpt lat="24.775597" lon="110.432809">
				<speed>1.417982</speed>
				<ele>127.000000</ele>
				<time>2026-01-25T03:19:37Z</time>
			</trkpt>
			<trkpt lat="24.775542" lon="110.432818">
				<speed>1.246893</speed>
				<ele>127.000000</ele>
				<time>2026-01-25T03:19:42Z</time>
			</trkpt>
			<trkpt lat="24.775494" lon="110.432829">
				<speed>1.276924</speed>
				<ele>128.000000</ele>
				<time>2026-01-25T03:19:46Z</time>
			</trkpt>
			<trkpt lat="24.775443" lon="110.432852">
				<speed>1.188500</speed>
				<ele>128.000000</ele>
				<time>2026-01-25T03:19:51Z</time>
			</trkpt>
			<trkpt lat="24.775397" lon="110.432874">
				<speed>1.043109</speed>
				<ele>128.000000</ele>
				<time>2026-01-25T03:19:55Z</time>
			</trkpt>
			<trkpt lat="24.775348" lon="110.432894">
				<speed>1.380295</speed>
				<ele>127.000000</ele>
				<time>2026-01-25T03:19:59Z</time>
			</trkpt>
			<trkpt lat="24.775303" lon="110.432910">
				<speed>1.306214</speed>
				<ele>127.000000</ele>
				<time>2026-01-25T03:20:03Z</time>
			</trkpt>
			<trkpt lat="24.775260" lon="110.432933">
				<speed>1.346852</speed>
				<ele>127.000000</ele>
				<time>2026-01-25T03:20:07Z</time>
			</trkpt>
			<trkpt lat="24.775215" lon="110.432955">
				<speed>1.247131</speed>
				<ele>127.000000</ele>
				<time>2026-01-25T03:20:11Z</time>
			</trkpt>
			<trkpt lat="24.775166" lon="110.432976">
				<speed>1.400244</speed>
				<ele>127.000000</ele>
				<time>2026-01-25T03:20:15Z</time>
			</trkpt>
			<trkpt lat="24.775120" lon="110.432997">
				<speed>1.355664</speed>
				<ele>126.000000</ele>
				<time>2026-01-25T03:20:19Z</time>
			</trkpt>
			<trkpt lat="24.775072" lon="110.433012">
				<speed>1.146781</speed>
				<ele>126.000000</ele>
				<time>2026-01-25T03:20:23Z</time>
			</trkpt>
			<trkpt lat="24.775028" lon="110.433036">
				<speed>1.035777</speed>
				<ele>126.000000</ele>
				<time>2026-01-25T03:20:27Z</time>
			</trkpt>
			<trkpt lat="24.774982" lon="110.433072">
				<speed>1.558596</speed>
				<ele>126.000000</ele>
				<time>2026-01-25T03:20:31Z</time>
			</trkpt>
			<trkpt lat="24.774946" lon="110.433104">
				<speed>1.118611</speed>
				<ele>125.000000</ele>
				<time>2026-01-25T03:20:35Z</time>
			</trkpt>
			<trkpt lat="24.774900" lon="110.433130">
				<speed>1.239168</speed>
				<ele>125.000000</ele>
				<time>2026-01-25T03:20:40Z</time>
			</trkpt>
			<trkpt lat="24.774864" lon="110.433167">
				<speed>1.500033</speed>
				<ele>125.000000</ele>
				<time>2026-01-25T03:20:44Z</time>
			</trkpt>
			<trkpt lat="24.774824" lon="110.433207">
				<speed>1.450983</speed>
				<ele>125.000000</ele>
				<time>2026-01-25T03:20:48Z</time>
			</trkpt>
			<trkpt lat="24.774780" lon="110.433236">
				<speed>1.207764</speed>
				<ele>125.000000</ele>
				<time>2026-01-25T03:20:52Z</time>
			</trkpt>
			<trkpt lat="24.774731" lon="110.433261">
				<speed>1.458465</speed>
				<ele>125.000000</ele>
				<time>2026-01-25T03:20:56Z</time>
			</trkpt>
			<trkpt lat="24.774688" lon="110.433286">
				<speed>1.311023</speed>
				<ele>125.000000</ele>
				<time>2026-01-25T03:21:00Z</time>
			</trkpt>
			<trkpt lat="24.774642" lon="110.433318">
				<speed>1.184779</speed>
				<ele>125.000000</ele>
				<time>2026-01-25T03:21:04Z</time>
			</trkpt>
			<trkpt lat="24.774595" lon="110.433345">
				<speed>1.389591</speed>
				<ele>125.000000</ele>
				<time>2026-01-25T03:21:08Z</time>
			</trkpt>
			<trkpt lat="24.774549" lon="110.433368">
				<speed>1.412327</speed>
				<ele>125.000000</ele>
				<time>2026-01-25T03:21:12Z</time>
			</trkpt>
			<trkpt lat="24.774502" lon="110.433390">
				<speed>1.525511</speed>
				<ele>125.000000</ele>
				<time>2026-01-25T03:21:15Z</time>
			</trkpt>
			<trkpt lat="24.774456" lon="110.433413">
				<speed>1.308172</speed>
				<ele>125.000000</ele>
				<time>2026-01-25T03:21:19Z</time>
			</trkpt>
			<trkpt lat="24.774414" lon="110.433436">
				<speed>1.329193</speed>
				<ele>125.000000</ele>
				<time>2026-01-25T03:21:23Z</time>
			</trkpt>
			<trkpt lat="24.774372" lon="110.433463">
				<speed>1.404738</speed>
				<ele>125.000000</ele>
				<time>2026-01-25T03:21:27Z</time>
			</trkpt>
			<trkpt lat="24.774329" lon="110.433493">
				<speed>1.314750</speed>
				<ele>125.000000</ele>
				<time>2026-01-25T03:21:31Z</time>
			</trkpt>
			<trkpt lat="24.774290" lon="110.433525">
				<speed>1.294106</speed>
				<ele>125.000000</ele>
				<time>2026-01-25T03:21:35Z</time>
			</trkpt>
			<trkpt lat="24.774245" lon="110.433553">
				<speed>1.458183</speed>
				<ele>126.000000</ele>
				<time>2026-01-25T03:21:39Z</time>
			</trkpt>
			<trkpt lat="24.774199" lon="110.433572">
				<speed>1.227492</speed>
				<ele>126.000000</ele>
				<time>2026-01-25T03:21:43Z</time>
			</trkpt>
			<trkpt lat="24.774153" lon="110.433594">
				<speed>1.288874</speed>
				<ele>125.000000</ele>
				<time>2026-01-25T03:21:47Z</time>
			</trkpt>
			<trkpt lat="24.774107" lon="110.433613">
				<speed>1.167460</speed>
				<ele>125.000000</ele>
				<time>2026-01-25T03:21:51Z</time>
			</trkpt>
			<trkpt lat="24.774065" lon="110.433637">
				<speed>1.194566</speed>
				<ele>125.000000</ele>
				<time>2026-01-25T03:21:55Z</time>
			</trkpt>
			<trkpt lat="24.774021" lon="110.433661">
				<speed>1.360570</speed>
				<ele>125.000000</ele>
				<time>2026-01-25T03:21:59Z</time>
			</trkpt>
			<trkpt lat="24.773973" lon="110.433677">
				<speed>1.385188</speed>
				<ele>125.000000</ele>
				<time>2026-01-25T03:22:03Z</time>
			</trkpt>
			<trkpt lat="24.773920" lon="110.433700">
				<speed>1.343789</speed>
				<ele>125.000000</ele>
				<time>2026-01-25T03:22:08Z</time>
			</trkpt>
			<trkpt lat="24.773874" lon="110.433715">
				<speed>1.157891</speed>
				<ele>125.000000</ele>
				<time>2026-01-25T03:22:12Z</time>
			</trkpt>
			<trkpt lat="24.773829" lon="110.433732">
				<speed>1.343003</speed>
				<ele>125.000000</ele>
				<time>2026-01-25T03:22:16Z</time>
			</trkpt>
			<trkpt lat="24.773781" lon="110.433748">
				<speed>1.231732</speed>
				<ele>124.000000</ele>
				<time>2026-01-25T03:22:21Z</time>
			</trkpt>
			<trkpt lat="24.773723" lon="110.433752">
				<speed>1.432449</speed>
				<ele>124.000000</ele>
				<time>2026-01-25T03:22:26Z</time>
			</trkpt>
			<trkpt lat="24.773674" lon="110.433756">
				<speed>1.300704</speed>
				<ele>125.000000</ele>
				<time>2026-01-25T03:22:30Z</time>
			</trkpt>
			<trkpt lat="24.773621" lon="110.433770">
				<speed>1.201953</speed>
				<ele>124.000000</ele>
				<time>2026-01-25T03:22:35Z</time>
			</trkpt>
			<trkpt lat="24.773583" lon="110.433803">
				<speed>1.257438</speed>
				<ele>124.000000</ele>
				<time>2026-01-25T03:22:39Z</time>
			</trkpt>
			<trkpt lat="24.773538" lon="110.433823">
				<speed>1.351478</speed>
				<ele>124.000000</ele>
				<time>2026-01-25T03:22:43Z</time>
			</trkpt>
			<trkpt lat="24.773501" lon="110.433854">
				<speed>1.270785</speed>
				<ele>124.000000</ele>
				<time>2026-01-25T03:22:48Z</time>
			</trkpt>
			<trkpt lat="24.773454" lon="110.433878">
				<speed>1.026823</speed>
				<ele>123.000000</ele>
				<time>2026-01-25T03:22:52Z</time>
			</trkpt>
			<trkpt lat="24.773403" lon="110.433898">
				<speed>1.471874</speed>
				<ele>123.000000</ele>
				<time>2026-01-25T03:22:56Z</time>
			</trkpt>
			<trkpt lat="24.773351" lon="110.433906">
				<speed>1.346512</speed>
				<ele>124.000000</ele>
				<time>2026-01-25T03:23:01Z</time>
			</trkpt>
			<trkpt lat="24.773302" lon="110.433913">
				<speed>1.456158</speed>
				<ele>124.000000</ele>
				<time>2026-01-25T03:23:05Z</time>
			</trkpt>
			<trkpt lat="24.773250" lon="110.433910">
				<speed>1.419988</speed>
				<ele>123.000000</ele>
				<time>2026-01-25T03:23:09Z</time>
			</trkpt>
			<trkpt lat="24.773197" lon="110.433905">
				<speed>1.463895</speed>
				<ele>124.000000</ele>
				<time>2026-01-25T03:23:13Z</time>
			</trkpt>
			<trkpt lat="24.773141" lon="110.433887">
				<speed>1.461241</speed>
				<ele>124.000000</ele>
				<time>2026-01-25T03:23:16Z</time>
			</trkpt>
			<trkpt lat="24.773096" lon="110.433876">
				<speed>1.193514</speed>
				<ele>124.000000</ele>
				<time>2026-01-25T03:23:20Z</time>
			</trkpt>
			<trkpt lat="24.773041" lon="110.433866">
				<speed>1.454998</speed>
				<ele>124.000000</ele>
				<time>2026-01-25T03:23:24Z</time>
			</trkpt>
			<trkpt lat="24.772991" lon="110.433859">
				<speed>1.259675</speed>
				<ele>124.000000</ele>
				<time>2026-01-25T03:23:28Z</time>
			</trkpt>
			<trkpt lat="24.772936" lon="110.433866">
				<speed>1.480228</speed>
				<ele>124.000000</ele>
				<time>2026-01-25T03:23:32Z</time>
			</trkpt>
			<trkpt lat="24.772886" lon="110.433885">
				<speed>1.474666</speed>
				<ele>124.000000</ele>
				<time>2026-01-25T03:23:36Z</time>
			</trkpt>
			<trkpt lat="24.772836" lon="110.433900">
				<speed>1.450692</speed>
				<ele>124.000000</ele>
				<time>2026-01-25T03:23:40Z</time>
			</trkpt>
			<trkpt lat="24.772782" lon="110.433905">
				<speed>1.508522</speed>
				<ele>124.000000</ele>
				<time>2026-01-25T03:23:44Z</time>
			</trkpt>
			<trkpt lat="24.772732" lon="110.433919">
				<speed>1.483949</speed>
				<ele>124.000000</ele>
				<time>2026-01-25T03:23:48Z</time>
			</trkpt>
			<trkpt lat="24.772689" lon="110.433947">
				<speed>1.488026</speed>
				<ele>124.000000</ele>
				<time>2026-01-25T03:23:52Z</time>
			</trkpt>
			<trkpt lat="24.772647" lon="110.433970">
				<speed>1.487891</speed>
				<ele>125.000000</ele>
				<time>2026-01-25T03:23:56Z</time>
			</trkpt>
			<trkpt lat="24.772601" lon="110.433988">
				<speed>1.421942</speed>
				<ele>125.000000</ele>
				<time>2026-01-25T03:24:00Z</time>
			</trkpt>
			<trkpt lat="24.772552" lon="110.434004">
				<speed>1.505912</speed>
				<ele>124.000000</ele>
				<time>2026-01-25T03:24:04Z</time>
			</trkpt>
			<trkpt lat="24.772499" lon="110.434021">
				<speed>1.534457</speed>
				<ele>124.000000</ele>
				<time>2026-01-25T03:24:08Z</time>
			</trkpt>
			<trkpt lat="24.772451" lon="110.434044">
				<speed>1.291921</speed>
				<ele>124.000000</ele>
				<time>2026-01-25T03:24:13Z</time>
			</trkpt>
			<trkpt lat="24.772402" lon="110.434052">
				<speed>1.358729</speed>
				<ele>123.000000</ele>
				<time>2026-01-25T03:24:17Z</time>
			</trkpt>
			<trkpt lat="24.772353" lon="110.434083">
				<speed>1.509970</speed>
				<ele>124.000000</ele>
				<time>2026-01-25T03:24:21Z</time>
			</trkpt>
			<trkpt lat="24.772313" lon="110.434120">
				<speed>1.487545</speed>
				<ele>123.000000</ele>
				<time>2026-01-25T03:24:25Z</time>
			</trkpt>
			<trkpt lat="24.772275" lon="110.434157">
				<speed>1.487200</speed>
				<ele>123.000000</ele>
				<time>2026-01-25T03:24:29Z</time>
			</trkpt>
			<trkpt lat="24.772225" lon="110.434181">
				<speed>1.490655</speed>
				<ele>124.000000</ele>
				<time>2026-01-25T03:24:33Z</time>
			</trkpt>
			<trkpt lat="24.772190" lon="110.434221">
				<speed>1.349101</speed>
				<ele>123.000000</ele>
				<time>2026-01-25T03:24:37Z</time>
			</trkpt>
			<trkpt lat="24.772151" lon="110.434262">
				<speed>1.487946</speed>
				<ele>123.000000</ele>
				<time>2026-01-25T03:24:41Z</time>
			</trkpt>
			<trkpt lat="24.772120" lon="110.434307">
				<speed>1.352725</speed>
				<ele>124.000000</ele>
				<time>2026-01-25T03:24:45Z</time>
			</trkpt>
			<trkpt lat="24.772085" lon="110.434348">
				<speed>1.445160</speed>
				<ele>124.000000</ele>
				<time>2026-01-25T03:24:49Z</time>
			</trkpt>
			<trkpt lat="24.772045" lon="110.434382">
				<speed>1.326458</speed>
				<ele>124.000000</ele>
				<time>2026-01-25T03:24:53Z</time>
			</trkpt>
			<trkpt lat="24.772000" lon="110.434413">
				<speed>1.432531</speed>
				<ele>124.000000</ele>
				<time>2026-01-25T03:24:57Z</time>
			</trkpt>
			<trkpt lat="24.771951" lon="110.434435">
				<speed>1.472242</speed>
				<ele>124.000000</ele>
				<time>2026-01-25T03:25:01Z</time>
			</trkpt>
			<trkpt lat="24.771904" lon="110.434464">
				<speed>1.507801</speed>
				<ele>125.000000</ele>
				<time>2026-01-25T03:25:05Z</time>
			</trkpt>
			<trkpt lat="24.771853" lon="110.434484">
				<speed>1.409660</speed>
				<ele>125.000000</ele>
				<time>2026-01-25T03:25:09Z</time>
			</trkpt>
			<trkpt lat="24.771805" lon="110.434511">
				<speed>1.510351</speed>
				<ele>125.000000</ele>
				<time>2026-01-25T03:25:13Z</time>
			</trkpt>
			<trkpt lat="24.771773" lon="110.434552">
				<speed>1.511150</speed>
				<ele>125.000000</ele>
				<time>2026-01-25T03:25:17Z</time>
			</trkpt>
			<trkpt lat="24.771743" lon="110.434596">
				<speed>1.480031</speed>
				<ele>126.000000</ele>
				<time>2026-01-25T03:25:21Z</time>
			</trkpt>
			<trkpt lat="24.771716" lon="110.434645">
				<speed>1.488907</speed>
				<ele>126.000000</ele>
				<time>2026-01-25T03:25:25Z</time>
			</trkpt>
			<trkpt lat="24.771690" lon="110.434693">
				<speed>1.496988</speed>
				<ele>125.000000</ele>
				<time>2026-01-25T03:25:29Z</time>
			</trkpt>
			<trkpt lat="24.771673" lon="110.434740">
				<speed>1.380813</speed>
				<ele>126.000000</ele>
				<time>2026-01-25T03:25:33Z</time>
			</trkpt>
			<trkpt lat="24.771662" lon="110.434791">
				<speed>1.506444</speed>
				<ele>125.000000</ele>
				<time>2026-01-25T03:25:37Z</time>
			</trkpt>
			<trkpt lat="24.771644" lon="110.434848">
				<speed>1.503816</speed>
				<ele>125.000000</ele>
				<time>2026-01-25T03:25:41Z</time>
			</trkpt>
			<trkpt lat="24.771607" lon="110.434893">
				<speed>1.525298</speed>
				<ele>124.000000</ele>
				<time>2026-01-25T03:25:45Z</time>
			</trkpt>
			<trkpt lat="24.771581" lon="110.434947">
				<speed>1.535324</speed>
				<ele>125.000000</ele>
				<time>2026-01-25T03:25:49Z</time>
			</trkpt>
			<trkpt lat="24.771545" lon="110.434985">
				<speed>1.493595</speed>
				<ele>124.000000</ele>
				<time>2026-01-25T03:25:53Z</time>
			</trkpt>
			<trkpt lat="24.771502" lon="110.435011">
				<speed>1.484013</speed>
				<ele>124.000000</ele>
				<time>2026-01-25T03:25:57Z</time>
			</trkpt>
			<trkpt lat="24.771448" lon="110.435020">
				<speed>1.400869</speed>
				<ele>124.000000</ele>
				<time>2026-01-25T03:26:01Z</time>
			</trkpt>
			<trkpt lat="24.771441" lon="110.435078">
				<speed>0.953557</speed>
				<ele>125.000000</ele>
				<time>2026-01-25T03:26:10Z</time>
			</trkpt>
			<trkpt lat="24.771395" lon="110.435060">
				<speed>1.053416</speed>
				<ele>123.000000</ele>
				<time>2026-01-25T03:26:27Z</time>
			</trkpt>
			<trkpt lat="24.771353" lon="110.435030">
				<speed>1.480793</speed>
				<ele>123.000000</ele>
				<time>2026-01-25T03:26:31Z</time>
			</trkpt>
			<trkpt lat="24.771309" lon="110.435001">
				<speed>1.647807</speed>
				<ele>124.000000</ele>
				<time>2026-01-25T03:26:35Z</time>
			</trkpt>
			<trkpt lat="24.771257" lon="110.434984">
				<speed>1.464866</speed>
				<ele>124.000000</ele>
				<time>2026-01-25T03:26:39Z</time>
			</trkpt>
			<trkpt lat="24.771200" lon="110.434986">
				<speed>1.476668</speed>
				<ele>124.000000</ele>
				<time>2026-01-25T03:26:43Z</time>
			</trkpt>
			<trkpt lat="24.771147" lon="110.434978">
				<speed>1.474069</speed>
				<ele>124.000000</ele>
				<time>2026-01-25T03:26:47Z</time>
			</trkpt>
			<trkpt lat="24.771095" lon="110.434959">
				<speed>1.450999</speed>
				<ele>123.000000</ele>
				<time>2026-01-25T03:26:51Z</time>
			</trkpt>
			<trkpt lat="24.771045" lon="110.434941">
				<speed>1.487199</speed>
				<ele>123.000000</ele>
				<time>2026-01-25T03:26:55Z</time>
			</trkpt>
			<trkpt lat="24.770992" lon="110.434932">
				<speed>1.496469</speed>
				<ele>123.000000</ele>
				<time>2026-01-25T03:26:59Z</time>
			</trkpt>
			<trkpt lat="24.770940" lon="110.434930">
				<speed>1.487619</speed>
				<ele>123.000000</ele>
				<time>2026-01-25T03:27:03Z</time>
			</trkpt>
			<trkpt lat="24.770888" lon="110.434925">
				<speed>1.490370</speed>
				<ele>123.000000</ele>
				<time>2026-01-25T03:27:07Z</time>
			</trkpt>
			<trkpt lat="24.770837" lon="110.434920">
				<speed>1.489353</speed>
				<ele>123.000000</ele>
				<time>2026-01-25T03:27:11Z</time>
			</trkpt>
			<trkpt lat="24.770784" lon="110.434917">
				<speed>1.502929</speed>
				<ele>123.000000</ele>
				<time>2026-01-25T03:27:15Z</time>
			</trkpt>
			<trkpt lat="24.770730" lon="110.434913">
				<speed>1.484612</speed>
				<ele>123.000000</ele>
				<time>2026-01-25T03:27:19Z</time>
			</trkpt>
			<trkpt lat="24.770674" lon="110.434908">
				<speed>1.508055</speed>
				<ele>123.000000</ele>
				<time>2026-01-25T03:27:23Z</time>
			</trkpt>
			<trkpt lat="24.770618" lon="110.434895">
				<speed>1.505884</speed>
				<ele>123.000000</ele>
				<time>2026-01-25T03:27:27Z</time>
			</trkpt>
			<trkpt lat="24.770561" lon="110.434876">
				<speed>1.525797</speed>
				<ele>124.000000</ele>
				<time>2026-01-25T03:27:31Z</time>
			</trkpt>
			<trkpt lat="24.770520" lon="110.434851">
				<speed>1.547696</speed>
				<ele>123.000000</ele>
				<time>2026-01-25T03:27:34Z</time>
			</trkpt>
			<trkpt lat="24.770476" lon="110.434842">
				<speed>1.561392</speed>
				<ele>124.000000</ele>
				<time>2026-01-25T03:27:37Z</time>
			</trkpt>
			<trkpt lat="24.770418" lon="110.434834">
				<speed>1.561904</speed>
				<ele>124.000000</ele>
				<time>2026-01-25T03:27:41Z</time>
			</trkpt>
			<trkpt lat="24.770372" lon="110.434827">
				<speed>1.557428</speed>
				<ele>123.000000</ele>
				<time>2026-01-25T03:27:44Z</time>
			</trkpt>
			<trkpt lat="24.770325" lon="110.434818">
				<speed>1.587099</speed>
				<ele>123.000000</ele>
				<time>2026-01-25T03:27:47Z</time>
			</trkpt>
			<trkpt lat="24.770266" lon="110.434817">
				<speed>1.566370</speed>
				<ele>122.000000</ele>
				<time>2026-01-25T03:27:51Z</time>
			</trkpt>
			<trkpt lat="24.770211" lon="110.434806">
				<speed>1.563625</speed>
				<ele>123.000000</ele>
				<time>2026-01-25T03:27:55Z</time>
			</trkpt>
			<trkpt lat="24.770165" lon="110.434809">
				<speed>1.579847</speed>
				<ele>123.000000</ele>
				<time>2026-01-25T03:27:58Z</time>
			</trkpt>
			<trkpt lat="24.770108" lon="110.434810">
				<speed>1.820093</speed>
				<ele>123.000000</ele>
				<time>2026-01-25T03:28:02Z</time>
			</trkpt>
			<trkpt lat="24.770064" lon="110.434775">
				<speed>1.426093</speed>
				<ele>123.000000</ele>
				<time>2026-01-25T03:28:06Z</time>
			</trkpt>
			<trkpt lat="24.770018" lon="110.434745">
				<speed>1.440900</speed>
				<ele>124.000000</ele>
				<time>2026-01-25T03:28:10Z</time>
			</trkpt>
			<trkpt lat="24.769980" lon="110.434707">
				<speed>1.420318</speed>
				<ele>123.000000</ele>
				<time>2026-01-25T03:28:14Z</time>
			</trkpt>
			<trkpt lat="24.769931" lon="110.434683">
				<speed>1.576602</speed>
				<ele>123.000000</ele>
				<time>2026-01-25T03:28:18Z</time>
			</trkpt>
			<trkpt lat="24.769885" lon="110.434666">
				<speed>1.584998</speed>
				<ele>123.000000</ele>
				<time>2026-01-25T03:28:21Z</time>
			</trkpt>
			<trkpt lat="24.769842" lon="110.434652">
				<speed>1.572826</speed>
				<ele>123.000000</ele>
				<time>2026-01-25T03:28:24Z</time>
			</trkpt>
			<trkpt lat="24.769787" lon="110.434633">
				<speed>1.559361</speed>
				<ele>124.000000</ele>
				<time>2026-01-25T03:28:28Z</time>
			</trkpt>
			<trkpt lat="24.769736" lon="110.434610">
				<speed>1.569563</speed>
				<ele>123.000000</ele>
				<time>2026-01-25T03:28:32Z</time>
			</trkpt>
			<trkpt lat="24.769686" lon="110.434595">
				<speed>1.549226</speed>
				<ele>123.000000</ele>
				<time>2026-01-25T03:28:36Z</time>
			</trkpt>
			<trkpt lat="24.769635" lon="110.434580">
				<speed>1.536848</speed>
				<ele>123.000000</ele>
				<time>2026-01-25T03:28:40Z</time>
			</trkpt>
			<trkpt lat="24.769583" lon="110.434562">
				<speed>1.549579</speed>
				<ele>123.000000</ele>
				<time>2026-01-25T03:28:44Z</time>
			</trkpt>
			<trkpt lat="24.769540" lon="110.434536">
				<speed>1.536499</speed>
				<ele>123.000000</ele>
				<time>2026-01-25T03:28:48Z</time>
			</trkpt>
			<trkpt lat="24.769492" lon="110.434517">
				<speed>1.547508</speed>
				<ele>123.000000</ele>
				<time>2026-01-25T03:28:52Z</time>
			</trkpt>
			<trkpt lat="24.769436" lon="110.434513">
				<speed>1.539673</speed>
				<ele>123.000000</ele>
				<time>2026-01-25T03:28:56Z</time>
			</trkpt>
			<trkpt lat="24.769390" lon="110.434500">
				<speed>1.520028</speed>
				<ele>124.000000</ele>
				<time>2026-01-25T03:29:00Z</time>
			</trkpt>
			<trkpt lat="24.769343" lon="110.434494">
				<speed>1.495618</speed>
				<ele>125.000000</ele>
				<time>2026-01-25T03:29:04Z</time>
			</trkpt>
			<trkpt lat="24.769297" lon="110.434476">
				<speed>1.361741</speed>
				<ele>124.000000</ele>
				<time>2026-01-25T03:29:08Z</time>
			</trkpt>
			<trkpt lat="24.769253" lon="110.434457">
				<speed>1.459903</speed>
				<ele>122.000000</ele>
				<time>2026-01-25T03:29:12Z</time>
			</trkpt>
			<trkpt lat="24.769200" lon="110.434445">
				<speed>1.526726</speed>
				<ele>123.000000</ele>
				<time>2026-01-25T03:29:16Z</time>
			</trkpt>
			<trkpt lat="24.769157" lon="110.434426">
				<speed>1.216137</speed>
				<ele>123.000000</ele>
				<time>2026-01-25T03:29:20Z</time>
			</trkpt>
			<trkpt lat="24.769102" lon="110.434409">
				<speed>1.307623</speed>
				<ele>124.000000</ele>
				<time>2026-01-25T03:29:25Z</time>
			</trkpt>
			<trkpt lat="24.769053" lon="110.434412">
				<speed>1.227371</speed>
				<ele>125.000000</ele>
				<time>2026-01-25T03:29:29Z</time>
			</trkpt>
			<trkpt lat="24.769002" lon="110.434428">
				<speed>1.406122</speed>
				<ele>124.000000</ele>
				<time>2026-01-25T03:29:33Z</time>
			</trkpt>
			<trkpt lat="24.768952" lon="110.434445">
				<speed>1.454345</speed>
				<ele>124.000000</ele>
				<time>2026-01-25T03:29:37Z</time>
			</trkpt>
			<trkpt lat="24.768902" lon="110.434461">
				<speed>1.486154</speed>
				<ele>123.000000</ele>
				<time>2026-01-25T03:29:41Z</time>
			</trkpt>
			<trkpt lat="24.768852" lon="110.434477">
				<speed>1.439289</speed>
				<ele>122.000000</ele>
				<time>2026-01-25T03:29:45Z</time>
			</trkpt>
			<trkpt lat="24.768806" lon="110.434501">
				<speed>1.493428</speed>
				<ele>123.000000</ele>
				<time>2026-01-25T03:29:49Z</time>
			</trkpt>
			<trkpt lat="24.768760" lon="110.434526">
				<speed>1.491420</speed>
				<ele>122.000000</ele>
				<time>2026-01-25T03:29:53Z</time>
			</trkpt>
			<trkpt lat="24.768723" lon="110.434563">
				<speed>1.438136</speed>
				<ele>122.000000</ele>
				<time>2026-01-25T03:29:57Z</time>
			</trkpt>
			<trkpt lat="24.768688" lon="110.434605">
				<speed>1.453692</speed>
				<ele>122.000000</ele>
				<time>2026-01-25T03:30:01Z</time>
			</trkpt>
			<trkpt lat="24.768650" lon="110.434641">
				<speed>1.465359</speed>
				<ele>122.000000</ele>
				<time>2026-01-25T03:30:05Z</time>
			</trkpt>
			<trkpt lat="24.768610" lon="110.434678">
				<speed>1.471071</speed>
				<ele>123.000000</ele>
				<time>2026-01-25T03:30:09Z</time>
			</trkpt>
			<trkpt lat="24.768564" lon="110.434709">
				<speed>1.489631</speed>
				<ele>123.000000</ele>
				<time>2026-01-25T03:30:13Z</time>
			</trkpt>
			<trkpt lat="24.768521" lon="110.434739">
				<speed>1.499155</speed>
				<ele>122.000000</ele>
				<time>2026-01-25T03:30:17Z</time>
			</trkpt>
			<trkpt lat="24.768484" lon="110.434769">
				<speed>1.470409</speed>
				<ele>123.000000</ele>
				<time>2026-01-25T03:30:21Z</time>
			</trkpt>
			<trkpt lat="24.768445" lon="110.434803">
				<speed>1.456520</speed>
				<ele>123.000000</ele>
				<time>2026-01-25T03:30:25Z</time>
			</trkpt>
			<trkpt lat="24.768403" lon="110.434834">
				<speed>1.482369</speed>
				<ele>123.000000</ele>
				<time>2026-01-25T03:30:29Z</time>
			</trkpt>
			<trkpt lat="24.768359" lon="110.434863">
				<speed>1.451327</speed>
				<ele>123.000000</ele>
				<time>2026-01-25T03:30:33Z</time>
			</trkpt>
			<trkpt lat="24.768318" lon="110.434896">
				<speed>1.475050</speed>
				<ele>123.000000</ele>
				<time>2026-01-25T03:30:37Z</time>
			</trkpt>
			<trkpt lat="24.768280" lon="110.434931">
				<speed>1.327429</speed>
				<ele>123.000000</ele>
				<time>2026-01-25T03:30:41Z</time>
			</trkpt>
			<trkpt lat="24.768240" lon="110.434975">
				<speed>1.468831</speed>
				<ele>123.000000</ele>
				<time>2026-01-25T03:30:45Z</time>
			</trkpt>
			<trkpt lat="24.768200" lon="110.435017">
				<speed>1.476001</speed>
				<ele>124.000000</ele>
				<time>2026-01-25T03:30:49Z</time>
			</trkpt>
			<trkpt lat="24.768161" lon="110.435057">
				<speed>1.487004</speed>
				<ele>123.000000</ele>
				<time>2026-01-25T03:30:53Z</time>
			</trkpt>
			<trkpt lat="24.768120" lon="110.435096">
				<speed>1.505632</speed>
				<ele>123.000000</ele>
				<time>2026-01-25T03:30:57Z</time>
			</trkpt>
			<trkpt lat="24.768082" lon="110.435133">
				<speed>1.465776</speed>
				<ele>123.000000</ele>
				<time>2026-01-25T03:31:01Z</time>
			</trkpt>
			<trkpt lat="24.768044" lon="110.435171">
				<speed>1.507990</speed>
				<ele>123.000000</ele>
				<time>2026-01-25T03:31:05Z</time>
			</trkpt>
			<trkpt lat="24.768006" lon="110.435207">
				<speed>1.491228</speed>
				<ele>124.000000</ele>
				<time>2026-01-25T03:31:09Z</time>
			</trkpt>
			<trkpt lat="24.767964" lon="110.435242">
				<speed>1.507215</speed>
				<ele>124.000000</ele>
				<time>2026-01-25T03:31:13Z</time>
			</trkpt>
			<trkpt lat="24.767917" lon="110.435284">
				<speed>1.572808</speed>
				<ele>124.000000</ele>
				<time>2026-01-25T03:31:17Z</time>
			</trkpt>
			<trkpt lat="24.767878" lon="110.435316">
				<speed>1.213812</speed>
				<ele>124.000000</ele>
				<time>2026-01-25T03:31:21Z</time>
			</trkpt>
			<trkpt lat="24.767839" lon="110.435353">
				<speed>1.389747</speed>
				<ele>124.000000</ele>
				<time>2026-01-25T03:31:25Z</time>
			</trkpt>
			<trkpt lat="24.767798" lon="110.435392">
				<speed>1.517431</speed>
				<ele>124.000000</ele>
				<time>2026-01-25T03:31:29Z</time>
			</trkpt>
			<trkpt lat="24.767758" lon="110.435423">
				<speed>1.465754</speed>
				<ele>123.000000</ele>
				<time>2026-01-25T03:31:33Z</time>
			</trkpt>
			<trkpt lat="24.767714" lon="110.435457">
				<speed>1.517387</speed>
				<ele>123.000000</ele>
				<time>2026-01-25T03:31:37Z</time>
			</trkpt>
			<trkpt lat="24.767671" lon="110.435491">
				<speed>1.529620</speed>
				<ele>123.000000</ele>
				<time>2026-01-25T03:31:41Z</time>
			</trkpt>
			<trkpt lat="24.767626" lon="110.435517">
				<speed>1.515774</speed>
				<ele>123.000000</ele>
				<time>2026-01-25T03:31:45Z</time>
			</trkpt>
			<trkpt lat="24.767580" lon="110.435544">
				<speed>1.502465</speed>
				<ele>123.000000</ele>
				<time>2026-01-25T03:31:49Z</time>
			</trkpt>
			<trkpt lat="24.767533" lon="110.435572">
				<speed>1.505249</speed>
				<ele>123.000000</ele>
				<time>2026-01-25T03:31:53Z</time>
			</trkpt>
			<trkpt lat="24.767483" lon="110.435595">
				<speed>1.514244</speed>
				<ele>123.000000</ele>
				<time>2026-01-25T03:31:57Z</time>
			</trkpt>
			<trkpt lat="24.767435" lon="110.435621">
				<speed>1.524599</speed>
				<ele>123.000000</ele>
				<time>2026-01-25T03:32:01Z</time>
			</trkpt>
			<trkpt lat="24.767391" lon="110.435654">
				<speed>1.526221</speed>
				<ele>124.000000</ele>
				<time>2026-01-25T03:32:05Z</time>
			</trkpt>
			<trkpt lat="24.767350" lon="110.435687">
				<speed>1.499168</speed>
				<ele>124.000000</ele>
				<time>2026-01-25T03:32:09Z</time>
			</trkpt>
			<trkpt lat="24.767311" lon="110.435725">
				<speed>1.493659</speed>
				<ele>124.000000</ele>
				<time>2026-01-25T03:32:13Z</time>
			</trkpt>
			<trkpt lat="24.767273" lon="110.435760">
				<speed>1.495767</speed>
				<ele>124.000000</ele>
				<time>2026-01-25T03:32:17Z</time>
			</trkpt>
			<trkpt lat="24.767231" lon="110.435793">
				<speed>1.464938</speed>
				<ele>124.000000</ele>
				<time>2026-01-25T03:32:21Z</time>
			</trkpt>
			<trkpt lat="24.767189" lon="110.435825">
				<speed>1.461788</speed>
				<ele>124.000000</ele>
				<time>2026-01-25T03:32:25Z</time>
			</trkpt>
			<trkpt lat="24.767150" lon="110.435855">
				<speed>1.454953</speed>
				<ele>124.000000</ele>
				<time>2026-01-25T03:32:29Z</time>
			</trkpt>
			<trkpt lat="24.767111" lon="110.435889">
				<speed>1.486349</speed>
				<ele>123.000000</ele>
				<time>2026-01-25T03:32:33Z</time>
			</trkpt>
			<trkpt lat="24.767071" lon="110.435923">
				<speed>1.474351</speed>
				<ele>123.000000</ele>
				<time>2026-01-25T03:32:37Z</time>
			</trkpt>
			<trkpt lat="24.767034" lon="110.435956">
				<speed>1.355000</speed>
				<ele>123.000000</ele>
				<time>2026-01-25T03:32:41Z</time>
			</trkpt>
			<trkpt lat="24.767000" lon="110.435996">
				<speed>1.451478</speed>
				<ele>123.000000</ele>
				<time>2026-01-25T03:32:45Z</time>
			</trkpt>
			<trkpt lat="24.766963" lon="110.436041">
				<speed>1.132156</speed>
				<ele>124.000000</ele>
				<time>2026-01-25T03:32:50Z</time>
			</trkpt>
			<trkpt lat="24.766934" lon="110.436080">
				<speed>1.253247</speed>
				<ele>124.000000</ele>
				<time>2026-01-25T03:32:56Z</time>
			</trkpt>
			<trkpt lat="24.766898" lon="110.436118">
				<speed>1.393257</speed>
				<ele>124.000000</ele>
				<time>2026-01-25T03:33:00Z</time>
			</trkpt>
			<trkpt lat="24.766858" lon="110.436159">
				<speed>1.246597</speed>
				<ele>124.000000</ele>
				<time>2026-01-25T03:33:06Z</time>
			</trkpt>
			<trkpt lat="24.766815" lon="110.436190">
				<speed>1.444527</speed>
				<ele>124.000000</ele>
				<time>2026-01-25T03:33:10Z</time>
			</trkpt>
			<trkpt lat="24.766769" lon="110.436221">
				<speed>1.224579</speed>
				<ele>123.000000</ele>
				<time>2026-01-25T03:33:15Z</time>
			</trkpt>
			<trkpt lat="24.766724" lon="110.436245">
				<speed>1.437087</speed>
				<ele>123.000000</ele>
				<time>2026-01-25T03:33:19Z</time>
			</trkpt>
			<trkpt lat="24.766680" lon="110.436288">
				<speed>1.605418</speed>
				<ele>124.000000</ele>
				<time>2026-01-25T03:33:23Z</time>
			</trkpt>
			<trkpt lat="24.766636" lon="110.436319">
				<speed>1.798129</speed>
				<ele>124.000000</ele>
				<time>2026-01-25T03:33:27Z</time>
			</trkpt>
			<trkpt lat="24.766594" lon="110.436341">
				<speed>1.480903</speed>
				<ele>124.000000</ele>
				<time>2026-01-25T03:33:31Z</time>
			</trkpt>
			<trkpt lat="24.766552" lon="110.436374">
				<speed>1.478574</speed>
				<ele>123.000000</ele>
				<time>2026-01-25T03:33:35Z</time>
			</trkpt>
			<trkpt lat="24.766510" lon="110.436408">
				<speed>1.338219</speed>
				<ele>124.000000</ele>
				<time>2026-01-25T03:33:39Z</time>
			</trkpt>
			<trkpt lat="24.766472" lon="110.436443">
				<speed>1.391933</speed>
				<ele>122.000000</ele>
				<time>2026-01-25T03:33:43Z</time>
			</trkpt>
			<trkpt lat="24.766431" lon="110.436479">
				<speed>1.427857</speed>
				<ele>122.000000</ele>
				<time>2026-01-25T03:33:47Z</time>
			</trkpt>
			<trkpt lat="24.766393" lon="110.436506">
				<speed>1.243231</speed>
				<ele>122.000000</ele>
				<time>2026-01-25T03:33:51Z</time>
			</trkpt>
			<trkpt lat="24.766351" lon="110.436538">
				<speed>1.466564</speed>
				<ele>123.000000</ele>
				<time>2026-01-25T03:33:55Z</time>
			</trkpt>
			<trkpt lat="24.766328" lon="110.436590">
				<speed>1.865501</speed>
				<ele>123.000000</ele>
				<time>2026-01-25T03:34:00Z</time>
			</trkpt>
			<trkpt lat="24.766298" lon="110.436630">
				<speed>0.993039</speed>
				<ele>123.000000</ele>
				<time>2026-01-25T03:34:05Z</time>
			</trkpt>
			<trkpt lat="24.766271" lon="110.436672">
				<speed>1.499989</speed>
				<ele>123.000000</ele>
				<time>2026-01-25T03:34:08Z</time>
			</trkpt>
			<trkpt lat="24.766246" lon="110.436723">
				<speed>1.480447</speed>
				<ele>123.000000</ele>
				<time>2026-01-25T03:34:12Z</time>
			</trkpt>
			<trkpt lat="24.766222" lon="110.436773">
				<speed>1.437162</speed>
				<ele>124.000000</ele>
				<time>2026-01-25T03:34:16Z</time>
			</trkpt>
			<trkpt lat="24.766196" lon="110.436821">
				<speed>1.449752</speed>
				<ele>124.000000</ele>
				<time>2026-01-25T03:34:20Z</time>
			</trkpt>
			<trkpt lat="24.766155" lon="110.436858">
				<speed>1.506573</speed>
				<ele>124.000000</ele>
				<time>2026-01-25T03:34:24Z</time>
			</trkpt>
			<trkpt lat="24.766119" lon="110.436899">
				<speed>1.481428</speed>
				<ele>125.000000</ele>
				<time>2026-01-25T03:34:28Z</time>
			</trkpt>
			<trkpt lat="24.766084" lon="110.436939">
				<speed>1.504491</speed>
				<ele>125.000000</ele>
				<time>2026-01-25T03:34:32Z</time>
			</trkpt>
			<trkpt lat="24.766046" lon="110.436977">
				<speed>1.523352</speed>
				<ele>124.000000</ele>
				<time>2026-01-25T03:34:36Z</time>
			</trkpt>
			<trkpt lat="24.766011" lon="110.437021">
				<speed>1.525486</speed>
				<ele>125.000000</ele>
				<time>2026-01-25T03:34:40Z</time>
			</trkpt>
			<trkpt lat="24.765977" lon="110.437066">
				<speed>1.488535</speed>
				<ele>125.000000</ele>
				<time>2026-01-25T03:34:44Z</time>
			</trkpt>
			<trkpt lat="24.765945" lon="110.437116">
				<speed>1.534603</speed>
				<ele>125.000000</ele>
				<time>2026-01-25T03:34:48Z</time>
			</trkpt>
			<trkpt lat="24.765912" lon="110.437160">
				<speed>1.522584</speed>
				<ele>124.000000</ele>
				<time>2026-01-25T03:34:52Z</time>
			</trkpt>
			<trkpt lat="24.765876" lon="110.437202">
				<speed>1.533698</speed>
				<ele>124.000000</ele>
				<time>2026-01-25T03:34:56Z</time>
			</trkpt>
			<trkpt lat="24.765842" lon="110.437247">
				<speed>1.531758</speed>
				<ele>124.000000</ele>
				<time>2026-01-25T03:35:00Z</time>
			</trkpt>
			<trkpt lat="24.765814" lon="110.437297">
				<speed>1.545556</speed>
				<ele>123.000000</ele>
				<time>2026-01-25T03:35:04Z</time>
			</trkpt>
			<trkpt lat="24.765801" lon="110.437351">
				<speed>1.515407</speed>
				<ele>124.000000</ele>
				<time>2026-01-25T03:35:08Z</time>
			</trkpt>
			<trkpt lat="24.765793" lon="110.437407">
				<speed>1.511993</speed>
				<ele>123.000000</ele>
				<time>2026-01-25T03:35:12Z</time>
			</trkpt>
			<trkpt lat="24.765783" lon="110.437464">
				<speed>1.503694</speed>
				<ele>123.000000</ele>
				<time>2026-01-25T03:35:16Z</time>
			</trkpt>
			<trkpt lat="24.765762" lon="110.437514">
				<speed>1.487508</speed>
				<ele>124.000000</ele>
				<time>2026-01-25T03:35:20Z</time>
			</trkpt>
			<trkpt lat="24.765737" lon="110.437563">
				<speed>1.474341</speed>
				<ele>125.000000</ele>
				<time>2026-01-25T03:35:24Z</time>
			</trkpt>
			<trkpt lat="24.765711" lon="110.437608">
				<speed>1.494855</speed>
				<ele>124.000000</ele>
				<time>2026-01-25T03:35:28Z</time>
			</trkpt>
			<trkpt lat="24.765682" lon="110.437665">
				<speed>0.931408</speed>
				<ele>124.000000</ele>
				<time>2026-01-25T03:35:35Z</time>
			</trkpt>
			<trkpt lat="24.765639" lon="110.437709">
				<speed>1.506702</speed>
				<ele>124.000000</ele>
				<time>2026-01-25T03:35:39Z</time>
			</trkpt>
			<trkpt lat="24.765608" lon="110.437760">
				<speed>1.478982</speed>
				<ele>124.000000</ele>
				<time>2026-01-25T03:35:44Z</time>
			</trkpt>
			<trkpt lat="24.765579" lon="110.437805">
				<speed>1.500712</speed>
				<ele>124.000000</ele>
				<time>2026-01-25T03:35:48Z</time>
			</trkpt>
			<trkpt lat="24.765559" lon="110.437854">
				<speed>1.487357</speed>
				<ele>124.000000</ele>
				<time>2026-01-25T03:35:52Z</time>
			</trkpt>
			<trkpt lat="24.765543" lon="110.437904">
				<speed>1.435218</speed>
				<ele>125.000000</ele>
				<time>2026-01-25T03:35:56Z</time>
			</trkpt>
			<trkpt lat="24.765519" lon="110.437955">
				<speed>1.481560</speed>
				<ele>124.000000</ele>
				<time>2026-01-25T03:36:00Z</time>
			</trkpt>
			<trkpt lat="24.765502" lon="110.438006">
				<speed>1.460075</speed>
				<ele>124.000000</ele>
				<time>2026-01-25T03:36:04Z</time>
			</trkpt>
			<trkpt lat="24.765480" lon="110.438056">
				<speed>1.447785</speed>
				<ele>124.000000</ele>
				<time>2026-01-25T03:36:08Z</time>
			</trkpt>
			<trkpt lat="24.765459" lon="110.438108">
				<speed>1.452104</speed>
				<ele>124.000000</ele>
				<time>2026-01-25T03:36:12Z</time>
			</trkpt>
			<trkpt lat="24.765451" lon="110.438164">
				<speed>1.444637</speed>
				<ele>124.000000</ele>
				<time>2026-01-25T03:36:16Z</time>
			</trkpt>
			<trkpt lat="24.765463" lon="110.438219">
				<speed>1.456541</speed>
				<ele>124.000000</ele>
				<time>2026-01-25T03:36:20Z</time>
			</trkpt>
			<trkpt lat="24.765468" lon="110.438275">
				<speed>1.498526</speed>
				<ele>124.000000</ele>
				<time>2026-01-25T03:36:24Z</time>
			</trkpt>
			<trkpt lat="24.765461" lon="110.438331">
				<speed>1.493133</speed>
				<ele>124.000000</ele>
				<time>2026-01-25T03:36:28Z</time>
			</trkpt>
			<trkpt lat="24.765451" lon="110.438389">
				<speed>1.508115</speed>
				<ele>123.000000</ele>
				<time>2026-01-25T03:36:32Z</time>
			</trkpt>
			<trkpt lat="24.765452" lon="110.438444">
				<speed>1.444622</speed>
				<ele>124.000000</ele>
				<time>2026-01-25T03:36:36Z</time>
			</trkpt>
			<trkpt lat="24.765449" lon="110.438498">
				<speed>1.362688</speed>
				<ele>122.000000</ele>
				<time>2026-01-25T03:36:40Z</time>
			</trkpt>
			<trkpt lat="24.765449" lon="110.438552">
				<speed>1.346577</speed>
				<ele>121.000000</ele>
				<time>2026-01-25T03:36:44Z</time>
			</trkpt>
			<trkpt lat="24.765459" lon="110.438609">
				<speed>1.370374</speed>
				<ele>122.000000</ele>
				<time>2026-01-25T03:36:48Z</time>
			</trkpt>
			<trkpt lat="24.765471" lon="110.438666">
				<speed>1.473015</speed>
				<ele>122.000000</ele>
				<time>2026-01-25T03:36:52Z</time>
			</trkpt>
			<trkpt lat="24.765484" lon="110.438719">
				<speed>1.449105</speed>
				<ele>123.000000</ele>
				<time>2026-01-25T03:36:56Z</time>
			</trkpt>
			<trkpt lat="24.765540" lon="110.438714">
				<speed>1.402161</speed>
				<ele>123.000000</ele>
				<time>2026-01-25T03:37:02Z</time>
			</trkpt>
			<trkpt lat="24.765593" lon="110.438685">
				<speed>1.439669</speed>
				<ele>123.000000</ele>
				<time>2026-01-25T03:37:07Z</time>
			</trkpt>
			<trkpt lat="24.765636" lon="110.438713">
				<speed>1.498859</speed>
				<ele>123.000000</ele>
				<time>2026-01-25T03:37:10Z</time>
			</trkpt>
			<trkpt lat="24.765675" lon="110.438752">
				<speed>1.379125</speed>
				<ele>123.000000</ele>
				<time>2026-01-25T03:37:14Z</time>
			</trkpt>
			<trkpt lat="24.765712" lon="110.438793">
				<speed>1.474847</speed>
				<ele>122.000000</ele>
				<time>2026-01-25T03:37:18Z</time>
			</trkpt>
			<trkpt lat="24.765714" lon="110.438853">
				<speed>1.461642</speed>
				<ele>123.000000</ele>
				<time>2026-01-25T03:37:22Z</time>
			</trkpt>
			<trkpt lat="24.765693" lon="110.438905">
				<speed>1.498425</speed>
				<ele>123.000000</ele>
				<time>2026-01-25T03:37:26Z</time>
			</trkpt>
			<trkpt lat="24.765652" lon="110.438943">
				<speed>1.432361</speed>
				<ele>123.000000</ele>
				<time>2026-01-25T03:37:31Z</time>
			</trkpt>
			<trkpt lat="24.765614" lon="110.438979">
				<speed>1.544219</speed>
				<ele>123.000000</ele>
				<time>2026-01-25T03:37:35Z</time>
			</trkpt>
			<trkpt lat="24.765581" lon="110.439019">
				<speed>1.473618</speed>
				<ele>124.000000</ele>
				<time>2026-01-25T03:37:39Z</time>
			</trkpt>
			<trkpt lat="24.765555" lon="110.439066">
				<speed>1.464623</speed>
				<ele>124.000000</ele>
				<time>2026-01-25T03:37:43Z</time>
			</trkpt>
			<trkpt lat="24.765515" lon="110.439104">
				<speed>1.512607</speed>
				<ele>124.000000</ele>
				<time>2026-01-25T03:37:46Z</time>
			</trkpt>
			<trkpt lat="24.765474" lon="110.439140">
				<speed>1.483357</speed>
				<ele>124.000000</ele>
				<time>2026-01-25T03:37:50Z</time>
			</trkpt>
			<trkpt lat="24.765428" lon="110.439165">
				<speed>1.455266</speed>
				<ele>124.000000</ele>
				<time>2026-01-25T03:37:54Z</time>
			</trkpt>
			<trkpt lat="24.765393" lon="110.439204">
				<speed>1.133917</speed>
				<ele>124.000000</ele>
				<time>2026-01-25T03:37:59Z</time>
			</trkpt>
			<trkpt lat="24.765381" lon="110.439252">
				<speed>1.511494</speed>
				<ele>124.000000</ele>
				<time>2026-01-25T03:38:02Z</time>
			</trkpt>
			<trkpt lat="24.765352" lon="110.439301">
				<speed>1.498684</speed>
				<ele>125.000000</ele>
				<time>2026-01-25T03:38:06Z</time>
			</trkpt>
			<trkpt lat="24.765339" lon="110.439355">
				<speed>1.490285</speed>
				<ele>124.000000</ele>
				<time>2026-01-25T03:38:10Z</time>
			</trkpt>
			<trkpt lat="24.765313" lon="110.439403">
				<speed>1.502912</speed>
				<ele>124.000000</ele>
				<time>2026-01-25T03:38:14Z</time>
			</trkpt>
			<trkpt lat="24.765295" lon="110.439450">
				<speed>1.475664</speed>
				<ele>124.000000</ele>
				<time>2026-01-25T03:38:18Z</time>
			</trkpt>
			<trkpt lat="24.765280" lon="110.439502">
				<speed>1.494187</speed>
				<ele>123.000000</ele>
				<time>2026-01-25T03:38:22Z</time>
			</trkpt>
			<trkpt lat="24.765267" lon="110.439557">
				<speed>1.490959</speed>
				<ele>123.000000</ele>
				<time>2026-01-25T03:38:26Z</time>
			</trkpt>
			<trkpt lat="24.765265" lon="110.439614">
				<speed>1.509156</speed>
				<ele>124.000000</ele>
				<time>2026-01-25T03:38:30Z</time>
			</trkpt>
			<trkpt lat="24.765261" lon="110.439669">
				<speed>1.499112</speed>
				<ele>123.000000</ele>
				<time>2026-01-25T03:38:34Z</time>
			</trkpt>
			<trkpt lat="24.765244" lon="110.439720">
				<speed>1.481176</speed>
				<ele>123.000000</ele>
				<time>2026-01-25T03:38:38Z</time>
			</trkpt>
			<trkpt lat="24.765231" lon="110.439770">
				<speed>1.460998</speed>
				<ele>122.000000</ele>
				<time>2026-01-25T03:38:42Z</time>
			</trkpt>
			<trkpt lat="24.765221" lon="110.439823">
				<speed>1.474937</speed>
				<ele>123.000000</ele>
				<time>2026-01-25T03:38:46Z</time>
			</trkpt>
			<trkpt lat="24.765215" lon="110.439876">
				<speed>1.399229</speed>
				<ele>122.000000</ele>
				<time>2026-01-25T03:38:50Z</time>
			</trkpt>
			<trkpt lat="24.765197" lon="110.439926">
				<speed>1.504127</speed>
				<ele>123.000000</ele>
				<time>2026-01-25T03:38:54Z</time>
			</trkpt>
			<trkpt lat="24.765187" lon="110.439982">
				<speed>1.489357</speed>
				<ele>123.000000</ele>
				<time>2026-01-25T03:38:58Z</time>
			</trkpt>
			<trkpt lat="24.765180" lon="110.440041">
				<speed>1.469330</speed>
				<ele>122.000000</ele>
				<time>2026-01-25T03:39:02Z</time>
			</trkpt>
			<trkpt lat="24.765168" lon="110.440098">
				<speed>1.484450</speed>
				<ele>123.000000</ele>
				<time>2026-01-25T03:39:06Z</time>
			</trkpt>
			<trkpt lat="24.765154" lon="110.440155">
				<speed>1.502817</speed>
				<ele>123.000000</ele>
				<time>2026-01-25T03:39:10Z</time>
			</trkpt>
			<trkpt lat="24.765152" lon="110.440211">
				<speed>1.479546</speed>
				<ele>124.000000</ele>
				<time>2026-01-25T03:39:14Z</time>
			</trkpt>
			<trkpt lat="24.765142" lon="110.440267">
				<speed>1.459210</speed>
				<ele>124.000000</ele>
				<time>2026-01-25T03:39:18Z</time>
			</trkpt>
			<trkpt lat="24.765124" lon="110.440322">
				<speed>1.448608</speed>
				<ele>123.000000</ele>
				<time>2026-01-25T03:39:22Z</time>
			</trkpt>
			<trkpt lat="24.765102" lon="110.440375">
				<speed>1.426785</speed>
				<ele>122.000000</ele>
				<time>2026-01-25T03:39:26Z</time>
			</trkpt>
			<trkpt lat="24.765109" lon="110.440428">
				<speed>1.443418</speed>
				<ele>123.000000</ele>
				<time>2026-01-25T03:39:30Z</time>
			</trkpt>
			<trkpt lat="24.765148" lon="110.440472">
				<speed>1.387471</speed>
				<ele>124.000000</ele>
				<time>2026-01-25T03:39:35Z</time>
			</trkpt>
			<trkpt lat="24.765189" lon="110.440508">
				<speed>1.505000</speed>
				<ele>123.000000</ele>
				<time>2026-01-25T03:39:39Z</time>
			</trkpt>
			<trkpt lat="24.765231" lon="110.440540">
				<speed>1.477057</speed>
				<ele>124.000000</ele>
				<time>2026-01-25T03:39:43Z</time>
			</trkpt>
			<trkpt lat="24.765260" lon="110.440592">
				<speed>1.411434</speed>
				<ele>123.000000</ele>
				<time>2026-01-25T03:39:47Z</time>
			</trkpt>
			<trkpt lat="24.765262" lon="110.440649">
				<speed>1.348938</speed>
				<ele>123.000000</ele>
				<time>2026-01-25T03:39:51Z</time>
			</trkpt>
			<trkpt lat="24.765230" lon="110.440695">
				<speed>1.496308</speed>
				<ele>123.000000</ele>
				<time>2026-01-25T03:39:55Z</time>
			</trkpt>
			<trkpt lat="24.765200" lon="110.440741">
				<speed>1.519353</speed>
				<ele>123.000000</ele>
				<time>2026-01-25T03:39:59Z</time>
			</trkpt>
			<trkpt lat="24.765163" lon="110.440784">
				<speed>1.497263</speed>
				<ele>123.000000</ele>
				<time>2026-01-25T03:40:03Z</time>
			</trkpt>
			<trkpt lat="24.765139" lon="110.440826">
				<speed>1.428300</speed>
				<ele>123.000000</ele>
				<time>2026-01-25T03:40:07Z</time>
			</trkpt>
			<trkpt lat="24.765124" lon="110.440882">
				<speed>1.521628</speed>
				<ele>123.000000</ele>
				<time>2026-01-25T03:40:11Z</time>
			</trkpt>
			<trkpt lat="24.765095" lon="110.440925">
				<speed>1.472602</speed>
				<ele>123.000000</ele>
				<time>2026-01-25T03:40:15Z</time>
			</trkpt>
			<trkpt lat="24.765071" lon="110.440968">
				<speed>1.493975</speed>
				<ele>123.000000</ele>
				<time>2026-01-25T03:40:19Z</time>
			</trkpt>
			<trkpt lat="24.765042" lon="110.441013">
				<speed>1.213680</speed>
				<ele>123.000000</ele>
				<time>2026-01-25T03:40:24Z</time>
			</trkpt>
			<trkpt lat="24.765013" lon="110.441063">
				<speed>1.471499</speed>
				<ele>123.000000</ele>
				<time>2026-01-25T03:40:28Z</time>
			</trkpt>
			<trkpt lat="24.764994" lon="110.441112">
				<speed>0.613240</speed>
				<ele>123.000000</ele>
				<time>2026-01-25T03:40:33Z</time>
			</trkpt>
			<trkpt lat="24.764975" lon="110.441161">
				<speed>1.588948</speed>
				<ele>124.000000</ele>
				<time>2026-01-25T03:40:37Z</time>
			</trkpt>
			<trkpt lat="24.764966" lon="110.441213">
				<speed>1.404673</speed>
				<ele>126.000000</ele>
				<time>2026-01-25T03:40:41Z</time>
			</trkpt>
			<trkpt lat="24.764948" lon="110.441263">
				<speed>1.242479</speed>
				<ele>126.000000</ele>
				<time>2026-01-25T03:40:46Z</time>
			</trkpt>
			<trkpt lat="24.764928" lon="110.441319">
				<speed>1.352219</speed>
				<ele>125.000000</ele>
				<time>2026-01-25T03:40:51Z</time>
			</trkpt>
			<trkpt lat="24.764902" lon="110.441373">
				<speed>0.985393</speed>
				<ele>124.000000</ele>
				<time>2026-01-25T03:40:56Z</time>
			</trkpt>
			<trkpt lat="24.764886" lon="110.441426">
				<speed>1.108348</speed>
				<ele>124.000000</ele>
				<time>2026-01-25T03:41:00Z</time>
			</trkpt>
			<trkpt lat="24.764879" lon="110.441484">
				<speed>1.447316</speed>
				<ele>124.000000</ele>
				<time>2026-01-25T03:41:04Z</time>
			</trkpt>
			<trkpt lat="24.764870" lon="110.441533">
				<speed>1.515674</speed>
				<ele>124.000000</ele>
				<time>2026-01-25T03:41:07Z</time>
			</trkpt>
			<trkpt lat="24.764862" lon="110.441583">
				<speed>1.196271</speed>
				<ele>124.000000</ele>
				<time>2026-01-25T03:41:11Z</time>
			</trkpt>
			<trkpt lat="24.764850" lon="110.441643">
				<speed>1.239944</speed>
				<ele>124.000000</ele>
				<time>2026-01-25T03:41:18Z</time>
			</trkpt>
			<trkpt lat="24.764843" lon="110.441696">
				<speed>0.925649</speed>
				<ele>123.000000</ele>
				<time>2026-01-25T03:41:24Z</time>
			</trkpt>
			<trkpt lat="24.764825" lon="110.441743">
				<speed>1.232071</speed>
				<ele>124.000000</ele>
				<time>2026-01-25T03:41:28Z</time>
			</trkpt>
			<trkpt lat="24.764801" lon="110.441797">
				<speed>1.100570</speed>
				<ele>124.000000</ele>
				<time>2026-01-25T03:41:33Z</time>
			</trkpt>
			<trkpt lat="24.764766" lon="110.441844">
				<speed>1.475435</speed>
				<ele>124.000000</ele>
				<time>2026-01-25T03:41:37Z</time>
			</trkpt>
			<trkpt lat="24.764738" lon="110.441887">
				<speed>1.356312</speed>
				<ele>124.000000</ele>
				<time>2026-01-25T03:41:41Z</time>
			</trkpt>
			<trkpt lat="24.764716" lon="110.441932">
				<speed>1.269436</speed>
				<ele>124.000000</ele>
				<time>2026-01-25T03:41:46Z</time>
			</trkpt>
			<trkpt lat="24.764698" lon="110.441982">
				<speed>1.231256</speed>
				<ele>124.000000</ele>
				<time>2026-01-25T03:41:50Z</time>
			</trkpt>
			<trkpt lat="24.764679" lon="110.442034">
				<speed>1.307724</speed>
				<ele>124.000000</ele>
				<time>2026-01-25T03:41:54Z</time>
			</trkpt>
			<trkpt lat="24.764661" lon="110.442086">
				<speed>1.384920</speed>
				<ele>124.000000</ele>
				<time>2026-01-25T03:41:58Z</time>
			</trkpt>
			<trkpt lat="24.764640" lon="110.442135">
				<speed>1.301750</speed>
				<ele>124.000000</ele>
				<time>2026-01-25T03:42:02Z</time>
			</trkpt>
			<trkpt lat="24.764622" lon="110.442186">
				<speed>1.367446</speed>
				<ele>124.000000</ele>
				<time>2026-01-25T03:42:06Z</time>
			</trkpt>
			<trkpt lat="24.764605" lon="110.442236">
				<speed>1.398297</speed>
				<ele>124.000000</ele>
				<time>2026-01-25T03:42:10Z</time>
			</trkpt>
			<trkpt lat="24.764588" lon="110.442283">
				<speed>1.239208</speed>
				<ele>124.000000</ele>
				<time>2026-01-25T03:42:14Z</time>
			</trkpt>
			<trkpt lat="24.764566" lon="110.442332">
				<speed>1.276138</speed>
				<ele>124.000000</ele>
				<time>2026-01-25T03:42:18Z</time>
			</trkpt>
			<trkpt lat="24.764544" lon="110.442379">
				<speed>1.332409</speed>
				<ele>124.000000</ele>
				<time>2026-01-25T03:42:22Z</time>
			</trkpt>
			<trkpt lat="24.764521" lon="110.442431">
				<speed>1.345421</speed>
				<ele>123.000000</ele>
				<time>2026-01-25T03:42:26Z</time>
			</trkpt>
			<trkpt lat="24.764499" lon="110.442479">
				<speed>1.422906</speed>
				<ele>122.000000</ele>
				<time>2026-01-25T03:42:30Z</time>
			</trkpt>
			<trkpt lat="24.764475" lon="110.442532">
				<speed>1.430195</speed>
				<ele>123.000000</ele>
				<time>2026-01-25T03:42:34Z</time>
			</trkpt>
			<trkpt lat="24.764461" lon="110.442582">
				<speed>0.319688</speed>
				<ele>123.000000</ele>
				<time>2026-01-25T03:42:39Z</time>
			</trkpt>
			<trkpt lat="24.764447" lon="110.442637">
				<speed>1.375239</speed>
				<ele>123.000000</ele>
				<time>2026-01-25T03:42:42Z</time>
			</trkpt>
			<trkpt lat="24.764424" lon="110.442694">
				<speed>1.432307</speed>
				<ele>123.000000</ele>
				<time>2026-01-25T03:42:46Z</time>
			</trkpt>
			<trkpt lat="24.764388" lon="110.442741">
				<speed>1.449990</speed>
				<ele>123.000000</ele>
				<time>2026-01-25T03:42:50Z</time>
			</trkpt>
			<trkpt lat="24.764360" lon="110.442782">
				<speed>1.359312</speed>
				<ele>123.000000</ele>
				<time>2026-01-25T03:42:54Z</time>
			</trkpt>
			<trkpt lat="24.764327" lon="110.442830">
				<speed>1.437744</speed>
				<ele>123.000000</ele>
				<time>2026-01-25T03:42:58Z</time>
			</trkpt>
			<trkpt lat="24.764296" lon="110.442874">
				<speed>1.487429</speed>
				<ele>124.000000</ele>
				<time>2026-01-25T03:43:02Z</time>
			</trkpt>
			<trkpt lat="24.764272" lon="110.442923">
				<speed>1.340441</speed>
				<ele>123.000000</ele>
				<time>2026-01-25T03:43:06Z</time>
			</trkpt>
			<trkpt lat="24.764243" lon="110.442970">
				<speed>1.474324</speed>
				<ele>123.000000</ele>
				<time>2026-01-25T03:43:10Z</time>
			</trkpt>
			<trkpt lat="24.764217" lon="110.443016">
				<speed>1.463092</speed>
				<ele>123.000000</ele>
				<time>2026-01-25T03:43:14Z</time>
			</trkpt>
			<trkpt lat="24.764184" lon="110.443061">
				<speed>1.476843</speed>
				<ele>124.000000</ele>
				<time>2026-01-25T03:43:18Z</time>
			</trkpt>
			<trkpt lat="24.764154" lon="110.443099">
				<speed>1.213672</speed>
				<ele>124.000000</ele>
				<time>2026-01-25T03:43:22Z</time>
			</trkpt>
			<trkpt lat="24.764112" lon="110.443134">
				<speed>1.484183</speed>
				<ele>124.000000</ele>
				<time>2026-01-25T03:43:26Z</time>
			</trkpt>
			<trkpt lat="24.764079" lon="110.443175">
				<speed>1.472936</speed>
				<ele>123.000000</ele>
				<time>2026-01-25T03:43:30Z</time>
			</trkpt>
			<trkpt lat="24.764040" lon="110.443214">
				<speed>1.487547</speed>
				<ele>123.000000</ele>
				<time>2026-01-25T03:43:34Z</time>
			</trkpt>
			<trkpt lat="24.764009" lon="110.443255">
				<speed>1.481957</speed>
				<ele>124.000000</ele>
				<time>2026-01-25T03:43:38Z</time>
			</trkpt>
			<trkpt lat="24.763961" lon="110.443290">
				<speed>0.962892</speed>
				<ele>124.000000</ele>
				<time>2026-01-25T03:43:43Z</time>
			</trkpt>
			<trkpt lat="24.763917" lon="110.443333">
				<speed>1.120663</speed>
				<ele>124.000000</ele>
				<time>2026-01-25T03:43:47Z</time>
			</trkpt>
			<trkpt lat="24.763870" lon="110.443347">
				<speed>0.808287</speed>
				<ele>124.000000</ele>
				<time>2026-01-25T03:43:52Z</time>
			</trkpt>
			<trkpt lat="24.763830" lon="110.443376">
				<speed>0.744909</speed>
				<ele>124.000000</ele>
				<time>2026-01-25T03:43:56Z</time>
			</trkpt>
			<trkpt lat="24.763785" lon="110.443387">
				<speed>1.159984</speed>
				<ele>125.000000</ele>
				<time>2026-01-25T03:44:02Z</time>
			</trkpt>
			<trkpt lat="24.763741" lon="110.443407">
				<speed>1.037230</speed>
				<ele>125.000000</ele>
				<time>2026-01-25T03:44:07Z</time>
			</trkpt>
			<trkpt lat="24.763697" lon="110.443441">
				<speed>1.195703</speed>
				<ele>125.000000</ele>
				<time>2026-01-25T03:44:12Z</time>
			</trkpt>
			<trkpt lat="24.763650" lon="110.443473">
				<speed>1.357349</speed>
				<ele>124.000000</ele>
				<time>2026-01-25T03:44:17Z</time>
			</trkpt>
			<trkpt lat="24.763616" lon="110.443506">
				<speed>1.229595</speed>
				<ele>124.000000</ele>
				<time>2026-01-25T03:44:21Z</time>
			</trkpt>
			<trkpt lat="24.763573" lon="110.443534">
				<speed>0.934555</speed>
				<ele>124.000000</ele>
				<time>2026-01-25T03:44:26Z</time>
			</trkpt>
			<trkpt lat="24.763532" lon="110.443563">
				<speed>1.122951</speed>
				<ele>125.000000</ele>
				<time>2026-01-25T03:44:31Z</time>
			</trkpt>
			<trkpt lat="24.763487" lon="110.443591">
				<speed>1.309862</speed>
				<ele>125.000000</ele>
				<time>2026-01-25T03:44:35Z</time>
			</trkpt>
			<trkpt lat="24.763443" lon="110.443631">
				<speed>1.487670</speed>
				<ele>125.000000</ele>
				<time>2026-01-25T03:44:39Z</time>
			</trkpt>
			<trkpt lat="24.763400" lon="110.443669">
				<speed>1.283230</speed>
				<ele>125.000000</ele>
				<time>2026-01-25T03:44:43Z</time>
			</trkpt>
			<trkpt lat="24.763355" lon="110.443700">
				<speed>1.354700</speed>
				<ele>124.000000</ele>
				<time>2026-01-25T03:44:47Z</time>
			</trkpt>
			<trkpt lat="24.763316" lon="110.443731">
				<speed>1.351466</speed>
				<ele>124.000000</ele>
				<time>2026-01-25T03:44:51Z</time>
			</trkpt>
			<trkpt lat="24.763275" lon="110.443754">
				<speed>1.252146</speed>
				<ele>124.000000</ele>
				<time>2026-01-25T03:44:55Z</time>
			</trkpt>
			<trkpt lat="24.763229" lon="110.443774">
				<speed>1.256132</speed>
				<ele>124.000000</ele>
				<time>2026-01-25T03:44:59Z</time>
			</trkpt>
			<trkpt lat="24.763184" lon="110.443783">
				<speed>0.829427</speed>
				<ele>124.000000</ele>
				<time>2026-01-25T03:45:04Z</time>
			</trkpt>
			<trkpt lat="24.763134" lon="110.443790">
				<speed>1.389600</speed>
				<ele>124.000000</ele>
				<time>2026-01-25T03:45:08Z</time>
			</trkpt>
			<trkpt lat="24.763085" lon="110.443808">
				<speed>1.167786</speed>
				<ele>124.000000</ele>
				<time>2026-01-25T03:45:12Z</time>
			</trkpt>
			<trkpt lat="24.763035" lon="110.443832">
				<speed>1.431529</speed>
				<ele>124.000000</ele>
				<time>2026-01-25T03:45:16Z</time>
			</trkpt>
			<trkpt lat="24.762992" lon="110.443855">
				<speed>1.205218</speed>
				<ele>123.000000</ele>
				<time>2026-01-25T03:45:20Z</time>
			</trkpt>
			<trkpt lat="24.762947" lon="110.443876">
				<speed>1.328221</speed>
				<ele>124.000000</ele>
				<time>2026-01-25T03:45:24Z</time>
			</trkpt>
			<trkpt lat="24.762891" lon="110.443885">
				<speed>1.164693</speed>
				<ele>124.000000</ele>
				<time>2026-01-25T03:45:29Z</time>
			</trkpt>
			<trkpt lat="24.762850" lon="110.443913">
				<speed>1.131363</speed>
				<ele>124.000000</ele>
				<time>2026-01-25T03:45:33Z</time>
			</trkpt>
			<trkpt lat="24.762810" lon="110.443954">
				<speed>1.253749</speed>
				<ele>123.000000</ele>
				<time>2026-01-25T03:45:37Z</time>
			</trkpt>
			<trkpt lat="24.762775" lon="110.444005">
				<speed>1.755203</speed>
				<ele>124.000000</ele>
				<time>2026-01-25T03:45:41Z</time>
			</trkpt>
			<trkpt lat="24.762743" lon="110.444043">
				<speed>0.952506</speed>
				<ele>123.000000</ele>
				<time>2026-01-25T03:45:46Z</time>
			</trkpt>
			<trkpt lat="24.762700" lon="110.444087">
				<speed>1.239630</speed>
				<ele>122.000000</ele>
				<time>2026-01-25T03:45:51Z</time>
			</trkpt>
			<trkpt lat="24.762651" lon="110.444121">
				<speed>1.407125</speed>
				<ele>123.000000</ele>
				<time>2026-01-25T03:45:56Z</time>
			</trkpt>
			<trkpt lat="24.762604" lon="110.444129">
				<speed>1.239123</speed>
				<ele>123.000000</ele>
				<time>2026-01-25T03:46:00Z</time>
			</trkpt>
			<trkpt lat="24.762558" lon="110.444136">
				<speed>1.119476</speed>
				<ele>123.000000</ele>
				<time>2026-01-25T03:46:04Z</time>
			</trkpt>
			<trkpt lat="24.762506" lon="110.444139">
				<speed>1.213465</speed>
				<ele>122.000000</ele>
				<time>2026-01-25T03:46:08Z</time>
			</trkpt>
			<trkpt lat="24.762454" lon="110.444135">
				<speed>1.168667</speed>
				<ele>123.000000</ele>
				<time>2026-01-25T03:46:12Z</time>
			</trkpt>
			<trkpt lat="24.762402" lon="110.444133">
				<speed>1.010139</speed>
				<ele>122.000000</ele>
				<time>2026-01-25T03:46:16Z</time>
			</trkpt>
			<trkpt lat="24.762357" lon="110.444128">
				<speed>1.318621</speed>
				<ele>122.000000</ele>
				<time>2026-01-25T03:46:19Z</time>
			</trkpt>
			<trkpt lat="24.762311" lon="110.444123">
				<speed>1.089051</speed>
				<ele>123.000000</ele>
				<time>2026-01-25T03:46:23Z</time>
			</trkpt>
			<trkpt lat="24.762271" lon="110.444156">
				<speed>1.047205</speed>
				<ele>123.000000</ele>
				<time>2026-01-25T03:46:27Z</time>
			</trkpt>
			<trkpt lat="24.762262" lon="110.444205">
				<speed>1.494738</speed>
				<ele>123.000000</ele>
				<time>2026-01-25T03:46:30Z</time>
			</trkpt>
			<trkpt lat="24.762253" lon="110.444260">
				<speed>1.053815</speed>
				<ele>123.000000</ele>
				<time>2026-01-25T03:46:34Z</time>
			</trkpt>
			<trkpt lat="24.762245" lon="110.444315">
				<speed>1.157335</speed>
				<ele>123.000000</ele>
				<time>2026-01-25T03:46:38Z</time>
			</trkpt>
			<trkpt lat="24.762253" lon="110.444367">
				<speed>1.273760</speed>
				<ele>123.000000</ele>
				<time>2026-01-25T03:46:42Z</time>
			</trkpt>
			<trkpt lat="24.762285" lon="110.444410">
				<speed>1.321534</speed>
				<ele>123.000000</ele>
				<time>2026-01-25T03:46:46Z</time>
			</trkpt>
			<trkpt lat="24.762315" lon="110.444448">
				<speed>1.025659</speed>
				<ele>123.000000</ele>
				<time>2026-01-25T03:46:50Z</time>
			</trkpt>
			<trkpt lat="24.762351" lon="110.444487">
				<speed>1.288253</speed>
				<ele>123.000000</ele>
				<time>2026-01-25T03:46:54Z</time>
			</trkpt>
			<trkpt lat="24.762383" lon="110.444526">
				<speed>1.030927</speed>
				<ele>123.000000</ele>
				<time>2026-01-25T03:46:58Z</time>
			</trkpt>
			<trkpt lat="24.762419" lon="110.444564">
				<speed>1.038364</speed>
				<ele>123.000000</ele>
				<time>2026-01-25T03:47:02Z</time>
			</trkpt>
			<trkpt lat="24.762447" lon="110.444615">
				<speed>1.139731</speed>
				<ele>124.000000</ele>
				<time>2026-01-25T03:47:06Z</time>
			</trkpt>
			<trkpt lat="24.762479" lon="110.444661">
				<speed>1.780746</speed>
				<ele>123.000000</ele>
				<time>2026-01-25T03:47:15Z</time>
			</trkpt>
			<trkpt lat="24.762503" lon="110.444711">
				<speed>1.598315</speed>
				<ele>124.000000</ele>
				<time>2026-01-25T03:47:19Z</time>
			</trkpt>
			<trkpt lat="24.762531" lon="110.444758">
				<speed>1.404287</speed>
				<ele>124.000000</ele>
				<time>2026-01-25T03:47:23Z</time>
			</trkpt>
			<trkpt lat="24.762567" lon="110.444801">
				<speed>1.343731</speed>
				<ele>124.000000</ele>
				<time>2026-01-25T03:47:27Z</time>
			</trkpt>
			<trkpt lat="24.762595" lon="110.444851">
				<speed>1.440921</speed>
				<ele>124.000000</ele>
				<time>2026-01-25T03:47:31Z</time>
			</trkpt>
			<trkpt lat="24.762626" lon="110.444892">
				<speed>1.347896</speed>
				<ele>124.000000</ele>
				<time>2026-01-25T03:47:35Z</time>
			</trkpt>
			<trkpt lat="24.762661" lon="110.444936">
				<speed>1.440738</speed>
				<ele>124.000000</ele>
				<time>2026-01-25T03:47:39Z</time>
			</trkpt>
			<trkpt lat="24.762697" lon="110.444975">
				<speed>1.416548</speed>
				<ele>124.000000</ele>
				<time>2026-01-25T03:47:43Z</time>
			</trkpt>
			<trkpt lat="24.762734" lon="110.445014">
				<speed>1.454420</speed>
				<ele>124.000000</ele>
				<time>2026-01-25T03:47:47Z</time>
			</trkpt>
			<trkpt lat="24.762774" lon="110.445051">
				<speed>1.440628</speed>
				<ele>125.000000</ele>
				<time>2026-01-25T03:47:51Z</time>
			</trkpt>
			<trkpt lat="24.762799" lon="110.445103">
				<speed>1.291046</speed>
				<ele>125.000000</ele>
				<time>2026-01-25T03:47:57Z</time>
			</trkpt>
			<trkpt lat="24.762770" lon="110.445145">
				<speed>1.453550</speed>
				<ele>124.000000</ele>
				<time>2026-01-25T03:48:01Z</time>
			</trkpt>
			<trkpt lat="24.762728" lon="110.445180">
				<speed>1.290810</speed>
				<ele>125.000000</ele>
				<time>2026-01-25T03:48:06Z</time>
			</trkpt>
			<trkpt lat="24.762692" lon="110.445218">
				<speed>1.462382</speed>
				<ele>124.000000</ele>
				<time>2026-01-25T03:48:10Z</time>
			</trkpt>
			<trkpt lat="24.762646" lon="110.445237">
				<speed>1.417599</speed>
				<ele>125.000000</ele>
				<time>2026-01-25T03:48:14Z</time>
			</trkpt>
			<trkpt lat="24.762608" lon="110.445269">
				<speed>1.333727</speed>
				<ele>124.000000</ele>
				<time>2026-01-25T03:48:18Z</time>
			</trkpt>
			<trkpt lat="24.762562" lon="110.445293">
				<speed>1.143484</speed>
				<ele>125.000000</ele>
				<time>2026-01-25T03:48:23Z</time>
			</trkpt>
			<trkpt lat="24.762519" lon="110.445326">
				<speed>1.073291</speed>
				<ele>125.000000</ele>
				<time>2026-01-25T03:48:28Z</time>
			</trkpt>
			<trkpt lat="24.762469" lon="110.445344">
				<speed>1.044351</speed>
				<ele>127.000000</ele>
				<time>2026-01-25T03:48:33Z</time>
			</trkpt>
			<trkpt lat="24.762426" lon="110.445362">
				<speed>1.366811</speed>
				<ele>127.000000</ele>
				<time>2026-01-25T03:48:36Z</time>
			</trkpt>
			<trkpt lat="24.762381" lon="110.445381">
				<speed>1.336959</speed>
				<ele>126.000000</ele>
				<time>2026-01-25T03:48:40Z</time>
			</trkpt>
			<trkpt lat="24.762335" lon="110.445410">
				<speed>1.394436</speed>
				<ele>126.000000</ele>
				<time>2026-01-25T03:48:44Z</time>
			</trkpt>
			<trkpt lat="24.762291" lon="110.445434">
				<speed>1.378547</speed>
				<ele>126.000000</ele>
				<time>2026-01-25T03:48:48Z</time>
			</trkpt>
			<trkpt lat="24.762242" lon="110.445451">
				<speed>1.390934</speed>
				<ele>126.000000</ele>
				<time>2026-01-25T03:48:52Z</time>
			</trkpt>
			<trkpt lat="24.762193" lon="110.445476">
				<speed>1.462119</speed>
				<ele>125.000000</ele>
				<time>2026-01-25T03:48:56Z</time>
			</trkpt>
			<trkpt lat="24.762143" lon="110.445490">
				<speed>0.946120</speed>
				<ele>125.000000</ele>
				<time>2026-01-25T03:49:01Z</time>
			</trkpt>
			<trkpt lat="24.762095" lon="110.445519">
				<speed>1.411006</speed>
				<ele>125.000000</ele>
				<time>2026-01-25T03:49:05Z</time>
			</trkpt>
			<trkpt lat="24.762048" lon="110.445547">
				<speed>1.401574</speed>
				<ele>125.000000</ele>
				<time>2026-01-25T03:49:09Z</time>
			</trkpt>
			<trkpt lat="24.762000" lon="110.445567">
				<speed>1.436497</speed>
				<ele>125.000000</ele>
				<time>2026-01-25T03:49:13Z</time>
			</trkpt>
			<trkpt lat="24.761954" lon="110.445580">
				<speed>1.154491</speed>
				<ele>125.000000</ele>
				<time>2026-01-25T03:49:17Z</time>
			</trkpt>
			<trkpt lat="24.761903" lon="110.445601">
				<speed>1.231699</speed>
				<ele>125.000000</ele>
				<time>2026-01-25T03:49:21Z</time>
			</trkpt>
			<trkpt lat="24.761850" lon="110.445624">
				<speed>1.097686</speed>
				<ele>125.000000</ele>
				<time>2026-01-25T03:49:26Z</time>
			</trkpt>
			<trkpt lat="24.761804" lon="110.445629">
				<speed>1.414931</speed>
				<ele>126.000000</ele>
				<time>2026-01-25T03:49:30Z</time>
			</trkpt>
			<trkpt lat="24.761758" lon="110.445657">
				<speed>1.360772</speed>
				<ele>124.000000</ele>
				<time>2026-01-25T03:49:34Z</time>
			</trkpt>
			<trkpt lat="24.761717" lon="110.445679">
				<speed>1.449656</speed>
				<ele>125.000000</ele>
				<time>2026-01-25T03:49:37Z</time>
			</trkpt>
			<trkpt lat="24.761664" lon="110.445704">
				<speed>1.400791</speed>
				<ele>125.000000</ele>
				<time>2026-01-25T03:49:41Z</time>
			</trkpt>
			<trkpt lat="24.761616" lon="110.445726">
				<speed>1.350983</speed>
				<ele>125.000000</ele>
				<time>2026-01-25T03:49:45Z</time>
			</trkpt>
			<trkpt lat="24.761568" lon="110.445736">
				<speed>1.349249</speed>
				<ele>125.000000</ele>
				<time>2026-01-25T03:49:49Z</time>
			</trkpt>
			<trkpt lat="24.761521" lon="110.445751">
				<speed>1.171270</speed>
				<ele>125.000000</ele>
				<time>2026-01-25T03:49:53Z</time>
			</trkpt>
			<trkpt lat="24.761471" lon="110.445771">
				<speed>1.434493</speed>
				<ele>124.000000</ele>
				<time>2026-01-25T03:49:57Z</time>
			</trkpt>
			<trkpt lat="24.761418" lon="110.445798">
				<speed>1.539102</speed>
				<ele>124.000000</ele>
				<time>2026-01-25T03:50:01Z</time>
			</trkpt>
			<trkpt lat="24.761376" lon="110.445828">
				<speed>1.498191</speed>
				<ele>124.000000</ele>
				<time>2026-01-25T03:50:05Z</time>
			</trkpt>
			<trkpt lat="24.761331" lon="110.445866">
				<speed>1.112751</speed>
				<ele>123.000000</ele>
				<time>2026-01-25T03:50:10Z</time>
			</trkpt>
			<trkpt lat="24.761286" lon="110.445885">
				<speed>1.215076</speed>
				<ele>124.000000</ele>
				<time>2026-01-25T03:50:14Z</time>
			</trkpt>
			<trkpt lat="24.761244" lon="110.445923">
				<speed>1.933599</speed>
				<ele>124.000000</ele>
				<time>2026-01-25T03:50:20Z</time>
			</trkpt>
			<trkpt lat="24.761235" lon="110.445973">
				<speed>1.069121</speed>
				<ele>124.000000</ele>
				<time>2026-01-25T03:50:24Z</time>
			</trkpt>
			<trkpt lat="24.761228" lon="110.446031">
				<speed>1.487378</speed>
				<ele>125.000000</ele>
				<time>2026-01-25T03:50:29Z</time>
			</trkpt>
			<trkpt lat="24.761217" lon="110.446082">
				<speed>1.085772</speed>
				<ele>124.000000</ele>
				<time>2026-01-25T03:50:33Z</time>
			</trkpt>
			<trkpt lat="24.761203" lon="110.446138">
				<speed>1.288602</speed>
				<ele>124.000000</ele>
				<time>2026-01-25T03:50:37Z</time>
			</trkpt>
			<trkpt lat="24.761187" lon="110.446187">
				<speed>1.338734</speed>
				<ele>124.000000</ele>
				<time>2026-01-25T03:50:41Z</time>
			</trkpt>
			<trkpt lat="24.761162" lon="110.446235">
				<speed>1.373984</speed>
				<ele>124.000000</ele>
				<time>2026-01-25T03:50:44Z</time>
			</trkpt>
			<trkpt lat="24.761136" lon="110.446281">
				<speed>1.022153</speed>
				<ele>124.000000</ele>
				<time>2026-01-25T03:50:48Z</time>
			</trkpt>
			<trkpt lat="24.761109" lon="110.446324">
				<speed>1.044841</speed>
				<ele>124.000000</ele>
				<time>2026-01-25T03:50:52Z</time>
			</trkpt>
			<trkpt lat="24.761079" lon="110.446366">
				<speed>1.135963</speed>
				<ele>125.000000</ele>
				<time>2026-01-25T03:50:56Z</time>
			</trkpt>
			<trkpt lat="24.761048" lon="110.446415">
				<speed>1.497726</speed>
				<ele>125.000000</ele>
				<time>2026-01-25T03:51:00Z</time>
			</trkpt>
			<trkpt lat="24.761027" lon="110.446462">
				<speed>1.402807</speed>
				<ele>125.000000</ele>
				<time>2026-01-25T03:51:04Z</time>
			</trkpt>
			<trkpt lat="24.760995" lon="110.446509">
				<speed>1.510027</speed>
				<ele>125.000000</ele>
				<time>2026-01-25T03:51:08Z</time>
			</trkpt>
			<trkpt lat="24.760961" lon="110.446548">
				<speed>1.235005</speed>
				<ele>125.000000</ele>
				<time>2026-01-25T03:51:12Z</time>
			</trkpt>
			<trkpt lat="24.760927" lon="110.446599">
				<speed>1.355590</speed>
				<ele>124.000000</ele>
				<time>2026-01-25T03:51:17Z</time>
			</trkpt>
			<trkpt lat="24.760899" lon="110.446643">
				<speed>1.043787</speed>
				<ele>125.000000</ele>
				<time>2026-01-25T03:51:21Z</time>
			</trkpt>
			<trkpt lat="24.760863" lon="110.446689">
				<speed>1.376890</speed>
				<ele>125.000000</ele>
				<time>2026-01-25T03:51:25Z</time>
			</trkpt>
			<trkpt lat="24.760833" lon="110.446729">
				<speed>1.089656</speed>
				<ele>125.000000</ele>
				<time>2026-01-25T03:51:29Z</time>
			</trkpt>
			<trkpt lat="24.760800" lon="110.446772">
				<speed>1.042188</speed>
				<ele>125.000000</ele>
				<time>2026-01-25T03:51:33Z</time>
			</trkpt>
			<trkpt lat="24.760766" lon="110.446815">
				<speed>1.049834</speed>
				<ele>125.000000</ele>
				<time>2026-01-25T03:51:37Z</time>
			</trkpt>
			<trkpt lat="24.760731" lon="110.446864">
				<speed>1.560896</speed>
				<ele>125.000000</ele>
				<time>2026-01-25T03:51:41Z</time>
			</trkpt>
			<trkpt lat="24.760699" lon="110.446907">
				<speed>1.463576</speed>
				<ele>125.000000</ele>
				<time>2026-01-25T03:51:45Z</time>
			</trkpt>
			<trkpt lat="24.760677" lon="110.446952">
				<speed>1.062564</speed>
				<ele>125.000000</ele>
				<time>2026-01-25T03:51:49Z</time>
			</trkpt>
			<trkpt lat="24.760646" lon="110.446992">
				<speed>0.531583</speed>
				<ele>124.000000</ele>
				<time>2026-01-25T03:51:54Z</time>
			</trkpt>
			<trkpt lat="24.760618" lon="110.447034">
				<speed>1.061977</speed>
				<ele>123.000000</ele>
				<time>2026-01-25T03:52:00Z</time>
			</trkpt>
			<trkpt lat="24.760554" lon="110.447034">
				<speed>2.195868</speed>
				<ele>124.000000</ele>
				<time>2026-01-25T03:52:04Z</time>
			</trkpt>
			<trkpt lat="24.760513" lon="110.447090">
				<speed>2.515454</speed>
				<ele>124.000000</ele>
				<time>2026-01-25T03:52:07Z</time>
			</trkpt>
			<trkpt lat="24.760465" lon="110.447120">
				<speed>1.595595</speed>
				<ele>124.000000</ele>
				<time>2026-01-25T03:52:13Z</time>
			</trkpt>
			<trkpt lat="24.760414" lon="110.447153">
				<speed>1.668836</speed>
				<ele>124.000000</ele>
				<time>2026-01-25T03:52:17Z</time>
			</trkpt>
			<trkpt lat="24.760367" lon="110.447181">
				<speed>1.333080</speed>
				<ele>124.000000</ele>
				<time>2026-01-25T03:52:21Z</time>
			</trkpt>
			<trkpt lat="24.760321" lon="110.447206">
				<speed>1.458068</speed>
				<ele>124.000000</ele>
				<time>2026-01-25T03:52:25Z</time>
			</trkpt>
			<trkpt lat="24.760278" lon="110.447244">
				<speed>1.469147</speed>
				<ele>124.000000</ele>
				<time>2026-01-25T03:52:29Z</time>
			</trkpt>
			<trkpt lat="24.760220" lon="110.447257">
				<speed>1.476944</speed>
				<ele>125.000000</ele>
				<time>2026-01-25T03:52:34Z</time>
			</trkpt>
			<trkpt lat="24.760173" lon="110.447276">
				<speed>1.244320</speed>
				<ele>124.000000</ele>
				<time>2026-01-25T03:52:38Z</time>
			</trkpt>
			<trkpt lat="24.760130" lon="110.447310">
				<speed>1.347930</speed>
				<ele>124.000000</ele>
				<time>2026-01-25T03:52:42Z</time>
			</trkpt>
			<trkpt lat="24.760090" lon="110.447346">
				<speed>1.432498</speed>
				<ele>123.000000</ele>
				<time>2026-01-25T03:52:46Z</time>
			</trkpt>
			<trkpt lat="24.760047" lon="110.447377">
				<speed>1.456573</speed>
				<ele>123.000000</ele>
				<time>2026-01-25T03:52:49Z</time>
			</trkpt>
			<trkpt lat="24.759992" lon="110.447399">
				<speed>1.400837</speed>
				<ele>123.000000</ele>
				<time>2026-01-25T03:52:54Z</time>
			</trkpt>
			<trkpt lat="24.760038" lon="110.447368">
				<speed>1.436412</speed>
				<ele>123.000000</ele>
				<time>2026-01-25T03:52:59Z</time>
			</trkpt>
			<trkpt lat="24.759996" lon="110.447386">
				<speed>0.210776</speed>
				<ele>123.000000</ele>
				<time>2026-01-25T03:53:14Z</time>
			</trkpt>
			<trkpt lat="24.759952" lon="110.447405">
				<speed>1.938825</speed>
				<ele>123.000000</ele>
				<time>2026-01-25T03:53:16Z</time>
			</trkpt>
			<trkpt lat="24.759911" lon="110.447444">
				<speed>2.666941</speed>
				<ele>123.000000</ele>
				<time>2026-01-25T03:53:18Z</time>
			</trkpt>
			<trkpt lat="24.759863" lon="110.447464">
				<speed>2.926684</speed>
				<ele>123.000000</ele>
				<time>2026-01-25T03:53:20Z</time>
			</trkpt>
			<trkpt lat="24.759805" lon="110.447487">
				<speed>1.803523</speed>
				<ele>123.000000</ele>
				<time>2026-01-25T03:53:25Z</time>
			</trkpt>
			<trkpt lat="24.759757" lon="110.447479">
				<speed>1.751557</speed>
				<ele>123.000000</ele>
				<time>2026-01-25T03:53:29Z</time>
			</trkpt>
			<trkpt lat="24.759700" lon="110.447466">
				<speed>1.481233</speed>
				<ele>124.000000</ele>
				<time>2026-01-25T03:53:34Z</time>
			</trkpt>
			<trkpt lat="24.759653" lon="110.447448">
				<speed>1.467507</speed>
				<ele>125.000000</ele>
				<time>2026-01-25T03:53:38Z</time>
			</trkpt>
			<trkpt lat="24.759606" lon="110.447437">
				<speed>1.421856</speed>
				<ele>125.000000</ele>
				<time>2026-01-25T03:53:42Z</time>
			</trkpt>
			<trkpt lat="24.759558" lon="110.447421">
				<speed>1.533564</speed>
				<ele>125.000000</ele>
				<time>2026-01-25T03:53:46Z</time>
			</trkpt>
			<trkpt lat="24.759506" lon="110.447405">
				<speed>1.547851</speed>
				<ele>125.000000</ele>
				<time>2026-01-25T03:53:50Z</time>
			</trkpt>
			<trkpt lat="24.759457" lon="110.447384">
				<speed>1.522023</speed>
				<ele>125.000000</ele>
				<time>2026-01-25T03:53:54Z</time>
			</trkpt>
			<trkpt lat="24.759409" lon="110.447360">
				<speed>1.498546</speed>
				<ele>125.000000</ele>
				<time>2026-01-25T03:53:58Z</time>
			</trkpt>
			<trkpt lat="24.759362" lon="110.447330">
				<speed>1.486367</speed>
				<ele>125.000000</ele>
				<time>2026-01-25T03:54:02Z</time>
			</trkpt>
			<trkpt lat="24.759310" lon="110.447301">
				<speed>1.458023</speed>
				<ele>125.000000</ele>
				<time>2026-01-25T03:54:06Z</time>
			</trkpt>
			<trkpt lat="24.759264" lon="110.447271">
				<speed>1.501102</speed>
				<ele>125.000000</ele>
				<time>2026-01-25T03:54:10Z</time>
			</trkpt>
			<trkpt lat="24.759214" lon="110.447247">
				<speed>1.499740</speed>
				<ele>124.000000</ele>
				<time>2026-01-25T03:54:15Z</time>
			</trkpt>
			<trkpt lat="24.759165" lon="110.447223">
				<speed>1.496140</speed>
				<ele>124.000000</ele>
				<time>2026-01-25T03:54:19Z</time>
			</trkpt>
			<trkpt lat="24.759121" lon="110.447193">
				<speed>1.490927</speed>
				<ele>124.000000</ele>
				<time>2026-01-25T03:54:22Z</time>
			</trkpt>
			<trkpt lat="24.759079" lon="110.447159">
				<speed>1.476072</speed>
				<ele>124.000000</ele>
				<time>2026-01-25T03:54:27Z</time>
			</trkpt>
			<trkpt lat="24.759042" lon="110.447120">
				<speed>1.470076</speed>
				<ele>124.000000</ele>
				<time>2026-01-25T03:54:31Z</time>
			</trkpt>
			<trkpt lat="24.759007" lon="110.447078">
				<speed>1.469293</speed>
				<ele>124.000000</ele>
				<time>2026-01-25T03:54:34Z</time>
			</trkpt>
			<trkpt lat="24.758979" lon="110.447031">
				<speed>1.441614</speed>
				<ele>123.000000</ele>
				<time>2026-01-25T03:54:38Z</time>
			</trkpt>
			<trkpt lat="24.758946" lon="110.446985">
				<speed>1.433172</speed>
				<ele>123.000000</ele>
				<time>2026-01-25T03:54:42Z</time>
			</trkpt>
			<trkpt lat="24.758922" lon="110.446935">
				<speed>1.461872</speed>
				<ele>123.000000</ele>
				<time>2026-01-25T03:54:46Z</time>
			</trkpt>
			<trkpt lat="24.758888" lon="110.446892">
				<speed>1.465016</speed>
				<ele>123.000000</ele>
				<time>2026-01-25T03:54:50Z</time>
			</trkpt>
			<trkpt lat="24.758858" lon="110.446845">
				<speed>1.435883</speed>
				<ele>123.000000</ele>
				<time>2026-01-25T03:54:54Z</time>
			</trkpt>
			<trkpt lat="24.758829" lon="110.446797">
				<speed>1.448282</speed>
				<ele>123.000000</ele>
				<time>2026-01-25T03:54:58Z</time>
			</trkpt>
			<trkpt lat="24.758800" lon="110.446747">
				<speed>1.458267</speed>
				<ele>124.000000</ele>
				<time>2026-01-25T03:55:02Z</time>
			</trkpt>
			<trkpt lat="24.758764" lon="110.446711">
				<speed>1.428187</speed>
				<ele>124.000000</ele>
				<time>2026-01-25T03:55:06Z</time>
			</trkpt>
			<trkpt lat="24.758716" lon="110.446720">
				<speed>1.485256</speed>
				<ele>124.000000</ele>
				<time>2026-01-25T03:55:09Z</time>
			</trkpt>
			<trkpt lat="24.758681" lon="110.446754">
				<speed>1.474474</speed>
				<ele>124.000000</ele>
				<time>2026-01-25T03:55:12Z</time>
			</trkpt>
			<trkpt lat="24.758652" lon="110.446805">
				<speed>1.522603</speed>
				<ele>123.000000</ele>
				<time>2026-01-25T03:55:16Z</time>
			</trkpt>
			<trkpt lat="24.758607" lon="110.446838">
				<speed>1.357186</speed>
				<ele>123.000000</ele>
				<time>2026-01-25T03:55:20Z</time>
			</trkpt>
			<trkpt lat="24.758553" lon="110.446839">
				<speed>1.514120</speed>
				<ele>124.000000</ele>
				<time>2026-01-25T03:55:24Z</time>
			</trkpt>
			<trkpt lat="24.758517" lon="110.446798">
				<speed>1.087817</speed>
				<ele>123.000000</ele>
				<time>2026-01-25T03:55:28Z</time>
			</trkpt>
			<trkpt lat="24.758467" lon="110.446768">
				<speed>1.483017</speed>
				<ele>124.000000</ele>
				<time>2026-01-25T03:55:32Z</time>
			</trkpt>
			<trkpt lat="24.758411" lon="110.446761">
				<speed>1.488048</speed>
				<ele>124.000000</ele>
				<time>2026-01-25T03:55:36Z</time>
			</trkpt>
			<trkpt lat="24.758359" lon="110.446778">
				<speed>1.485833</speed>
				<ele>123.000000</ele>
				<time>2026-01-25T03:55:40Z</time>
			</trkpt>
			<trkpt lat="24.758312" lon="110.446795">
				<speed>1.439768</speed>
				<ele>123.000000</ele>
				<time>2026-01-25T03:55:44Z</time>
			</trkpt>
			<trkpt lat="24.758263" lon="110.446809">
				<speed>1.538916</speed>
				<ele>123.000000</ele>
				<time>2026-01-25T03:55:48Z</time>
			</trkpt>
			<trkpt lat="24.758222" lon="110.446830">
				<speed>1.506800</speed>
				<ele>123.000000</ele>
				<time>2026-01-25T03:55:51Z</time>
			</trkpt>
			<trkpt lat="24.758166" lon="110.446850">
				<speed>1.500115</speed>
				<ele>123.000000</ele>
				<time>2026-01-25T03:55:56Z</time>
			</trkpt>
			<trkpt lat="24.758115" lon="110.446857">
				<speed>1.449862</speed>
				<ele>122.000000</ele>
				<time>2026-01-25T03:56:00Z</time>
			</trkpt>
			<trkpt lat="24.758076" lon="110.446887">
				<speed>1.516380</speed>
				<ele>122.000000</ele>
				<time>2026-01-25T03:56:03Z</time>
			</trkpt>
			<trkpt lat="24.758038" lon="110.446926">
				<speed>1.452451</speed>
				<ele>123.000000</ele>
				<time>2026-01-25T03:56:07Z</time>
			</trkpt>
			<trkpt lat="24.758001" lon="110.446966">
				<speed>1.418130</speed>
				<ele>124.000000</ele>
				<time>2026-01-25T03:56:11Z</time>
			</trkpt>
			<trkpt lat="24.757964" lon="110.447013">
				<speed>1.541044</speed>
				<ele>124.000000</ele>
				<time>2026-01-25T03:56:15Z</time>
			</trkpt>
			<trkpt lat="24.757917" lon="110.447052">
				<speed>1.526201</speed>
				<ele>123.000000</ele>
				<time>2026-01-25T03:56:19Z</time>
			</trkpt>
			<trkpt lat="24.757882" lon="110.447084">
				<speed>1.052309</speed>
				<ele>122.000000</ele>
				<time>2026-01-25T03:56:23Z</time>
			</trkpt>
			<trkpt lat="24.757841" lon="110.447124">
				<speed>1.661108</speed>
				<ele>121.000000</ele>
				<time>2026-01-25T03:56:27Z</time>
			</trkpt>
			<trkpt lat="24.757795" lon="110.447157">
				<speed>1.441751</speed>
				<ele>122.000000</ele>
				<time>2026-01-25T03:56:31Z</time>
			</trkpt>
			<trkpt lat="24.757755" lon="110.447193">
				<speed>1.524804</speed>
				<ele>122.000000</ele>
				<time>2026-01-25T03:56:35Z</time>
			</trkpt>
			<trkpt lat="24.757713" lon="110.447232">
				<speed>1.530282</speed>
				<ele>122.000000</ele>
				<time>2026-01-25T03:56:39Z</time>
			</trkpt>
			<trkpt lat="24.757681" lon="110.447273">
				<speed>1.504060</speed>
				<ele>122.000000</ele>
				<time>2026-01-25T03:56:43Z</time>
			</trkpt>
			<trkpt lat="24.757638" lon="110.447308">
				<speed>1.526185</speed>
				<ele>122.000000</ele>
				<time>2026-01-25T03:56:47Z</time>
			</trkpt>
			<trkpt lat="24.757594" lon="110.447346">
				<speed>1.511805</speed>
				<ele>123.000000</ele>
				<time>2026-01-25T03:56:51Z</time>
			</trkpt>
			<trkpt lat="24.757554" lon="110.447382">
				<speed>1.520497</speed>
				<ele>122.000000</ele>
				<time>2026-01-25T03:56:55Z</time>
			</trkpt>
			<trkpt lat="24.757518" lon="110.447428">
				<speed>1.532465</speed>
				<ele>123.000000</ele>
				<time>2026-01-25T03:56:59Z</time>
			</trkpt>
			<trkpt lat="24.757488" lon="110.447467">
				<speed>1.437810</speed>
				<ele>124.000000</ele>
				<time>2026-01-25T03:57:03Z</time>
			</trkpt>
			<trkpt lat="24.757451" lon="110.447510">
				<speed>1.528298</speed>
				<ele>122.000000</ele>
				<time>2026-01-25T03:57:07Z</time>
			</trkpt>
			<trkpt lat="24.757415" lon="110.447553">
				<speed>1.516259</speed>
				<ele>122.000000</ele>
				<time>2026-01-25T03:57:11Z</time>
			</trkpt>
			<trkpt lat="24.757382" lon="110.447593">
				<speed>1.502063</speed>
				<ele>122.000000</ele>
				<time>2026-01-25T03:57:15Z</time>
			</trkpt>
			<trkpt lat="24.757353" lon="110.447641">
				<speed>1.508321</speed>
				<ele>122.000000</ele>
				<time>2026-01-25T03:57:19Z</time>
			</trkpt>
			<trkpt lat="24.757323" lon="110.447685">
				<speed>1.461414</speed>
				<ele>122.000000</ele>
				<time>2026-01-25T03:57:23Z</time>
			</trkpt>
			<trkpt lat="24.757288" lon="110.447725">
				<speed>1.490789</speed>
				<ele>121.000000</ele>
				<time>2026-01-25T03:57:27Z</time>
			</trkpt>
			<trkpt lat="24.757258" lon="110.447763">
				<speed>1.236749</speed>
				<ele>121.000000</ele>
				<time>2026-01-25T03:57:31Z</time>
			</trkpt>
			<trkpt lat="24.757231" lon="110.447806">
				<speed>1.227116</speed>
				<ele>121.000000</ele>
				<time>2026-01-25T03:57:35Z</time>
			</trkpt>
			<trkpt lat="24.757198" lon="110.447853">
				<speed>1.478919</speed>
				<ele>122.000000</ele>
				<time>2026-01-25T03:57:39Z</time>
			</trkpt>
			<trkpt lat="24.757168" lon="110.447894">
				<speed>1.341629</speed>
				<ele>122.000000</ele>
				<time>2026-01-25T03:57:43Z</time>
			</trkpt>
			<trkpt lat="24.757131" lon="110.447936">
				<speed>1.456910</speed>
				<ele>122.000000</ele>
				<time>2026-01-25T03:57:47Z</time>
			</trkpt>
			<trkpt lat="24.757098" lon="110.447978">
				<speed>1.484853</speed>
				<ele>122.000000</ele>
				<time>2026-01-25T03:57:51Z</time>
			</trkpt>
			<trkpt lat="24.757061" lon="110.448016">
				<speed>1.473417</speed>
				<ele>121.000000</ele>
				<time>2026-01-25T03:57:55Z</time>
			</trkpt>
			<trkpt lat="24.757024" lon="110.448054">
				<speed>1.459500</speed>
				<ele>121.000000</ele>
				<time>2026-01-25T03:57:59Z</time>
			</trkpt>
			<trkpt lat="24.756995" lon="110.448101">
				<speed>1.465320</speed>
				<ele>121.000000</ele>
				<time>2026-01-25T03:58:03Z</time>
			</trkpt>
			<trkpt lat="24.756980" lon="110.448156">
				<speed>1.419575</speed>
				<ele>121.000000</ele>
				<time>2026-01-25T03:58:07Z</time>
			</trkpt>
			<trkpt lat="24.756973" lon="110.448207">
				<speed>1.297955</speed>
				<ele>121.000000</ele>
				<time>2026-01-25T03:58:11Z</time>
			</trkpt>
			<trkpt lat="24.756962" lon="110.448255">
				<speed>1.229005</speed>
				<ele>122.000000</ele>
				<time>2026-01-25T03:58:15Z</time>
			</trkpt>
			<trkpt lat="24.756932" lon="110.448300">
				<speed>1.266206</speed>
				<ele>121.000000</ele>
				<time>2026-01-25T03:58:20Z</time>
			</trkpt>
			<trkpt lat="24.756892" lon="110.448334">
				<speed>1.325429</speed>
				<ele>122.000000</ele>
				<time>2026-01-25T03:58:24Z</time>
			</trkpt>
			<trkpt lat="24.756857" lon="110.448371">
				<speed>1.296771</speed>
				<ele>122.000000</ele>
				<time>2026-01-25T03:58:29Z</time>
			</trkpt>
			<trkpt lat="24.756818" lon="110.448407">
				<speed>1.400116</speed>
				<ele>123.000000</ele>
				<time>2026-01-25T03:58:33Z</time>
			</trkpt>
			<trkpt lat="24.756785" lon="110.448445">
				<speed>1.375176</speed>
				<ele>123.000000</ele>
				<time>2026-01-25T03:58:37Z</time>
			</trkpt>
			<trkpt lat="24.756750" lon="110.448483">
				<speed>1.353154</speed>
				<ele>123.000000</ele>
				<time>2026-01-25T03:58:41Z</time>
			</trkpt>
			<trkpt lat="24.756713" lon="110.448516">
				<speed>1.307903</speed>
				<ele>123.000000</ele>
				<time>2026-01-25T03:58:45Z</time>
			</trkpt>
			<trkpt lat="24.756662" lon="110.448522">
				<speed>1.207171</speed>
				<ele>122.000000</ele>
				<time>2026-01-25T03:58:50Z</time>
			</trkpt>
			<trkpt lat="24.756606" lon="110.448505">
				<speed>1.350676</speed>
				<ele>122.000000</ele>
				<time>2026-01-25T03:58:54Z</time>
			</trkpt>
			<trkpt lat="24.756557" lon="110.448489">
				<speed>1.308130</speed>
				<ele>122.000000</ele>
				<time>2026-01-25T03:58:58Z</time>
			</trkpt>
			<trkpt lat="24.756506" lon="110.448490">
				<speed>1.162032</speed>
				<ele>123.000000</ele>
				<time>2026-01-25T03:59:03Z</time>
			</trkpt>
			<trkpt lat="24.756457" lon="110.448500">
				<speed>0.958604</speed>
				<ele>123.000000</ele>
				<time>2026-01-25T03:59:08Z</time>
			</trkpt>
			<trkpt lat="24.756412" lon="110.448510">
				<speed>1.078476</speed>
				<ele>121.000000</ele>
				<time>2026-01-25T03:59:13Z</time>
			</trkpt>
			<trkpt lat="24.756360" lon="110.448526">
				<speed>1.168007</speed>
				<ele>123.000000</ele>
				<time>2026-01-25T03:59:18Z</time>
			</trkpt>
			<trkpt lat="24.756309" lon="110.448539">
				<speed>1.258227</speed>
				<ele>122.000000</ele>
				<time>2026-01-25T03:59:22Z</time>
			</trkpt>
			<trkpt lat="24.756259" lon="110.448563">
				<speed>1.321206</speed>
				<ele>122.000000</ele>
				<time>2026-01-25T03:59:26Z</time>
			</trkpt>
			<trkpt lat="24.756216" lon="110.448579">
				<speed>0.959122</speed>
				<ele>122.000000</ele>
				<time>2026-01-25T03:59:30Z</time>
			</trkpt>
			<trkpt lat="24.756161" lon="110.448590">
				<speed>1.167300</speed>
				<ele>123.000000</ele>
				<time>2026-01-25T03:59:35Z</time>
			</trkpt>
			<trkpt lat="24.756113" lon="110.448598">
				<speed>1.327307</speed>
				<ele>123.000000</ele>
				<time>2026-01-25T03:59:39Z</time>
			</trkpt>
			<trkpt lat="24.756067" lon="110.448619">
				<speed>1.299332</speed>
				<ele>123.000000</ele>
				<time>2026-01-25T03:59:43Z</time>
			</trkpt>
			<trkpt lat="24.756023" lon="110.448661">
				<speed>1.466265</speed>
				<ele>123.000000</ele>
				<time>2026-01-25T03:59:47Z</time>
			</trkpt>
			<trkpt lat="24.755971" lon="110.448688">
				<speed>1.311929</speed>
				<ele>122.000000</ele>
				<time>2026-01-25T03:59:52Z</time>
			</trkpt>
			<trkpt lat="24.755928" lon="110.448716">
				<speed>1.362724</speed>
				<ele>122.000000</ele>
				<time>2026-01-25T03:59:56Z</time>
			</trkpt>
			<trkpt lat="24.755888" lon="110.448746">
				<speed>1.256782</speed>
				<ele>122.000000</ele>
				<time>2026-01-25T04:00:00Z</time>
			</trkpt>
			<trkpt lat="24.755850" lon="110.448776">
				<speed>1.292109</speed>
				<ele>122.000000</ele>
				<time>2026-01-25T04:00:04Z</time>
			</trkpt>
			<trkpt lat="24.755811" lon="110.448804">
				<speed>1.326341</speed>
				<ele>122.000000</ele>
				<time>2026-01-25T04:00:08Z</time>
			</trkpt>
			<trkpt lat="24.755775" lon="110.448838">
				<speed>1.273537</speed>
				<ele>123.000000</ele>
				<time>2026-01-25T04:00:12Z</time>
			</trkpt>
			<trkpt lat="24.755738" lon="110.448869">
				<speed>1.192435</speed>
				<ele>122.000000</ele>
				<time>2026-01-25T04:00:16Z</time>
			</trkpt>
			<trkpt lat="24.755697" lon="110.448896">
				<speed>1.248760</speed>
				<ele>122.000000</ele>
				<time>2026-01-25T04:00:20Z</time>
			</trkpt>
			<trkpt lat="24.755667" lon="110.448938">
				<speed>1.307033</speed>
				<ele>122.000000</ele>
				<time>2026-01-25T04:00:24Z</time>
			</trkpt>
			<trkpt lat="24.755629" lon="110.448973">
				<speed>1.359488</speed>
				<ele>122.000000</ele>
				<time>2026-01-25T04:00:28Z</time>
			</trkpt>
			<trkpt lat="24.755600" lon="110.449012">
				<speed>1.138718</speed>
				<ele>123.000000</ele>
				<time>2026-01-25T04:00:33Z</time>
			</trkpt>
			<trkpt lat="24.755567" lon="110.449049">
				<speed>1.270093</speed>
				<ele>123.000000</ele>
				<time>2026-01-25T04:00:37Z</time>
			</trkpt>
			<trkpt lat="24.755533" lon="110.449093">
				<speed>1.353806</speed>
				<ele>122.000000</ele>
				<time>2026-01-25T04:00:41Z</time>
			</trkpt>
			<trkpt lat="24.755498" lon="110.449136">
				<speed>1.346885</speed>
				<ele>122.000000</ele>
				<time>2026-01-25T04:00:45Z</time>
			</trkpt>
			<trkpt lat="24.755468" lon="110.449179">
				<speed>1.393298</speed>
				<ele>122.000000</ele>
				<time>2026-01-25T04:00:49Z</time>
			</trkpt>
			<trkpt lat="24.755433" lon="110.449221">
				<speed>1.436138</speed>
				<ele>122.000000</ele>
				<time>2026-01-25T04:00:53Z</time>
			</trkpt>
			<trkpt lat="24.755400" lon="110.449265">
				<speed>1.135101</speed>
				<ele>123.000000</ele>
				<time>2026-01-25T04:00:58Z</time>
			</trkpt>
			<trkpt lat="24.755364" lon="110.449311">
				<speed>1.150966</speed>
				<ele>122.000000</ele>
				<time>2026-01-25T04:01:02Z</time>
			</trkpt>
			<trkpt lat="24.755337" lon="110.449368">
				<speed>1.262901</speed>
				<ele>122.000000</ele>
				<time>2026-01-25T04:01:07Z</time>
			</trkpt>
			<trkpt lat="24.755334" lon="110.449426">
				<speed>0.928282</speed>
				<ele>122.000000</ele>
				<time>2026-01-25T04:01:12Z</time>
			</trkpt>
			<trkpt lat="24.755344" lon="110.449485">
				<speed>1.068182</speed>
				<ele>122.000000</ele>
				<time>2026-01-25T04:01:16Z</time>
			</trkpt>
			<trkpt lat="24.755351" lon="110.449540">
				<speed>1.036474</speed>
				<ele>122.000000</ele>
				<time>2026-01-25T04:01:20Z</time>
			</trkpt>
			<trkpt lat="24.755356" lon="110.449597">
				<speed>1.285120</speed>
				<ele>121.000000</ele>
				<time>2026-01-25T04:01:24Z</time>
			</trkpt>
			<trkpt lat="24.755361" lon="110.449655">
				<speed>1.446673</speed>
				<ele>121.000000</ele>
				<time>2026-01-25T04:01:28Z</time>
			</trkpt>
			<trkpt lat="24.755357" lon="110.449715">
				<speed>1.342572</speed>
				<ele>121.000000</ele>
				<time>2026-01-25T04:01:33Z</time>
			</trkpt>
			<trkpt lat="24.755348" lon="110.449767">
				<speed>0.957430</speed>
				<ele>122.000000</ele>
				<time>2026-01-25T04:01:38Z</time>
			</trkpt>
			<trkpt lat="24.755336" lon="110.449815">
				<speed>1.306799</speed>
				<ele>122.000000</ele>
				<time>2026-01-25T04:01:42Z</time>
			</trkpt>
			<trkpt lat="24.755318" lon="110.449872">
				<speed>1.220932</speed>
				<ele>123.000000</ele>
				<time>2026-01-25T04:01:47Z</time>
			</trkpt>
			<trkpt lat="24.755302" lon="110.449926">
				<speed>1.381608</speed>
				<ele>124.000000</ele>
				<time>2026-01-25T04:01:51Z</time>
			</trkpt>
			<trkpt lat="24.755285" lon="110.449976">
				<speed>1.515888</speed>
				<ele>124.000000</ele>
				<time>2026-01-25T04:01:55Z</time>
			</trkpt>
			<trkpt lat="24.755255" lon="110.450029">
				<speed>1.458009</speed>
				<ele>124.000000</ele>
				<time>2026-01-25T04:02:00Z</time>
			</trkpt>
			<trkpt lat="24.755216" lon="110.450059">
				<speed>1.485684</speed>
				<ele>123.000000</ele>
				<time>2026-01-25T04:02:04Z</time>
			</trkpt>
			<trkpt lat="24.755169" lon="110.450085">
				<speed>1.449832</speed>
				<ele>124.000000</ele>
				<time>2026-01-25T04:02:08Z</time>
			</trkpt>
			<trkpt lat="24.755127" lon="110.450126">
				<speed>1.294476</speed>
				<ele>123.000000</ele>
				<time>2026-01-25T04:02:12Z</time>
			</trkpt>
			<trkpt lat="24.755094" lon="110.450168">
				<speed>1.117017</speed>
				<ele>123.000000</ele>
				<time>2026-01-25T04:02:17Z</time>
			</trkpt>
			<trkpt lat="24.755067" lon="110.450212">
				<speed>1.126600</speed>
				<ele>123.000000</ele>
				<time>2026-01-25T04:02:21Z</time>
			</trkpt>
			<trkpt lat="24.755047" lon="110.450259">
				<speed>1.368216</speed>
				<ele>123.000000</ele>
				<time>2026-01-25T04:02:25Z</time>
			</trkpt>
			<trkpt lat="24.755020" lon="110.450304">
				<speed>1.048295</speed>
				<ele>122.000000</ele>
				<time>2026-01-25T04:02:29Z</time>
			</trkpt>
			<trkpt lat="24.755000" lon="110.450350">
				<speed>1.368871</speed>
				<ele>122.000000</ele>
				<time>2026-01-25T04:02:33Z</time>
			</trkpt>
			<trkpt lat="24.754972" lon="110.450400">
				<speed>1.228225</speed>
				<ele>123.000000</ele>
				<time>2026-01-25T04:02:39Z</time>
			</trkpt>
			<trkpt lat="24.754945" lon="110.450446">
				<speed>1.398082</speed>
				<ele>123.000000</ele>
				<time>2026-01-25T04:02:42Z</time>
			</trkpt>
			<trkpt lat="24.754916" lon="110.450487">
				<speed>1.178999</speed>
				<ele>123.000000</ele>
				<time>2026-01-25T04:02:46Z</time>
			</trkpt>
			<trkpt lat="24.754888" lon="110.450536">
				<speed>0.954804</speed>
				<ele>123.000000</ele>
				<time>2026-01-25T04:02:51Z</time>
			</trkpt>
			<trkpt lat="24.754860" lon="110.450581">
				<speed>1.502021</speed>
				<ele>122.000000</ele>
				<time>2026-01-25T04:02:55Z</time>
			</trkpt>
			<trkpt lat="24.754844" lon="110.450638">
				<speed>1.581199</speed>
				<ele>123.000000</ele>
				<time>2026-01-25T04:02:59Z</time>
			</trkpt>
			<trkpt lat="24.754832" lon="110.450694">
				<speed>1.436335</speed>
				<ele>123.000000</ele>
				<time>2026-01-25T04:03:03Z</time>
			</trkpt>
			<trkpt lat="24.754829" lon="110.450752">
				<speed>1.203942</speed>
				<ele>122.000000</ele>
				<time>2026-01-25T04:03:06Z</time>
			</trkpt>
			<trkpt lat="24.754817" lon="110.450819">
				<speed>1.523915</speed>
				<ele>122.000000</ele>
				<time>2026-01-25T04:03:11Z</time>
			</trkpt>
			<trkpt lat="24.754780" lon="110.450860">
				<speed>1.412434</speed>
				<ele>123.000000</ele>
				<time>2026-01-25T04:03:15Z</time>
			</trkpt>
			<trkpt lat="24.754762" lon="110.450906">
				<speed>1.513089</speed>
				<ele>122.000000</ele>
				<time>2026-01-25T04:03:19Z</time>
			</trkpt>
			<trkpt lat="24.754734" lon="110.450954">
				<speed>1.264674</speed>
				<ele>122.000000</ele>
				<time>2026-01-25T04:03:24Z</time>
			</trkpt>
			<trkpt lat="24.754695" lon="110.450992">
				<speed>1.205595</speed>
				<ele>122.000000</ele>
				<time>2026-01-25T04:03:29Z</time>
			</trkpt>
			<trkpt lat="24.754645" lon="110.451009">
				<speed>1.283938</speed>
				<ele>121.000000</ele>
				<time>2026-01-25T04:03:33Z</time>
			</trkpt>
			<trkpt lat="24.754594" lon="110.451037">
				<speed>1.399682</speed>
				<ele>122.000000</ele>
				<time>2026-01-25T04:03:37Z</time>
			</trkpt>
			<trkpt lat="24.754549" lon="110.451060">
				<speed>1.211460</speed>
				<ele>122.000000</ele>
				<time>2026-01-25T04:03:41Z</time>
			</trkpt>
			<trkpt lat="24.754510" lon="110.451102">
				<speed>1.332070</speed>
				<ele>123.000000</ele>
				<time>2026-01-25T04:03:45Z</time>
			</trkpt>
			<trkpt lat="24.754481" lon="110.451150">
				<speed>1.310215</speed>
				<ele>122.000000</ele>
				<time>2026-01-25T04:03:49Z</time>
			</trkpt>
			<trkpt lat="24.754448" lon="110.451195">
				<speed>1.303697</speed>
				<ele>122.000000</ele>
				<time>2026-01-25T04:03:53Z</time>
			</trkpt>
			<trkpt lat="24.754417" lon="110.451243">
				<speed>1.522300</speed>
				<ele>122.000000</ele>
				<time>2026-01-25T04:03:57Z</time>
			</trkpt>
			<trkpt lat="24.754390" lon="110.451289">
				<speed>1.411729</speed>
				<ele>123.000000</ele>
				<time>2026-01-25T04:04:01Z</time>
			</trkpt>
			<trkpt lat="24.754361" lon="110.451332">
				<speed>1.226606</speed>
				<ele>122.000000</ele>
				<time>2026-01-25T04:04:05Z</time>
			</trkpt>
			<trkpt lat="24.754331" lon="110.451373">
				<speed>1.245083</speed>
				<ele>122.000000</ele>
				<time>2026-01-25T04:04:09Z</time>
			</trkpt>
			<trkpt lat="24.754303" lon="110.451419">
				<speed>1.356808</speed>
				<ele>122.000000</ele>
				<time>2026-01-25T04:04:13Z</time>
			</trkpt>
			<trkpt lat="24.754272" lon="110.451471">
				<speed>1.301877</speed>
				<ele>122.000000</ele>
				<time>2026-01-25T04:04:18Z</time>
			</trkpt>
			<trkpt lat="24.754247" lon="110.451515">
				<speed>1.262969</speed>
				<ele>122.000000</ele>
				<time>2026-01-25T04:04:22Z</time>
			</trkpt>
			<trkpt lat="24.754218" lon="110.451553">
				<speed>1.134758</speed>
				<ele>122.000000</ele>
				<time>2026-01-25T04:04:26Z</time>
			</trkpt>
			<trkpt lat="24.754191" lon="110.451596">
				<speed>1.250166</speed>
				<ele>122.000000</ele>
				<time>2026-01-25T04:04:30Z</time>
			</trkpt>
			<trkpt lat="24.754162" lon="110.451638">
				<speed>1.332856</speed>
				<ele>122.000000</ele>
				<time>2026-01-25T04:04:34Z</time>
			</trkpt>
			<trkpt lat="24.754134" lon="110.451679">
				<speed>1.258080</speed>
				<ele>121.000000</ele>
				<time>2026-01-25T04:04:38Z</time>
			</trkpt>
			<trkpt lat="24.754105" lon="110.451723">
				<speed>1.377974</speed>
				<ele>122.000000</ele>
				<time>2026-01-25T04:04:42Z</time>
			</trkpt>
			<trkpt lat="24.754075" lon="110.451773">
				<speed>1.262684</speed>
				<ele>121.000000</ele>
				<time>2026-01-25T04:04:48Z</time>
			</trkpt>
			<trkpt lat="24.754052" lon="110.451822">
				<speed>1.335662</speed>
				<ele>121.000000</ele>
				<time>2026-01-25T04:04:52Z</time>
			</trkpt>
			<trkpt lat="24.754043" lon="110.451875">
				<speed>1.288551</speed>
				<ele>121.000000</ele>
				<time>2026-01-25T04:04:56Z</time>
			</trkpt>
			<trkpt lat="24.754035" lon="110.451929">
				<speed>1.392823</speed>
				<ele>121.000000</ele>
				<time>2026-01-25T04:05:00Z</time>
			</trkpt>
			<trkpt lat="24.754025" lon="110.451990">
				<speed>1.368971</speed>
				<ele>122.000000</ele>
				<time>2026-01-25T04:05:04Z</time>
			</trkpt>
			<trkpt lat="24.754018" lon="110.452043">
				<speed>1.279452</speed>
				<ele>122.000000</ele>
				<time>2026-01-25T04:05:08Z</time>
			</trkpt>
			<trkpt lat="24.754026" lon="110.452094">
				<speed>1.262352</speed>
				<ele>122.000000</ele>
				<time>2026-01-25T04:05:12Z</time>
			</trkpt>
			<trkpt lat="24.754029" lon="110.452144">
				<speed>1.354895</speed>
				<ele>122.000000</ele>
				<time>2026-01-25T04:05:16Z</time>
			</trkpt>
			<trkpt lat="24.754026" lon="110.452205">
				<speed>1.507087</speed>
				<ele>122.000000</ele>
				<time>2026-01-25T04:05:20Z</time>
			</trkpt>
			<trkpt lat="24.753999" lon="110.452251">
				<speed>1.349218</speed>
				<ele>122.000000</ele>
				<time>2026-01-25T04:05:24Z</time>
			</trkpt>
			<trkpt lat="24.753967" lon="110.452288">
				<speed>1.266498</speed>
				<ele>121.000000</ele>
				<time>2026-01-25T04:05:28Z</time>
			</trkpt>
			<trkpt lat="24.753922" lon="110.452315">
				<speed>1.337394</speed>
				<ele>122.000000</ele>
				<time>2026-01-25T04:05:32Z</time>
			</trkpt>
			<trkpt lat="24.753882" lon="110.452348">
				<speed>1.249163</speed>
				<ele>122.000000</ele>
				<time>2026-01-25T04:05:36Z</time>
			</trkpt>
			<trkpt lat="24.753839" lon="110.452374">
				<speed>1.314887</speed>
				<ele>122.000000</ele>
				<time>2026-01-25T04:05:40Z</time>
			</trkpt>
			<trkpt lat="24.753790" lon="110.452395">
				<speed>1.445937</speed>
				<ele>121.000000</ele>
				<time>2026-01-25T04:05:44Z</time>
			</trkpt>
			<trkpt lat="24.753747" lon="110.452413">
				<speed>1.092351</speed>
				<ele>122.000000</ele>
				<time>2026-01-25T04:05:48Z</time>
			</trkpt>
			<trkpt lat="24.753698" lon="110.452433">
				<speed>1.391252</speed>
				<ele>122.000000</ele>
				<time>2026-01-25T04:05:52Z</time>
			</trkpt>
			<trkpt lat="24.753655" lon="110.452464">
				<speed>1.400451</speed>
				<ele>123.000000</ele>
				<time>2026-01-25T04:05:56Z</time>
			</trkpt>
			<trkpt lat="24.753638" lon="110.452511">
				<speed>1.399871</speed>
				<ele>123.000000</ele>
				<time>2026-01-25T04:05:59Z</time>
			</trkpt>
			<trkpt lat="24.753603" lon="110.452553">
				<speed>1.412443</speed>
				<ele>122.000000</ele>
				<time>2026-01-25T04:06:03Z</time>
			</trkpt>
			<trkpt lat="24.753578" lon="110.452595">
				<speed>1.226073</speed>
				<ele>123.000000</ele>
				<time>2026-01-25T04:06:07Z</time>
			</trkpt>
			<trkpt lat="24.753559" lon="110.452646">
				<speed>1.347583</speed>
				<ele>122.000000</ele>
				<time>2026-01-25T04:06:11Z</time>
			</trkpt>
			<trkpt lat="24.753531" lon="110.452684">
				<speed>0.870812</speed>
				<ele>124.000000</ele>
				<time>2026-01-25T04:06:15Z</time>
			</trkpt>
			<trkpt lat="24.753506" lon="110.452735">
				<speed>1.171159</speed>
				<ele>124.000000</ele>
				<time>2026-01-25T04:06:19Z</time>
			</trkpt>
			<trkpt lat="24.753486" lon="110.452797">
				<speed>1.319582</speed>
				<ele>124.000000</ele>
				<time>2026-01-25T04:06:24Z</time>
			</trkpt>
			<trkpt lat="24.753469" lon="110.452850">
				<speed>1.473698</speed>
				<ele>123.000000</ele>
				<time>2026-01-25T04:06:28Z</time>
			</trkpt>
			<trkpt lat="24.753448" lon="110.452894">
				<speed>1.165700</speed>
				<ele>123.000000</ele>
				<time>2026-01-25T04:06:32Z</time>
			</trkpt>
			<trkpt lat="24.753417" lon="110.452932">
				<speed>1.113352</speed>
				<ele>123.000000</ele>
				<time>2026-01-25T04:06:36Z</time>
			</trkpt>
			<trkpt lat="24.753394" lon="110.452976">
				<speed>1.157433</speed>
				<ele>123.000000</ele>
				<time>2026-01-25T04:06:40Z</time>
			</trkpt>
			<trkpt lat="24.753362" lon="110.453017">
				<speed>1.419768</speed>
				<ele>123.000000</ele>
				<time>2026-01-25T04:06:44Z</time>
			</trkpt>
			<trkpt lat="24.753308" lon="110.453021">
				<speed>1.367368</speed>
				<ele>124.000000</ele>
				<time>2026-01-25T04:06:48Z</time>
			</trkpt>
			<trkpt lat="24.753261" lon="110.453041">
				<speed>1.240258</speed>
				<ele>124.000000</ele>
				<time>2026-01-25T04:06:52Z</time>
			</trkpt>
			<trkpt lat="24.753228" lon="110.453084">
				<speed>1.188568</speed>
				<ele>122.000000</ele>
				<time>2026-01-25T04:06:57Z</time>
			</trkpt>
			<trkpt lat="24.753198" lon="110.453138">
				<speed>1.408568</speed>
				<ele>122.000000</ele>
				<time>2026-01-25T04:07:01Z</time>
			</trkpt>
			<trkpt lat="24.753171" lon="110.453201">
				<speed>1.434423</speed>
				<ele>122.000000</ele>
				<time>2026-01-25T04:07:06Z</time>
			</trkpt>
			<trkpt lat="24.753145" lon="110.453260">
				<speed>1.336686</speed>
				<ele>123.000000</ele>
				<time>2026-01-25T04:07:11Z</time>
			</trkpt>
			<trkpt lat="24.753122" lon="110.453307">
				<speed>0.958239</speed>
				<ele>123.000000</ele>
				<time>2026-01-25T04:07:16Z</time>
			</trkpt>
			<trkpt lat="24.753094" lon="110.453346">
				<speed>1.363863</speed>
				<ele>122.000000</ele>
				<time>2026-01-25T04:07:19Z</time>
			</trkpt>
			<trkpt lat="24.753080" lon="110.453394">
				<speed>1.337726</speed>
				<ele>121.000000</ele>
				<time>2026-01-25T04:07:23Z</time>
			</trkpt>
			<trkpt lat="24.753069" lon="110.453446">
				<speed>1.293791</speed>
				<ele>122.000000</ele>
				<time>2026-01-25T04:07:27Z</time>
			</trkpt>
			<trkpt lat="24.753058" lon="110.453500">
				<speed>1.127340</speed>
				<ele>123.000000</ele>
				<time>2026-01-25T04:07:32Z</time>
			</trkpt>
			<trkpt lat="24.753048" lon="110.453558">
				<speed>1.315785</speed>
				<ele>122.000000</ele>
				<time>2026-01-25T04:07:36Z</time>
			</trkpt>
			<trkpt lat="24.753041" lon="110.453612">
				<speed>1.229253</speed>
				<ele>123.000000</ele>
				<time>2026-01-25T04:07:41Z</time>
			</trkpt>
			<trkpt lat="24.753008" lon="110.453670">
				<speed>1.504540</speed>
				<ele>124.000000</ele>
				<time>2026-01-25T04:07:46Z</time>
			</trkpt>
			<trkpt lat="24.752978" lon="110.453722">
				<speed>1.431140</speed>
				<ele>123.000000</ele>
				<time>2026-01-25T04:07:50Z</time>
			</trkpt>
			<trkpt lat="24.752948" lon="110.453766">
				<speed>1.300257</speed>
				<ele>122.000000</ele>
				<time>2026-01-25T04:07:54Z</time>
			</trkpt>
			<trkpt lat="24.752920" lon="110.453810">
				<speed>1.708094</speed>
				<ele>122.000000</ele>
				<time>2026-01-25T04:07:57Z</time>
			</trkpt>
			<trkpt lat="24.752899" lon="110.453860">
				<speed>1.410912</speed>
				<ele>122.000000</ele>
				<time>2026-01-25T04:08:01Z</time>
			</trkpt>
			<trkpt lat="24.752872" lon="110.453906">
				<speed>1.354533</speed>
				<ele>122.000000</ele>
				<time>2026-01-25T04:08:05Z</time>
			</trkpt>
			<trkpt lat="24.752836" lon="110.453959">
				<speed>1.459162</speed>
				<ele>122.000000</ele>
				<time>2026-01-25T04:08:10Z</time>
			</trkpt>
			<trkpt lat="24.752815" lon="110.454009">
				<speed>1.414617</speed>
				<ele>123.000000</ele>
				<time>2026-01-25T04:08:14Z</time>
			</trkpt>
			<trkpt lat="24.752783" lon="110.454059">
				<speed>1.331082</speed>
				<ele>122.000000</ele>
				<time>2026-01-25T04:08:19Z</time>
			</trkpt>
			<trkpt lat="24.752749" lon="110.454096">
				<speed>1.311275</speed>
				<ele>123.000000</ele>
				<time>2026-01-25T04:08:23Z</time>
			</trkpt>
			<trkpt lat="24.752721" lon="110.454136">
				<speed>1.344824</speed>
				<ele>122.000000</ele>
				<time>2026-01-25T04:08:27Z</time>
			</trkpt>
			<trkpt lat="24.752689" lon="110.454181">
				<speed>1.164933</speed>
				<ele>123.000000</ele>
				<time>2026-01-25T04:08:32Z</time>
			</trkpt>
			<trkpt lat="24.752652" lon="110.454228">
				<speed>1.170860</speed>
				<ele>121.000000</ele>
				<time>2026-01-25T04:08:37Z</time>
			</trkpt>
			<trkpt lat="24.752624" lon="110.454274">
				<speed>1.122937</speed>
				<ele>122.000000</ele>
				<time>2026-01-25T04:08:41Z</time>
			</trkpt>
			<trkpt lat="24.752591" lon="110.454319">
				<speed>0.878016</speed>
				<ele>122.000000</ele>
				<time>2026-01-25T04:08:46Z</time>
			</trkpt>
			<trkpt lat="24.752558" lon="110.454363">
				<speed>1.178218</speed>
				<ele>121.000000</ele>
				<time>2026-01-25T04:08:50Z</time>
			</trkpt>
			<trkpt lat="24.752525" lon="110.454398">
				<speed>0.839372</speed>
				<ele>121.000000</ele>
				<time>2026-01-25T04:08:54Z</time>
			</trkpt>
			<trkpt lat="24.752485" lon="110.454449">
				<speed>1.419308</speed>
				<ele>121.000000</ele>
				<time>2026-01-25T04:08:58Z</time>
			</trkpt>
			<trkpt lat="24.752447" lon="110.454498">
				<speed>1.488792</speed>
				<ele>122.000000</ele>
				<time>2026-01-25T04:09:02Z</time>
			</trkpt>
			<trkpt lat="24.752423" lon="110.454544">
				<speed>1.086732</speed>
				<ele>123.000000</ele>
				<time>2026-01-25T04:09:06Z</time>
			</trkpt>
			<trkpt lat="24.752405" lon="110.454601">
				<speed>1.032781</speed>
				<ele>121.000000</ele>
				<time>2026-01-25T04:09:11Z</time>
			</trkpt>
			<trkpt lat="24.752381" lon="110.454653">
				<speed>1.254307</speed>
				<ele>122.000000</ele>
				<time>2026-01-25T04:09:15Z</time>
			</trkpt>
			<trkpt lat="24.752357" lon="110.454706">
				<speed>1.352109</speed>
				<ele>122.000000</ele>
				<time>2026-01-25T04:09:19Z</time>
			</trkpt>
			<trkpt lat="24.752335" lon="110.454754">
				<speed>1.189411</speed>
				<ele>121.000000</ele>
				<time>2026-01-25T04:09:23Z</time>
			</trkpt>
			<trkpt lat="24.752300" lon="110.454799">
				<speed>1.355599</speed>
				<ele>121.000000</ele>
				<time>2026-01-25T04:09:27Z</time>
			</trkpt>
			<trkpt lat="24.752279" lon="110.454843">
				<speed>1.169128</speed>
				<ele>121.000000</ele>
				<time>2026-01-25T04:09:31Z</time>
			</trkpt>
			<trkpt lat="24.752262" lon="110.454894">
				<speed>0.993563</speed>
				<ele>121.000000</ele>
				<time>2026-01-25T04:09:35Z</time>
			</trkpt>
			<trkpt lat="24.752249" lon="110.454948">
				<speed>1.234602</speed>
				<ele>122.000000</ele>
				<time>2026-01-25T04:09:39Z</time>
			</trkpt>
			<trkpt lat="24.752237" lon="110.454995">
				<speed>1.130646</speed>
				<ele>122.000000</ele>
				<time>2026-01-25T04:09:43Z</time>
			</trkpt>
			<trkpt lat="24.752215" lon="110.455044">
				<speed>1.443103</speed>
				<ele>123.000000</ele>
				<time>2026-01-25T04:09:46Z</time>
			</trkpt>
			<trkpt lat="24.752208" lon="110.455095">
				<speed>1.195665</speed>
				<ele>122.000000</ele>
				<time>2026-01-25T04:09:50Z</time>
			</trkpt>
			<trkpt lat="24.752200" lon="110.455146">
				<speed>1.334148</speed>
				<ele>121.000000</ele>
				<time>2026-01-25T04:09:54Z</time>
			</trkpt>
			<trkpt lat="24.752192" lon="110.455197">
				<speed>1.439831</speed>
				<ele>122.000000</ele>
				<time>2026-01-25T04:09:58Z</time>
			</trkpt>
			<trkpt lat="24.752175" lon="110.455253">
				<speed>1.251393</speed>
				<ele>121.000000</ele>
				<time>2026-01-25T04:10:02Z</time>
			</trkpt>
			<trkpt lat="24.752164" lon="110.455302">
				<speed>1.459299</speed>
				<ele>121.000000</ele>
				<time>2026-01-25T04:10:05Z</time>
			</trkpt>
			<trkpt lat="24.752154" lon="110.455362">
				<speed>1.166306</speed>
				<ele>123.000000</ele>
				<time>2026-01-25T04:10:09Z</time>
			</trkpt>
			<trkpt lat="24.752142" lon="110.455418">
				<speed>1.270773</speed>
				<ele>121.000000</ele>
				<time>2026-01-25T04:10:13Z</time>
			</trkpt>
			<trkpt lat="24.752128" lon="110.455472">
				<speed>1.249725</speed>
				<ele>121.000000</ele>
				<time>2026-01-25T04:10:17Z</time>
			</trkpt>
			<trkpt lat="24.752125" lon="110.455527">
				<speed>1.154910</speed>
				<ele>121.000000</ele>
				<time>2026-01-25T04:10:21Z</time>
			</trkpt>
			<trkpt lat="24.752113" lon="110.455585">
				<speed>1.307677</speed>
				<ele>121.000000</ele>
				<time>2026-01-25T04:10:25Z</time>
			</trkpt>
			<trkpt lat="24.752104" lon="110.455640">
				<speed>1.251768</speed>
				<ele>120.000000</ele>
				<time>2026-01-25T04:10:29Z</time>
			</trkpt>
			<trkpt lat="24.752089" lon="110.455697">
				<speed>1.336890</speed>
				<ele>122.000000</ele>
				<time>2026-01-25T04:10:33Z</time>
			</trkpt>
			<trkpt lat="24.752087" lon="110.455759">
				<speed>1.320063</speed>
				<ele>121.000000</ele>
				<time>2026-01-25T04:10:38Z</time>
			</trkpt>
			<trkpt lat="24.752087" lon="110.455811">
				<speed>1.182310</speed>
				<ele>122.000000</ele>
				<time>2026-01-25T04:10:42Z</time>
			</trkpt>
			<trkpt lat="24.752087" lon="110.455873">
				<speed>1.116464</speed>
				<ele>121.000000</ele>
				<time>2026-01-25T04:10:47Z</time>
			</trkpt>
			<trkpt lat="24.752079" lon="110.455940">
				<speed>1.325052</speed>
				<ele>121.000000</ele>
				<time>2026-01-25T04:10:51Z</time>
			</trkpt>
			<trkpt lat="24.752072" lon="110.455997">
				<speed>1.191544</speed>
				<ele>122.000000</ele>
				<time>2026-01-25T04:10:55Z</time>
			</trkpt>
			<trkpt lat="24.752068" lon="110.456056">
				<speed>1.316953</speed>
				<ele>122.000000</ele>
				<time>2026-01-25T04:10:59Z</time>
			</trkpt>
			<trkpt lat="24.752074" lon="110.456111">
				<speed>1.326989</speed>
				<ele>122.000000</ele>
				<time>2026-01-25T04:11:04Z</time>
			</trkpt>
			<trkpt lat="24.752067" lon="110.456175">
				<speed>1.449936</speed>
				<ele>122.000000</ele>
				<time>2026-01-25T04:11:08Z</time>
			</trkpt>
			<trkpt lat="24.752071" lon="110.456237">
				<speed>1.522364</speed>
				<ele>121.000000</ele>
				<time>2026-01-25T04:11:13Z</time>
			</trkpt>
			<trkpt lat="24.752069" lon="110.456302">
				<speed>1.481253</speed>
				<ele>121.000000</ele>
				<time>2026-01-25T04:11:18Z</time>
			</trkpt>
			<trkpt lat="24.752075" lon="110.456362">
				<speed>1.394533</speed>
				<ele>121.000000</ele>
				<time>2026-01-25T04:11:22Z</time>
			</trkpt>
			<trkpt lat="24.752074" lon="110.456423">
				<speed>1.421411</speed>
				<ele>121.000000</ele>
				<time>2026-01-25T04:11:26Z</time>
			</trkpt>
			<trkpt lat="24.752054" lon="110.456469">
				<speed>1.465926</speed>
				<ele>122.000000</ele>
				<time>2026-01-25T04:11:29Z</time>
			</trkpt>
			<trkpt lat="24.752056" lon="110.456526">
				<speed>1.464057</speed>
				<ele>121.000000</ele>
				<time>2026-01-25T04:11:33Z</time>
			</trkpt>
			<trkpt lat="24.752052" lon="110.456588">
				<speed>1.273938</speed>
				<ele>122.000000</ele>
				<time>2026-01-25T04:11:37Z</time>
			</trkpt>
			<trkpt lat="24.752056" lon="110.456638">
				<speed>1.460132</speed>
				<ele>122.000000</ele>
				<time>2026-01-25T04:11:40Z</time>
			</trkpt>
			<trkpt lat="24.752052" lon="110.456689">
				<speed>1.233227</speed>
				<ele>122.000000</ele>
				<time>2026-01-25T04:11:44Z</time>
			</trkpt>
			<trkpt lat="24.752049" lon="110.456748">
				<speed>1.310685</speed>
				<ele>123.000000</ele>
				<time>2026-01-25T04:11:48Z</time>
			</trkpt>
			<trkpt lat="24.752050" lon="110.456808">
				<speed>1.252843</speed>
				<ele>121.000000</ele>
				<time>2026-01-25T04:11:53Z</time>
			</trkpt>
			<trkpt lat="24.752061" lon="110.456856">
				<speed>1.043548</speed>
				<ele>122.000000</ele>
				<time>2026-01-25T04:11:58Z</time>
			</trkpt>
			<trkpt lat="24.752090" lon="110.456911">
				<speed>0.901975</speed>
				<ele>122.000000</ele>
				<time>2026-01-25T04:12:04Z</time>
			</trkpt>
			<trkpt lat="24.752102" lon="110.456963">
				<speed>0.435355</speed>
				<ele>123.000000</ele>
				<time>2026-01-25T04:12:10Z</time>
			</trkpt>
			<trkpt lat="24.752087" lon="110.457012">
				<speed>0.692983</speed>
				<ele>121.000000</ele>
				<time>2026-01-25T04:12:14Z</time>
			</trkpt>
			<trkpt lat="24.752076" lon="110.457068">
				<speed>0.598595</speed>
				<ele>122.000000</ele>
				<time>2026-01-25T04:12:19Z</time>
			</trkpt>
			<trkpt lat="24.752066" lon="110.457118">
				<speed>1.271395</speed>
				<ele>122.000000</ele>
				<time>2026-01-25T04:12:22Z</time>
			</trkpt>
			<trkpt lat="24.752072" lon="110.457172">
				<speed>1.025477</speed>
				<ele>122.000000</ele>
				<time>2026-01-25T04:12:26Z</time>
			</trkpt>
			<trkpt lat="24.752068" lon="110.457225">
				<speed>1.180063</speed>
				<ele>122.000000</ele>
				<time>2026-01-25T04:12:29Z</time>
			</trkpt>
			<trkpt lat="24.752058" lon="110.457274">
				<speed>0.954740</speed>
				<ele>121.000000</ele>
				<time>2026-01-25T04:12:33Z</time>
			</trkpt>
			<trkpt lat="24.752039" lon="110.457319">
				<speed>1.135748</speed>
				<ele>121.000000</ele>
				<time>2026-01-25T04:12:36Z</time>
			</trkpt>
			<trkpt lat="24.752009" lon="110.457366">
				<speed>1.347162</speed>
				<ele>122.000000</ele>
				<time>2026-01-25T04:12:40Z</time>
			</trkpt>
			<trkpt lat="24.752023" lon="110.457414">
				<speed>0.821772</speed>
				<ele>121.000000</ele>
				<time>2026-01-25T04:12:45Z</time>
			</trkpt>
			<trkpt lat="24.752059" lon="110.457451">
				<speed>0.523716</speed>
				<ele>123.000000</ele>
				<time>2026-01-25T04:12:51Z</time>
			</trkpt>
			<trkpt lat="24.752102" lon="110.457480">
				<speed>0.806686</speed>
				<ele>122.000000</ele>
				<time>2026-01-25T04:20:25Z</time>
			</trkpt>
			<trkpt lat="24.752078" lon="110.457436">
				<speed>0.750513</speed>
				<ele>123.000000</ele>
				<time>2026-01-25T04:20:39Z</time>
			</trkpt>
			<trkpt lat="24.752033" lon="110.457424">
				<speed>1.104817</speed>
				<ele>123.000000</ele>
				<time>2026-01-25T04:20:43Z</time>
			</trkpt>
			<trkpt lat="24.751986" lon="110.457427">
				<speed>1.026896</speed>
				<ele>123.000000</ele>
				<time>2026-01-25T04:20:48Z</time>
			</trkpt>
			<trkpt lat="24.751939" lon="110.457435">
				<speed>0.883291</speed>
				<ele>124.000000</ele>
				<time>2026-01-25T04:20:53Z</time>
			</trkpt>
			<trkpt lat="24.751897" lon="110.457457">
				<speed>0.980545</speed>
				<ele>123.000000</ele>
				<time>2026-01-25T04:20:58Z</time>
			</trkpt>
			<trkpt lat="24.751854" lon="110.457488">
				<speed>0.910487</speed>
				<ele>123.000000</ele>
				<time>2026-01-25T04:21:03Z</time>
			</trkpt>
			<trkpt lat="24.751808" lon="110.457503">
				<speed>1.099939</speed>
				<ele>122.000000</ele>
				<time>2026-01-25T04:21:08Z</time>
			</trkpt>
			<trkpt lat="24.751763" lon="110.457540">
				<speed>1.199102</speed>
				<ele>123.000000</ele>
				<time>2026-01-25T04:21:13Z</time>
			</trkpt>
			<trkpt lat="24.751716" lon="110.457568">
				<speed>1.228172</speed>
				<ele>123.000000</ele>
				<time>2026-01-25T04:21:17Z</time>
			</trkpt>
			<trkpt lat="24.751670" lon="110.457591">
				<speed>1.363124</speed>
				<ele>123.000000</ele>
				<time>2026-01-25T04:21:21Z</time>
			</trkpt>
			<trkpt lat="24.751623" lon="110.457625">
				<speed>1.563943</speed>
				<ele>123.000000</ele>
				<time>2026-01-25T04:21:25Z</time>
			</trkpt>
			<trkpt lat="24.751586" lon="110.457666">
				<speed>1.514796</speed>
				<ele>123.000000</ele>
				<time>2026-01-25T04:21:29Z</time>
			</trkpt>
			<trkpt lat="24.751548" lon="110.457702">
				<speed>1.229480</speed>
				<ele>123.000000</ele>
				<time>2026-01-25T04:21:34Z</time>
			</trkpt>
			<trkpt lat="24.751510" lon="110.457745">
				<speed>1.203631</speed>
				<ele>123.000000</ele>
				<time>2026-01-25T04:21:39Z</time>
			</trkpt>
			<trkpt lat="24.751472" lon="110.457787">
				<speed>1.457770</speed>
				<ele>123.000000</ele>
				<time>2026-01-25T04:21:43Z</time>
			</trkpt>
			<trkpt lat="24.751429" lon="110.457825">
				<speed>1.526667</speed>
				<ele>123.000000</ele>
				<time>2026-01-25T04:21:47Z</time>
			</trkpt>
			<trkpt lat="24.751390" lon="110.457865">
				<speed>1.522513</speed>
				<ele>123.000000</ele>
				<time>2026-01-25T04:21:51Z</time>
			</trkpt>
			<trkpt lat="24.751351" lon="110.457905">
				<speed>1.522496</speed>
				<ele>123.000000</ele>
				<time>2026-01-25T04:21:55Z</time>
			</trkpt>
			<trkpt lat="24.751307" lon="110.457939">
				<speed>1.537380</speed>
				<ele>123.000000</ele>
				<time>2026-01-25T04:21:59Z</time>
			</trkpt>
			<trkpt lat="24.751265" lon="110.457978">
				<speed>1.554936</speed>
				<ele>123.000000</ele>
				<time>2026-01-25T04:22:03Z</time>
			</trkpt>
			<trkpt lat="24.751222" lon="110.458009">
				<speed>1.497448</speed>
				<ele>124.000000</ele>
				<time>2026-01-25T04:22:07Z</time>
			</trkpt>
			<trkpt lat="24.751179" lon="110.458049">
				<speed>1.535298</speed>
				<ele>123.000000</ele>
				<time>2026-01-25T04:22:11Z</time>
			</trkpt>
			<trkpt lat="24.751136" lon="110.458079">
				<speed>1.550674</speed>
				<ele>123.000000</ele>
				<time>2026-01-25T04:22:15Z</time>
			</trkpt>
			<trkpt lat="24.751102" lon="110.458120">
				<speed>1.528613</speed>
				<ele>122.000000</ele>
				<time>2026-01-25T04:22:19Z</time>
			</trkpt>
			<trkpt lat="24.751064" lon="110.458156">
				<speed>1.472774</speed>
				<ele>124.000000</ele>
				<time>2026-01-25T04:22:23Z</time>
			</trkpt>
			<trkpt lat="24.751029" lon="110.458198">
				<speed>1.413620</speed>
				<ele>123.000000</ele>
				<time>2026-01-25T04:22:27Z</time>
			</trkpt>
			<trkpt lat="24.750999" lon="110.458250">
				<speed>1.561608</speed>
				<ele>123.000000</ele>
				<time>2026-01-25T04:22:31Z</time>
			</trkpt>
			<trkpt lat="24.750980" lon="110.458301">
				<speed>1.291700</speed>
				<ele>123.000000</ele>
				<time>2026-01-25T04:22:35Z</time>
			</trkpt>
			<trkpt lat="24.750957" lon="110.458346">
				<speed>1.356878</speed>
				<ele>123.000000</ele>
				<time>2026-01-25T04:22:39Z</time>
			</trkpt>
			<trkpt lat="24.750933" lon="110.458396">
				<speed>1.383902</speed>
				<ele>123.000000</ele>
				<time>2026-01-25T04:22:43Z</time>
			</trkpt>
			<trkpt lat="24.750901" lon="110.458435">
				<speed>1.240309</speed>
				<ele>123.000000</ele>
				<time>2026-01-25T04:22:47Z</time>
			</trkpt>
			<trkpt lat="24.750855" lon="110.458463">
				<speed>1.434381</speed>
				<ele>123.000000</ele>
				<time>2026-01-25T04:22:51Z</time>
			</trkpt>
			<trkpt lat="24.750804" lon="110.458481">
				<speed>1.128312</speed>
				<ele>123.000000</ele>
				<time>2026-01-25T04:22:56Z</time>
			</trkpt>
			<trkpt lat="24.750753" lon="110.458487">
				<speed>1.378788</speed>
				<ele>122.000000</ele>
				<time>2026-01-25T04:23:00Z</time>
			</trkpt>
			<trkpt lat="24.750704" lon="110.458499">
				<speed>1.211657</speed>
				<ele>122.000000</ele>
				<time>2026-01-25T04:23:04Z</time>
			</trkpt>
			<trkpt lat="24.750657" lon="110.458502">
				<speed>1.161067</speed>
				<ele>122.000000</ele>
				<time>2026-01-25T04:23:08Z</time>
			</trkpt>
			<trkpt lat="24.750606" lon="110.458514">
				<speed>1.272503</speed>
				<ele>122.000000</ele>
				<time>2026-01-25T04:23:12Z</time>
			</trkpt>
			<trkpt lat="24.750563" lon="110.458534">
				<speed>1.522597</speed>
				<ele>123.000000</ele>
				<time>2026-01-25T04:23:15Z</time>
			</trkpt>
			<trkpt lat="24.750523" lon="110.458560">
				<speed>1.412197</speed>
				<ele>122.000000</ele>
				<time>2026-01-25T04:23:18Z</time>
			</trkpt>
			<trkpt lat="24.750481" lon="110.458591">
				<speed>0.798055</speed>
				<ele>122.000000</ele>
				<time>2026-01-25T04:23:24Z</time>
			</trkpt>
			<trkpt lat="24.750445" lon="110.458621">
				<speed>0.837022</speed>
				<ele>122.000000</ele>
				<time>2026-01-25T04:23:28Z</time>
			</trkpt>
			<trkpt lat="24.750405" lon="110.458660">
				<speed>1.537163</speed>
				<ele>122.000000</ele>
				<time>2026-01-25T04:23:32Z</time>
			</trkpt>
			<trkpt lat="24.750365" lon="110.458699">
				<speed>1.515269</speed>
				<ele>122.000000</ele>
				<time>2026-01-25T04:23:36Z</time>
			</trkpt>
			<trkpt lat="24.750322" lon="110.458734">
				<speed>1.560618</speed>
				<ele>122.000000</ele>
				<time>2026-01-25T04:23:40Z</time>
			</trkpt>
			<trkpt lat="24.750283" lon="110.458775">
				<speed>1.521344</speed>
				<ele>122.000000</ele>
				<time>2026-01-25T04:23:44Z</time>
			</trkpt>
			<trkpt lat="24.750245" lon="110.458804">
				<speed>1.256140</speed>
				<ele>122.000000</ele>
				<time>2026-01-25T04:23:48Z</time>
			</trkpt>
			<trkpt lat="24.750208" lon="110.458838">
				<speed>1.051401</speed>
				<ele>121.000000</ele>
				<time>2026-01-25T04:23:53Z</time>
			</trkpt>
			<trkpt lat="24.750168" lon="110.458861">
				<speed>1.151943</speed>
				<ele>121.000000</ele>
				<time>2026-01-25T04:23:57Z</time>
			</trkpt>
			<trkpt lat="24.750122" lon="110.458901">
				<speed>1.526812</speed>
				<ele>122.000000</ele>
				<time>2026-01-25T04:24:01Z</time>
			</trkpt>
			<trkpt lat="24.750083" lon="110.458945">
				<speed>1.522205</speed>
				<ele>121.000000</ele>
				<time>2026-01-25T04:24:05Z</time>
			</trkpt>
			<trkpt lat="24.750040" lon="110.458983">
				<speed>1.526937</speed>
				<ele>121.000000</ele>
				<time>2026-01-25T04:24:09Z</time>
			</trkpt>
			<trkpt lat="24.750001" lon="110.459015">
				<speed>1.523933</speed>
				<ele>121.000000</ele>
				<time>2026-01-25T04:24:13Z</time>
			</trkpt>
			<trkpt lat="24.749966" lon="110.459057">
				<speed>1.482612</speed>
				<ele>122.000000</ele>
				<time>2026-01-25T04:24:17Z</time>
			</trkpt>
			<trkpt lat="24.749926" lon="110.459098">
				<speed>0.872498</speed>
				<ele>121.000000</ele>
				<time>2026-01-25T04:24:23Z</time>
			</trkpt>
			<trkpt lat="24.749895" lon="110.459140">
				<speed>1.552900</speed>
				<ele>121.000000</ele>
				<time>2026-01-25T04:24:27Z</time>
			</trkpt>
			<trkpt lat="24.749854" lon="110.459175">
				<speed>1.367727</speed>
				<ele>121.000000</ele>
				<time>2026-01-25T04:24:31Z</time>
			</trkpt>
			<trkpt lat="24.749816" lon="110.459215">
				<speed>1.345165</speed>
				<ele>122.000000</ele>
				<time>2026-01-25T04:24:35Z</time>
			</trkpt>
			<trkpt lat="24.749783" lon="110.459253">
				<speed>1.363994</speed>
				<ele>122.000000</ele>
				<time>2026-01-25T04:24:39Z</time>
			</trkpt>
			<trkpt lat="24.749752" lon="110.459292">
				<speed>1.351383</speed>
				<ele>122.000000</ele>
				<time>2026-01-25T04:24:43Z</time>
			</trkpt>
			<trkpt lat="24.749715" lon="110.459328">
				<speed>1.373642</speed>
				<ele>121.000000</ele>
				<time>2026-01-25T04:24:47Z</time>
			</trkpt>
			<trkpt lat="24.749678" lon="110.459369">
				<speed>1.515612</speed>
				<ele>121.000000</ele>
				<time>2026-01-25T04:24:51Z</time>
			</trkpt>
			<trkpt lat="24.749643" lon="110.459407">
				<speed>1.501562</speed>
				<ele>121.000000</ele>
				<time>2026-01-25T04:24:55Z</time>
			</trkpt>
			<trkpt lat="24.749607" lon="110.459446">
				<speed>1.502957</speed>
				<ele>121.000000</ele>
				<time>2026-01-25T04:24:59Z</time>
			</trkpt>
			<trkpt lat="24.749572" lon="110.459491">
				<speed>1.513247</speed>
				<ele>121.000000</ele>
				<time>2026-01-25T04:25:03Z</time>
			</trkpt>
			<trkpt lat="24.749531" lon="110.459531">
				<speed>1.505968</speed>
				<ele>121.000000</ele>
				<time>2026-01-25T04:25:07Z</time>
			</trkpt>
			<trkpt lat="24.749492" lon="110.459575">
				<speed>1.571974</speed>
				<ele>121.000000</ele>
				<time>2026-01-25T04:25:11Z</time>
			</trkpt>
			<trkpt lat="24.749476" lon="110.459634">
				<speed>1.504945</speed>
				<ele>121.000000</ele>
				<time>2026-01-25T04:25:15Z</time>
			</trkpt>
			<trkpt lat="24.749497" lon="110.459689">
				<speed>1.472194</speed>
				<ele>121.000000</ele>
				<time>2026-01-25T04:25:19Z</time>
			</trkpt>
			<trkpt lat="24.749503" lon="110.459754">
				<speed>1.503841</speed>
				<ele>120.000000</ele>
				<time>2026-01-25T04:25:23Z</time>
			</trkpt>
			<trkpt lat="24.749505" lon="110.459817">
				<speed>1.508137</speed>
				<ele>121.000000</ele>
				<time>2026-01-25T04:25:27Z</time>
			</trkpt>
			<trkpt lat="24.749503" lon="110.459876">
				<speed>1.522663</speed>
				<ele>121.000000</ele>
				<time>2026-01-25T04:25:31Z</time>
			</trkpt>
			<trkpt lat="24.749479" lon="110.459931">
				<speed>1.540641</speed>
				<ele>121.000000</ele>
				<time>2026-01-25T04:25:35Z</time>
			</trkpt>
			<trkpt lat="24.749452" lon="110.459977">
				<speed>1.568328</speed>
				<ele>121.000000</ele>
				<time>2026-01-25T04:25:39Z</time>
			</trkpt>
			<trkpt lat="24.749417" lon="110.460022">
				<speed>1.560676</speed>
				<ele>121.000000</ele>
				<time>2026-01-25T04:25:43Z</time>
			</trkpt>
			<trkpt lat="24.749385" lon="110.460062">
				<speed>1.410666</speed>
				<ele>121.000000</ele>
				<time>2026-01-25T04:25:47Z</time>
			</trkpt>
			<trkpt lat="24.749349" lon="110.460100">
				<speed>1.445039</speed>
				<ele>121.000000</ele>
				<time>2026-01-25T04:25:51Z</time>
			</trkpt>
			<trkpt lat="24.749319" lon="110.460151">
				<speed>1.515351</speed>
				<ele>122.000000</ele>
				<time>2026-01-25T04:25:55Z</time>
			</trkpt>
			<trkpt lat="24.749294" lon="110.460207">
				<speed>1.453766</speed>
				<ele>122.000000</ele>
				<time>2026-01-25T04:25:59Z</time>
			</trkpt>
			<trkpt lat="24.749266" lon="110.460260">
				<speed>1.471475</speed>
				<ele>122.000000</ele>
				<time>2026-01-25T04:26:03Z</time>
			</trkpt>
			<trkpt lat="24.749242" lon="110.460308">
				<speed>1.467791</speed>
				<ele>122.000000</ele>
				<time>2026-01-25T04:26:07Z</time>
			</trkpt>
			<trkpt lat="24.749216" lon="110.460361">
				<speed>1.473698</speed>
				<ele>122.000000</ele>
				<time>2026-01-25T04:26:11Z</time>
			</trkpt>
			<trkpt lat="24.749194" lon="110.460420">
				<speed>1.470449</speed>
				<ele>122.000000</ele>
				<time>2026-01-25T04:26:15Z</time>
			</trkpt>
			<trkpt lat="24.749166" lon="110.460474">
				<speed>1.480906</speed>
				<ele>122.000000</ele>
				<time>2026-01-25T04:26:19Z</time>
			</trkpt>
			<trkpt lat="24.749141" lon="110.460527">
				<speed>1.450213</speed>
				<ele>123.000000</ele>
				<time>2026-01-25T04:26:23Z</time>
			</trkpt>
			<trkpt lat="24.749121" lon="110.460580">
				<speed>1.406097</speed>
				<ele>123.000000</ele>
				<time>2026-01-25T04:26:27Z</time>
			</trkpt>
			<trkpt lat="24.749097" lon="110.460631">
				<speed>1.435820</speed>
				<ele>123.000000</ele>
				<time>2026-01-25T04:26:31Z</time>
			</trkpt>
			<trkpt lat="24.749068" lon="110.460675">
				<speed>1.507833</speed>
				<ele>122.000000</ele>
				<time>2026-01-25T04:26:35Z</time>
			</trkpt>
			<trkpt lat="24.749069" lon="110.460735">
				<speed>1.276104</speed>
				<ele>123.000000</ele>
				<time>2026-01-25T04:26:39Z</time>
			</trkpt>
			<trkpt lat="24.749042" lon="110.460786">
				<speed>1.228524</speed>
				<ele>122.000000</ele>
				<time>2026-01-25T04:26:43Z</time>
			</trkpt>
			<trkpt lat="24.749009" lon="110.460830">
				<speed>1.421928</speed>
				<ele>122.000000</ele>
				<time>2026-01-25T04:26:47Z</time>
			</trkpt>
			<trkpt lat="24.748977" lon="110.460880">
				<speed>1.458885</speed>
				<ele>123.000000</ele>
				<time>2026-01-25T04:26:51Z</time>
			</trkpt>
			<trkpt lat="24.748945" lon="110.460928">
				<speed>1.457116</speed>
				<ele>123.000000</ele>
				<time>2026-01-25T04:26:55Z</time>
			</trkpt>
			<trkpt lat="24.748923" lon="110.460989">
				<speed>1.661423</speed>
				<ele>122.000000</ele>
				<time>2026-01-25T04:26:59Z</time>
			</trkpt>
			<trkpt lat="24.748901" lon="110.461043">
				<speed>1.356335</speed>
				<ele>122.000000</ele>
				<time>2026-01-25T04:27:03Z</time>
			</trkpt>
			<trkpt lat="24.748884" lon="110.461095">
				<speed>1.150828</speed>
				<ele>121.000000</ele>
				<time>2026-01-25T04:27:07Z</time>
			</trkpt>
			<trkpt lat="24.748886" lon="110.461151">
				<speed>1.337617</speed>
				<ele>122.000000</ele>
				<time>2026-01-25T04:27:11Z</time>
			</trkpt>
			<trkpt lat="24.748882" lon="110.461208">
				<speed>1.396987</speed>
				<ele>122.000000</ele>
				<time>2026-01-25T04:27:15Z</time>
			</trkpt>
			<trkpt lat="24.748867" lon="110.461268">
				<speed>1.255242</speed>
				<ele>121.000000</ele>
				<time>2026-01-25T04:27:20Z</time>
			</trkpt>
			<trkpt lat="24.748851" lon="110.461324">
				<speed>1.388916</speed>
				<ele>121.000000</ele>
				<time>2026-01-25T04:27:24Z</time>
			</trkpt>
			<trkpt lat="24.748837" lon="110.461377">
				<speed>1.399624</speed>
				<ele>121.000000</ele>
				<time>2026-01-25T04:27:28Z</time>
			</trkpt>
			<trkpt lat="24.748830" lon="110.461434">
				<speed>1.207244</speed>
				<ele>121.000000</ele>
				<time>2026-01-25T04:27:33Z</time>
			</trkpt>
			<trkpt lat="24.748815" lon="110.461483">
				<speed>1.309152</speed>
				<ele>120.000000</ele>
				<time>2026-01-25T04:27:37Z</time>
			</trkpt>
			<trkpt lat="24.748782" lon="110.461520">
				<speed>1.283923</speed>
				<ele>120.000000</ele>
				<time>2026-01-25T04:27:41Z</time>
			</trkpt>
			<trkpt lat="24.748734" lon="110.461517">
				<speed>1.253083</speed>
				<ele>121.000000</ele>
				<time>2026-01-25T04:27:45Z</time>
			</trkpt>
			<trkpt lat="24.748689" lon="110.461487">
				<speed>1.397446</speed>
				<ele>121.000000</ele>
				<time>2026-01-25T04:27:49Z</time>
			</trkpt>
			<trkpt lat="24.748645" lon="110.461461">
				<speed>1.360347</speed>
				<ele>121.000000</ele>
				<time>2026-01-25T04:27:53Z</time>
			</trkpt>
			<trkpt lat="24.748598" lon="110.461439">
				<speed>1.420593</speed>
				<ele>122.000000</ele>
				<time>2026-01-25T04:27:57Z</time>
			</trkpt>
			<trkpt lat="24.748551" lon="110.461422">
				<speed>1.424074</speed>
				<ele>121.000000</ele>
				<time>2026-01-25T04:28:01Z</time>
			</trkpt>
			<trkpt lat="24.748499" lon="110.461426">
				<speed>1.405077</speed>
				<ele>122.000000</ele>
				<time>2026-01-25T04:28:05Z</time>
			</trkpt>
			<trkpt lat="24.748446" lon="110.461447">
				<speed>1.387367</speed>
				<ele>121.000000</ele>
				<time>2026-01-25T04:28:10Z</time>
			</trkpt>
			<trkpt lat="24.748393" lon="110.461450">
				<speed>1.436135</speed>
				<ele>121.000000</ele>
				<time>2026-01-25T04:28:14Z</time>
			</trkpt>
			<trkpt lat="24.748343" lon="110.461456">
				<speed>1.444568</speed>
				<ele>120.000000</ele>
				<time>2026-01-25T04:28:18Z</time>
			</trkpt>
			<trkpt lat="24.748294" lon="110.461469">
				<speed>1.444443</speed>
				<ele>121.000000</ele>
				<time>2026-01-25T04:28:22Z</time>
			</trkpt>
			<trkpt lat="24.748256" lon="110.461507">
				<speed>1.467731</speed>
				<ele>120.000000</ele>
				<time>2026-01-25T04:28:26Z</time>
			</trkpt>
			<trkpt lat="24.748225" lon="110.461558">
				<speed>1.474330</speed>
				<ele>120.000000</ele>
				<time>2026-01-25T04:28:30Z</time>
			</trkpt>
			<trkpt lat="24.748195" lon="110.461608">
				<speed>1.472903</speed>
				<ele>120.000000</ele>
				<time>2026-01-25T04:28:34Z</time>
			</trkpt>
			<trkpt lat="24.748160" lon="110.461648">
				<speed>1.398634</speed>
				<ele>120.000000</ele>
				<time>2026-01-25T04:28:38Z</time>
			</trkpt>
			<trkpt lat="24.748118" lon="110.461669">
				<speed>1.244544</speed>
				<ele>121.000000</ele>
				<time>2026-01-25T04:28:42Z</time>
			</trkpt>
			<trkpt lat="24.748070" lon="110.461694">
				<speed>1.367294</speed>
				<ele>121.000000</ele>
				<time>2026-01-25T04:28:46Z</time>
			</trkpt>
			<trkpt lat="24.748023" lon="110.461724">
				<speed>1.483849</speed>
				<ele>121.000000</ele>
				<time>2026-01-25T04:28:50Z</time>
			</trkpt>
			<trkpt lat="24.747982" lon="110.461760">
				<speed>1.481709</speed>
				<ele>121.000000</ele>
				<time>2026-01-25T04:28:54Z</time>
			</trkpt>
			<trkpt lat="24.747945" lon="110.461804">
				<speed>1.488843</speed>
				<ele>121.000000</ele>
				<time>2026-01-25T04:28:58Z</time>
			</trkpt>
			<trkpt lat="24.747917" lon="110.461852">
				<speed>1.491522</speed>
				<ele>121.000000</ele>
				<time>2026-01-25T04:29:02Z</time>
			</trkpt>
			<trkpt lat="24.747892" lon="110.461903">
				<speed>1.492170</speed>
				<ele>121.000000</ele>
				<time>2026-01-25T04:29:06Z</time>
			</trkpt>
			<trkpt lat="24.747863" lon="110.461946">
				<speed>1.360615</speed>
				<ele>121.000000</ele>
				<time>2026-01-25T04:29:10Z</time>
			</trkpt>
			<trkpt lat="24.747832" lon="110.461982">
				<speed>1.206049</speed>
				<ele>121.000000</ele>
				<time>2026-01-25T04:29:14Z</time>
			</trkpt>
			<trkpt lat="24.747820" lon="110.462033">
				<speed>0.792502</speed>
				<ele>122.000000</ele>
				<time>2026-01-25T04:29:19Z</time>
			</trkpt>
			<trkpt lat="24.747798" lon="110.462076">
				<speed>0.902554</speed>
				<ele>121.000000</ele>
				<time>2026-01-25T04:29:25Z</time>
			</trkpt>
			<trkpt lat="24.747774" lon="110.462119">
				<speed>1.447391</speed>
				<ele>121.000000</ele>
				<time>2026-01-25T04:29:29Z</time>
			</trkpt>
			<trkpt lat="24.747755" lon="110.462165">
				<speed>1.175775</speed>
				<ele>120.000000</ele>
				<time>2026-01-25T04:29:33Z</time>
			</trkpt>
			<trkpt lat="24.747735" lon="110.462216">
				<speed>1.281852</speed>
				<ele>120.000000</ele>
				<time>2026-01-25T04:29:37Z</time>
			</trkpt>
			<trkpt lat="24.747712" lon="110.462267">
				<speed>1.407172</speed>
				<ele>121.000000</ele>
				<time>2026-01-25T04:29:41Z</time>
			</trkpt>
			<trkpt lat="24.747688" lon="110.462319">
				<speed>1.487561</speed>
				<ele>120.000000</ele>
				<time>2026-01-25T04:29:45Z</time>
			</trkpt>
			<trkpt lat="24.747673" lon="110.462368">
				<speed>1.419396</speed>
				<ele>120.000000</ele>
				<time>2026-01-25T04:29:49Z</time>
			</trkpt>
			<trkpt lat="24.747653" lon="110.462420">
				<speed>1.328201</speed>
				<ele>119.000000</ele>
				<time>2026-01-25T04:29:53Z</time>
			</trkpt>
			<trkpt lat="24.747638" lon="110.462470">
				<speed>1.406122</speed>
				<ele>120.000000</ele>
				<time>2026-01-25T04:29:57Z</time>
			</trkpt>
			<trkpt lat="24.747616" lon="110.462521">
				<speed>1.428573</speed>
				<ele>121.000000</ele>
				<time>2026-01-25T04:30:02Z</time>
			</trkpt>
			<trkpt lat="24.747602" lon="110.462584">
				<speed>1.388695</speed>
				<ele>122.000000</ele>
				<time>2026-01-25T04:30:07Z</time>
			</trkpt>
			<trkpt lat="24.747608" lon="110.462638">
				<speed>1.212466</speed>
				<ele>122.000000</ele>
				<time>2026-01-25T04:30:11Z</time>
			</trkpt>
			<trkpt lat="24.747624" lon="110.462685">
				<speed>1.476499</speed>
				<ele>122.000000</ele>
				<time>2026-01-25T04:30:14Z</time>
			</trkpt>
			<trkpt lat="24.747626" lon="110.462745">
				<speed>1.312444</speed>
				<ele>122.000000</ele>
				<time>2026-01-25T04:30:18Z</time>
			</trkpt>
			<trkpt lat="24.747619" lon="110.462795">
				<speed>1.018200</speed>
				<ele>121.000000</ele>
				<time>2026-01-25T04:30:22Z</time>
			</trkpt>
			<trkpt lat="24.747603" lon="110.462855">
				<speed>1.506410</speed>
				<ele>122.000000</ele>
				<time>2026-01-25T04:30:26Z</time>
			</trkpt>
			<trkpt lat="24.747577" lon="110.462907">
				<speed>1.390234</speed>
				<ele>121.000000</ele>
				<time>2026-01-25T04:30:30Z</time>
			</trkpt>
			<trkpt lat="24.747545" lon="110.462961">
				<speed>1.483296</speed>
				<ele>120.000000</ele>
				<time>2026-01-25T04:30:34Z</time>
			</trkpt>
			<trkpt lat="24.747510" lon="110.463005">
				<speed>1.489224</speed>
				<ele>120.000000</ele>
				<time>2026-01-25T04:30:38Z</time>
			</trkpt>
			<trkpt lat="24.747475" lon="110.463049">
				<speed>1.494809</speed>
				<ele>120.000000</ele>
				<time>2026-01-25T04:30:42Z</time>
			</trkpt>
			<trkpt lat="24.747440" lon="110.463092">
				<speed>1.498345</speed>
				<ele>121.000000</ele>
				<time>2026-01-25T04:30:46Z</time>
			</trkpt>
			<trkpt lat="24.747403" lon="110.463132">
				<speed>1.493427</speed>
				<ele>120.000000</ele>
				<time>2026-01-25T04:30:50Z</time>
			</trkpt>
			<trkpt lat="24.747366" lon="110.463175">
				<speed>1.489122</speed>
				<ele>121.000000</ele>
				<time>2026-01-25T04:30:54Z</time>
			</trkpt>
			<trkpt lat="24.747331" lon="110.463215">
				<speed>1.461873</speed>
				<ele>120.000000</ele>
				<time>2026-01-25T04:30:58Z</time>
			</trkpt>
			<trkpt lat="24.747297" lon="110.463257">
				<speed>1.478407</speed>
				<ele>120.000000</ele>
				<time>2026-01-25T04:31:02Z</time>
			</trkpt>
			<trkpt lat="24.747254" lon="110.463291">
				<speed>1.456902</speed>
				<ele>120.000000</ele>
				<time>2026-01-25T04:31:06Z</time>
			</trkpt>
			<trkpt lat="24.747217" lon="110.463330">
				<speed>1.428697</speed>
				<ele>120.000000</ele>
				<time>2026-01-25T04:31:10Z</time>
			</trkpt>
			<trkpt lat="24.747181" lon="110.463371">
				<speed>1.459493</speed>
				<ele>120.000000</ele>
				<time>2026-01-25T04:31:14Z</time>
			</trkpt>
			<trkpt lat="24.747148" lon="110.463415">
				<speed>1.424385</speed>
				<ele>120.000000</ele>
				<time>2026-01-25T04:31:18Z</time>
			</trkpt>
			<trkpt lat="24.747118" lon="110.463460">
				<speed>1.314828</speed>
				<ele>120.000000</ele>
				<time>2026-01-25T04:31:22Z</time>
			</trkpt>
			<trkpt lat="24.747101" lon="110.463514">
				<speed>1.405047</speed>
				<ele>120.000000</ele>
				<time>2026-01-25T04:31:26Z</time>
			</trkpt>
			<trkpt lat="24.747100" lon="110.463565">
				<speed>1.487653</speed>
				<ele>119.000000</ele>
				<time>2026-01-25T04:31:30Z</time>
			</trkpt>
			<trkpt lat="24.747097" lon="110.463623">
				<speed>1.496763</speed>
				<ele>119.000000</ele>
				<time>2026-01-25T04:31:34Z</time>
			</trkpt>
			<trkpt lat="24.747071" lon="110.463666">
				<speed>0.665841</speed>
				<ele>120.000000</ele>
				<time>2026-01-25T04:31:39Z</time>
			</trkpt>
			<trkpt lat="24.747044" lon="110.463707">
				<speed>1.609787</speed>
				<ele>119.000000</ele>
				<time>2026-01-25T04:31:42Z</time>
			</trkpt>
			<trkpt lat="24.747007" lon="110.463745">
				<speed>1.434483</speed>
				<ele>120.000000</ele>
				<time>2026-01-25T04:31:46Z</time>
			</trkpt>
			<trkpt lat="24.746966" lon="110.463787">
				<speed>1.466907</speed>
				<ele>120.000000</ele>
				<time>2026-01-25T04:31:50Z</time>
			</trkpt>
			<trkpt lat="24.746920" lon="110.463827">
				<speed>1.484389</speed>
				<ele>120.000000</ele>
				<time>2026-01-25T04:31:54Z</time>
			</trkpt>
			<trkpt lat="24.746878" lon="110.463864">
				<speed>1.488054</speed>
				<ele>120.000000</ele>
				<time>2026-01-25T04:31:58Z</time>
			</trkpt>
			<trkpt lat="24.746840" lon="110.463902">
				<speed>1.497653</speed>
				<ele>120.000000</ele>
				<time>2026-01-25T04:32:02Z</time>
			</trkpt>
			<trkpt lat="24.746803" lon="110.463945">
				<speed>1.513279</speed>
				<ele>120.000000</ele>
				<time>2026-01-25T04:32:06Z</time>
			</trkpt>
			<trkpt lat="24.746769" lon="110.463990">
				<speed>1.431284</speed>
				<ele>120.000000</ele>
				<time>2026-01-25T04:32:10Z</time>
			</trkpt>
			<trkpt lat="24.746741" lon="110.464038">
				<speed>1.497335</speed>
				<ele>120.000000</ele>
				<time>2026-01-25T04:32:14Z</time>
			</trkpt>
			<trkpt lat="24.746708" lon="110.464084">
				<speed>1.485300</speed>
				<ele>119.000000</ele>
				<time>2026-01-25T04:32:18Z</time>
			</trkpt>
			<trkpt lat="24.746676" lon="110.464136">
				<speed>1.511832</speed>
				<ele>120.000000</ele>
				<time>2026-01-25T04:32:22Z</time>
			</trkpt>
			<trkpt lat="24.746645" lon="110.464179">
				<speed>1.481727</speed>
				<ele>119.000000</ele>
				<time>2026-01-25T04:32:26Z</time>
			</trkpt>
			<trkpt lat="24.746613" lon="110.464221">
				<speed>1.499853</speed>
				<ele>119.000000</ele>
				<time>2026-01-25T04:32:30Z</time>
			</trkpt>
			<trkpt lat="24.746586" lon="110.464271">
				<speed>1.488062</speed>
				<ele>119.000000</ele>
				<time>2026-01-25T04:32:34Z</time>
			</trkpt>
			<trkpt lat="24.746576" lon="110.464329">
				<speed>1.502251</speed>
				<ele>119.000000</ele>
				<time>2026-01-25T04:32:38Z</time>
			</trkpt>
			<trkpt lat="24.746574" lon="110.464383">
				<speed>1.488933</speed>
				<ele>119.000000</ele>
				<time>2026-01-25T04:32:42Z</time>
			</trkpt>
			<trkpt lat="24.746567" lon="110.464441">
				<speed>1.518963</speed>
				<ele>119.000000</ele>
				<time>2026-01-25T04:32:46Z</time>
			</trkpt>
			<trkpt lat="24.746545" lon="110.464493">
				<speed>1.486644</speed>
				<ele>119.000000</ele>
				<time>2026-01-25T04:32:50Z</time>
			</trkpt>
			<trkpt lat="24.746523" lon="110.464547">
				<speed>1.482435</speed>
				<ele>119.000000</ele>
				<time>2026-01-25T04:32:54Z</time>
			</trkpt>
			<trkpt lat="24.746497" lon="110.464598">
				<speed>1.489211</speed>
				<ele>119.000000</ele>
				<time>2026-01-25T04:32:58Z</time>
			</trkpt>
			<trkpt lat="24.746469" lon="110.464643">
				<speed>1.486817</speed>
				<ele>119.000000</ele>
				<time>2026-01-25T04:33:02Z</time>
			</trkpt>
			<trkpt lat="24.746437" lon="110.464687">
				<speed>1.491885</speed>
				<ele>119.000000</ele>
				<time>2026-01-25T04:33:06Z</time>
			</trkpt>
			<trkpt lat="24.746409" lon="110.464736">
				<speed>1.487597</speed>
				<ele>119.000000</ele>
				<time>2026-01-25T04:33:10Z</time>
			</trkpt>
			<trkpt lat="24.746376" lon="110.464782">
				<speed>1.495650</speed>
				<ele>119.000000</ele>
				<time>2026-01-25T04:33:14Z</time>
			</trkpt>
			<trkpt lat="24.746341" lon="110.464828">
				<speed>1.499257</speed>
				<ele>119.000000</ele>
				<time>2026-01-25T04:33:18Z</time>
			</trkpt>
			<trkpt lat="24.746312" lon="110.464874">
				<speed>1.497306</speed>
				<ele>119.000000</ele>
				<time>2026-01-25T04:33:22Z</time>
			</trkpt>
			<trkpt lat="24.746276" lon="110.464924">
				<speed>1.512799</speed>
				<ele>120.000000</ele>
				<time>2026-01-25T04:33:27Z</time>
			</trkpt>
			<trkpt lat="24.746232" lon="110.464960">
				<speed>1.470734</speed>
				<ele>120.000000</ele>
				<time>2026-01-25T04:33:32Z</time>
			</trkpt>
			<trkpt lat="24.746185" lon="110.464983">
				<speed>1.447435</speed>
				<ele>121.000000</ele>
				<time>2026-01-25T04:33:36Z</time>
			</trkpt>
			<trkpt lat="24.746146" lon="110.465019">
				<speed>1.438060</speed>
				<ele>121.000000</ele>
				<time>2026-01-25T04:33:40Z</time>
			</trkpt>
			<trkpt lat="24.746114" lon="110.465057">
				<speed>1.224680</speed>
				<ele>117.000000</ele>
				<time>2026-01-25T04:33:44Z</time>
			</trkpt>
			<trkpt lat="24.746081" lon="110.465096">
				<speed>1.064796</speed>
				<ele>117.000000</ele>
				<time>2026-01-25T04:33:48Z</time>
			</trkpt>
			<trkpt lat="24.746046" lon="110.465128">
				<speed>1.394410</speed>
				<ele>118.000000</ele>
				<time>2026-01-25T04:33:51Z</time>
			</trkpt>
			<trkpt lat="24.746011" lon="110.465167">
				<speed>0.984523</speed>
				<ele>118.000000</ele>
				<time>2026-01-25T04:33:56Z</time>
			</trkpt>
			<trkpt lat="24.745973" lon="110.465208">
				<speed>1.017424</speed>
				<ele>118.000000</ele>
				<time>2026-01-25T04:34:01Z</time>
			</trkpt>
			<trkpt lat="24.745940" lon="110.465246">
				<speed>1.428494</speed>
				<ele>118.000000</ele>
				<time>2026-01-25T04:34:04Z</time>
			</trkpt>
			<trkpt lat="24.745905" lon="110.465290">
				<speed>1.291581</speed>
				<ele>119.000000</ele>
				<time>2026-01-25T04:34:08Z</time>
			</trkpt>
			<trkpt lat="24.745874" lon="110.465329">
				<speed>1.459455</speed>
				<ele>119.000000</ele>
				<time>2026-01-25T04:34:11Z</time>
			</trkpt>
			<trkpt lat="24.745838" lon="110.465362">
				<speed>1.034140</speed>
				<ele>119.000000</ele>
				<time>2026-01-25T04:34:15Z</time>
			</trkpt>
			<trkpt lat="24.745809" lon="110.465403">
				<speed>1.712377</speed>
				<ele>120.000000</ele>
				<time>2026-01-25T04:34:18Z</time>
			</trkpt>
			<trkpt lat="24.745775" lon="110.465439">
				<speed>1.198001</speed>
				<ele>119.000000</ele>
				<time>2026-01-25T04:34:22Z</time>
			</trkpt>
			<trkpt lat="24.745738" lon="110.465482">
				<speed>1.113047</speed>
				<ele>119.000000</ele>
				<time>2026-01-25T04:34:26Z</time>
			</trkpt>
			<trkpt lat="24.745705" lon="110.465528">
				<speed>1.173342</speed>
				<ele>119.000000</ele>
				<time>2026-01-25T04:34:30Z</time>
			</trkpt>
			<trkpt lat="24.745672" lon="110.465567">
				<speed>1.215168</speed>
				<ele>118.000000</ele>
				<time>2026-01-25T04:34:34Z</time>
			</trkpt>
			<trkpt lat="24.745638" lon="110.465607">
				<speed>1.005201</speed>
				<ele>119.000000</ele>
				<time>2026-01-25T04:34:38Z</time>
			</trkpt>
			<trkpt lat="24.745603" lon="110.465651">
				<speed>1.019727</speed>
				<ele>118.000000</ele>
				<time>2026-01-25T04:34:42Z</time>
			</trkpt>
			<trkpt lat="24.745567" lon="110.465703">
				<speed>1.326666</speed>
				<ele>118.000000</ele>
				<time>2026-01-25T04:34:46Z</time>
			</trkpt>
			<trkpt lat="24.745538" lon="110.465760">
				<speed>1.081148</speed>
				<ele>120.000000</ele>
				<time>2026-01-25T04:34:50Z</time>
			</trkpt>
			<trkpt lat="24.745510" lon="110.465808">
				<speed>0.986491</speed>
				<ele>118.000000</ele>
				<time>2026-01-25T04:34:53Z</time>
			</trkpt>
			<trkpt lat="24.745504" lon="110.465864">
				<speed>0.947882</speed>
				<ele>118.000000</ele>
				<time>2026-01-25T04:34:58Z</time>
			</trkpt>
			<trkpt lat="24.745500" lon="110.465913">
				<speed>1.210324</speed>
				<ele>118.000000</ele>
				<time>2026-01-25T04:35:02Z</time>
			</trkpt>
			<trkpt lat="24.745484" lon="110.465970">
				<speed>1.103065</speed>
				<ele>117.000000</ele>
				<time>2026-01-25T04:35:06Z</time>
			</trkpt>
			<trkpt lat="24.745469" lon="110.466026">
				<speed>0.903787</speed>
				<ele>119.000000</ele>
				<time>2026-01-25T04:35:11Z</time>
			</trkpt>
			<trkpt lat="24.745459" lon="110.466077">
				<speed>0.866168</speed>
				<ele>119.000000</ele>
				<time>2026-01-25T04:35:15Z</time>
			</trkpt>
			<trkpt lat="24.745438" lon="110.466122">
				<speed>0.686916</speed>
				<ele>120.000000</ele>
				<time>2026-01-25T04:35:18Z</time>
			</trkpt>
			<trkpt lat="24.745440" lon="110.466176">
				<speed>0.772208</speed>
				<ele>119.000000</ele>
				<time>2026-01-25T04:35:22Z</time>
			</trkpt>
			<trkpt lat="24.745473" lon="110.466229">
				<speed>1.054237</speed>
				<ele>119.000000</ele>
				<time>2026-01-25T04:35:27Z</time>
			</trkpt>
			<trkpt lat="24.745500" lon="110.466274">
				<speed>1.128870</speed>
				<ele>118.000000</ele>
				<time>2026-01-25T04:35:30Z</time>
			</trkpt>
			<trkpt lat="24.745520" lon="110.466336">
				<speed>1.334680</speed>
				<ele>120.000000</ele>
				<time>2026-01-25T04:35:33Z</time>
			</trkpt>
			<trkpt lat="24.745560" lon="110.466370">
				<speed>1.118377</speed>
				<ele>119.000000</ele>
				<time>2026-01-25T04:35:37Z</time>
			</trkpt>
			<trkpt lat="24.745594" lon="110.466408">
				<speed>1.562082</speed>
				<ele>120.000000</ele>
				<time>2026-01-25T04:35:40Z</time>
			</trkpt>
			<trkpt lat="24.745623" lon="110.466447">
				<speed>1.172578</speed>
				<ele>122.000000</ele>
				<time>2026-01-25T04:35:43Z</time>
			</trkpt>
			<trkpt lat="24.745666" lon="110.466484">
				<speed>1.245105</speed>
				<ele>121.000000</ele>
				<time>2026-01-25T04:35:47Z</time>
			</trkpt>
			<trkpt lat="24.745722" lon="110.466495">
				<speed>1.581984</speed>
				<ele>121.000000</ele>
				<time>2026-01-25T04:35:51Z</time>
			</trkpt>
			<trkpt lat="24.745789" lon="110.466471">
				<speed>1.433349</speed>
				<ele>120.000000</ele>
				<time>2026-01-25T04:35:57Z</time>
			</trkpt>
			<trkpt lat="24.745824" lon="110.466502">
				<speed>1.149729</speed>
				<ele>119.000000</ele>
				<time>2026-01-25T04:36:04Z</time>
			</trkpt>
			<trkpt lat="24.745857" lon="110.466538">
				<speed>1.004422</speed>
				<ele>118.000000</ele>
				<time>2026-01-25T04:36:09Z</time>
			</trkpt>
			<trkpt lat="24.745906" lon="110.466562">
				<speed>1.383339</speed>
				<ele>121.000000</ele>
				<time>2026-01-25T04:36:12Z</time>
			</trkpt>
			<trkpt lat="24.745948" lon="110.466589">
				<speed>1.460094</speed>
				<ele>121.000000</ele>
				<time>2026-01-25T04:36:15Z</time>
			</trkpt>
			<trkpt lat="24.745934" lon="110.466639">
				<speed>1.057015</speed>
				<ele>120.000000</ele>
				<time>2026-01-25T04:36:19Z</time>
			</trkpt>
			<trkpt lat="24.745940" lon="110.466693">
				<speed>1.298581</speed>
				<ele>120.000000</ele>
				<time>2026-01-25T04:36:22Z</time>
			</trkpt>
			<trkpt lat="24.745921" lon="110.466740">
				<speed>0.711406</speed>
				<ele>120.000000</ele>
				<time>2026-01-25T04:36:27Z</time>
			</trkpt>
			<trkpt lat="24.745904" lon="110.466790">
				<speed>0.499738</speed>
				<ele>121.000000</ele>
				<time>2026-01-25T04:36:36Z</time>
			</trkpt>
			<trkpt lat="24.745858" lon="110.466767">
				<speed>1.247095</speed>
				<ele>121.000000</ele>
				<time>2026-01-25T04:36:41Z</time>
			</trkpt>
			<trkpt lat="24.745808" lon="110.466777">
				<speed>1.321068</speed>
				<ele>122.000000</ele>
				<time>2026-01-25T04:36:47Z</time>
			</trkpt>
			<trkpt lat="24.745767" lon="110.466805">
				<speed>1.116437</speed>
				<ele>121.000000</ele>
				<time>2026-01-25T04:36:53Z</time>
			</trkpt>
			<trkpt lat="24.745720" lon="110.466802">
				<speed>0.972658</speed>
				<ele>122.000000</ele>
				<time>2026-01-25T04:36:57Z</time>
			</trkpt>
			<trkpt lat="24.745672" lon="110.466789">
				<speed>0.979007</speed>
				<ele>120.000000</ele>
				<time>2026-01-25T04:37:01Z</time>
			</trkpt>
			<trkpt lat="24.745626" lon="110.466789">
				<speed>0.810077</speed>
				<ele>120.000000</ele>
				<time>2026-01-25T04:37:05Z</time>
			</trkpt>
			<trkpt lat="24.745590" lon="110.466821">
				<speed>1.089365</speed>
				<ele>120.000000</ele>
				<time>2026-01-25T04:37:09Z</time>
			</trkpt>
			<trkpt lat="24.745551" lon="110.466854">
				<speed>1.287147</speed>
				<ele>120.000000</ele>
				<time>2026-01-25T04:37:13Z</time>
			</trkpt>
			<trkpt lat="24.745528" lon="110.466906">
				<speed>1.531655</speed>
				<ele>121.000000</ele>
				<time>2026-01-25T04:37:16Z</time>
			</trkpt>
			<trkpt lat="24.745487" lon="110.466930">
				<speed>1.077717</speed>
				<ele>120.000000</ele>
				<time>2026-01-25T04:37:20Z</time>
			</trkpt>
			<trkpt lat="24.745458" lon="110.466968">
				<speed>1.356210</speed>
				<ele>120.000000</ele>
				<time>2026-01-25T04:37:23Z</time>
			</trkpt>
			<trkpt lat="24.745418" lon="110.467013">
				<speed>1.455215</speed>
				<ele>120.000000</ele>
				<time>2026-01-25T04:37:28Z</time>
			</trkpt>
			<trkpt lat="24.745384" lon="110.467064">
				<speed>1.215452</speed>
				<ele>120.000000</ele>
				<time>2026-01-25T04:37:32Z</time>
			</trkpt>
			<trkpt lat="24.745357" lon="110.467110">
				<speed>0.633917</speed>
				<ele>119.000000</ele>
				<time>2026-01-25T04:37:37Z</time>
			</trkpt>
			<trkpt lat="24.745335" lon="110.467161">
				<speed>1.404935</speed>
				<ele>120.000000</ele>
				<time>2026-01-25T04:37:40Z</time>
			</trkpt>
			<trkpt lat="24.745305" lon="110.467201">
				<speed>1.073021</speed>
				<ele>120.000000</ele>
				<time>2026-01-25T04:37:44Z</time>
			</trkpt>
			<trkpt lat="24.745288" lon="110.467262">
				<speed>1.124815</speed>
				<ele>119.000000</ele>
				<time>2026-01-25T04:37:48Z</time>
			</trkpt>
			<trkpt lat="24.745229" lon="110.467282">
				<speed>1.245465</speed>
				<ele>118.000000</ele>
				<time>2026-01-25T04:37:53Z</time>
			</trkpt>
			<trkpt lat="24.745180" lon="110.467296">
				<speed>0.802900</speed>
				<ele>120.000000</ele>
				<time>2026-01-25T04:37:58Z</time>
			</trkpt>
			<trkpt lat="24.745140" lon="110.467271">
				<speed>0.930704</speed>
				<ele>120.000000</ele>
				<time>2026-01-25T04:38:04Z</time>
			</trkpt>
			<trkpt lat="24.745110" lon="110.467221">
				<speed>0.962404</speed>
				<ele>120.000000</ele>
				<time>2026-01-25T04:38:09Z</time>
			</trkpt>
			<trkpt lat="24.745068" lon="110.467187">
				<speed>1.203953</speed>
				<ele>120.000000</ele>
				<time>2026-01-25T04:38:13Z</time>
			</trkpt>
			<trkpt lat="24.745021" lon="110.467187">
				<speed>0.881940</speed>
				<ele>121.000000</ele>
				<time>2026-01-25T04:38:16Z</time>
			</trkpt>
			<trkpt lat="24.744976" lon="110.467177">
				<speed>0.852647</speed>
				<ele>119.000000</ele>
				<time>2026-01-25T04:38:19Z</time>
			</trkpt>
			<trkpt lat="24.744930" lon="110.467163">
				<speed>0.874132</speed>
				<ele>121.000000</ele>
				<time>2026-01-25T04:38:23Z</time>
			</trkpt>
			<trkpt lat="24.744882" lon="110.467143">
				<speed>0.567900</speed>
				<ele>120.000000</ele>
				<time>2026-01-25T04:38:29Z</time>
			</trkpt>
			<trkpt lat="24.744839" lon="110.467121">
				<speed>0.659482</speed>
				<ele>119.000000</ele>
				<time>2026-01-25T04:38:33Z</time>
			</trkpt>
			<trkpt lat="24.744792" lon="110.467117">
				<speed>0.702311</speed>
				<ele>119.000000</ele>
				<time>2026-01-25T04:38:37Z</time>
			</trkpt>
			<trkpt lat="24.744737" lon="110.467126">
				<speed>0.806911</speed>
				<ele>120.000000</ele>
				<time>2026-01-25T04:38:41Z</time>
			</trkpt>
			<trkpt lat="24.744690" lon="110.467160">
				<speed>1.256195</speed>
				<ele>120.000000</ele>
				<time>2026-01-25T04:38:44Z</time>
			</trkpt>
			<trkpt lat="24.744649" lon="110.467195">
				<speed>0.961693</speed>
				<ele>119.000000</ele>
				<time>2026-01-25T04:38:48Z</time>
			</trkpt>
			<trkpt lat="24.744607" lon="110.467245">
				<speed>1.330396</speed>
				<ele>119.000000</ele>
				<time>2026-01-25T04:38:52Z</time>
			</trkpt>
			<trkpt lat="24.744569" lon="110.467289">
				<speed>0.785872</speed>
				<ele>118.000000</ele>
				<time>2026-01-25T04:38:57Z</time>
			</trkpt>
			<trkpt lat="24.744539" lon="110.467327">
				<speed>0.924031</speed>
				<ele>117.000000</ele>
				<time>2026-01-25T04:39:01Z</time>
			</trkpt>
			<trkpt lat="24.744512" lon="110.467369">
				<speed>1.434519</speed>
				<ele>118.000000</ele>
				<time>2026-01-25T04:39:04Z</time>
			</trkpt>
			<trkpt lat="24.744477" lon="110.467415">
				<speed>0.624165</speed>
				<ele>118.000000</ele>
				<time>2026-01-25T04:39:09Z</time>
			</trkpt>
			<trkpt lat="24.744437" lon="110.467448">
				<speed>1.237741</speed>
				<ele>118.000000</ele>
				<time>2026-01-25T04:39:12Z</time>
			</trkpt>
			<trkpt lat="24.744400" lon="110.467489">
				<speed>1.473702</speed>
				<ele>119.000000</ele>
				<time>2026-01-25T04:39:15Z</time>
			</trkpt>
			<trkpt lat="24.744372" lon="110.467532">
				<speed>1.131452</speed>
				<ele>120.000000</ele>
				<time>2026-01-25T04:39:18Z</time>
			</trkpt>
			<trkpt lat="24.744345" lon="110.467586">
				<speed>1.303921</speed>
				<ele>120.000000</ele>
				<time>2026-01-25T04:39:22Z</time>
			</trkpt>
			<trkpt lat="24.744317" lon="110.467637">
				<speed>1.224445</speed>
				<ele>120.000000</ele>
				<time>2026-01-25T04:39:26Z</time>
			</trkpt>
			<trkpt lat="24.744285" lon="110.467683">
				<speed>1.105882</speed>
				<ele>120.000000</ele>
				<time>2026-01-25T04:39:30Z</time>
			</trkpt>
			<trkpt lat="24.744260" lon="110.467728">
				<speed>0.766205</speed>
				<ele>120.000000</ele>
				<time>2026-01-25T04:39:34Z</time>
			</trkpt>
			<trkpt lat="24.744236" lon="110.467769">
				<speed>0.869533</speed>
				<ele>119.000000</ele>
				<time>2026-01-25T04:39:38Z</time>
			</trkpt>
			<trkpt lat="24.744200" lon="110.467802">
				<speed>1.313213</speed>
				<ele>118.000000</ele>
				<time>2026-01-25T04:39:41Z</time>
			</trkpt>
			<trkpt lat="24.744175" lon="110.467847">
				<speed>1.138750</speed>
				<ele>118.000000</ele>
				<time>2026-01-25T04:39:45Z</time>
			</trkpt>
			<trkpt lat="24.744144" lon="110.467894">
				<speed>1.224248</speed>
				<ele>119.000000</ele>
				<time>2026-01-25T04:39:50Z</time>
			</trkpt>
			<trkpt lat="24.744115" lon="110.467937">
				<speed>1.094545</speed>
				<ele>120.000000</ele>
				<time>2026-01-25T04:39:54Z</time>
			</trkpt>
			<trkpt lat="24.744095" lon="110.467985">
				<speed>0.881037</speed>
				<ele>118.000000</ele>
				<time>2026-01-25T04:39:58Z</time>
			</trkpt>
			<trkpt lat="24.744075" lon="110.468040">
				<speed>1.306726</speed>
				<ele>119.000000</ele>
				<time>2026-01-25T04:40:02Z</time>
			</trkpt>
			<trkpt lat="24.744051" lon="110.468100">
				<speed>1.418428</speed>
				<ele>120.000000</ele>
				<time>2026-01-25T04:40:07Z</time>
			</trkpt>
			<trkpt lat="24.744031" lon="110.468145">
				<speed>1.059241</speed>
				<ele>120.000000</ele>
				<time>2026-01-25T04:40:11Z</time>
			</trkpt>
			<trkpt lat="24.744010" lon="110.468202">
				<speed>0.998292</speed>
				<ele>120.000000</ele>
				<time>2026-01-25T04:40:15Z</time>
			</trkpt>
			<trkpt lat="24.743985" lon="110.468256">
				<speed>1.286515</speed>
				<ele>119.000000</ele>
				<time>2026-01-25T04:40:19Z</time>
			</trkpt>
			<trkpt lat="24.743967" lon="110.468306">
				<speed>0.940517</speed>
				<ele>119.000000</ele>
				<time>2026-01-25T04:40:22Z</time>
			</trkpt>
			<trkpt lat="24.743950" lon="110.468357">
				<speed>1.131318</speed>
				<ele>119.000000</ele>
				<time>2026-01-25T04:40:26Z</time>
			</trkpt>
			<trkpt lat="24.743941" lon="110.468406">
				<speed>1.060565</speed>
				<ele>119.000000</ele>
				<time>2026-01-25T04:40:30Z</time>
			</trkpt>
			<trkpt lat="24.743929" lon="110.468455">
				<speed>1.156436</speed>
				<ele>119.000000</ele>
				<time>2026-01-25T04:40:34Z</time>
			</trkpt>
			<trkpt lat="24.743912" lon="110.468510">
				<speed>1.006040</speed>
				<ele>119.000000</ele>
				<time>2026-01-25T04:40:38Z</time>
			</trkpt>
			<trkpt lat="24.743898" lon="110.468565">
				<speed>1.352228</speed>
				<ele>119.000000</ele>
				<time>2026-01-25T04:40:42Z</time>
			</trkpt>
			<trkpt lat="24.743885" lon="110.468615">
				<speed>1.012915</speed>
				<ele>119.000000</ele>
				<time>2026-01-25T04:40:47Z</time>
			</trkpt>
			<trkpt lat="24.743870" lon="110.468672">
				<speed>1.342750</speed>
				<ele>119.000000</ele>
				<time>2026-01-25T04:40:51Z</time>
			</trkpt>
			<trkpt lat="24.743861" lon="110.468722">
				<speed>1.454360</speed>
				<ele>120.000000</ele>
				<time>2026-01-25T04:40:54Z</time>
			</trkpt>
			<trkpt lat="24.743856" lon="110.468780">
				<speed>1.352790</speed>
				<ele>120.000000</ele>
				<time>2026-01-25T04:40:58Z</time>
			</trkpt>
			<trkpt lat="24.743853" lon="110.468850">
				<speed>1.505717</speed>
				<ele>119.000000</ele>
				<time>2026-01-25T04:41:03Z</time>
			</trkpt>
			<trkpt lat="24.743845" lon="110.468900">
				<speed>0.854500</speed>
				<ele>119.000000</ele>
				<time>2026-01-25T04:41:07Z</time>
			</trkpt>
			<trkpt lat="24.743842" lon="110.468950">
				<speed>1.549807</speed>
				<ele>120.000000</ele>
				<time>2026-01-25T04:41:10Z</time>
			</trkpt>
			<trkpt lat="24.743832" lon="110.469004">
				<speed>1.033015</speed>
				<ele>118.000000</ele>
				<time>2026-01-25T04:41:15Z</time>
			</trkpt>
			<trkpt lat="24.743824" lon="110.469057">
				<speed>1.177211</speed>
				<ele>118.000000</ele>
				<time>2026-01-25T04:41:22Z</time>
			</trkpt>
			<trkpt lat="24.743827" lon="110.469119">
				<speed>1.018989</speed>
				<ele>116.000000</ele>
				<time>2026-01-25T04:41:26Z</time>
			</trkpt>
			<trkpt lat="24.743839" lon="110.469174">
				<speed>0.575636</speed>
				<ele>117.000000</ele>
				<time>2026-01-25T04:41:30Z</time>
			</trkpt>
			<trkpt lat="24.743857" lon="110.469239">
				<speed>1.012177</speed>
				<ele>117.000000</ele>
				<time>2026-01-25T04:41:34Z</time>
			</trkpt>
			<trkpt lat="24.743861" lon="110.469295">
				<speed>1.247973</speed>
				<ele>118.000000</ele>
				<time>2026-01-25T04:41:37Z</time>
			</trkpt>
			<trkpt lat="24.743863" lon="110.469352">
				<speed>1.618268</speed>
				<ele>118.000000</ele>
				<time>2026-01-25T04:41:40Z</time>
			</trkpt>
			<trkpt lat="24.743876" lon="110.469417">
				<speed>1.509592</speed>
				<ele>118.000000</ele>
				<time>2026-01-25T04:41:44Z</time>
			</trkpt>
			<trkpt lat="24.743891" lon="110.469472">
				<speed>1.776512</speed>
				<ele>118.000000</ele>
				<time>2026-01-25T04:41:47Z</time>
			</trkpt>
			<trkpt lat="24.743894" lon="110.469523">
				<speed>1.043853</speed>
				<ele>119.000000</ele>
				<time>2026-01-25T04:41:51Z</time>
			</trkpt>
			<trkpt lat="24.743913" lon="110.469586">
				<speed>1.261483</speed>
				<ele>118.000000</ele>
				<time>2026-01-25T04:41:56Z</time>
			</trkpt>
			<trkpt lat="24.743942" lon="110.469634">
				<speed>0.952819</speed>
				<ele>119.000000</ele>
				<time>2026-01-25T04:42:01Z</time>
			</trkpt>
			<trkpt lat="24.743965" lon="110.469688">
				<speed>1.150256</speed>
				<ele>119.000000</ele>
				<time>2026-01-25T04:42:06Z</time>
			</trkpt>
			<trkpt lat="24.743985" lon="110.469746">
				<speed>0.947342</speed>
				<ele>119.000000</ele>
				<time>2026-01-25T04:42:11Z</time>
			</trkpt>
			<trkpt lat="24.744009" lon="110.469789">
				<speed>0.638675</speed>
				<ele>118.000000</ele>
				<time>2026-01-25T04:42:16Z</time>
			</trkpt>
			<trkpt lat="24.744033" lon="110.469839">
				<speed>1.022276</speed>
				<ele>120.000000</ele>
				<time>2026-01-25T04:42:20Z</time>
			</trkpt>
			<trkpt lat="24.744078" lon="110.469873">
				<speed>1.044834</speed>
				<ele>119.000000</ele>
				<time>2026-01-25T04:42:24Z</time>
			</trkpt>
			<trkpt lat="24.744122" lon="110.469885">
				<speed>1.416660</speed>
				<ele>121.000000</ele>
				<time>2026-01-25T04:42:27Z</time>
			</trkpt>
			<trkpt lat="24.744156" lon="110.469933">
				<speed>1.378607</speed>
				<ele>120.000000</ele>
				<time>2026-01-25T04:42:31Z</time>
			</trkpt>
			<trkpt lat="24.744178" lon="110.469980">
				<speed>0.654748</speed>
				<ele>119.000000</ele>
				<time>2026-01-25T04:42:36Z</time>
			</trkpt>
			<trkpt lat="24.744194" lon="110.470039">
				<speed>1.092691</speed>
				<ele>120.000000</ele>
				<time>2026-01-25T04:42:40Z</time>
			</trkpt>
			<trkpt lat="24.744203" lon="110.470105">
				<speed>1.656547</speed>
				<ele>120.000000</ele>
				<time>2026-01-25T04:42:43Z</time>
			</trkpt>
			<trkpt lat="24.744217" lon="110.470171">
				<speed>1.358964</speed>
				<ele>120.000000</ele>
				<time>2026-01-25T04:42:47Z</time>
			</trkpt>
			<trkpt lat="24.744225" lon="110.470235">
				<speed>1.481637</speed>
				<ele>120.000000</ele>
				<time>2026-01-25T04:42:51Z</time>
			</trkpt>
			<trkpt lat="24.744237" lon="110.470295">
				<speed>1.610785</speed>
				<ele>120.000000</ele>
				<time>2026-01-25T04:42:55Z</time>
			</trkpt>
			<trkpt lat="24.744249" lon="110.470351">
				<speed>1.518597</speed>
				<ele>120.000000</ele>
				<time>2026-01-25T04:42:59Z</time>
			</trkpt>
			<trkpt lat="24.744256" lon="110.470406">
				<speed>1.522665</speed>
				<ele>120.000000</ele>
				<time>2026-01-25T04:43:03Z</time>
			</trkpt>
			<trkpt lat="24.744263" lon="110.470468">
				<speed>1.505905</speed>
				<ele>120.000000</ele>
				<time>2026-01-25T04:43:07Z</time>
			</trkpt>
			<trkpt lat="24.744269" lon="110.470523">
				<speed>1.305707</speed>
				<ele>120.000000</ele>
				<time>2026-01-25T04:43:11Z</time>
			</trkpt>
			<trkpt lat="24.744277" lon="110.470574">
				<speed>1.509924</speed>
				<ele>120.000000</ele>
				<time>2026-01-25T04:43:15Z</time>
			</trkpt>
			<trkpt lat="24.744298" lon="110.470627">
				<speed>1.324693</speed>
				<ele>119.000000</ele>
				<time>2026-01-25T04:43:19Z</time>
			</trkpt>
			<trkpt lat="24.744318" lon="110.470685">
				<speed>1.527421</speed>
				<ele>119.000000</ele>
				<time>2026-01-25T04:43:23Z</time>
			</trkpt>
			<trkpt lat="24.744313" lon="110.470738">
				<speed>1.309740</speed>
				<ele>120.000000</ele>
				<time>2026-01-25T04:43:27Z</time>
			</trkpt>
			<trkpt lat="24.744287" lon="110.470790">
				<speed>1.555887</speed>
				<ele>119.000000</ele>
				<time>2026-01-25T04:43:31Z</time>
			</trkpt>
			<trkpt lat="24.744278" lon="110.470851">
				<speed>1.522669</speed>
				<ele>119.000000</ele>
				<time>2026-01-25T04:43:35Z</time>
			</trkpt>
			<trkpt lat="24.744272" lon="110.470911">
				<speed>1.520863</speed>
				<ele>120.000000</ele>
				<time>2026-01-25T04:43:39Z</time>
			</trkpt>
			<trkpt lat="24.744266" lon="110.470971">
				<speed>1.495298</speed>
				<ele>120.000000</ele>
				<time>2026-01-25T04:43:43Z</time>
			</trkpt>
			<trkpt lat="24.744255" lon="110.471032">
				<speed>1.542979</speed>
				<ele>120.000000</ele>
				<time>2026-01-25T04:43:47Z</time>
			</trkpt>
			<trkpt lat="24.744275" lon="110.471091">
				<speed>1.548388</speed>
				<ele>121.000000</ele>
				<time>2026-01-25T04:43:51Z</time>
			</trkpt>
			<trkpt lat="24.744303" lon="110.471143">
				<speed>1.552793</speed>
				<ele>120.000000</ele>
				<time>2026-01-25T04:43:55Z</time>
			</trkpt>
			<trkpt lat="24.744334" lon="110.471195">
				<speed>1.557070</speed>
				<ele>120.000000</ele>
				<time>2026-01-25T04:43:59Z</time>
			</trkpt>
			<trkpt lat="24.744364" lon="110.471238">
				<speed>1.368653</speed>
				<ele>120.000000</ele>
				<time>2026-01-25T04:44:03Z</time>
			</trkpt>
			<trkpt lat="24.744389" lon="110.471287">
				<speed>1.452233</speed>
				<ele>119.000000</ele>
				<time>2026-01-25T04:44:07Z</time>
			</trkpt>
			<trkpt lat="24.744400" lon="110.471347">
				<speed>1.483797</speed>
				<ele>120.000000</ele>
				<time>2026-01-25T04:44:11Z</time>
			</trkpt>
			<trkpt lat="24.744415" lon="110.471408">
				<speed>1.424186</speed>
				<ele>119.000000</ele>
				<time>2026-01-25T04:44:15Z</time>
			</trkpt>
			<trkpt lat="24.744420" lon="110.471462">
				<speed>1.321941</speed>
				<ele>119.000000</ele>
				<time>2026-01-25T04:44:19Z</time>
			</trkpt>
			<trkpt lat="24.744421" lon="110.471519">
				<speed>1.387685</speed>
				<ele>120.000000</ele>
				<time>2026-01-25T04:44:23Z</time>
			</trkpt>
			<trkpt lat="24.744405" lon="110.471573">
				<speed>1.272232</speed>
				<ele>119.000000</ele>
				<time>2026-01-25T04:44:27Z</time>
			</trkpt>
			<trkpt lat="24.744398" lon="110.471627">
				<speed>1.189469</speed>
				<ele>121.000000</ele>
				<time>2026-01-25T04:44:31Z</time>
			</trkpt>
			<trkpt lat="24.744383" lon="110.471680">
				<speed>1.296469</speed>
				<ele>120.000000</ele>
				<time>2026-01-25T04:44:34Z</time>
			</trkpt>
			<trkpt lat="24.744368" lon="110.471742">
				<speed>1.579676</speed>
				<ele>120.000000</ele>
				<time>2026-01-25T04:44:38Z</time>
			</trkpt>
			<trkpt lat="24.744334" lon="110.471789">
				<speed>1.372745</speed>
				<ele>119.000000</ele>
				<time>2026-01-25T04:44:42Z</time>
			</trkpt>
			<trkpt lat="24.744328" lon="110.471843">
				<speed>1.336230</speed>
				<ele>120.000000</ele>
				<time>2026-01-25T04:44:47Z</time>
			</trkpt>
			<trkpt lat="24.744344" lon="110.471897">
				<speed>1.449765</speed>
				<ele>121.000000</ele>
				<time>2026-01-25T04:44:50Z</time>
			</trkpt>
			<trkpt lat="24.744347" lon="110.471958">
				<speed>1.195685</speed>
				<ele>121.000000</ele>
				<time>2026-01-25T04:44:54Z</time>
			</trkpt>
			<trkpt lat="24.744353" lon="110.472012">
				<speed>1.472482</speed>
				<ele>120.000000</ele>
				<time>2026-01-25T04:44:57Z</time>
			</trkpt>
			<trkpt lat="24.744370" lon="110.472074">
				<speed>1.477819</speed>
				<ele>120.000000</ele>
				<time>2026-01-25T04:45:01Z</time>
			</trkpt>
			<trkpt lat="24.744377" lon="110.472132">
				<speed>1.589385</speed>
				<ele>120.000000</ele>
				<time>2026-01-25T04:45:05Z</time>
			</trkpt>
			<trkpt lat="24.744390" lon="110.472180">
				<speed>1.438515</speed>
				<ele>121.000000</ele>
				<time>2026-01-25T04:45:08Z</time>
			</trkpt>
			<trkpt lat="24.744396" lon="110.472241">
				<speed>1.454280</speed>
				<ele>120.000000</ele>
				<time>2026-01-25T04:45:12Z</time>
			</trkpt>
			<trkpt lat="24.744411" lon="110.472301">
				<speed>1.625046</speed>
				<ele>120.000000</ele>
				<time>2026-01-25T04:45:16Z</time>
			</trkpt>
			<trkpt lat="24.744434" lon="110.472350">
				<speed>1.476792</speed>
				<ele>120.000000</ele>
				<time>2026-01-25T04:45:20Z</time>
			</trkpt>
			<trkpt lat="24.744452" lon="110.472405">
				<speed>1.453632</speed>
				<ele>120.000000</ele>
				<time>2026-01-25T04:45:24Z</time>
			</trkpt>
			<trkpt lat="24.744467" lon="110.472464">
				<speed>1.430007</speed>
				<ele>120.000000</ele>
				<time>2026-01-25T04:45:28Z</time>
			</trkpt>
			<trkpt lat="24.744480" lon="110.472519">
				<speed>1.572229</speed>
				<ele>120.000000</ele>
				<time>2026-01-25T04:45:32Z</time>
			</trkpt>
			<trkpt lat="24.744515" lon="110.472567">
				<speed>1.446565</speed>
				<ele>121.000000</ele>
				<time>2026-01-25T04:45:36Z</time>
			</trkpt>
			<trkpt lat="24.744550" lon="110.472616">
				<speed>1.402311</speed>
				<ele>122.000000</ele>
				<time>2026-01-25T04:45:40Z</time>
			</trkpt>
			<trkpt lat="24.744587" lon="110.472655">
				<speed>1.157052</speed>
				<ele>121.000000</ele>
				<time>2026-01-25T04:45:44Z</time>
			</trkpt>
			<trkpt lat="24.744595" lon="110.472719">
				<speed>1.471339</speed>
				<ele>120.000000</ele>
				<time>2026-01-25T04:45:48Z</time>
			</trkpt>
			<trkpt lat="24.744592" lon="110.472780">
				<speed>1.564813</speed>
				<ele>120.000000</ele>
				<time>2026-01-25T04:45:52Z</time>
			</trkpt>
			<trkpt lat="24.744597" lon="110.472839">
				<speed>1.550928</speed>
				<ele>120.000000</ele>
				<time>2026-01-25T04:45:56Z</time>
			</trkpt>
			<trkpt lat="24.744592" lon="110.472896">
				<speed>1.528979</speed>
				<ele>119.000000</ele>
				<time>2026-01-25T04:46:00Z</time>
			</trkpt>
			<trkpt lat="24.744581" lon="110.472952">
				<speed>1.533878</speed>
				<ele>120.000000</ele>
				<time>2026-01-25T04:46:04Z</time>
			</trkpt>
			<trkpt lat="24.744578" lon="110.473002">
				<speed>1.546092</speed>
				<ele>121.000000</ele>
				<time>2026-01-25T04:46:08Z</time>
			</trkpt>
			<trkpt lat="24.744565" lon="110.473064">
				<speed>1.542428</speed>
				<ele>120.000000</ele>
				<time>2026-01-25T04:46:12Z</time>
			</trkpt>
			<trkpt lat="24.744553" lon="110.473122">
				<speed>1.503510</speed>
				<ele>121.000000</ele>
				<time>2026-01-25T04:46:16Z</time>
			</trkpt>
			<trkpt lat="24.744557" lon="110.473177">
				<speed>1.212236</speed>
				<ele>121.000000</ele>
				<time>2026-01-25T04:46:20Z</time>
			</trkpt>
			<trkpt lat="24.744559" lon="110.473230">
				<speed>1.391644</speed>
				<ele>120.000000</ele>
				<time>2026-01-25T04:46:24Z</time>
			</trkpt>
			<trkpt lat="24.744563" lon="110.473286">
				<speed>1.470593</speed>
				<ele>120.000000</ele>
				<time>2026-01-25T04:46:28Z</time>
			</trkpt>
			<trkpt lat="24.744570" lon="110.473339">
				<speed>1.277335</speed>
				<ele>120.000000</ele>
				<time>2026-01-25T04:46:32Z</time>
			</trkpt>
			<trkpt lat="24.744587" lon="110.473397">
				<speed>1.545052</speed>
				<ele>120.000000</ele>
				<time>2026-01-25T04:46:36Z</time>
			</trkpt>
			<trkpt lat="24.744596" lon="110.473449">
				<speed>1.188108</speed>
				<ele>120.000000</ele>
				<time>2026-01-25T04:46:40Z</time>
			</trkpt>
			<trkpt lat="24.744607" lon="110.473506">
				<speed>1.501965</speed>
				<ele>120.000000</ele>
				<time>2026-01-25T04:46:44Z</time>
			</trkpt>
			<trkpt lat="24.744622" lon="110.473564">
				<speed>1.420788</speed>
				<ele>121.000000</ele>
				<time>2026-01-25T04:46:48Z</time>
			</trkpt>
			<trkpt lat="24.744640" lon="110.473621">
				<speed>1.510616</speed>
				<ele>121.000000</ele>
				<time>2026-01-25T04:46:52Z</time>
			</trkpt>
			<trkpt lat="24.744660" lon="110.473678">
				<speed>1.278295</speed>
				<ele>122.000000</ele>
				<time>2026-01-25T04:46:57Z</time>
			</trkpt>
			<trkpt lat="24.744681" lon="110.473736">
				<speed>1.527420</speed>
				<ele>121.000000</ele>
				<time>2026-01-25T04:47:01Z</time>
			</trkpt>
			<trkpt lat="24.744673" lon="110.473799">
				<speed>1.520289</speed>
				<ele>120.000000</ele>
				<time>2026-01-25T04:47:05Z</time>
			</trkpt>
			<trkpt lat="24.744681" lon="110.473861">
				<speed>1.547312</speed>
				<ele>120.000000</ele>
				<time>2026-01-25T04:47:09Z</time>
			</trkpt>
			<trkpt lat="24.744695" lon="110.473918">
				<speed>1.539855</speed>
				<ele>119.000000</ele>
				<time>2026-01-25T04:47:13Z</time>
			</trkpt>
			<trkpt lat="24.744704" lon="110.473975">
				<speed>1.551042</speed>
				<ele>120.000000</ele>
				<time>2026-01-25T04:47:17Z</time>
			</trkpt>
			<trkpt lat="24.744718" lon="110.474030">
				<speed>1.550925</speed>
				<ele>120.000000</ele>
				<time>2026-01-25T04:47:21Z</time>
			</trkpt>
			<trkpt lat="24.744730" lon="110.474080">
				<speed>1.270213</speed>
				<ele>119.000000</ele>
				<time>2026-01-25T04:47:25Z</time>
			</trkpt>
			<trkpt lat="24.744733" lon="110.474135">
				<speed>1.388268</speed>
				<ele>119.000000</ele>
				<time>2026-01-25T04:47:29Z</time>
			</trkpt>
			<trkpt lat="24.744756" lon="110.474189">
				<speed>1.478004</speed>
				<ele>119.000000</ele>
				<time>2026-01-25T04:47:33Z</time>
			</trkpt>
			<trkpt lat="24.744781" lon="110.474246">
				<speed>1.430036</speed>
				<ele>119.000000</ele>
				<time>2026-01-25T04:47:37Z</time>
			</trkpt>
			<trkpt lat="24.744803" lon="110.474292">
				<speed>1.242165</speed>
				<ele>119.000000</ele>
				<time>2026-01-25T04:47:41Z</time>
			</trkpt>
			<trkpt lat="24.744797" lon="110.474343">
				<speed>1.292301</speed>
				<ele>120.000000</ele>
				<time>2026-01-25T04:47:45Z</time>
			</trkpt>
			<trkpt lat="24.744782" lon="110.474400">
				<speed>1.098524</speed>
				<ele>119.000000</ele>
				<time>2026-01-25T04:47:50Z</time>
			</trkpt>
			<trkpt lat="24.744774" lon="110.474451">
				<speed>0.984007</speed>
				<ele>118.000000</ele>
				<time>2026-01-25T04:47:55Z</time>
			</trkpt>
			<trkpt lat="24.744739" lon="110.474504">
				<speed>1.292132</speed>
				<ele>119.000000</ele>
				<time>2026-01-25T04:48:00Z</time>
			</trkpt>
			<trkpt lat="24.744713" lon="110.474555">
				<speed>1.053609</speed>
				<ele>119.000000</ele>
				<time>2026-01-25T04:48:04Z</time>
			</trkpt>
			<trkpt lat="24.744680" lon="110.474606">
				<speed>1.469692</speed>
				<ele>120.000000</ele>
				<time>2026-01-25T04:48:08Z</time>
			</trkpt>
			<trkpt lat="24.744658" lon="110.474660">
				<speed>1.215284</speed>
				<ele>119.000000</ele>
				<time>2026-01-25T04:48:13Z</time>
			</trkpt>
			<trkpt lat="24.744634" lon="110.474708">
				<speed>1.374422</speed>
				<ele>120.000000</ele>
				<time>2026-01-25T04:48:17Z</time>
			</trkpt>
			<trkpt lat="24.744611" lon="110.474760">
				<speed>1.026286</speed>
				<ele>120.000000</ele>
				<time>2026-01-25T04:48:22Z</time>
			</trkpt>
			<trkpt lat="24.744584" lon="110.474804">
				<speed>1.280694</speed>
				<ele>120.000000</ele>
				<time>2026-01-25T04:48:26Z</time>
			</trkpt>
			<trkpt lat="24.744547" lon="110.474850">
				<speed>1.513904</speed>
				<ele>120.000000</ele>
				<time>2026-01-25T04:48:30Z</time>
			</trkpt>
			<trkpt lat="24.744519" lon="110.474894">
				<speed>1.490324</speed>
				<ele>121.000000</ele>
				<time>2026-01-25T04:48:34Z</time>
			</trkpt>
			<trkpt lat="24.744487" lon="110.474942">
				<speed>1.496363</speed>
				<ele>120.000000</ele>
				<time>2026-01-25T04:48:38Z</time>
			</trkpt>
			<trkpt lat="24.744462" lon="110.474990">
				<speed>1.160182</speed>
				<ele>120.000000</ele>
				<time>2026-01-25T04:48:43Z</time>
			</trkpt>
			<trkpt lat="24.744440" lon="110.475040">
				<speed>1.156158</speed>
				<ele>120.000000</ele>
				<time>2026-01-25T04:48:47Z</time>
			</trkpt>
			<trkpt lat="24.744418" lon="110.475085">
				<speed>0.946120</speed>
				<ele>120.000000</ele>
				<time>2026-01-25T04:48:51Z</time>
			</trkpt>
			<trkpt lat="24.744398" lon="110.475132">
				<speed>1.181715</speed>
				<ele>120.000000</ele>
				<time>2026-01-25T04:48:55Z</time>
			</trkpt>
			<trkpt lat="24.744374" lon="110.475183">
				<speed>1.045753</speed>
				<ele>120.000000</ele>
				<time>2026-01-25T04:49:00Z</time>
			</trkpt>
			<trkpt lat="24.744350" lon="110.475231">
				<speed>1.443060</speed>
				<ele>120.000000</ele>
				<time>2026-01-25T04:49:04Z</time>
			</trkpt>
			<trkpt lat="24.744344" lon="110.475283">
				<speed>1.326854</speed>
				<ele>120.000000</ele>
				<time>2026-01-25T04:49:08Z</time>
			</trkpt>
			<trkpt lat="24.744359" lon="110.475344">
				<speed>1.254602</speed>
				<ele>120.000000</ele>
				<time>2026-01-25T04:49:13Z</time>
			</trkpt>
			<trkpt lat="24.744376" lon="110.475392">
				<speed>1.093584</speed>
				<ele>121.000000</ele>
				<time>2026-01-25T04:49:17Z</time>
			</trkpt>
			<trkpt lat="24.744388" lon="110.475455">
				<speed>1.469260</speed>
				<ele>121.000000</ele>
				<time>2026-01-25T04:49:21Z</time>
			</trkpt>
			<trkpt lat="24.744354" lon="110.475510">
				<speed>1.318475</speed>
				<ele>120.000000</ele>
				<time>2026-01-25T04:49:26Z</time>
			</trkpt>
			<trkpt lat="24.744328" lon="110.475565">
				<speed>1.446952</speed>
				<ele>120.000000</ele>
				<time>2026-01-25T04:49:30Z</time>
			</trkpt>
			<trkpt lat="24.744305" lon="110.475617">
				<speed>1.620125</speed>
				<ele>120.000000</ele>
				<time>2026-01-25T04:49:34Z</time>
			</trkpt>
			<trkpt lat="24.744332" lon="110.475666">
				<speed>1.419104</speed>
				<ele>120.000000</ele>
				<time>2026-01-25T04:49:38Z</time>
			</trkpt>
			<trkpt lat="24.744337" lon="110.475731">
				<speed>1.285753</speed>
				<ele>120.000000</ele>
				<time>2026-01-25T04:49:43Z</time>
			</trkpt>
			<trkpt lat="24.744327" lon="110.475787">
				<speed>1.127116</speed>
				<ele>120.000000</ele>
				<time>2026-01-25T04:49:47Z</time>
			</trkpt>
			<trkpt lat="24.744281" lon="110.475790">
				<speed>1.360529</speed>
				<ele>120.000000</ele>
				<time>2026-01-25T04:49:51Z</time>
			</trkpt>
			<trkpt lat="24.744228" lon="110.475780">
				<speed>1.419557</speed>
				<ele>119.000000</ele>
				<time>2026-01-25T04:49:55Z</time>
			</trkpt>
			<trkpt lat="24.744182" lon="110.475762">
				<speed>1.186896</speed>
				<ele>119.000000</ele>
				<time>2026-01-25T04:49:59Z</time>
			</trkpt>
			<trkpt lat="24.744123" lon="110.475754">
				<speed>1.474638</speed>
				<ele>119.000000</ele>
				<time>2026-01-25T04:50:04Z</time>
			</trkpt>
			<trkpt lat="24.744074" lon="110.475759">
				<speed>1.168625</speed>
				<ele>118.000000</ele>
				<time>2026-01-25T04:50:08Z</time>
			</trkpt>
			<trkpt lat="24.744029" lon="110.475757">
				<speed>0.250093</speed>
				<ele>117.000000</ele>
				<time>2026-01-25T04:50:38Z</time>
			</trkpt>
			<trkpt lat="24.743999" lon="110.475799">
				<speed>0.614184</speed>
				<ele>118.000000</ele>
				<time>2026-01-25T04:50:42Z</time>
			</trkpt>
			<trkpt lat="24.743962" lon="110.475840">
				<speed>0.944495</speed>
				<ele>117.000000</ele>
				<time>2026-01-25T04:50:47Z</time>
			</trkpt>
			<trkpt lat="24.743907" lon="110.475859">
				<speed>1.254568</speed>
				<ele>118.000000</ele>
				<time>2026-01-25T04:50:52Z</time>
			</trkpt>
			<trkpt lat="24.743854" lon="110.475883">
				<speed>1.287797</speed>
				<ele>119.000000</ele>
				<time>2026-01-25T04:50:57Z</time>
			</trkpt>
			<trkpt lat="24.743803" lon="110.475893">
				<speed>1.278940</speed>
				<ele>117.000000</ele>
				<time>2026-01-25T04:51:02Z</time>
			</trkpt>
			<trkpt lat="24.743758" lon="110.475905">
				<speed>1.083821</speed>
				<ele>119.000000</ele>
				<time>2026-01-25T04:51:07Z</time>
			</trkpt>
			<trkpt lat="24.743705" lon="110.475921">
				<speed>1.183296</speed>
				<ele>120.000000</ele>
				<time>2026-01-25T04:51:12Z</time>
			</trkpt>
			<trkpt lat="24.743653" lon="110.475946">
				<speed>1.218771</speed>
				<ele>119.000000</ele>
				<time>2026-01-25T04:51:16Z</time>
			</trkpt>
			<trkpt lat="24.743604" lon="110.475967">
				<speed>1.026315</speed>
				<ele>118.000000</ele>
				<time>2026-01-25T04:51:20Z</time>
			</trkpt>
			<trkpt lat="24.743556" lon="110.475972">
				<speed>1.091738</speed>
				<ele>118.000000</ele>
				<time>2026-01-25T04:51:24Z</time>
			</trkpt>
			<trkpt lat="24.743511" lon="110.475984">
				<speed>0.997758</speed>
				<ele>119.000000</ele>
				<time>2026-01-25T04:51:29Z</time>
			</trkpt>
			<trkpt lat="24.743461" lon="110.476004">
				<speed>1.417176</speed>
				<ele>119.000000</ele>
				<time>2026-01-25T04:51:33Z</time>
			</trkpt>
			<trkpt lat="24.743408" lon="110.476026">
				<speed>1.306401</speed>
				<ele>120.000000</ele>
				<time>2026-01-25T04:51:38Z</time>
			</trkpt>
			<trkpt lat="24.743359" lon="110.476036">
				<speed>1.285957</speed>
				<ele>120.000000</ele>
				<time>2026-01-25T04:51:42Z</time>
			</trkpt>
			<trkpt lat="24.743312" lon="110.476054">
				<speed>1.402764</speed>
				<ele>121.000000</ele>
				<time>2026-01-25T04:51:46Z</time>
			</trkpt>
			<trkpt lat="24.743268" lon="110.476071">
				<speed>1.252185</speed>
				<ele>121.000000</ele>
				<time>2026-01-25T04:51:50Z</time>
			</trkpt>
			<trkpt lat="24.743219" lon="110.476083">
				<speed>1.411735</speed>
				<ele>121.000000</ele>
				<time>2026-01-25T04:51:54Z</time>
			</trkpt>
			<trkpt lat="24.743168" lon="110.476101">
				<speed>1.399249</speed>
				<ele>120.000000</ele>
				<time>2026-01-25T04:51:58Z</time>
			</trkpt>
			<trkpt lat="24.743119" lon="110.476103">
				<speed>1.066104</speed>
				<ele>120.000000</ele>
				<time>2026-01-25T04:52:03Z</time>
			</trkpt>
			<trkpt lat="24.743062" lon="110.476127">
				<speed>1.431661</speed>
				<ele>119.000000</ele>
				<time>2026-01-25T04:52:08Z</time>
			</trkpt>
			<trkpt lat="24.743022" lon="110.476159">
				<speed>1.209274</speed>
				<ele>119.000000</ele>
				<time>2026-01-25T04:52:12Z</time>
			</trkpt>
			<trkpt lat="24.742972" lon="110.476182">
				<speed>1.476458</speed>
				<ele>119.000000</ele>
				<time>2026-01-25T04:52:16Z</time>
			</trkpt>
			<trkpt lat="24.742936" lon="110.476219">
				<speed>1.241795</speed>
				<ele>118.000000</ele>
				<time>2026-01-25T04:52:20Z</time>
			</trkpt>
			<trkpt lat="24.742893" lon="110.476250">
				<speed>1.541481</speed>
				<ele>118.000000</ele>
				<time>2026-01-25T04:52:24Z</time>
			</trkpt>
			<trkpt lat="24.742850" lon="110.476280">
				<speed>1.455697</speed>
				<ele>118.000000</ele>
				<time>2026-01-25T04:52:28Z</time>
			</trkpt>
			<trkpt lat="24.742813" lon="110.476314">
				<speed>1.434836</speed>
				<ele>118.000000</ele>
				<time>2026-01-25T04:52:32Z</time>
			</trkpt>
			<trkpt lat="24.742768" lon="110.476352">
				<speed>1.272994</speed>
				<ele>118.000000</ele>
				<time>2026-01-25T04:52:37Z</time>
			</trkpt>
			<trkpt lat="24.742723" lon="110.476387">
				<speed>1.221069</speed>
				<ele>118.000000</ele>
				<time>2026-01-25T04:52:42Z</time>
			</trkpt>
			<trkpt lat="24.742683" lon="110.476428">
				<speed>1.293317</speed>
				<ele>118.000000</ele>
				<time>2026-01-25T04:52:47Z</time>
			</trkpt>
			<trkpt lat="24.742640" lon="110.476470">
				<speed>1.400727</speed>
				<ele>117.000000</ele>
				<time>2026-01-25T04:52:52Z</time>
			</trkpt>
			<trkpt lat="24.742607" lon="110.476508">
				<speed>1.384843</speed>
				<ele>117.000000</ele>
				<time>2026-01-25T04:52:56Z</time>
			</trkpt>
			<trkpt lat="24.742562" lon="110.476548">
				<speed>1.367524</speed>
				<ele>117.000000</ele>
				<time>2026-01-25T04:53:01Z</time>
			</trkpt>
			<trkpt lat="24.742515" lon="110.476576">
				<speed>1.453280</speed>
				<ele>117.000000</ele>
				<time>2026-01-25T04:53:05Z</time>
			</trkpt>
			<trkpt lat="24.742470" lon="110.476607">
				<speed>1.265869</speed>
				<ele>117.000000</ele>
				<time>2026-01-25T04:53:10Z</time>
			</trkpt>
			<trkpt lat="24.742432" lon="110.476645">
				<speed>1.299748</speed>
				<ele>118.000000</ele>
				<time>2026-01-25T04:53:14Z</time>
			</trkpt>
			<trkpt lat="24.742387" lon="110.476670">
				<speed>1.326895</speed>
				<ele>118.000000</ele>
				<time>2026-01-25T04:53:18Z</time>
			</trkpt>
			<trkpt lat="24.742338" lon="110.476686">
				<speed>1.497744</speed>
				<ele>118.000000</ele>
				<time>2026-01-25T04:53:22Z</time>
			</trkpt>
			<trkpt lat="24.742293" lon="110.476717">
				<speed>1.396455</speed>
				<ele>118.000000</ele>
				<time>2026-01-25T04:53:26Z</time>
			</trkpt>
			<trkpt lat="24.742256" lon="110.476761">
				<speed>1.444320</speed>
				<ele>119.000000</ele>
				<time>2026-01-25T04:53:30Z</time>
			</trkpt>
			<trkpt lat="24.742225" lon="110.476807">
				<speed>1.420408</speed>
				<ele>120.000000</ele>
				<time>2026-01-25T04:53:34Z</time>
			</trkpt>
			<trkpt lat="24.742197" lon="110.476850">
				<speed>1.153704</speed>
				<ele>119.000000</ele>
				<time>2026-01-25T04:53:39Z</time>
			</trkpt>
			<trkpt lat="24.742157" lon="110.476893">
				<speed>1.340615</speed>
				<ele>119.000000</ele>
				<time>2026-01-25T04:53:44Z</time>
			</trkpt>
			<trkpt lat="24.742125" lon="110.476933">
				<speed>1.461793</speed>
				<ele>119.000000</ele>
				<time>2026-01-25T04:53:48Z</time>
			</trkpt>
			<trkpt lat="24.742097" lon="110.476973">
				<speed>1.305453</speed>
				<ele>119.000000</ele>
				<time>2026-01-25T04:53:52Z</time>
			</trkpt>
			<trkpt lat="24.742067" lon="110.477013">
				<speed>1.296382</speed>
				<ele>119.000000</ele>
				<time>2026-01-25T04:53:56Z</time>
			</trkpt>
			<trkpt lat="24.742031" lon="110.477054">
				<speed>1.403208</speed>
				<ele>118.000000</ele>
				<time>2026-01-25T04:54:00Z</time>
			</trkpt>
			<trkpt lat="24.741977" lon="110.477052">
				<speed>1.295906</speed>
				<ele>119.000000</ele>
				<time>2026-01-25T04:54:05Z</time>
			</trkpt>
			<trkpt lat="24.741950" lon="110.477010">
				<speed>1.348035</speed>
				<ele>119.000000</ele>
				<time>2026-01-25T04:54:09Z</time>
			</trkpt>
			<trkpt lat="24.741918" lon="110.476975">
				<speed>1.230997</speed>
				<ele>120.000000</ele>
				<time>2026-01-25T04:54:13Z</time>
			</trkpt>
			<trkpt lat="24.741883" lon="110.476931">
				<speed>1.173493</speed>
				<ele>120.000000</ele>
				<time>2026-01-25T04:54:18Z</time>
			</trkpt>
			<trkpt lat="24.741852" lon="110.476884">
				<speed>1.205394</speed>
				<ele>120.000000</ele>
				<time>2026-01-25T04:54:23Z</time>
			</trkpt>
			<trkpt lat="24.741818" lon="110.476842">
				<speed>1.167478</speed>
				<ele>120.000000</ele>
				<time>2026-01-25T04:54:28Z</time>
			</trkpt>
			<trkpt lat="24.741792" lon="110.476802">
				<speed>1.381820</speed>
				<ele>120.000000</ele>
				<time>2026-01-25T04:54:32Z</time>
			</trkpt>
			<trkpt lat="24.741760" lon="110.476766">
				<speed>1.211922</speed>
				<ele>120.000000</ele>
				<time>2026-01-25T04:54:36Z</time>
			</trkpt>
			<trkpt lat="24.741729" lon="110.476724">
				<speed>1.385674</speed>
				<ele>120.000000</ele>
				<time>2026-01-25T04:54:40Z</time>
			</trkpt>
			<trkpt lat="24.741695" lon="110.476692">
				<speed>1.230896</speed>
				<ele>119.000000</ele>
				<time>2026-01-25T04:54:44Z</time>
			</trkpt>
			<trkpt lat="24.741659" lon="110.476658">
				<speed>1.319637</speed>
				<ele>119.000000</ele>
				<time>2026-01-25T04:54:48Z</time>
			</trkpt>
			<trkpt lat="24.741623" lon="110.476619">
				<speed>1.365172</speed>
				<ele>119.000000</ele>
				<time>2026-01-25T04:54:52Z</time>
			</trkpt>
			<trkpt lat="24.741588" lon="110.476586">
				<speed>1.302074</speed>
				<ele>119.000000</ele>
				<time>2026-01-25T04:54:56Z</time>
			</trkpt>
			<trkpt lat="24.741554" lon="110.476548">
				<speed>1.360766</speed>
				<ele>119.000000</ele>
				<time>2026-01-25T04:55:00Z</time>
			</trkpt>
			<trkpt lat="24.741516" lon="110.476503">
				<speed>1.598580</speed>
				<ele>120.000000</ele>
				<time>2026-01-25T04:55:03Z</time>
			</trkpt>
			<trkpt lat="24.741479" lon="110.476451">
				<speed>1.549104</speed>
				<ele>120.000000</ele>
				<time>2026-01-25T04:55:08Z</time>
			</trkpt>
			<trkpt lat="24.741455" lon="110.476408">
				<speed>1.250332</speed>
				<ele>119.000000</ele>
				<time>2026-01-25T04:55:12Z</time>
			</trkpt>
			<trkpt lat="24.741426" lon="110.476364">
				<speed>1.319348</speed>
				<ele>119.000000</ele>
				<time>2026-01-25T04:55:16Z</time>
			</trkpt>
			<trkpt lat="24.741389" lon="110.476326">
				<speed>1.594974</speed>
				<ele>120.000000</ele>
				<time>2026-01-25T04:55:20Z</time>
			</trkpt>
			<trkpt lat="24.741338" lon="110.476314">
				<speed>1.138836</speed>
				<ele>121.000000</ele>
				<time>2026-01-25T04:55:24Z</time>
			</trkpt>
			<trkpt lat="24.741293" lon="110.476328">
				<speed>1.407578</speed>
				<ele>120.000000</ele>
				<time>2026-01-25T04:55:27Z</time>
			</trkpt>
			<trkpt lat="24.741253" lon="110.476358">
				<speed>1.253645</speed>
				<ele>120.000000</ele>
				<time>2026-01-25T04:55:31Z</time>
			</trkpt>
			<trkpt lat="24.741218" lon="110.476394">
				<speed>1.414977</speed>
				<ele>121.000000</ele>
				<time>2026-01-25T04:55:34Z</time>
			</trkpt>
			<trkpt lat="24.741179" lon="110.476439">
				<speed>1.389812</speed>
				<ele>121.000000</ele>
				<time>2026-01-25T04:55:39Z</time>
			</trkpt>
			<trkpt lat="24.741152" lon="110.476485">
				<speed>1.368380</speed>
				<ele>120.000000</ele>
				<time>2026-01-25T04:55:43Z</time>
			</trkpt>
			<trkpt lat="24.741130" lon="110.476531">
				<speed>1.301877</speed>
				<ele>120.000000</ele>
				<time>2026-01-25T04:55:47Z</time>
			</trkpt>
			<trkpt lat="24.741112" lon="110.476578">
				<speed>1.356618</speed>
				<ele>120.000000</ele>
				<time>2026-01-25T04:55:51Z</time>
			</trkpt>
			<trkpt lat="24.741094" lon="110.476630">
				<speed>1.197324</speed>
				<ele>120.000000</ele>
				<time>2026-01-25T04:55:55Z</time>
			</trkpt>
			<trkpt lat="24.741067" lon="110.476674">
				<speed>1.501229</speed>
				<ele>120.000000</ele>
				<time>2026-01-25T04:55:59Z</time>
			</trkpt>
			<trkpt lat="24.741040" lon="110.476716">
				<speed>1.321868</speed>
				<ele>119.000000</ele>
				<time>2026-01-25T04:56:03Z</time>
			</trkpt>
			<trkpt lat="24.741005" lon="110.476752">
				<speed>1.202850</speed>
				<ele>119.000000</ele>
				<time>2026-01-25T04:56:08Z</time>
			</trkpt>
			<trkpt lat="24.740966" lon="110.476786">
				<speed>1.166788</speed>
				<ele>119.000000</ele>
				<time>2026-01-25T04:56:13Z</time>
			</trkpt>
			<trkpt lat="24.740931" lon="110.476818">
				<speed>1.230196</speed>
				<ele>119.000000</ele>
				<time>2026-01-25T04:56:17Z</time>
			</trkpt>
			<trkpt lat="24.740889" lon="110.476861">
				<speed>1.454152</speed>
				<ele>120.000000</ele>
				<time>2026-01-25T04:56:22Z</time>
			</trkpt>
			<trkpt lat="24.740855" lon="110.476902">
				<speed>1.075199</speed>
				<ele>120.000000</ele>
				<time>2026-01-25T04:56:26Z</time>
			</trkpt>
			<trkpt lat="24.740832" lon="110.476951">
				<speed>1.142728</speed>
				<ele>120.000000</ele>
				<time>2026-01-25T04:56:30Z</time>
			</trkpt>
			<trkpt lat="24.740814" lon="110.477008">
				<speed>1.284929</speed>
				<ele>120.000000</ele>
				<time>2026-01-25T04:56:34Z</time>
			</trkpt>
			<trkpt lat="24.740802" lon="110.477057">
				<speed>1.509292</speed>
				<ele>122.000000</ele>
				<time>2026-01-25T04:56:37Z</time>
			</trkpt>
			<trkpt lat="24.740800" lon="110.477110">
				<speed>1.126628</speed>
				<ele>121.000000</ele>
				<time>2026-01-25T04:56:41Z</time>
			</trkpt>
			<trkpt lat="24.740793" lon="110.477177">
				<speed>1.797273</speed>
				<ele>121.000000</ele>
				<time>2026-01-25T04:56:45Z</time>
			</trkpt>
			<trkpt lat="24.740791" lon="110.477237">
				<speed>1.182045</speed>
				<ele>122.000000</ele>
				<time>2026-01-25T04:56:49Z</time>
			</trkpt>
			<trkpt lat="24.740784" lon="110.477299">
				<speed>1.118154</speed>
				<ele>123.000000</ele>
				<time>2026-01-25T04:56:54Z</time>
			</trkpt>
			<trkpt lat="24.740791" lon="110.477355">
				<speed>1.083860</speed>
				<ele>123.000000</ele>
				<time>2026-01-25T04:56:58Z</time>
			</trkpt>
			<trkpt lat="24.740799" lon="110.477414">
				<speed>1.038832</speed>
				<ele>124.000000</ele>
				<time>2026-01-25T04:57:02Z</time>
			</trkpt>
			<trkpt lat="24.740804" lon="110.477470">
				<speed>1.278778</speed>
				<ele>124.000000</ele>
				<time>2026-01-25T04:57:06Z</time>
			</trkpt>
			<trkpt lat="24.740812" lon="110.477528">
				<speed>1.281658</speed>
				<ele>125.000000</ele>
				<time>2026-01-25T04:57:09Z</time>
			</trkpt>
			<trkpt lat="24.740831" lon="110.477587">
				<speed>1.274702</speed>
				<ele>124.000000</ele>
				<time>2026-01-25T04:57:14Z</time>
			</trkpt>
			<trkpt lat="24.740857" lon="110.477634">
				<speed>1.010819</speed>
				<ele>125.000000</ele>
				<time>2026-01-25T04:57:19Z</time>
			</trkpt>
			<trkpt lat="24.740885" lon="110.477675">
				<speed>1.563982</speed>
				<ele>124.000000</ele>
				<time>2026-01-25T04:57:22Z</time>
			</trkpt>
			<trkpt lat="24.740902" lon="110.477728">
				<speed>1.091982</speed>
				<ele>122.000000</ele>
				<time>2026-01-25T04:57:27Z</time>
			</trkpt>
			<trkpt lat="24.740914" lon="110.477782">
				<speed>1.180388</speed>
				<ele>122.000000</ele>
				<time>2026-01-25T04:57:31Z</time>
			</trkpt>
			<trkpt lat="24.740918" lon="110.477839">
				<speed>1.036834</speed>
				<ele>122.000000</ele>
				<time>2026-01-25T04:57:36Z</time>
			</trkpt>
			<trkpt lat="24.740919" lon="110.477889">
				<speed>1.214095</speed>
				<ele>120.000000</ele>
				<time>2026-01-25T04:57:40Z</time>
			</trkpt>
			<trkpt lat="24.740910" lon="110.477945">
				<speed>1.353129</speed>
				<ele>120.000000</ele>
				<time>2026-01-25T04:57:44Z</time>
			</trkpt>
			<trkpt lat="24.740896" lon="110.478000">
				<speed>1.401393</speed>
				<ele>120.000000</ele>
				<time>2026-01-25T04:57:48Z</time>
			</trkpt>
			<trkpt lat="24.740892" lon="110.478055">
				<speed>1.367709</speed>
				<ele>120.000000</ele>
				<time>2026-01-25T04:57:52Z</time>
			</trkpt>
			<trkpt lat="24.740905" lon="110.478104">
				<speed>1.136361</speed>
				<ele>120.000000</ele>
				<time>2026-01-25T04:57:56Z</time>
			</trkpt>
			<trkpt lat="24.740927" lon="110.478150">
				<speed>1.508498</speed>
				<ele>119.000000</ele>
				<time>2026-01-25T04:58:01Z</time>
			</trkpt>
			<trkpt lat="24.740944" lon="110.478207">
				<speed>1.509523</speed>
				<ele>120.000000</ele>
				<time>2026-01-25T04:58:05Z</time>
			</trkpt>
			<trkpt lat="24.740964" lon="110.478258">
				<speed>1.308457</speed>
				<ele>120.000000</ele>
				<time>2026-01-25T04:58:09Z</time>
			</trkpt>
			<trkpt lat="24.740981" lon="110.478309">
				<speed>1.262536</speed>
				<ele>120.000000</ele>
				<time>2026-01-25T04:58:13Z</time>
			</trkpt>
			<trkpt lat="24.740984" lon="110.478370">
				<speed>1.355223</speed>
				<ele>121.000000</ele>
				<time>2026-01-25T04:58:17Z</time>
			</trkpt>
			<trkpt lat="24.740973" lon="110.478429">
				<speed>1.094356</speed>
				<ele>120.000000</ele>
				<time>2026-01-25T04:58:22Z</time>
			</trkpt>
			<trkpt lat="24.740952" lon="110.478483">
				<speed>1.504615</speed>
				<ele>119.000000</ele>
				<time>2026-01-25T04:58:26Z</time>
			</trkpt>
			<trkpt lat="24.740944" lon="110.478532">
				<speed>0.784056</speed>
				<ele>119.000000</ele>
				<time>2026-01-25T04:58:30Z</time>
			</trkpt>
			<trkpt lat="24.740924" lon="110.478580">
				<speed>1.054001</speed>
				<ele>119.000000</ele>
				<time>2026-01-25T04:58:34Z</time>
			</trkpt>
			<trkpt lat="24.740899" lon="110.478631">
				<speed>1.190714</speed>
				<ele>119.000000</ele>
				<time>2026-01-25T04:58:38Z</time>
			</trkpt>
			<trkpt lat="24.740854" lon="110.478662">
				<speed>1.133876</speed>
				<ele>119.000000</ele>
				<time>2026-01-25T04:58:42Z</time>
			</trkpt>
			<trkpt lat="24.740802" lon="110.478677">
				<speed>1.233229</speed>
				<ele>119.000000</ele>
				<time>2026-01-25T04:58:47Z</time>
			</trkpt>
			<trkpt lat="24.740756" lon="110.478690">
				<speed>1.175211</speed>
				<ele>120.000000</ele>
				<time>2026-01-25T04:58:51Z</time>
			</trkpt>
			<trkpt lat="24.740717" lon="110.478716">
				<speed>1.339087</speed>
				<ele>121.000000</ele>
				<time>2026-01-25T04:58:54Z</time>
			</trkpt>
			<trkpt lat="24.740665" lon="110.478740">
				<speed>1.009304</speed>
				<ele>122.000000</ele>
				<time>2026-01-25T04:58:59Z</time>
			</trkpt>
			<trkpt lat="24.740613" lon="110.478757">
				<speed>1.117317</speed>
				<ele>123.000000</ele>
				<time>2026-01-25T04:59:03Z</time>
			</trkpt>
			<trkpt lat="24.740569" lon="110.478772">
				<speed>1.260158</speed>
				<ele>124.000000</ele>
				<time>2026-01-25T04:59:07Z</time>
			</trkpt>
			<trkpt lat="24.740525" lon="110.478796">
				<speed>1.224151</speed>
				<ele>125.000000</ele>
				<time>2026-01-25T04:59:11Z</time>
			</trkpt>
			<trkpt lat="24.740477" lon="110.478815">
				<speed>1.542163</speed>
				<ele>126.000000</ele>
				<time>2026-01-25T04:59:15Z</time>
			</trkpt>
			<trkpt lat="24.740455" lon="110.478867">
				<speed>0.981839</speed>
				<ele>126.000000</ele>
				<time>2026-01-25T04:59:19Z</time>
			</trkpt>
			<trkpt lat="24.740440" lon="110.478929">
				<speed>0.993460</speed>
				<ele>127.000000</ele>
				<time>2026-01-25T04:59:24Z</time>
			</trkpt>
			<trkpt lat="24.740438" lon="110.478981">
				<speed>1.510963</speed>
				<ele>126.000000</ele>
				<time>2026-01-25T04:59:26Z</time>
			</trkpt>
			<trkpt lat="24.740433" lon="110.479032">
				<speed>1.403833</speed>
				<ele>126.000000</ele>
				<time>2026-01-25T04:59:29Z</time>
			</trkpt>
			<trkpt lat="24.740429" lon="110.479093">
				<speed>1.254859</speed>
				<ele>126.000000</ele>
				<time>2026-01-25T04:59:33Z</time>
			</trkpt>
			<trkpt lat="24.740419" lon="110.479142">
				<speed>1.138274</speed>
				<ele>127.000000</ele>
				<time>2026-01-25T04:59:36Z</time>
			</trkpt>
			<trkpt lat="24.740402" lon="110.479202">
				<speed>1.324973</speed>
				<ele>126.000000</ele>
				<time>2026-01-25T04:59:42Z</time>
			</trkpt>
			<trkpt lat="24.740370" lon="110.479244">
				<speed>1.182434</speed>
				<ele>126.000000</ele>
				<time>2026-01-25T04:59:47Z</time>
			</trkpt>
			<trkpt lat="24.740336" lon="110.479292">
				<speed>1.308643</speed>
				<ele>126.000000</ele>
				<time>2026-01-25T04:59:51Z</time>
			</trkpt>
			<trkpt lat="24.740306" lon="110.479330">
				<speed>1.168253</speed>
				<ele>126.000000</ele>
				<time>2026-01-25T04:59:55Z</time>
			</trkpt>
			<trkpt lat="24.740278" lon="110.479373">
				<speed>1.234885</speed>
				<ele>126.000000</ele>
				<time>2026-01-25T04:59:59Z</time>
			</trkpt>
			<trkpt lat="24.740238" lon="110.479403">
				<speed>1.393316</speed>
				<ele>127.000000</ele>
				<time>2026-01-25T05:00:03Z</time>
			</trkpt>
			<trkpt lat="24.740190" lon="110.479424">
				<speed>0.834894</speed>
				<ele>126.000000</ele>
				<time>2026-01-25T05:00:08Z</time>
			</trkpt>
			<trkpt lat="24.740150" lon="110.479453">
				<speed>1.474004</speed>
				<ele>127.000000</ele>
				<time>2026-01-25T05:00:11Z</time>
			</trkpt>
			<trkpt lat="24.740107" lon="110.479478">
				<speed>1.296569</speed>
				<ele>127.000000</ele>
				<time>2026-01-25T05:00:15Z</time>
			</trkpt>
			<trkpt lat="24.740062" lon="110.479511">
				<speed>1.341405</speed>
				<ele>127.000000</ele>
				<time>2026-01-25T05:00:19Z</time>
			</trkpt>
			<trkpt lat="24.740014" lon="110.479529">
				<speed>1.272100</speed>
				<ele>127.000000</ele>
				<time>2026-01-25T05:00:23Z</time>
			</trkpt>
			<trkpt lat="24.739959" lon="110.479544">
				<speed>1.239596</speed>
				<ele>127.000000</ele>
				<time>2026-01-25T05:00:28Z</time>
			</trkpt>
			<trkpt lat="24.739914" lon="110.479552">
				<speed>1.226398</speed>
				<ele>127.000000</ele>
				<time>2026-01-25T05:00:32Z</time>
			</trkpt>
			<trkpt lat="24.739865" lon="110.479558">
				<speed>1.332433</speed>
				<ele>127.000000</ele>
				<time>2026-01-25T05:00:36Z</time>
			</trkpt>
			<trkpt lat="24.739809" lon="110.479541">
				<speed>1.545289</speed>
				<ele>128.000000</ele>
				<time>2026-01-25T05:00:41Z</time>
			</trkpt>
			<trkpt lat="24.739760" lon="110.479536">
				<speed>1.237518</speed>
				<ele>128.000000</ele>
				<time>2026-01-25T05:00:45Z</time>
			</trkpt>
			<trkpt lat="24.739714" lon="110.479532">
				<speed>1.425247</speed>
				<ele>127.000000</ele>
				<time>2026-01-25T05:00:48Z</time>
			</trkpt>
			<trkpt lat="24.739665" lon="110.479553">
				<speed>1.229640</speed>
				<ele>127.000000</ele>
				<time>2026-01-25T05:00:52Z</time>
			</trkpt>
			<trkpt lat="24.739625" lon="110.479596">
				<speed>1.449543</speed>
				<ele>127.000000</ele>
				<time>2026-01-25T05:00:56Z</time>
			</trkpt>
			<trkpt lat="24.739588" lon="110.479627">
				<speed>1.360638</speed>
				<ele>127.000000</ele>
				<time>2026-01-25T05:01:00Z</time>
			</trkpt>
			<trkpt lat="24.739546" lon="110.479658">
				<speed>1.342048</speed>
				<ele>127.000000</ele>
				<time>2026-01-25T05:01:05Z</time>
			</trkpt>
			<trkpt lat="24.739514" lon="110.479695">
				<speed>1.366617</speed>
				<ele>126.000000</ele>
				<time>2026-01-25T05:01:09Z</time>
			</trkpt>
			<trkpt lat="24.739475" lon="110.479730">
				<speed>1.467931</speed>
				<ele>126.000000</ele>
				<time>2026-01-25T05:01:13Z</time>
			</trkpt>
			<trkpt lat="24.739440" lon="110.479765">
				<speed>1.407880</speed>
				<ele>125.000000</ele>
				<time>2026-01-25T05:01:17Z</time>
			</trkpt>
			<trkpt lat="24.739408" lon="110.479807">
				<speed>1.298928</speed>
				<ele>125.000000</ele>
				<time>2026-01-25T05:01:21Z</time>
			</trkpt>
			<trkpt lat="24.739374" lon="110.479856">
				<speed>1.387532</speed>
				<ele>124.000000</ele>
				<time>2026-01-25T05:01:25Z</time>
			</trkpt>
			<trkpt lat="24.739341" lon="110.479894">
				<speed>1.425432</speed>
				<ele>124.000000</ele>
				<time>2026-01-25T05:01:29Z</time>
			</trkpt>
			<trkpt lat="24.739294" lon="110.479915">
				<speed>1.345490</speed>
				<ele>124.000000</ele>
				<time>2026-01-25T05:01:34Z</time>
			</trkpt>
			<trkpt lat="24.739251" lon="110.479950">
				<speed>1.406836</speed>
				<ele>124.000000</ele>
				<time>2026-01-25T05:01:38Z</time>
			</trkpt>
			<trkpt lat="24.739221" lon="110.479993">
				<speed>1.278303</speed>
				<ele>123.000000</ele>
				<time>2026-01-25T05:01:42Z</time>
			</trkpt>
			<trkpt lat="24.739182" lon="110.480023">
				<speed>1.341737</speed>
				<ele>123.000000</ele>
				<time>2026-01-25T05:01:46Z</time>
			</trkpt>
			<trkpt lat="24.739146" lon="110.480059">
				<speed>1.288815</speed>
				<ele>123.000000</ele>
				<time>2026-01-25T05:01:50Z</time>
			</trkpt>
			<trkpt lat="24.739104" lon="110.480099">
				<speed>1.239279</speed>
				<ele>122.000000</ele>
				<time>2026-01-25T05:01:55Z</time>
			</trkpt>
			<trkpt lat="24.739071" lon="110.480134">
				<speed>1.330402</speed>
				<ele>122.000000</ele>
				<time>2026-01-25T05:01:59Z</time>
			</trkpt>
			<trkpt lat="24.739037" lon="110.480170">
				<speed>1.339606</speed>
				<ele>122.000000</ele>
				<time>2026-01-25T05:02:03Z</time>
			</trkpt>
			<trkpt lat="24.738997" lon="110.480198">
				<speed>1.276364</speed>
				<ele>122.000000</ele>
				<time>2026-01-25T05:02:07Z</time>
			</trkpt>
			<trkpt lat="24.738964" lon="110.480239">
				<speed>1.332456</speed>
				<ele>122.000000</ele>
				<time>2026-01-25T05:02:11Z</time>
			</trkpt>
			<trkpt lat="24.738930" lon="110.480278">
				<speed>1.337159</speed>
				<ele>122.000000</ele>
				<time>2026-01-25T05:02:16Z</time>
			</trkpt>
			<trkpt lat="24.738897" lon="110.480317">
				<speed>1.284594</speed>
				<ele>123.000000</ele>
				<time>2026-01-25T05:02:20Z</time>
			</trkpt>
			<trkpt lat="24.738860" lon="110.480352">
				<speed>1.353200</speed>
				<ele>122.000000</ele>
				<time>2026-01-25T05:02:24Z</time>
			</trkpt>
			<trkpt lat="24.738828" lon="110.480391">
				<speed>1.329073</speed>
				<ele>122.000000</ele>
				<time>2026-01-25T05:02:28Z</time>
			</trkpt>
			<trkpt lat="24.738789" lon="110.480431">
				<speed>1.147849</speed>
				<ele>122.000000</ele>
				<time>2026-01-25T05:02:33Z</time>
			</trkpt>
			<trkpt lat="24.738759" lon="110.480469">
				<speed>1.223495</speed>
				<ele>121.000000</ele>
				<time>2026-01-25T05:02:37Z</time>
			</trkpt>
			<trkpt lat="24.738732" lon="110.480511">
				<speed>1.239941</speed>
				<ele>121.000000</ele>
				<time>2026-01-25T05:02:41Z</time>
			</trkpt>
			<trkpt lat="24.738701" lon="110.480551">
				<speed>1.175570</speed>
				<ele>121.000000</ele>
				<time>2026-01-25T05:02:45Z</time>
			</trkpt>
			<trkpt lat="24.738665" lon="110.480584">
				<speed>1.327057</speed>
				<ele>121.000000</ele>
				<time>2026-01-25T05:02:49Z</time>
			</trkpt>
			<trkpt lat="24.738627" lon="110.480618">
				<speed>1.263605</speed>
				<ele>121.000000</ele>
				<time>2026-01-25T05:02:53Z</time>
			</trkpt>
			<trkpt lat="24.738594" lon="110.480654">
				<speed>1.301727</speed>
				<ele>120.000000</ele>
				<time>2026-01-25T05:02:57Z</time>
			</trkpt>
			<trkpt lat="24.738560" lon="110.480689">
				<speed>1.224936</speed>
				<ele>120.000000</ele>
				<time>2026-01-25T05:03:01Z</time>
			</trkpt>
			<trkpt lat="24.738522" lon="110.480718">
				<speed>1.205410</speed>
				<ele>120.000000</ele>
				<time>2026-01-25T05:03:05Z</time>
			</trkpt>
			<trkpt lat="24.738477" lon="110.480736">
				<speed>1.203213</speed>
				<ele>119.000000</ele>
				<time>2026-01-25T05:03:09Z</time>
			</trkpt>
			<trkpt lat="24.738438" lon="110.480765">
				<speed>1.063807</speed>
				<ele>120.000000</ele>
				<time>2026-01-25T05:03:13Z</time>
			</trkpt>
			<trkpt lat="24.738395" lon="110.480781">
				<speed>1.162966</speed>
				<ele>120.000000</ele>
				<time>2026-01-25T05:03:17Z</time>
			</trkpt>
			<trkpt lat="24.738361" lon="110.480827">
				<speed>1.260533</speed>
				<ele>123.000000</ele>
				<time>2026-01-25T05:03:21Z</time>
			</trkpt>
			<trkpt lat="24.738324" lon="110.480860">
				<speed>0.682503</speed>
				<ele>124.000000</ele>
				<time>2026-01-25T05:03:26Z</time>
			</trkpt>
			<trkpt lat="24.738282" lon="110.480906">
				<speed>1.489770</speed>
				<ele>124.000000</ele>
				<time>2026-01-25T05:03:29Z</time>
			</trkpt>
			<trkpt lat="24.738242" lon="110.480940">
				<speed>1.322640</speed>
				<ele>125.000000</ele>
				<time>2026-01-25T05:03:33Z</time>
			</trkpt>
			<trkpt lat="24.738204" lon="110.480966">
				<speed>1.533527</speed>
				<ele>124.000000</ele>
				<time>2026-01-25T05:03:36Z</time>
			</trkpt>
			<trkpt lat="24.738167" lon="110.480997">
				<speed>1.116157</speed>
				<ele>122.000000</ele>
				<time>2026-01-25T05:03:40Z</time>
			</trkpt>
			<trkpt lat="24.738131" lon="110.481028">
				<speed>1.380242</speed>
				<ele>122.000000</ele>
				<time>2026-01-25T05:03:44Z</time>
			</trkpt>
			<trkpt lat="24.738088" lon="110.481057">
				<speed>1.523692</speed>
				<ele>122.000000</ele>
				<time>2026-01-25T05:03:48Z</time>
			</trkpt>
			<trkpt lat="24.738036" lon="110.481075">
				<speed>1.124390</speed>
				<ele>122.000000</ele>
				<time>2026-01-25T05:03:53Z</time>
			</trkpt>
			<trkpt lat="24.737993" lon="110.481106">
				<speed>1.150471</speed>
				<ele>121.000000</ele>
				<time>2026-01-25T05:03:57Z</time>
			</trkpt>
			<trkpt lat="24.737947" lon="110.481124">
				<speed>1.142766</speed>
				<ele>121.000000</ele>
				<time>2026-01-25T05:04:01Z</time>
			</trkpt>
			<trkpt lat="24.737895" lon="110.481140">
				<speed>1.121604</speed>
				<ele>121.000000</ele>
				<time>2026-01-25T05:04:06Z</time>
			</trkpt>
			<trkpt lat="24.737847" lon="110.481156">
				<speed>1.210583</speed>
				<ele>121.000000</ele>
				<time>2026-01-25T05:04:12Z</time>
			</trkpt>
			<trkpt lat="24.737793" lon="110.481174">
				<speed>1.141789</speed>
				<ele>121.000000</ele>
				<time>2026-01-25T05:04:17Z</time>
			</trkpt>
			<trkpt lat="24.737747" lon="110.481202">
				<speed>1.184218</speed>
				<ele>122.000000</ele>
				<time>2026-01-25T05:04:21Z</time>
			</trkpt>
			<trkpt lat="24.737715" lon="110.481244">
				<speed>0.913673</speed>
				<ele>123.000000</ele>
				<time>2026-01-25T05:04:25Z</time>
			</trkpt>
			<trkpt lat="24.737699" lon="110.481302">
				<speed>1.149128</speed>
				<ele>121.000000</ele>
				<time>2026-01-25T05:04:31Z</time>
			</trkpt>
			<trkpt lat="24.737663" lon="110.481348">
				<speed>1.283647</speed>
				<ele>121.000000</ele>
				<time>2026-01-25T05:04:35Z</time>
			</trkpt>
			<trkpt lat="24.737637" lon="110.481399">
				<speed>1.260089</speed>
				<ele>121.000000</ele>
				<time>2026-01-25T05:04:39Z</time>
			</trkpt>
			<trkpt lat="24.737614" lon="110.481470">
				<speed>1.384015</speed>
				<ele>121.000000</ele>
				<time>2026-01-25T05:04:45Z</time>
			</trkpt>
			<trkpt lat="24.737587" lon="110.481524">
				<speed>0.984960</speed>
				<ele>121.000000</ele>
				<time>2026-01-25T05:04:50Z</time>
			</trkpt>
			<trkpt lat="24.737555" lon="110.481571">
				<speed>1.413136</speed>
				<ele>121.000000</ele>
				<time>2026-01-25T05:04:53Z</time>
			</trkpt>
			<trkpt lat="24.737532" lon="110.481615">
				<speed>1.152348</speed>
				<ele>120.000000</ele>
				<time>2026-01-25T05:04:57Z</time>
			</trkpt>
			<trkpt lat="24.737538" lon="110.481666">
				<speed>1.158220</speed>
				<ele>120.000000</ele>
				<time>2026-01-25T05:05:07Z</time>
			</trkpt>
			<trkpt lat="24.737577" lon="110.481703">
				<speed>1.155169</speed>
				<ele>119.000000</ele>
				<time>2026-01-25T05:05:12Z</time>
			</trkpt>
			<trkpt lat="24.737611" lon="110.481736">
				<speed>1.277983</speed>
				<ele>119.000000</ele>
				<time>2026-01-25T05:05:16Z</time>
			</trkpt>
			<trkpt lat="24.737659" lon="110.481773">
				<speed>1.478387</speed>
				<ele>119.000000</ele>
				<time>2026-01-25T05:05:20Z</time>
			</trkpt>
			<trkpt lat="24.737704" lon="110.481802">
				<speed>0.965270</speed>
				<ele>119.000000</ele>
				<time>2026-01-25T05:05:24Z</time>
			</trkpt>
			<trkpt lat="24.737746" lon="110.481847">
				<speed>1.287561</speed>
				<ele>120.000000</ele>
				<time>2026-01-25T05:05:28Z</time>
			</trkpt>
			<trkpt lat="24.737784" lon="110.481893">
				<speed>1.393624</speed>
				<ele>121.000000</ele>
				<time>2026-01-25T05:05:32Z</time>
			</trkpt>
			<trkpt lat="24.737796" lon="110.481951">
				<speed>1.282461</speed>
				<ele>121.000000</ele>
				<time>2026-01-25T05:05:36Z</time>
			</trkpt>
			<trkpt lat="24.737782" lon="110.482017">
				<speed>1.344603</speed>
				<ele>121.000000</ele>
				<time>2026-01-25T05:05:40Z</time>
			</trkpt>
			<trkpt lat="24.737768" lon="110.482065">
				<speed>1.429417</speed>
				<ele>121.000000</ele>
				<time>2026-01-25T05:05:43Z</time>
			</trkpt>
			<trkpt lat="24.737741" lon="110.482108">
				<speed>0.982488</speed>
				<ele>121.000000</ele>
				<time>2026-01-25T05:05:47Z</time>
			</trkpt>
			<trkpt lat="24.737706" lon="110.482160">
				<speed>1.375863</speed>
				<ele>121.000000</ele>
				<time>2026-01-25T05:05:51Z</time>
			</trkpt>
			<trkpt lat="24.737671" lon="110.482204">
				<speed>1.359248</speed>
				<ele>121.000000</ele>
				<time>2026-01-25T05:05:55Z</time>
			</trkpt>
			<trkpt lat="24.737622" lon="110.482225">
				<speed>1.131494</speed>
				<ele>121.000000</ele>
				<time>2026-01-25T05:05:59Z</time>
			</trkpt>
			<trkpt lat="24.737611" lon="110.482273">
				<speed>1.496100</speed>
				<ele>121.000000</ele>
				<time>2026-01-25T05:06:02Z</time>
			</trkpt>
			<trkpt lat="24.737584" lon="110.482327">
				<speed>1.412881</speed>
				<ele>121.000000</ele>
				<time>2026-01-25T05:06:06Z</time>
			</trkpt>
			<trkpt lat="24.737554" lon="110.482371">
				<speed>1.470142</speed>
				<ele>121.000000</ele>
				<time>2026-01-25T05:06:10Z</time>
			</trkpt>
			<trkpt lat="24.737518" lon="110.482409">
				<speed>1.378254</speed>
				<ele>120.000000</ele>
				<time>2026-01-25T05:06:14Z</time>
			</trkpt>
			<trkpt lat="24.737477" lon="110.482439">
				<speed>1.342920</speed>
				<ele>120.000000</ele>
				<time>2026-01-25T05:06:18Z</time>
			</trkpt>
			<trkpt lat="24.737429" lon="110.482461">
				<speed>1.176635</speed>
				<ele>120.000000</ele>
				<time>2026-01-25T05:06:23Z</time>
			</trkpt>
			<trkpt lat="24.737380" lon="110.482491">
				<speed>1.542020</speed>
				<ele>120.000000</ele>
				<time>2026-01-25T05:06:27Z</time>
			</trkpt>
			<trkpt lat="24.737340" lon="110.482523">
				<speed>1.194661</speed>
				<ele>120.000000</ele>
				<time>2026-01-25T05:06:31Z</time>
			</trkpt>
			<trkpt lat="24.737303" lon="110.482562">
				<speed>1.379901</speed>
				<ele>121.000000</ele>
				<time>2026-01-25T05:06:35Z</time>
			</trkpt>
			<trkpt lat="24.737302" lon="110.482620">
				<speed>1.231236</speed>
				<ele>121.000000</ele>
				<time>2026-01-25T05:06:39Z</time>
			</trkpt>
			<trkpt lat="24.737290" lon="110.482676">
				<speed>1.340827</speed>
				<ele>121.000000</ele>
				<time>2026-01-25T05:06:43Z</time>
			</trkpt>
			<trkpt lat="24.737260" lon="110.482728">
				<speed>1.202252</speed>
				<ele>121.000000</ele>
				<time>2026-01-25T05:06:48Z</time>
			</trkpt>
			<trkpt lat="24.737229" lon="110.482768">
				<speed>1.228691</speed>
				<ele>121.000000</ele>
				<time>2026-01-25T05:06:52Z</time>
			</trkpt>
			<trkpt lat="24.737215" lon="110.482827">
				<speed>1.358471</speed>
				<ele>121.000000</ele>
				<time>2026-01-25T05:06:56Z</time>
			</trkpt>
			<trkpt lat="24.737186" lon="110.482866">
				<speed>0.937377</speed>
				<ele>121.000000</ele>
				<time>2026-01-25T05:07:00Z</time>
			</trkpt>
			<trkpt lat="24.737167" lon="110.482928">
				<speed>1.534805</speed>
				<ele>121.000000</ele>
				<time>2026-01-25T05:07:04Z</time>
			</trkpt>
			<trkpt lat="24.737142" lon="110.482985">
				<speed>1.557416</speed>
				<ele>120.000000</ele>
				<time>2026-01-25T05:07:08Z</time>
			</trkpt>
			<trkpt lat="24.737111" lon="110.483034">
				<speed>1.487582</speed>
				<ele>120.000000</ele>
				<time>2026-01-25T05:07:12Z</time>
			</trkpt>
			<trkpt lat="24.737079" lon="110.483084">
				<speed>1.446477</speed>
				<ele>120.000000</ele>
				<time>2026-01-25T05:07:16Z</time>
			</trkpt>
			<trkpt lat="24.737040" lon="110.483126">
				<speed>1.452104</speed>
				<ele>120.000000</ele>
				<time>2026-01-25T05:07:21Z</time>
			</trkpt>
			<trkpt lat="24.737003" lon="110.483163">
				<speed>1.447534</speed>
				<ele>119.000000</ele>
				<time>2026-01-25T05:07:25Z</time>
			</trkpt>
			<trkpt lat="24.736982" lon="110.483208">
				<speed>1.251228</speed>
				<ele>119.000000</ele>
				<time>2026-01-25T05:07:29Z</time>
			</trkpt>
			<trkpt lat="24.736935" lon="110.483205">
				<speed>0.699495</speed>
				<ele>120.000000</ele>
				<time>2026-01-25T05:07:38Z</time>
			</trkpt>
		</trkseg>
	</trk>
	<extensions>
		<name>2026-01-25 09:40:03</name>
		<TrackTypeId>8</TrackTypeId>
		<SportType>18</SportType>
		<TrackTags><![CDATA[徒步]]></TrackTags>
		<BeginTime>1769305203000</BeginTime>
		<EndTime>1769317667938</EndTime>
		<PauseTime>2</PauseTime>
		<StartDistrictId>0</StartDistrictId>
		<EndDistrictId>0</EndDistrictId>
		<CreaterId>56392261</CreaterId>
		<CreaterName><![CDATA[Andy 的游历]]></CreaterName>
		<OriginCreaterId>56392261</OriginCreaterId>
		<OriginCreaterName><![CDATA[Andy 的游历]]></OriginCreaterName>
		<Distance>15715.976730</Distance>
		<ElevationGain>34.340000</ElevationGain>
		<ElevationLoss>50.050000</ElevationLoss>
		<SportAvgSpeed>1.261111</SportAvgSpeed>
	</extensions>
</gpx>
