<?xml version="1.0" encoding="UTF-8"?>
<gpx xmlns="http://www.topografix.com/GPX/1/1" version="1.1" creator="GPSBabel - http://www.gpsbabel.org">
	<metadata>
		<author>
			<name><![CDATA[Andy 的游历]]></name>
		</author>
	</metadata>
	<trk>
		<trkseg>
			<trkpt lat="28.533397" lon="118.565776">
				<speed>0.880265</speed>
				<ele>426.000000</ele>
				<time>2026-01-03T00:45:14Z</time>
			</trkpt>
			<trkpt lat="28.533352" lon="118.565756">
				<speed>1.124383</speed>
				<ele>426.000000</ele>
				<time>2026-01-03T00:45:19Z</time>
			</trkpt>
			<trkpt lat="28.533301" lon="118.565732">
				<speed>1.245137</speed>
				<ele>427.000000</ele>
				<time>2026-01-03T00:45:24Z</time>
			</trkpt>
			<trkpt lat="28.533271" lon="118.565685">
				<speed>1.284410</speed>
				<ele>425.000000</ele>
				<time>2026-01-03T00:45:28Z</time>
			</trkpt>
			<trkpt lat="28.533278" lon="118.565631">
				<speed>1.359679</speed>
				<ele>429.000000</ele>
				<time>2026-01-03T00:45:31Z</time>
			</trkpt>
			<trkpt lat="28.533270" lon="118.565565">
				<speed>1.393589</speed>
				<ele>431.000000</ele>
				<time>2026-01-03T00:45:35Z</time>
			</trkpt>
			<trkpt lat="28.533268" lon="118.565504">
				<speed>1.367606</speed>
				<ele>432.000000</ele>
				<time>2026-01-03T00:45:39Z</time>
			</trkpt>
			<trkpt lat="28.533264" lon="118.565444">
				<speed>1.407981</speed>
				<ele>431.000000</ele>
				<time>2026-01-03T00:45:43Z</time>
			</trkpt>
			<trkpt lat="28.533226" lon="118.565408">
				<speed>0.979825</speed>
				<ele>429.000000</ele>
				<time>2026-01-03T00:45:49Z</time>
			</trkpt>
			<trkpt lat="28.533193" lon="118.565357">
				<speed>1.293409</speed>
				<ele>430.000000</ele>
				<time>2026-01-03T00:45:53Z</time>
			</trkpt>
			<trkpt lat="28.533168" lon="118.565305">
				<speed>1.128497</speed>
				<ele>429.000000</ele>
				<time>2026-01-03T00:45:57Z</time>
			</trkpt>
			<trkpt lat="28.533138" lon="118.565253">
				<speed>1.019199</speed>
				<ele>429.000000</ele>
				<time>2026-01-03T00:46:01Z</time>
			</trkpt>
			<trkpt lat="28.533107" lon="118.565201">
				<speed>0.963066</speed>
				<ele>431.000000</ele>
				<time>2026-01-03T00:46:06Z</time>
			</trkpt>
			<trkpt lat="28.533079" lon="118.565160">
				<speed>1.376973</speed>
				<ele>431.000000</ele>
				<time>2026-01-03T00:46:09Z</time>
			</trkpt>
			<trkpt lat="28.533043" lon="118.565118">
				<speed>1.173111</speed>
				<ele>431.000000</ele>
				<time>2026-01-03T00:46:15Z</time>
			</trkpt>
			<trkpt lat="28.533002" lon="118.565083">
				<speed>0.944038</speed>
				<ele>431.000000</ele>
				<time>2026-01-03T00:46:19Z</time>
			</trkpt>
			<trkpt lat="28.532955" lon="118.565057">
				<speed>1.213762</speed>
				<ele>432.000000</ele>
				<time>2026-01-03T00:46:23Z</time>
			</trkpt>
			<trkpt lat="28.532900" lon="118.565034">
				<speed>1.395757</speed>
				<ele>431.000000</ele>
				<time>2026-01-03T00:46:27Z</time>
			</trkpt>
			<trkpt lat="28.532860" lon="118.565008">
				<speed>1.027408</speed>
				<ele>431.000000</ele>
				<time>2026-01-03T00:46:31Z</time>
			</trkpt>
			<trkpt lat="28.532818" lon="118.564985">
				<speed>1.355023</speed>
				<ele>432.000000</ele>
				<time>2026-01-03T00:46:34Z</time>
			</trkpt>
			<trkpt lat="28.532767" lon="118.564968">
				<speed>1.218832</speed>
				<ele>432.000000</ele>
				<time>2026-01-03T00:46:38Z</time>
			</trkpt>
			<trkpt lat="28.532718" lon="118.564958">
				<speed>0.555160</speed>
				<ele>433.000000</ele>
				<time>2026-01-03T00:46:43Z</time>
			</trkpt>
			<trkpt lat="28.532673" lon="118.564928">
				<speed>0.998017</speed>
				<ele>435.000000</ele>
				<time>2026-01-03T00:46:46Z</time>
			</trkpt>
			<trkpt lat="28.532636" lon="118.564895">
				<speed>0.897324</speed>
				<ele>434.000000</ele>
				<time>2026-01-03T00:46:50Z</time>
			</trkpt>
			<trkpt lat="28.532599" lon="118.564852">
				<speed>1.292115</speed>
				<ele>434.000000</ele>
				<time>2026-01-03T00:46:54Z</time>
			</trkpt>
			<trkpt lat="28.532576" lon="118.564806">
				<speed>1.106310</speed>
				<ele>435.000000</ele>
				<time>2026-01-03T00:46:58Z</time>
			</trkpt>
			<trkpt lat="28.532578" lon="118.564743">
				<speed>1.145956</speed>
				<ele>434.000000</ele>
				<time>2026-01-03T00:47:02Z</time>
			</trkpt>
			<trkpt lat="28.532602" lon="118.564678">
				<speed>1.141330</speed>
				<ele>434.000000</ele>
				<time>2026-01-03T00:47:07Z</time>
			</trkpt>
			<trkpt lat="28.532634" lon="118.564636">
				<speed>1.188618</speed>
				<ele>432.000000</ele>
				<time>2026-01-03T00:47:10Z</time>
			</trkpt>
			<trkpt lat="28.532670" lon="118.564584">
				<speed>1.034108</speed>
				<ele>431.000000</ele>
				<time>2026-01-03T00:47:14Z</time>
			</trkpt>
			<trkpt lat="28.532700" lon="118.564546">
				<speed>1.252484</speed>
				<ele>430.000000</ele>
				<time>2026-01-03T00:47:17Z</time>
			</trkpt>
			<trkpt lat="28.532746" lon="118.564515">
				<speed>1.153476</speed>
				<ele>429.000000</ele>
				<time>2026-01-03T00:47:21Z</time>
			</trkpt>
			<trkpt lat="28.532790" lon="118.564480">
				<speed>0.808449</speed>
				<ele>428.000000</ele>
				<time>2026-01-03T00:47:27Z</time>
			</trkpt>
			<trkpt lat="28.532822" lon="118.564442">
				<speed>1.020703</speed>
				<ele>427.000000</ele>
				<time>2026-01-03T00:47:31Z</time>
			</trkpt>
			<trkpt lat="28.532842" lon="118.564387">
				<speed>0.853553</speed>
				<ele>427.000000</ele>
				<time>2026-01-03T00:47:36Z</time>
			</trkpt>
			<trkpt lat="28.532860" lon="118.564329">
				<speed>1.031783</speed>
				<ele>428.000000</ele>
				<time>2026-01-03T00:47:40Z</time>
			</trkpt>
			<trkpt lat="28.532890" lon="118.564284">
				<speed>0.780885</speed>
				<ele>427.000000</ele>
				<time>2026-01-03T00:47:44Z</time>
			</trkpt>
			<trkpt lat="28.532919" lon="118.564238">
				<speed>0.912689</speed>
				<ele>427.000000</ele>
				<time>2026-01-03T00:47:47Z</time>
			</trkpt>
			<trkpt lat="28.532959" lon="118.564188">
				<speed>0.907867</speed>
				<ele>427.000000</ele>
				<time>2026-01-03T00:47:52Z</time>
			</trkpt>
			<trkpt lat="28.532990" lon="118.564146">
				<speed>0.992162</speed>
				<ele>427.000000</ele>
				<time>2026-01-03T00:47:56Z</time>
			</trkpt>
			<trkpt lat="28.533021" lon="118.564097">
				<speed>0.872462</speed>
				<ele>427.000000</ele>
				<time>2026-01-03T00:48:01Z</time>
			</trkpt>
			<trkpt lat="28.533032" lon="118.564041">
				<speed>0.991810</speed>
				<ele>425.000000</ele>
				<time>2026-01-03T00:48:05Z</time>
			</trkpt>
			<trkpt lat="28.533011" lon="118.563985">
				<speed>0.928611</speed>
				<ele>425.000000</ele>
				<time>2026-01-03T00:48:10Z</time>
			</trkpt>
			<trkpt lat="28.532965" lon="118.564000">
				<speed>0.687211</speed>
				<ele>426.000000</ele>
				<time>2026-01-03T00:48:21Z</time>
			</trkpt>
			<trkpt lat="28.532941" lon="118.564047">
				<speed>0.345953</speed>
				<ele>431.000000</ele>
				<time>2026-01-03T00:48:28Z</time>
			</trkpt>
			<trkpt lat="28.532909" lon="118.564090">
				<speed>0.361487</speed>
				<ele>431.000000</ele>
				<time>2026-01-03T00:48:37Z</time>
			</trkpt>
			<trkpt lat="28.532858" lon="118.564091">
				<speed>0.290810</speed>
				<ele>436.000000</ele>
				<time>2026-01-03T00:48:45Z</time>
			</trkpt>
			<trkpt lat="28.532812" lon="118.564082">
				<speed>0.936267</speed>
				<ele>436.000000</ele>
				<time>2026-01-03T00:48:50Z</time>
			</trkpt>
			<trkpt lat="28.532761" lon="118.564084">
				<speed>0.796688</speed>
				<ele>435.000000</ele>
				<time>2026-01-03T00:48:57Z</time>
			</trkpt>
			<trkpt lat="28.532705" lon="118.564084">
				<speed>0.694910</speed>
				<ele>439.000000</ele>
				<time>2026-01-03T00:49:05Z</time>
			</trkpt>
			<trkpt lat="28.532653" lon="118.564103">
				<speed>0.592365</speed>
				<ele>443.000000</ele>
				<time>2026-01-03T00:49:14Z</time>
			</trkpt>
			<trkpt lat="28.532607" lon="118.564139">
				<speed>0.406501</speed>
				<ele>446.000000</ele>
				<time>2026-01-03T00:49:25Z</time>
			</trkpt>
			<trkpt lat="28.532561" lon="118.564157">
				<speed>0.481858</speed>
				<ele>447.000000</ele>
				<time>2026-01-03T00:49:32Z</time>
			</trkpt>
			<trkpt lat="28.532526" lon="118.564191">
				<speed>0.218222</speed>
				<ele>448.000000</ele>
				<time>2026-01-03T00:49:38Z</time>
			</trkpt>
			<trkpt lat="28.532483" lon="118.564221">
				<speed>0.625341</speed>
				<ele>450.000000</ele>
				<time>2026-01-03T00:49:51Z</time>
			</trkpt>
			<trkpt lat="28.532442" lon="118.564254">
				<speed>0.654510</speed>
				<ele>453.000000</ele>
				<time>2026-01-03T00:49:57Z</time>
			</trkpt>
			<trkpt lat="28.532404" lon="118.564288">
				<speed>0.463924</speed>
				<ele>452.000000</ele>
				<time>2026-01-03T00:50:02Z</time>
			</trkpt>
			<trkpt lat="28.532361" lon="118.564311">
				<speed>0.446782</speed>
				<ele>451.000000</ele>
				<time>2026-01-03T00:50:10Z</time>
			</trkpt>
			<trkpt lat="28.532323" lon="118.564339">
				<speed>0.551838</speed>
				<ele>454.000000</ele>
				<time>2026-01-03T00:50:15Z</time>
			</trkpt>
			<trkpt lat="28.532283" lon="118.564362">
				<speed>0.362874</speed>
				<ele>453.000000</ele>
				<time>2026-01-03T00:50:21Z</time>
			</trkpt>
			<trkpt lat="28.532244" lon="118.564400">
				<speed>0.442211</speed>
				<ele>453.000000</ele>
				<time>2026-01-03T00:50:28Z</time>
			</trkpt>
			<trkpt lat="28.532196" lon="118.564427">
				<speed>0.427896</speed>
				<ele>456.000000</ele>
				<time>2026-01-03T00:50:37Z</time>
			</trkpt>
			<trkpt lat="28.532172" lon="118.564482">
				<speed>0.394001</speed>
				<ele>458.000000</ele>
				<time>2026-01-03T00:50:45Z</time>
			</trkpt>
			<trkpt lat="28.532131" lon="118.564510">
				<speed>0.221857</speed>
				<ele>459.000000</ele>
				<time>2026-01-03T00:50:57Z</time>
			</trkpt>
			<trkpt lat="28.532086" lon="118.564538">
				<speed>0.611619</speed>
				<ele>460.000000</ele>
				<time>2026-01-03T00:51:02Z</time>
			</trkpt>
			<trkpt lat="28.532038" lon="118.564529">
				<speed>0.321662</speed>
				<ele>462.000000</ele>
				<time>2026-01-03T00:51:09Z</time>
			</trkpt>
			<trkpt lat="28.531997" lon="118.564503">
				<speed>0.773210</speed>
				<ele>463.000000</ele>
				<time>2026-01-03T00:51:16Z</time>
			</trkpt>
			<trkpt lat="28.531960" lon="118.564471">
				<speed>0.560075</speed>
				<ele>464.000000</ele>
				<time>2026-01-03T00:51:24Z</time>
			</trkpt>
			<trkpt lat="28.531947" lon="118.564421">
				<speed>0.802139</speed>
				<ele>463.000000</ele>
				<time>2026-01-03T00:51:53Z</time>
			</trkpt>
			<trkpt lat="28.531907" lon="118.564378">
				<speed>0.956193</speed>
				<ele>462.000000</ele>
				<time>2026-01-03T00:52:00Z</time>
			</trkpt>
			<trkpt lat="28.531900" lon="118.564317">
				<speed>1.331602</speed>
				<ele>462.000000</ele>
				<time>2026-01-03T00:52:05Z</time>
			</trkpt>
			<trkpt lat="28.531893" lon="118.564249">
				<speed>1.685344</speed>
				<ele>463.000000</ele>
				<time>2026-01-03T00:52:09Z</time>
			</trkpt>
			<trkpt lat="28.531890" lon="118.564192">
				<speed>1.784792</speed>
				<ele>463.000000</ele>
				<time>2026-01-03T00:52:12Z</time>
			</trkpt>
			<trkpt lat="28.531884" lon="118.564133">
				<speed>1.826211</speed>
				<ele>462.000000</ele>
				<time>2026-01-03T00:52:16Z</time>
			</trkpt>
			<trkpt lat="28.531863" lon="118.564235">
				<speed>0.405729</speed>
				<ele>460.000000</ele>
				<time>2026-01-03T00:52:19Z</time>
			</trkpt>
			<trkpt lat="28.531944" lon="118.564228">
				<speed>1.259051</speed>
				<ele>459.000000</ele>
				<time>2026-01-03T00:52:20Z</time>
			</trkpt>
			<trkpt lat="28.531955" lon="118.564178">
				<speed>1.065056</speed>
				<ele>458.000000</ele>
				<time>2026-01-03T00:52:26Z</time>
			</trkpt>
			<trkpt lat="28.531940" lon="118.564122">
				<speed>0.955157</speed>
				<ele>457.000000</ele>
				<time>2026-01-03T00:52:34Z</time>
			</trkpt>
			<trkpt lat="28.531931" lon="118.564059">
				<speed>1.121397</speed>
				<ele>457.000000</ele>
				<time>2026-01-03T00:52:39Z</time>
			</trkpt>
			<trkpt lat="28.531902" lon="118.564014">
				<speed>1.035518</speed>
				<ele>457.000000</ele>
				<time>2026-01-03T00:52:44Z</time>
			</trkpt>
			<trkpt lat="28.531881" lon="118.563965">
				<speed>0.828575</speed>
				<ele>456.000000</ele>
				<time>2026-01-03T00:52:49Z</time>
			</trkpt>
			<trkpt lat="28.531857" lon="118.563916">
				<speed>0.880093</speed>
				<ele>456.000000</ele>
				<time>2026-01-03T00:52:54Z</time>
			</trkpt>
			<trkpt lat="28.531833" lon="118.563869">
				<speed>0.519176</speed>
				<ele>456.000000</ele>
				<time>2026-01-03T00:53:00Z</time>
			</trkpt>
			<trkpt lat="28.531810" lon="118.563818">
				<speed>0.520106</speed>
				<ele>457.000000</ele>
				<time>2026-01-03T00:53:09Z</time>
			</trkpt>
			<trkpt lat="28.531787" lon="118.563771">
				<speed>0.679673</speed>
				<ele>460.000000</ele>
				<time>2026-01-03T00:53:14Z</time>
			</trkpt>
			<trkpt lat="28.531741" lon="118.563737">
				<speed>1.214088</speed>
				<ele>459.000000</ele>
				<time>2026-01-03T00:53:19Z</time>
			</trkpt>
			<trkpt lat="28.531704" lon="118.563701">
				<speed>0.861333</speed>
				<ele>458.000000</ele>
				<time>2026-01-03T00:53:24Z</time>
			</trkpt>
			<trkpt lat="28.531688" lon="118.563652">
				<speed>0.538807</speed>
				<ele>459.000000</ele>
				<time>2026-01-03T00:53:29Z</time>
			</trkpt>
			<trkpt lat="28.531647" lon="118.563629">
				<speed>0.489698</speed>
				<ele>459.000000</ele>
				<time>2026-01-03T00:53:33Z</time>
			</trkpt>
			<trkpt lat="28.531598" lon="118.563635">
				<speed>0.171880</speed>
				<ele>460.000000</ele>
				<time>2026-01-03T00:53:39Z</time>
			</trkpt>
			<trkpt lat="28.531552" lon="118.563637">
				<speed>0.914883</speed>
				<ele>461.000000</ele>
				<time>2026-01-03T00:53:42Z</time>
			</trkpt>
			<trkpt lat="28.531498" lon="118.563613">
				<speed>0.934217</speed>
				<ele>464.000000</ele>
				<time>2026-01-03T00:53:47Z</time>
			</trkpt>
			<trkpt lat="28.531432" lon="118.563600">
				<speed>1.149786</speed>
				<ele>467.000000</ele>
				<time>2026-01-03T00:53:53Z</time>
			</trkpt>
			<trkpt lat="28.531386" lon="118.563610">
				<speed>0.391011</speed>
				<ele>469.000000</ele>
				<time>2026-01-03T00:53:57Z</time>
			</trkpt>
			<trkpt lat="28.531368" lon="118.563557">
				<speed>0.476739</speed>
				<ele>470.000000</ele>
				<time>2026-01-03T00:54:12Z</time>
			</trkpt>
			<trkpt lat="28.531322" lon="118.563569">
				<speed>0.465776</speed>
				<ele>472.000000</ele>
				<time>2026-01-03T00:54:20Z</time>
			</trkpt>
			<trkpt lat="28.531301" lon="118.563618">
				<speed>0.537046</speed>
				<ele>473.000000</ele>
				<time>2026-01-03T00:54:26Z</time>
			</trkpt>
			<trkpt lat="28.531270" lon="118.563579">
				<speed>0.099119</speed>
				<ele>474.000000</ele>
				<time>2026-01-03T00:54:47Z</time>
			</trkpt>
			<trkpt lat="28.531226" lon="118.563547">
				<speed>0.265472</speed>
				<ele>473.000000</ele>
				<time>2026-01-03T00:55:16Z</time>
			</trkpt>
			<trkpt lat="28.531200" lon="118.563500">
				<speed>0.530741</speed>
				<ele>472.000000</ele>
				<time>2026-01-03T00:55:25Z</time>
			</trkpt>
			<trkpt lat="28.531156" lon="118.563467">
				<speed>0.639555</speed>
				<ele>472.000000</ele>
				<time>2026-01-03T00:55:30Z</time>
			</trkpt>
			<trkpt lat="28.531112" lon="118.563435">
				<speed>0.313396</speed>
				<ele>476.000000</ele>
				<time>2026-01-03T00:55:39Z</time>
			</trkpt>
			<trkpt lat="28.531088" lon="118.563389">
				<speed>0.401988</speed>
				<ele>476.000000</ele>
				<time>2026-01-03T00:55:48Z</time>
			</trkpt>
			<trkpt lat="28.531049" lon="118.563420">
				<speed>0.818626</speed>
				<ele>475.000000</ele>
				<time>2026-01-03T00:56:03Z</time>
			</trkpt>
			<trkpt lat="28.531015" lon="118.563377">
				<speed>0.630653</speed>
				<ele>475.000000</ele>
				<time>2026-01-03T00:56:13Z</time>
			</trkpt>
			<trkpt lat="28.531046" lon="118.563337">
				<speed>0.450721</speed>
				<ele>474.000000</ele>
				<time>2026-01-03T00:56:24Z</time>
			</trkpt>
			<trkpt lat="28.531078" lon="118.563293">
				<speed>0.467555</speed>
				<ele>474.000000</ele>
				<time>2026-01-03T00:56:35Z</time>
			</trkpt>
			<trkpt lat="28.531115" lon="118.563261">
				<speed>0.970503</speed>
				<ele>476.000000</ele>
				<time>2026-01-03T00:56:43Z</time>
			</trkpt>
			<trkpt lat="28.531141" lon="118.563216">
				<speed>1.062582</speed>
				<ele>476.000000</ele>
				<time>2026-01-03T00:56:51Z</time>
			</trkpt>
			<trkpt lat="28.531165" lon="118.563173">
				<speed>0.582800</speed>
				<ele>474.000000</ele>
				<time>2026-01-03T00:56:59Z</time>
			</trkpt>
			<trkpt lat="28.531187" lon="118.563120">
				<speed>0.668743</speed>
				<ele>474.000000</ele>
				<time>2026-01-03T00:57:07Z</time>
			</trkpt>
			<trkpt lat="28.531210" lon="118.563074">
				<speed>0.772372</speed>
				<ele>475.000000</ele>
				<time>2026-01-03T00:57:14Z</time>
			</trkpt>
			<trkpt lat="28.531233" lon="118.563030">
				<speed>0.875440</speed>
				<ele>474.000000</ele>
				<time>2026-01-03T00:57:19Z</time>
			</trkpt>
			<trkpt lat="28.531248" lon="118.562979">
				<speed>0.703941</speed>
				<ele>475.000000</ele>
				<time>2026-01-03T00:57:27Z</time>
			</trkpt>
			<trkpt lat="28.531251" lon="118.562926">
				<speed>0.683461</speed>
				<ele>476.000000</ele>
				<time>2026-01-03T00:57:34Z</time>
			</trkpt>
			<trkpt lat="28.531267" lon="118.562876">
				<speed>0.773493</speed>
				<ele>477.000000</ele>
				<time>2026-01-03T00:57:41Z</time>
			</trkpt>
			<trkpt lat="28.531277" lon="118.562822">
				<speed>0.850277</speed>
				<ele>477.000000</ele>
				<time>2026-01-03T00:57:47Z</time>
			</trkpt>
			<trkpt lat="28.531285" lon="118.562765">
				<speed>0.915427</speed>
				<ele>477.000000</ele>
				<time>2026-01-03T00:57:53Z</time>
			</trkpt>
			<trkpt lat="28.531238" lon="118.562747">
				<speed>0.195345</speed>
				<ele>477.000000</ele>
				<time>2026-01-03T00:58:00Z</time>
			</trkpt>
			<trkpt lat="28.531200" lon="118.562775">
				<speed>0.728236</speed>
				<ele>478.000000</ele>
				<time>2026-01-03T00:58:05Z</time>
			</trkpt>
			<trkpt lat="28.531171" lon="118.562818">
				<speed>0.415467</speed>
				<ele>480.000000</ele>
				<time>2026-01-03T00:58:13Z</time>
			</trkpt>
			<trkpt lat="28.531130" lon="118.562848">
				<speed>0.421165</speed>
				<ele>481.000000</ele>
				<time>2026-01-03T00:58:21Z</time>
			</trkpt>
			<trkpt lat="28.531095" lon="118.562891">
				<speed>0.660249</speed>
				<ele>482.000000</ele>
				<time>2026-01-03T00:58:28Z</time>
			</trkpt>
			<trkpt lat="28.531051" lon="118.562924">
				<speed>0.862054</speed>
				<ele>482.000000</ele>
				<time>2026-01-03T00:58:36Z</time>
			</trkpt>
			<trkpt lat="28.531005" lon="118.562952">
				<speed>1.073483</speed>
				<ele>483.000000</ele>
				<time>2026-01-03T00:58:42Z</time>
			</trkpt>
			<trkpt lat="28.530963" lon="118.562986">
				<speed>0.770140</speed>
				<ele>484.000000</ele>
				<time>2026-01-03T00:58:48Z</time>
			</trkpt>
			<trkpt lat="28.530924" lon="118.563016">
				<speed>0.533071</speed>
				<ele>484.000000</ele>
				<time>2026-01-03T00:58:55Z</time>
			</trkpt>
			<trkpt lat="28.530889" lon="118.563056">
				<speed>0.559866</speed>
				<ele>485.000000</ele>
				<time>2026-01-03T00:59:01Z</time>
			</trkpt>
			<trkpt lat="28.530839" lon="118.563093">
				<speed>0.971687</speed>
				<ele>484.000000</ele>
				<time>2026-01-03T00:59:07Z</time>
			</trkpt>
			<trkpt lat="28.530795" lon="118.563127">
				<speed>0.830461</speed>
				<ele>485.000000</ele>
				<time>2026-01-03T00:59:12Z</time>
			</trkpt>
			<trkpt lat="28.530762" lon="118.563169">
				<speed>0.827516</speed>
				<ele>485.000000</ele>
				<time>2026-01-03T00:59:18Z</time>
			</trkpt>
			<trkpt lat="28.530724" lon="118.563203">
				<speed>0.777244</speed>
				<ele>486.000000</ele>
				<time>2026-01-03T00:59:25Z</time>
			</trkpt>
			<trkpt lat="28.530687" lon="118.563252">
				<speed>0.846171</speed>
				<ele>487.000000</ele>
				<time>2026-01-03T00:59:31Z</time>
			</trkpt>
			<trkpt lat="28.530657" lon="118.563298">
				<speed>0.525046</speed>
				<ele>487.000000</ele>
				<time>2026-01-03T00:59:37Z</time>
			</trkpt>
			<trkpt lat="28.530612" lon="118.563325">
				<speed>0.458877</speed>
				<ele>487.000000</ele>
				<time>2026-01-03T00:59:44Z</time>
			</trkpt>
			<trkpt lat="28.530561" lon="118.563348">
				<speed>0.965129</speed>
				<ele>488.000000</ele>
				<time>2026-01-03T00:59:55Z</time>
			</trkpt>
			<trkpt lat="28.530518" lon="118.563378">
				<speed>0.372748</speed>
				<ele>490.000000</ele>
				<time>2026-01-03T01:00:06Z</time>
			</trkpt>
			<trkpt lat="28.530482" lon="118.563412">
				<speed>0.459293</speed>
				<ele>492.000000</ele>
				<time>2026-01-03T01:00:16Z</time>
			</trkpt>
			<trkpt lat="28.530447" lon="118.563450">
				<speed>0.693407</speed>
				<ele>494.000000</ele>
				<time>2026-01-03T01:00:30Z</time>
			</trkpt>
			<trkpt lat="28.530453" lon="118.563507">
				<speed>0.456924</speed>
				<ele>495.000000</ele>
				<time>2026-01-03T01:00:40Z</time>
			</trkpt>
			<trkpt lat="28.530422" lon="118.563552">
				<speed>0.846567</speed>
				<ele>498.000000</ele>
				<time>2026-01-03T01:01:05Z</time>
			</trkpt>
			<trkpt lat="28.530368" lon="118.563557">
				<speed>0.761675</speed>
				<ele>497.000000</ele>
				<time>2026-01-03T01:01:15Z</time>
			</trkpt>
			<trkpt lat="28.530329" lon="118.563516">
				<speed>0.672354</speed>
				<ele>497.000000</ele>
				<time>2026-01-03T01:01:19Z</time>
			</trkpt>
			<trkpt lat="28.530277" lon="118.563525">
				<speed>0.565615</speed>
				<ele>496.000000</ele>
				<time>2026-01-03T01:01:27Z</time>
			</trkpt>
			<trkpt lat="28.530234" lon="118.563557">
				<speed>1.727666</speed>
				<ele>496.000000</ele>
				<time>2026-01-03T01:01:34Z</time>
			</trkpt>
			<trkpt lat="28.530259" lon="118.563603">
				<speed>1.124847</speed>
				<ele>498.000000</ele>
				<time>2026-01-03T01:01:43Z</time>
			</trkpt>
			<trkpt lat="28.530222" lon="118.563568">
				<speed>0.386700</speed>
				<ele>498.000000</ele>
				<time>2026-01-03T01:01:47Z</time>
			</trkpt>
			<trkpt lat="28.530172" lon="118.563550">
				<speed>0.841191</speed>
				<ele>499.000000</ele>
				<time>2026-01-03T01:01:52Z</time>
			</trkpt>
			<trkpt lat="28.530132" lon="118.563578">
				<speed>0.785548</speed>
				<ele>500.000000</ele>
				<time>2026-01-03T01:01:59Z</time>
			</trkpt>
			<trkpt lat="28.530089" lon="118.563606">
				<speed>0.913295</speed>
				<ele>500.000000</ele>
				<time>2026-01-03T01:02:05Z</time>
			</trkpt>
			<trkpt lat="28.530036" lon="118.563581">
				<speed>1.082931</speed>
				<ele>500.000000</ele>
				<time>2026-01-03T01:02:08Z</time>
			</trkpt>
			<trkpt lat="28.529991" lon="118.563593">
				<speed>0.905625</speed>
				<ele>501.000000</ele>
				<time>2026-01-03T01:02:13Z</time>
			</trkpt>
			<trkpt lat="28.529989" lon="118.563648">
				<speed>0.736903</speed>
				<ele>502.000000</ele>
				<time>2026-01-03T01:02:18Z</time>
			</trkpt>
			<trkpt lat="28.529954" lon="118.563683">
				<speed>1.018676</speed>
				<ele>504.000000</ele>
				<time>2026-01-03T01:02:25Z</time>
			</trkpt>
			<trkpt lat="28.529903" lon="118.563691">
				<speed>0.894749</speed>
				<ele>505.000000</ele>
				<time>2026-01-03T01:02:31Z</time>
			</trkpt>
			<trkpt lat="28.529856" lon="118.563689">
				<speed>0.713938</speed>
				<ele>506.000000</ele>
				<time>2026-01-03T01:02:36Z</time>
			</trkpt>
			<trkpt lat="28.529806" lon="118.563688">
				<speed>0.922865</speed>
				<ele>505.000000</ele>
				<time>2026-01-03T01:02:41Z</time>
			</trkpt>
			<trkpt lat="28.529750" lon="118.563690">
				<speed>0.869798</speed>
				<ele>506.000000</ele>
				<time>2026-01-03T01:02:46Z</time>
			</trkpt>
			<trkpt lat="28.529653" lon="118.563657">
				<speed>0.960635</speed>
				<ele>506.000000</ele>
				<time>2026-01-03T01:02:54Z</time>
			</trkpt>
			<trkpt lat="28.529483" lon="118.563562">
				<speed>1.286365</speed>
				<ele>505.000000</ele>
				<time>2026-01-03T01:03:05Z</time>
			</trkpt>
			<trkpt lat="28.529433" lon="118.563554">
				<speed>0.604544</speed>
				<ele>505.000000</ele>
				<time>2026-01-03T01:03:13Z</time>
			</trkpt>
			<trkpt lat="28.529332" lon="118.563463">
				<speed>0.875232</speed>
				<ele>505.000000</ele>
				<time>2026-01-03T01:03:20Z</time>
			</trkpt>
			<trkpt lat="28.529358" lon="118.563597">
				<speed>0.732562</speed>
				<ele>504.000000</ele>
				<time>2026-01-03T01:03:28Z</time>
			</trkpt>
			<trkpt lat="28.529282" lon="118.563523">
				<speed>0.545909</speed>
				<ele>504.000000</ele>
				<time>2026-01-03T01:03:34Z</time>
			</trkpt>
			<trkpt lat="28.529205" lon="118.563465">
				<speed>0.763941</speed>
				<ele>503.000000</ele>
				<time>2026-01-03T01:03:39Z</time>
			</trkpt>
			<trkpt lat="28.529001" lon="118.563274">
				<speed>1.261411</speed>
				<ele>500.000000</ele>
				<time>2026-01-03T01:03:50Z</time>
			</trkpt>
			<trkpt lat="28.528951" lon="118.563233">
				<speed>0.926052</speed>
				<ele>499.000000</ele>
				<time>2026-01-03T01:03:54Z</time>
			</trkpt>
			<trkpt lat="28.528823" lon="118.563094">
				<speed>0.590747</speed>
				<ele>496.000000</ele>
				<time>2026-01-03T01:04:00Z</time>
			</trkpt>
			<trkpt lat="28.528763" lon="118.563054">
				<speed>0.966036</speed>
				<ele>493.000000</ele>
				<time>2026-01-03T01:04:04Z</time>
			</trkpt>
			<trkpt lat="28.528784" lon="118.563119">
				<speed>1.090338</speed>
				<ele>492.000000</ele>
				<time>2026-01-03T01:04:05Z</time>
			</trkpt>
			<trkpt lat="28.528731" lon="118.563086">
				<speed>0.891554</speed>
				<ele>491.000000</ele>
				<time>2026-01-03T01:04:09Z</time>
			</trkpt>
			<trkpt lat="28.528687" lon="118.563042">
				<speed>0.695585</speed>
				<ele>490.000000</ele>
				<time>2026-01-03T01:04:12Z</time>
			</trkpt>
			<trkpt lat="28.528632" lon="118.563024">
				<speed>0.229183</speed>
				<ele>488.000000</ele>
				<time>2026-01-03T01:04:17Z</time>
			</trkpt>
			<trkpt lat="28.528583" lon="118.563004">
				<speed>1.273739</speed>
				<ele>487.000000</ele>
				<time>2026-01-03T01:04:19Z</time>
			</trkpt>
			<trkpt lat="28.528525" lon="118.562936">
				<speed>2.069939</speed>
				<ele>487.000000</ele>
				<time>2026-01-03T01:04:21Z</time>
			</trkpt>
			<trkpt lat="28.528483" lon="118.562960">
				<speed>0.840060</speed>
				<ele>485.000000</ele>
				<time>2026-01-03T01:04:27Z</time>
			</trkpt>
			<trkpt lat="28.528432" lon="118.562950">
				<speed>1.190348</speed>
				<ele>484.000000</ele>
				<time>2026-01-03T01:04:31Z</time>
			</trkpt>
			<trkpt lat="28.528393" lon="118.562999">
				<speed>0.657028</speed>
				<ele>485.000000</ele>
				<time>2026-01-03T01:04:42Z</time>
			</trkpt>
			<trkpt lat="28.528350" lon="118.562958">
				<speed>0.907426</speed>
				<ele>486.000000</ele>
				<time>2026-01-03T01:04:44Z</time>
			</trkpt>
			<trkpt lat="28.528373" lon="118.563019">
				<speed>0.454927</speed>
				<ele>487.000000</ele>
				<time>2026-01-03T01:04:47Z</time>
			</trkpt>
			<trkpt lat="28.528392" lon="118.563071">
				<speed>0.520226</speed>
				<ele>487.000000</ele>
				<time>2026-01-03T01:04:49Z</time>
			</trkpt>
			<trkpt lat="28.528409" lon="118.563145">
				<speed>0.758635</speed>
				<ele>488.000000</ele>
				<time>2026-01-03T01:04:52Z</time>
			</trkpt>
			<trkpt lat="28.528433" lon="118.563203">
				<speed>0.657214</speed>
				<ele>489.000000</ele>
				<time>2026-01-03T01:04:55Z</time>
			</trkpt>
			<trkpt lat="28.528462" lon="118.563267">
				<speed>0.821054</speed>
				<ele>491.000000</ele>
				<time>2026-01-03T01:04:58Z</time>
			</trkpt>
			<trkpt lat="28.528485" lon="118.563312">
				<speed>0.896328</speed>
				<ele>492.000000</ele>
				<time>2026-01-03T01:05:00Z</time>
			</trkpt>
			<trkpt lat="28.528513" lon="118.563373">
				<speed>1.028939</speed>
				<ele>495.000000</ele>
				<time>2026-01-03T01:05:03Z</time>
			</trkpt>
			<trkpt lat="28.528669" lon="118.563668">
				<speed>0.832123</speed>
				<ele>504.000000</ele>
				<time>2026-01-03T01:05:13Z</time>
			</trkpt>
			<trkpt lat="28.528703" lon="118.563737">
				<speed>1.255610</speed>
				<ele>508.000000</ele>
				<time>2026-01-03T01:05:17Z</time>
			</trkpt>
			<trkpt lat="28.528737" lon="118.563798">
				<speed>0.932391</speed>
				<ele>511.000000</ele>
				<time>2026-01-03T01:05:20Z</time>
			</trkpt>
			<trkpt lat="28.528761" lon="118.563849">
				<speed>0.526098</speed>
				<ele>513.000000</ele>
				<time>2026-01-03T01:05:22Z</time>
			</trkpt>
			<trkpt lat="28.528667" lon="118.563649">
				<speed>0.308516</speed>
				<ele>524.000000</ele>
				<time>2026-01-03T01:05:36Z</time>
			</trkpt>
			<trkpt lat="28.528638" lon="118.563642">
				<speed>1.448288</speed>
				<ele>525.000000</ele>
				<time>2026-01-03T01:05:41Z</time>
			</trkpt>
			<trkpt lat="28.528701" lon="118.563739">
				<speed>0.436413</speed>
				<ele>529.000000</ele>
				<time>2026-01-03T01:05:48Z</time>
			</trkpt>
			<trkpt lat="28.528761" lon="118.563928">
				<speed>1.208449</speed>
				<ele>532.000000</ele>
				<time>2026-01-03T01:05:59Z</time>
			</trkpt>
			<trkpt lat="28.528792" lon="118.563986">
				<speed>1.308474</speed>
				<ele>534.000000</ele>
				<time>2026-01-03T01:06:01Z</time>
			</trkpt>
			<trkpt lat="28.528813" lon="118.564070">
				<speed>0.990971</speed>
				<ele>537.000000</ele>
				<time>2026-01-03T01:06:08Z</time>
			</trkpt>
			<trkpt lat="28.528850" lon="118.564151">
				<speed>1.479590</speed>
				<ele>539.000000</ele>
				<time>2026-01-03T01:06:10Z</time>
			</trkpt>
			<trkpt lat="28.528876" lon="118.564201">
				<speed>1.352647</speed>
				<ele>540.000000</ele>
				<time>2026-01-03T01:06:13Z</time>
			</trkpt>
			<trkpt lat="28.528906" lon="118.564260">
				<speed>1.142614</speed>
				<ele>541.000000</ele>
				<time>2026-01-03T01:06:16Z</time>
			</trkpt>
			<trkpt lat="28.528931" lon="118.564318">
				<speed>0.389820</speed>
				<ele>541.000000</ele>
				<time>2026-01-03T01:06:18Z</time>
			</trkpt>
			<trkpt lat="28.528891" lon="118.564347">
				<speed>0.539972</speed>
				<ele>543.000000</ele>
				<time>2026-01-03T01:06:28Z</time>
			</trkpt>
			<trkpt lat="28.528908" lon="118.564414">
				<speed>1.532251</speed>
				<ele>544.000000</ele>
				<time>2026-01-03T01:06:32Z</time>
			</trkpt>
			<trkpt lat="28.528933" lon="118.564461">
				<speed>1.277577</speed>
				<ele>548.000000</ele>
				<time>2026-01-03T01:06:34Z</time>
			</trkpt>
			<trkpt lat="28.528958" lon="118.564519">
				<speed>1.184166</speed>
				<ele>553.000000</ele>
				<time>2026-01-03T01:06:37Z</time>
			</trkpt>
			<trkpt lat="28.528935" lon="118.564565">
				<speed>0.685037</speed>
				<ele>557.000000</ele>
				<time>2026-01-03T01:06:47Z</time>
			</trkpt>
			<trkpt lat="28.528961" lon="118.564629">
				<speed>1.218937</speed>
				<ele>556.000000</ele>
				<time>2026-01-03T01:06:49Z</time>
			</trkpt>
			<trkpt lat="28.528985" lon="118.564678">
				<speed>1.515859</speed>
				<ele>560.000000</ele>
				<time>2026-01-03T01:06:52Z</time>
			</trkpt>
			<trkpt lat="28.528939" lon="118.564637">
				<speed>0.057527</speed>
				<ele>561.000000</ele>
				<time>2026-01-03T01:06:58Z</time>
			</trkpt>
			<trkpt lat="28.528882" lon="118.564610">
				<speed>0.804780</speed>
				<ele>560.000000</ele>
				<time>2026-01-03T01:07:02Z</time>
			</trkpt>
			<trkpt lat="28.528855" lon="118.564566">
				<speed>0.785429</speed>
				<ele>565.000000</ele>
				<time>2026-01-03T01:07:04Z</time>
			</trkpt>
			<trkpt lat="28.528874" lon="118.564616">
				<speed>0.505973</speed>
				<ele>567.000000</ele>
				<time>2026-01-03T01:07:08Z</time>
			</trkpt>
			<trkpt lat="28.528893" lon="118.564671">
				<speed>0.569840</speed>
				<ele>572.000000</ele>
				<time>2026-01-03T01:07:23Z</time>
			</trkpt>
			<trkpt lat="28.528865" lon="118.564606">
				<speed>0.449353</speed>
				<ele>573.000000</ele>
				<time>2026-01-03T01:07:28Z</time>
			</trkpt>
			<trkpt lat="28.528854" lon="118.564676">
				<speed>1.873828</speed>
				<ele>570.000000</ele>
				<time>2026-01-03T01:07:45Z</time>
			</trkpt>
			<trkpt lat="28.528891" lon="118.564792">
				<speed>1.108546</speed>
				<ele>574.000000</ele>
				<time>2026-01-03T01:07:52Z</time>
			</trkpt>
			<trkpt lat="28.528752" lon="118.564741">
				<speed>0.455314</speed>
				<ele>582.000000</ele>
				<time>2026-01-03T01:08:34Z</time>
			</trkpt>
			<trkpt lat="28.528701" lon="118.564723">
				<speed>0.644934</speed>
				<ele>584.000000</ele>
				<time>2026-01-03T01:08:52Z</time>
			</trkpt>
			<trkpt lat="28.528680" lon="118.564770">
				<speed>0.092342</speed>
				<ele>585.000000</ele>
				<time>2026-01-03T01:09:08Z</time>
			</trkpt>
			<trkpt lat="28.528703" lon="118.564821">
				<speed>0.085009</speed>
				<ele>585.000000</ele>
				<time>2026-01-03T01:09:11Z</time>
			</trkpt>
			<trkpt lat="28.528697" lon="118.564872">
				<speed>0.376635</speed>
				<ele>585.000000</ele>
				<time>2026-01-03T01:09:25Z</time>
			</trkpt>
			<trkpt lat="28.528640" lon="118.564855">
				<speed>2.344766</speed>
				<ele>586.000000</ele>
				<time>2026-01-03T01:09:27Z</time>
			</trkpt>
			<trkpt lat="28.528623" lon="118.564804">
				<speed>1.732505</speed>
				<ele>588.000000</ele>
				<time>2026-01-03T01:09:30Z</time>
			</trkpt>
			<trkpt lat="28.528669" lon="118.564812">
				<speed>0.059103</speed>
				<ele>589.000000</ele>
				<time>2026-01-03T01:09:35Z</time>
			</trkpt>
			<trkpt lat="28.528710" lon="118.564833">
				<speed>0.097187</speed>
				<ele>588.000000</ele>
				<time>2026-01-03T01:09:38Z</time>
			</trkpt>
			<trkpt lat="28.528721" lon="118.564883">
				<speed>0.259065</speed>
				<ele>587.000000</ele>
				<time>2026-01-03T01:09:41Z</time>
			</trkpt>
			<trkpt lat="28.528694" lon="118.564929">
				<speed>0.861692</speed>
				<ele>589.000000</ele>
				<time>2026-01-03T01:09:44Z</time>
			</trkpt>
			<trkpt lat="28.528681" lon="118.564997">
				<speed>0.910788</speed>
				<ele>590.000000</ele>
				<time>2026-01-03T01:09:50Z</time>
			</trkpt>
			<trkpt lat="28.528650" lon="118.565047">
				<speed>1.300635</speed>
				<ele>591.000000</ele>
				<time>2026-01-03T01:10:00Z</time>
			</trkpt>
			<trkpt lat="28.528620" lon="118.565085">
				<speed>0.656725</speed>
				<ele>590.000000</ele>
				<time>2026-01-03T01:10:09Z</time>
			</trkpt>
			<trkpt lat="28.528578" lon="118.565110">
				<speed>0.919789</speed>
				<ele>591.000000</ele>
				<time>2026-01-03T01:10:25Z</time>
			</trkpt>
			<trkpt lat="28.528544" lon="118.565145">
				<speed>0.646171</speed>
				<ele>590.000000</ele>
				<time>2026-01-03T01:10:48Z</time>
			</trkpt>
			<trkpt lat="28.528492" lon="118.565143">
				<speed>0.848382</speed>
				<ele>589.000000</ele>
				<time>2026-01-03T01:10:54Z</time>
			</trkpt>
			<trkpt lat="28.528447" lon="118.565168">
				<speed>0.781190</speed>
				<ele>590.000000</ele>
				<time>2026-01-03T01:11:01Z</time>
			</trkpt>
			<trkpt lat="28.528495" lon="118.565147">
				<speed>1.077792</speed>
				<ele>590.000000</ele>
				<time>2026-01-03T01:11:53Z</time>
			</trkpt>
			<trkpt lat="28.528541" lon="118.565126">
				<speed>1.023790</speed>
				<ele>590.000000</ele>
				<time>2026-01-03T01:11:58Z</time>
			</trkpt>
			<trkpt lat="28.528547" lon="118.565062">
				<speed>0.949620</speed>
				<ele>591.000000</ele>
				<time>2026-01-03T01:12:03Z</time>
			</trkpt>
			<trkpt lat="28.528535" lon="118.565010">
				<speed>0.000000</speed>
				<ele>590.000000</ele>
				<time>2026-01-03T01:12:20Z</time>
			</trkpt>
			<trkpt lat="28.528576" lon="118.565035">
				<speed>0.374576</speed>
				<ele>593.000000</ele>
				<time>2026-01-03T01:13:32Z</time>
			</trkpt>
			<trkpt lat="28.528599" lon="118.565122">
				<speed>0.204210</speed>
				<ele>593.000000</ele>
				<time>2026-01-03T01:13:43Z</time>
			</trkpt>
			<trkpt lat="28.528618" lon="118.565172">
				<speed>0.804919</speed>
				<ele>593.000000</ele>
				<time>2026-01-03T01:13:50Z</time>
			</trkpt>
			<trkpt lat="28.528666" lon="118.565163">
				<speed>1.071816</speed>
				<ele>593.000000</ele>
				<time>2026-01-03T01:13:57Z</time>
			</trkpt>
			<trkpt lat="28.528691" lon="118.565207">
				<speed>0.604284</speed>
				<ele>593.000000</ele>
				<time>2026-01-03T01:14:08Z</time>
			</trkpt>
			<trkpt lat="28.528727" lon="118.565249">
				<speed>1.042312</speed>
				<ele>593.000000</ele>
				<time>2026-01-03T01:14:14Z</time>
			</trkpt>
			<trkpt lat="28.528745" lon="118.565302">
				<speed>0.497847</speed>
				<ele>597.000000</ele>
				<time>2026-01-03T01:14:53Z</time>
			</trkpt>
			<trkpt lat="28.528735" lon="118.565358">
				<speed>0.897972</speed>
				<ele>598.000000</ele>
				<time>2026-01-03T01:15:00Z</time>
			</trkpt>
			<trkpt lat="28.528748" lon="118.565408">
				<speed>0.109674</speed>
				<ele>602.000000</ele>
				<time>2026-01-03T01:15:20Z</time>
			</trkpt>
			<trkpt lat="28.528761" lon="118.565462">
				<speed>0.504361</speed>
				<ele>602.000000</ele>
				<time>2026-01-03T01:15:34Z</time>
			</trkpt>
			<trkpt lat="28.528784" lon="118.565509">
				<speed>0.514207</speed>
				<ele>605.000000</ele>
				<time>2026-01-03T01:15:51Z</time>
			</trkpt>
			<trkpt lat="28.528795" lon="118.565560">
				<speed>0.424725</speed>
				<ele>605.000000</ele>
				<time>2026-01-03T01:16:12Z</time>
			</trkpt>
			<trkpt lat="28.528773" lon="118.565606">
				<speed>0.555053</speed>
				<ele>607.000000</ele>
				<time>2026-01-03T01:16:30Z</time>
			</trkpt>
			<trkpt lat="28.528786" lon="118.565657">
				<speed>0.320139</speed>
				<ele>607.000000</ele>
				<time>2026-01-03T01:16:45Z</time>
			</trkpt>
			<trkpt lat="28.528771" lon="118.565711">
				<speed>0.487206</speed>
				<ele>610.000000</ele>
				<time>2026-01-03T01:16:57Z</time>
			</trkpt>
			<trkpt lat="28.528760" lon="118.565764">
				<speed>0.486801</speed>
				<ele>612.000000</ele>
				<time>2026-01-03T01:17:05Z</time>
			</trkpt>
			<trkpt lat="28.528769" lon="118.565817">
				<speed>0.821168</speed>
				<ele>613.000000</ele>
				<time>2026-01-03T01:17:10Z</time>
			</trkpt>
			<trkpt lat="28.528768" lon="118.565872">
				<speed>0.512496</speed>
				<ele>614.000000</ele>
				<time>2026-01-03T01:17:17Z</time>
			</trkpt>
			<trkpt lat="28.528809" lon="118.565897">
				<speed>0.298936</speed>
				<ele>615.000000</ele>
				<time>2026-01-03T01:17:40Z</time>
			</trkpt>
			<trkpt lat="28.528842" lon="118.565951">
				<speed>0.819936</speed>
				<ele>614.000000</ele>
				<time>2026-01-03T01:17:55Z</time>
			</trkpt>
			<trkpt lat="28.528881" lon="118.565999">
				<speed>0.184843</speed>
				<ele>614.000000</ele>
				<time>2026-01-03T01:18:17Z</time>
			</trkpt>
			<trkpt lat="28.528917" lon="118.566031">
				<speed>0.574839</speed>
				<ele>615.000000</ele>
				<time>2026-01-03T01:18:28Z</time>
			</trkpt>
			<trkpt lat="28.528964" lon="118.566008">
				<speed>0.414833</speed>
				<ele>618.000000</ele>
				<time>2026-01-03T01:18:38Z</time>
			</trkpt>
			<trkpt lat="28.529015" lon="118.566040">
				<speed>0.879771</speed>
				<ele>619.000000</ele>
				<time>2026-01-03T01:18:46Z</time>
			</trkpt>
			<trkpt lat="28.529058" lon="118.566060">
				<speed>0.692950</speed>
				<ele>618.000000</ele>
				<time>2026-01-03T01:18:52Z</time>
			</trkpt>
			<trkpt lat="28.529092" lon="118.566027">
				<speed>0.217117</speed>
				<ele>613.000000</ele>
				<time>2026-01-03T01:19:09Z</time>
			</trkpt>
			<trkpt lat="28.529115" lon="118.565973">
				<speed>0.349531</speed>
				<ele>613.000000</ele>
				<time>2026-01-03T01:19:27Z</time>
			</trkpt>
			<trkpt lat="28.529121" lon="118.565909">
				<speed>0.855166</speed>
				<ele>612.000000</ele>
				<time>2026-01-03T01:19:39Z</time>
			</trkpt>
			<trkpt lat="28.529136" lon="118.565859">
				<speed>0.073750</speed>
				<ele>612.000000</ele>
				<time>2026-01-03T01:20:04Z</time>
			</trkpt>
			<trkpt lat="28.529140" lon="118.565806">
				<speed>1.095945</speed>
				<ele>610.000000</ele>
				<time>2026-01-03T01:20:09Z</time>
			</trkpt>
			<trkpt lat="28.529128" lon="118.565752">
				<speed>0.432895</speed>
				<ele>609.000000</ele>
				<time>2026-01-03T01:20:16Z</time>
			</trkpt>
			<trkpt lat="28.529106" lon="118.565686">
				<speed>0.943088</speed>
				<ele>612.000000</ele>
				<time>2026-01-03T01:20:21Z</time>
			</trkpt>
			<trkpt lat="28.529124" lon="118.565631">
				<speed>0.206802</speed>
				<ele>613.000000</ele>
				<time>2026-01-03T01:20:26Z</time>
			</trkpt>
			<trkpt lat="28.529160" lon="118.565664">
				<speed>0.097802</speed>
				<ele>617.000000</ele>
				<time>2026-01-03T01:20:45Z</time>
			</trkpt>
			<trkpt lat="28.529167" lon="118.565719">
				<speed>0.627120</speed>
				<ele>618.000000</ele>
				<time>2026-01-03T01:20:51Z</time>
			</trkpt>
			<trkpt lat="28.529180" lon="118.565770">
				<speed>0.308851</speed>
				<ele>618.000000</ele>
				<time>2026-01-03T01:21:04Z</time>
			</trkpt>
			<trkpt lat="28.529224" lon="118.565796">
				<speed>0.434150</speed>
				<ele>618.000000</ele>
				<time>2026-01-03T01:21:13Z</time>
			</trkpt>
			<trkpt lat="28.529263" lon="118.565828">
				<speed>0.661596</speed>
				<ele>618.000000</ele>
				<time>2026-01-03T01:21:25Z</time>
			</trkpt>
			<trkpt lat="28.529309" lon="118.565841">
				<speed>0.628519</speed>
				<ele>616.000000</ele>
				<time>2026-01-03T01:21:37Z</time>
			</trkpt>
			<trkpt lat="28.529360" lon="118.565857">
				<speed>0.866581</speed>
				<ele>614.000000</ele>
				<time>2026-01-03T01:21:45Z</time>
			</trkpt>
			<trkpt lat="28.529402" lon="118.565832">
				<speed>1.117699</speed>
				<ele>614.000000</ele>
				<time>2026-01-03T01:22:15Z</time>
			</trkpt>
			<trkpt lat="28.529404" lon="118.565894">
				<speed>0.111054</speed>
				<ele>614.000000</ele>
				<time>2026-01-03T01:22:24Z</time>
			</trkpt>
			<trkpt lat="28.529396" lon="118.565999">
				<speed>0.401463</speed>
				<ele>611.000000</ele>
				<time>2026-01-03T01:22:31Z</time>
			</trkpt>
			<trkpt lat="28.529360" lon="118.565945">
				<speed>0.055131</speed>
				<ele>610.000000</ele>
				<time>2026-01-03T01:22:37Z</time>
			</trkpt>
			<trkpt lat="28.529365" lon="118.565885">
				<speed>0.095044</speed>
				<ele>610.000000</ele>
				<time>2026-01-03T01:22:47Z</time>
			</trkpt>
			<trkpt lat="28.529383" lon="118.565837">
				<speed>0.364112</speed>
				<ele>611.000000</ele>
				<time>2026-01-03T01:22:54Z</time>
			</trkpt>
			<trkpt lat="28.529431" lon="118.565800">
				<speed>0.673971</speed>
				<ele>613.000000</ele>
				<time>2026-01-03T01:23:04Z</time>
			</trkpt>
			<trkpt lat="28.529482" lon="118.565807">
				<speed>0.501327</speed>
				<ele>615.000000</ele>
				<time>2026-01-03T01:23:12Z</time>
			</trkpt>
			<trkpt lat="28.529523" lon="118.565773">
				<speed>0.261527</speed>
				<ele>616.000000</ele>
				<time>2026-01-03T01:23:29Z</time>
			</trkpt>
			<trkpt lat="28.529531" lon="118.565719">
				<speed>0.493493</speed>
				<ele>615.000000</ele>
				<time>2026-01-03T01:23:37Z</time>
			</trkpt>
			<trkpt lat="28.529577" lon="118.565724">
				<speed>0.586720</speed>
				<ele>614.000000</ele>
				<time>2026-01-03T01:23:56Z</time>
			</trkpt>
			<trkpt lat="28.529611" lon="118.565762">
				<speed>0.894609</speed>
				<ele>612.000000</ele>
				<time>2026-01-03T01:24:03Z</time>
			</trkpt>
			<trkpt lat="28.529641" lon="118.565803">
				<speed>0.834186</speed>
				<ele>610.000000</ele>
				<time>2026-01-03T01:24:15Z</time>
			</trkpt>
			<trkpt lat="28.529665" lon="118.565854">
				<speed>0.753501</speed>
				<ele>611.000000</ele>
				<time>2026-01-03T01:24:25Z</time>
			</trkpt>
			<trkpt lat="28.529709" lon="118.565885">
				<speed>0.593748</speed>
				<ele>610.000000</ele>
				<time>2026-01-03T01:24:36Z</time>
			</trkpt>
			<trkpt lat="28.529725" lon="118.565946">
				<speed>0.711304</speed>
				<ele>611.000000</ele>
				<time>2026-01-03T01:24:43Z</time>
			</trkpt>
			<trkpt lat="28.529742" lon="118.565998">
				<speed>0.526903</speed>
				<ele>608.000000</ele>
				<time>2026-01-03T01:24:53Z</time>
			</trkpt>
			<trkpt lat="28.529765" lon="118.566051">
				<speed>0.707692</speed>
				<ele>607.000000</ele>
				<time>2026-01-03T01:25:01Z</time>
			</trkpt>
			<trkpt lat="28.529818" lon="118.566082">
				<speed>0.957199</speed>
				<ele>604.000000</ele>
				<time>2026-01-03T01:25:11Z</time>
			</trkpt>
			<trkpt lat="28.529876" lon="118.566069">
				<speed>1.007848</speed>
				<ele>604.000000</ele>
				<time>2026-01-03T01:25:15Z</time>
			</trkpt>
			<trkpt lat="28.529860" lon="118.566019">
				<speed>0.297857</speed>
				<ele>602.000000</ele>
				<time>2026-01-03T01:25:23Z</time>
			</trkpt>
			<trkpt lat="28.530126" lon="118.566082">
				<speed>4.712464</speed>
				<ele>603.000000</ele>
				<time>2026-01-03T01:25:24Z</time>
			</trkpt>
			<trkpt lat="28.530125" lon="118.566187">
				<speed>1.132866</speed>
				<ele>601.000000</ele>
				<time>2026-01-03T01:25:31Z</time>
			</trkpt>
			<trkpt lat="28.530077" lon="118.566237">
				<speed>0.259472</speed>
				<ele>601.000000</ele>
				<time>2026-01-03T01:25:35Z</time>
			</trkpt>
			<trkpt lat="28.530054" lon="118.566290">
				<speed>0.712358</speed>
				<ele>601.000000</ele>
				<time>2026-01-03T01:25:38Z</time>
			</trkpt>
			<trkpt lat="28.530011" lon="118.566311">
				<speed>0.082674</speed>
				<ele>604.000000</ele>
				<time>2026-01-03T01:25:43Z</time>
			</trkpt>
			<trkpt lat="28.529968" lon="118.566264">
				<speed>0.047880</speed>
				<ele>607.000000</ele>
				<time>2026-01-03T01:25:45Z</time>
			</trkpt>
			<trkpt lat="28.530016" lon="118.566298">
				<speed>1.569228</speed>
				<ele>606.000000</ele>
				<time>2026-01-03T01:25:50Z</time>
			</trkpt>
			<trkpt lat="28.529949" lon="118.566311">
				<speed>0.863137</speed>
				<ele>610.000000</ele>
				<time>2026-01-03T01:25:54Z</time>
			</trkpt>
			<trkpt lat="28.529880" lon="118.566308">
				<speed>0.413832</speed>
				<ele>618.000000</ele>
				<time>2026-01-03T01:25:57Z</time>
			</trkpt>
			<trkpt lat="28.529833" lon="118.566307">
				<speed>0.102072</speed>
				<ele>615.000000</ele>
				<time>2026-01-03T01:26:06Z</time>
			</trkpt>
			<trkpt lat="28.529795" lon="118.566274">
				<speed>0.536961</speed>
				<ele>617.000000</ele>
				<time>2026-01-03T01:26:09Z</time>
			</trkpt>
			<trkpt lat="28.529835" lon="118.566244">
				<speed>0.633710</speed>
				<ele>614.000000</ele>
				<time>2026-01-03T01:26:16Z</time>
			</trkpt>
			<trkpt lat="28.529818" lon="118.566192">
				<speed>0.970845</speed>
				<ele>610.000000</ele>
				<time>2026-01-03T01:26:27Z</time>
			</trkpt>
			<trkpt lat="28.529804" lon="118.566243">
				<speed>0.357662</speed>
				<ele>610.000000</ele>
				<time>2026-01-03T01:26:30Z</time>
			</trkpt>
			<trkpt lat="28.529762" lon="118.566265">
				<speed>1.480773</speed>
				<ele>612.000000</ele>
				<time>2026-01-03T01:26:41Z</time>
			</trkpt>
			<trkpt lat="28.529784" lon="118.566312">
				<speed>0.523937</speed>
				<ele>611.000000</ele>
				<time>2026-01-03T01:26:46Z</time>
			</trkpt>
			<trkpt lat="28.529761" lon="118.566361">
				<speed>0.665745</speed>
				<ele>622.000000</ele>
				<time>2026-01-03T01:27:02Z</time>
			</trkpt>
			<trkpt lat="28.529808" lon="118.566313">
				<speed>0.487515</speed>
				<ele>621.000000</ele>
				<time>2026-01-03T01:27:07Z</time>
			</trkpt>
			<trkpt lat="28.529862" lon="118.566283">
				<speed>0.704857</speed>
				<ele>617.000000</ele>
				<time>2026-01-03T01:27:10Z</time>
			</trkpt>
			<trkpt lat="28.529842" lon="118.566234">
				<speed>0.075924</speed>
				<ele>622.000000</ele>
				<time>2026-01-03T01:27:16Z</time>
			</trkpt>
			<trkpt lat="28.529765" lon="118.566220">
				<speed>0.027791</speed>
				<ele>636.000000</ele>
				<time>2026-01-03T01:27:26Z</time>
			</trkpt>
			<trkpt lat="28.529829" lon="118.566204">
				<speed>0.514606</speed>
				<ele>630.000000</ele>
				<time>2026-01-03T01:27:30Z</time>
			</trkpt>
			<trkpt lat="28.529881" lon="118.566185">
				<speed>0.546790</speed>
				<ele>625.000000</ele>
				<time>2026-01-03T01:27:33Z</time>
			</trkpt>
			<trkpt lat="28.529931" lon="118.566180">
				<speed>0.386909</speed>
				<ele>622.000000</ele>
				<time>2026-01-03T01:27:45Z</time>
			</trkpt>
			<trkpt lat="28.529985" lon="118.566179">
				<speed>1.084461</speed>
				<ele>621.000000</ele>
				<time>2026-01-03T01:28:00Z</time>
			</trkpt>
			<trkpt lat="28.529963" lon="118.566221">
				<speed>0.557172</speed>
				<ele>631.000000</ele>
				<time>2026-01-03T01:28:12Z</time>
			</trkpt>
			<trkpt lat="28.529944" lon="118.566252">
				<speed>0.604444</speed>
				<ele>638.000000</ele>
				<time>2026-01-03T01:28:20Z</time>
			</trkpt>
			<trkpt lat="28.529918" lon="118.566297">
				<speed>0.579480</speed>
				<ele>645.000000</ele>
				<time>2026-01-03T01:28:25Z</time>
			</trkpt>
			<trkpt lat="28.529882" lon="118.566338">
				<speed>0.492224</speed>
				<ele>651.000000</ele>
				<time>2026-01-03T01:28:28Z</time>
			</trkpt>
			<trkpt lat="28.529818" lon="118.566377">
				<speed>0.398698</speed>
				<ele>660.000000</ele>
				<time>2026-01-03T01:28:31Z</time>
			</trkpt>
			<trkpt lat="28.529763" lon="118.566414">
				<speed>0.604941</speed>
				<ele>664.000000</ele>
				<time>2026-01-03T01:28:33Z</time>
			</trkpt>
			<trkpt lat="28.529723" lon="118.566445">
				<speed>0.456207</speed>
				<ele>668.000000</ele>
				<time>2026-01-03T01:28:34Z</time>
			</trkpt>
			<trkpt lat="28.529659" lon="118.566459">
				<speed>0.274293</speed>
				<ele>674.000000</ele>
				<time>2026-01-03T01:28:38Z</time>
			</trkpt>
			<trkpt lat="28.529606" lon="118.566479">
				<speed>0.259993</speed>
				<ele>681.000000</ele>
				<time>2026-01-03T01:28:40Z</time>
			</trkpt>
			<trkpt lat="28.529552" lon="118.566489">
				<speed>0.181154</speed>
				<ele>689.000000</ele>
				<time>2026-01-03T01:28:42Z</time>
			</trkpt>
			<trkpt lat="28.529509" lon="118.566513">
				<speed>0.251132</speed>
				<ele>699.000000</ele>
				<time>2026-01-03T01:28:44Z</time>
			</trkpt>
			<trkpt lat="28.529452" lon="118.566547">
				<speed>0.000000</speed>
				<ele>708.000000</ele>
				<time>2026-01-03T01:28:46Z</time>
			</trkpt>
			<trkpt lat="28.529322" lon="118.566609">
				<speed>0.031508</speed>
				<ele>727.000000</ele>
				<time>2026-01-03T01:28:53Z</time>
			</trkpt>
			<trkpt lat="28.529369" lon="118.566611">
				<speed>0.754650</speed>
				<ele>747.000000</ele>
				<time>2026-01-03T01:29:20Z</time>
			</trkpt>
			<trkpt lat="28.529414" lon="118.566590">
				<speed>0.601880</speed>
				<ele>748.000000</ele>
				<time>2026-01-03T01:29:29Z</time>
			</trkpt>
			<trkpt lat="28.529451" lon="118.566560">
				<speed>0.954409</speed>
				<ele>753.000000</ele>
				<time>2026-01-03T01:29:42Z</time>
			</trkpt>
			<trkpt lat="28.529406" lon="118.566580">
				<speed>0.765640</speed>
				<ele>753.000000</ele>
				<time>2026-01-03T01:29:48Z</time>
			</trkpt>
			<trkpt lat="28.529359" lon="118.566588">
				<speed>0.338077</speed>
				<ele>754.000000</ele>
				<time>2026-01-03T01:29:57Z</time>
			</trkpt>
			<trkpt lat="28.529313" lon="118.566576">
				<speed>0.543214</speed>
				<ele>753.000000</ele>
				<time>2026-01-03T01:30:04Z</time>
			</trkpt>
			<trkpt lat="28.529268" lon="118.566551">
				<speed>0.712704</speed>
				<ele>755.000000</ele>
				<time>2026-01-03T01:30:12Z</time>
			</trkpt>
			<trkpt lat="28.529237" lon="118.566503">
				<speed>0.529880</speed>
				<ele>757.000000</ele>
				<time>2026-01-03T01:30:22Z</time>
			</trkpt>
			<trkpt lat="28.529203" lon="118.566464">
				<speed>0.798741</speed>
				<ele>763.000000</ele>
				<time>2026-01-03T01:30:35Z</time>
			</trkpt>
			<trkpt lat="28.529186" lon="118.566415">
				<speed>0.473121</speed>
				<ele>765.000000</ele>
				<time>2026-01-03T01:30:48Z</time>
			</trkpt>
			<trkpt lat="28.529172" lon="118.566364">
				<speed>0.069089</speed>
				<ele>767.000000</ele>
				<time>2026-01-03T01:30:57Z</time>
			</trkpt>
			<trkpt lat="28.529209" lon="118.566396">
				<speed>0.529961</speed>
				<ele>770.000000</ele>
				<time>2026-01-03T01:31:08Z</time>
			</trkpt>
			<trkpt lat="28.529257" lon="118.566417">
				<speed>0.713510</speed>
				<ele>772.000000</ele>
				<time>2026-01-03T01:31:17Z</time>
			</trkpt>
			<trkpt lat="28.529304" lon="118.566419">
				<speed>0.780958</speed>
				<ele>773.000000</ele>
				<time>2026-01-03T01:31:25Z</time>
			</trkpt>
			<trkpt lat="28.529323" lon="118.566370">
				<speed>0.468038</speed>
				<ele>774.000000</ele>
				<time>2026-01-03T01:31:41Z</time>
			</trkpt>
			<trkpt lat="28.529284" lon="118.566337">
				<speed>0.650794</speed>
				<ele>775.000000</ele>
				<time>2026-01-03T01:31:50Z</time>
			</trkpt>
			<trkpt lat="28.529235" lon="118.566314">
				<speed>0.826541</speed>
				<ele>775.000000</ele>
				<time>2026-01-03T01:32:04Z</time>
			</trkpt>
			<trkpt lat="28.529193" lon="118.566294">
				<speed>0.535886</speed>
				<ele>775.000000</ele>
				<time>2026-01-03T01:32:41Z</time>
			</trkpt>
			<trkpt lat="28.529233" lon="118.566263">
				<speed>0.089800</speed>
				<ele>777.000000</ele>
				<time>2026-01-03T01:33:22Z</time>
			</trkpt>
			<trkpt lat="28.529249" lon="118.566212">
				<speed>0.257247</speed>
				<ele>774.000000</ele>
				<time>2026-01-03T01:33:30Z</time>
			</trkpt>
			<trkpt lat="28.529301" lon="118.566207">
				<speed>0.895963</speed>
				<ele>774.000000</ele>
				<time>2026-01-03T01:33:44Z</time>
			</trkpt>
			<trkpt lat="28.529341" lon="118.566183">
				<speed>0.964719</speed>
				<ele>775.000000</ele>
				<time>2026-01-03T01:33:48Z</time>
			</trkpt>
			<trkpt lat="28.529390" lon="118.566171">
				<speed>1.061956</speed>
				<ele>775.000000</ele>
				<time>2026-01-03T01:33:53Z</time>
			</trkpt>
			<trkpt lat="28.529438" lon="118.566169">
				<speed>1.020241</speed>
				<ele>775.000000</ele>
				<time>2026-01-03T01:33:58Z</time>
			</trkpt>
			<trkpt lat="28.529489" lon="118.566158">
				<speed>0.789438</speed>
				<ele>778.000000</ele>
				<time>2026-01-03T01:34:05Z</time>
			</trkpt>
			<trkpt lat="28.529537" lon="118.566155">
				<speed>0.439042</speed>
				<ele>779.000000</ele>
				<time>2026-01-03T01:34:12Z</time>
			</trkpt>
			<trkpt lat="28.529586" lon="118.566154">
				<speed>1.080937</speed>
				<ele>778.000000</ele>
				<time>2026-01-03T01:34:18Z</time>
			</trkpt>
			<trkpt lat="28.529627" lon="118.566129">
				<speed>0.838488</speed>
				<ele>777.000000</ele>
				<time>2026-01-03T01:34:24Z</time>
			</trkpt>
			<trkpt lat="28.529680" lon="118.566109">
				<speed>0.849932</speed>
				<ele>778.000000</ele>
				<time>2026-01-03T01:34:30Z</time>
			</trkpt>
			<trkpt lat="28.529724" lon="118.566082">
				<speed>0.848015</speed>
				<ele>777.000000</ele>
				<time>2026-01-03T01:34:36Z</time>
			</trkpt>
			<trkpt lat="28.529764" lon="118.566045">
				<speed>0.826498</speed>
				<ele>777.000000</ele>
				<time>2026-01-03T01:34:41Z</time>
			</trkpt>
			<trkpt lat="28.529805" lon="118.566016">
				<speed>0.467061</speed>
				<ele>778.000000</ele>
				<time>2026-01-03T01:34:49Z</time>
			</trkpt>
			<trkpt lat="28.529836" lon="118.565978">
				<speed>0.123714</speed>
				<ele>780.000000</ele>
				<time>2026-01-03T01:34:59Z</time>
			</trkpt>
			<trkpt lat="28.529866" lon="118.565926">
				<speed>1.015561</speed>
				<ele>782.000000</ele>
				<time>2026-01-03T01:35:06Z</time>
			</trkpt>
			<trkpt lat="28.529876" lon="118.565865">
				<speed>0.953241</speed>
				<ele>782.000000</ele>
				<time>2026-01-03T01:35:12Z</time>
			</trkpt>
			<trkpt lat="28.529833" lon="118.565849">
				<speed>0.278766</speed>
				<ele>783.000000</ele>
				<time>2026-01-03T01:35:22Z</time>
			</trkpt>
			<trkpt lat="28.529789" lon="118.565862">
				<speed>0.367136</speed>
				<ele>786.000000</ele>
				<time>2026-01-03T01:35:38Z</time>
			</trkpt>
			<trkpt lat="28.529744" lon="118.565868">
				<speed>0.605117</speed>
				<ele>788.000000</ele>
				<time>2026-01-03T01:35:50Z</time>
			</trkpt>
			<trkpt lat="28.529715" lon="118.565911">
				<speed>0.317570</speed>
				<ele>792.000000</ele>
				<time>2026-01-03T01:36:03Z</time>
			</trkpt>
			<trkpt lat="28.529669" lon="118.565930">
				<speed>0.748374</speed>
				<ele>798.000000</ele>
				<time>2026-01-03T01:36:26Z</time>
			</trkpt>
			<trkpt lat="28.529624" lon="118.565913">
				<speed>0.672900</speed>
				<ele>801.000000</ele>
				<time>2026-01-03T01:36:38Z</time>
			</trkpt>
			<trkpt lat="28.529588" lon="118.565877">
				<speed>0.000000</speed>
				<ele>803.000000</ele>
				<time>2026-01-03T01:36:53Z</time>
			</trkpt>
			<trkpt lat="28.529539" lon="118.565882">
				<speed>0.473440</speed>
				<ele>806.000000</ele>
				<time>2026-01-03T01:37:03Z</time>
			</trkpt>
			<trkpt lat="28.529492" lon="118.565897">
				<speed>0.515005</speed>
				<ele>810.000000</ele>
				<time>2026-01-03T01:37:17Z</time>
			</trkpt>
			<trkpt lat="28.529446" lon="118.565880">
				<speed>0.486077</speed>
				<ele>813.000000</ele>
				<time>2026-01-03T01:37:40Z</time>
			</trkpt>
			<trkpt lat="28.529395" lon="118.565891">
				<speed>0.626058</speed>
				<ele>814.000000</ele>
				<time>2026-01-03T01:37:52Z</time>
			</trkpt>
			<trkpt lat="28.529350" lon="118.565870">
				<speed>0.418543</speed>
				<ele>815.000000</ele>
				<time>2026-01-03T01:38:00Z</time>
			</trkpt>
			<trkpt lat="28.529349" lon="118.565818">
				<speed>0.138531</speed>
				<ele>815.000000</ele>
				<time>2026-01-03T01:38:13Z</time>
			</trkpt>
			<trkpt lat="28.529359" lon="118.565764">
				<speed>0.352683</speed>
				<ele>815.000000</ele>
				<time>2026-01-03T01:38:22Z</time>
			</trkpt>
			<trkpt lat="28.529406" lon="118.565767">
				<speed>0.000000</speed>
				<ele>814.000000</ele>
				<time>2026-01-03T01:38:56Z</time>
			</trkpt>
			<trkpt lat="28.529455" lon="118.565770">
				<speed>1.709473</speed>
				<ele>814.000000</ele>
				<time>2026-01-03T01:39:01Z</time>
			</trkpt>
			<trkpt lat="28.529398" lon="118.565736">
				<speed>0.432675</speed>
				<ele>815.000000</ele>
				<time>2026-01-03T01:39:04Z</time>
			</trkpt>
			<trkpt lat="28.529352" lon="118.565738">
				<speed>0.542800</speed>
				<ele>818.000000</ele>
				<time>2026-01-03T01:39:34Z</time>
			</trkpt>
			<trkpt lat="28.529332" lon="118.565808">
				<speed>2.032331</speed>
				<ele>820.000000</ele>
				<time>2026-01-03T01:39:37Z</time>
			</trkpt>
			<trkpt lat="28.529344" lon="118.565869">
				<speed>0.964783</speed>
				<ele>819.000000</ele>
				<time>2026-01-03T01:39:42Z</time>
			</trkpt>
			<trkpt lat="28.529358" lon="118.565819">
				<speed>0.055615</speed>
				<ele>817.000000</ele>
				<time>2026-01-03T01:40:14Z</time>
			</trkpt>
			<trkpt lat="28.529348" lon="118.565769">
				<speed>0.083092</speed>
				<ele>816.000000</ele>
				<time>2026-01-03T01:40:35Z</time>
			</trkpt>
			<trkpt lat="28.529344" lon="118.565715">
				<speed>0.057852</speed>
				<ele>816.000000</ele>
				<time>2026-01-03T01:41:14Z</time>
			</trkpt>
			<trkpt lat="28.529352" lon="118.565770">
				<speed>1.180513</speed>
				<ele>817.000000</ele>
				<time>2026-01-03T01:42:36Z</time>
			</trkpt>
			<trkpt lat="28.529336" lon="118.565723">
				<speed>0.031294</speed>
				<ele>815.000000</ele>
				<time>2026-01-03T01:44:51Z</time>
			</trkpt>
			<trkpt lat="28.529344" lon="118.565774">
				<speed>0.640781</speed>
				<ele>816.000000</ele>
				<time>2026-01-03T01:46:31Z</time>
			</trkpt>
			<trkpt lat="28.529324" lon="118.565726">
				<speed>0.025570</speed>
				<ele>814.000000</ele>
				<time>2026-01-03T01:49:13Z</time>
			</trkpt>
			<trkpt lat="28.529352" lon="118.565771">
				<speed>0.694048</speed>
				<ele>816.000000</ele>
				<time>2026-01-03T01:54:00Z</time>
			</trkpt>
			<trkpt lat="28.529331" lon="118.565723">
				<speed>0.129689</speed>
				<ele>812.000000</ele>
				<time>2026-01-03T01:55:28Z</time>
			</trkpt>
			<trkpt lat="28.529326" lon="118.565776">
				<speed>0.181151</speed>
				<ele>816.000000</ele>
				<time>2026-01-03T01:57:14Z</time>
			</trkpt>
			<trkpt lat="28.529340" lon="118.565825">
				<speed>0.101663</speed>
				<ele>817.000000</ele>
				<time>2026-01-03T01:57:43Z</time>
			</trkpt>
			<trkpt lat="28.529358" lon="118.565873">
				<speed>0.410294</speed>
				<ele>815.000000</ele>
				<time>2026-01-03T01:57:50Z</time>
			</trkpt>
			<trkpt lat="28.529402" lon="118.565889">
				<speed>0.264937</speed>
				<ele>817.000000</ele>
				<time>2026-01-03T01:57:58Z</time>
			</trkpt>
			<trkpt lat="28.529445" lon="118.565876">
				<speed>0.262930</speed>
				<ele>812.000000</ele>
				<time>2026-01-03T01:58:19Z</time>
			</trkpt>
			<trkpt lat="28.529485" lon="118.565901">
				<speed>0.396454</speed>
				<ele>811.000000</ele>
				<time>2026-01-03T01:58:28Z</time>
			</trkpt>
			<trkpt lat="28.529535" lon="118.565886">
				<speed>0.284586</speed>
				<ele>809.000000</ele>
				<time>2026-01-03T01:58:47Z</time>
			</trkpt>
			<trkpt lat="28.529586" lon="118.565884">
				<speed>0.335052</speed>
				<ele>804.000000</ele>
				<time>2026-01-03T01:59:04Z</time>
			</trkpt>
			<trkpt lat="28.529623" lon="118.565919">
				<speed>0.325681</speed>
				<ele>804.000000</ele>
				<time>2026-01-03T01:59:12Z</time>
			</trkpt>
			<trkpt lat="28.529670" lon="118.565938">
				<speed>0.362434</speed>
				<ele>802.000000</ele>
				<time>2026-01-03T01:59:24Z</time>
			</trkpt>
			<trkpt lat="28.529720" lon="118.565940">
				<speed>0.186617</speed>
				<ele>797.000000</ele>
				<time>2026-01-03T01:59:41Z</time>
			</trkpt>
			<trkpt lat="28.529738" lon="118.565889">
				<speed>0.070789</speed>
				<ele>792.000000</ele>
				<time>2026-01-03T01:59:55Z</time>
			</trkpt>
			<trkpt lat="28.529760" lon="118.565843">
				<speed>0.258173</speed>
				<ele>789.000000</ele>
				<time>2026-01-03T02:00:06Z</time>
			</trkpt>
			<trkpt lat="28.529798" lon="118.565872">
				<speed>0.236877</speed>
				<ele>785.000000</ele>
				<time>2026-01-03T02:00:23Z</time>
			</trkpt>
			<trkpt lat="28.529835" lon="118.565841">
				<speed>0.135880</speed>
				<ele>784.000000</ele>
				<time>2026-01-03T02:00:40Z</time>
			</trkpt>
			<trkpt lat="28.529816" lon="118.565792">
				<speed>0.084987</speed>
				<ele>778.000000</ele>
				<time>2026-01-03T02:00:58Z</time>
			</trkpt>
			<trkpt lat="28.529830" lon="118.565740">
				<speed>0.345418</speed>
				<ele>773.000000</ele>
				<time>2026-01-03T02:01:20Z</time>
			</trkpt>
			<trkpt lat="28.529785" lon="118.565730">
				<speed>0.393093</speed>
				<ele>769.000000</ele>
				<time>2026-01-03T02:01:41Z</time>
			</trkpt>
			<trkpt lat="28.529762" lon="118.565682">
				<speed>0.619895</speed>
				<ele>769.000000</ele>
				<time>2026-01-03T02:01:48Z</time>
			</trkpt>
			<trkpt lat="28.529760" lon="118.565630">
				<speed>0.739766</speed>
				<ele>769.000000</ele>
				<time>2026-01-03T02:01:55Z</time>
			</trkpt>
			<trkpt lat="28.529740" lon="118.565584">
				<speed>0.211309</speed>
				<ele>767.000000</ele>
				<time>2026-01-03T02:02:05Z</time>
			</trkpt>
			<trkpt lat="28.529743" lon="118.565530">
				<speed>0.853045</speed>
				<ele>764.000000</ele>
				<time>2026-01-03T02:02:20Z</time>
			</trkpt>
			<trkpt lat="28.529744" lon="118.565468">
				<speed>0.771113</speed>
				<ele>764.000000</ele>
				<time>2026-01-03T02:02:27Z</time>
			</trkpt>
			<trkpt lat="28.529735" lon="118.565418">
				<speed>0.595943</speed>
				<ele>763.000000</ele>
				<time>2026-01-03T02:02:34Z</time>
			</trkpt>
			<trkpt lat="28.529679" lon="118.565388">
				<speed>1.293050</speed>
				<ele>762.000000</ele>
				<time>2026-01-03T02:02:38Z</time>
			</trkpt>
			<trkpt lat="28.529667" lon="118.565333">
				<speed>0.842850</speed>
				<ele>762.000000</ele>
				<time>2026-01-03T02:02:46Z</time>
			</trkpt>
			<trkpt lat="28.529620" lon="118.565318">
				<speed>0.884550</speed>
				<ele>761.000000</ele>
				<time>2026-01-03T02:02:53Z</time>
			</trkpt>
			<trkpt lat="28.529578" lon="118.565292">
				<speed>0.642598</speed>
				<ele>761.000000</ele>
				<time>2026-01-03T02:02:59Z</time>
			</trkpt>
			<trkpt lat="28.529533" lon="118.565273">
				<speed>0.754135</speed>
				<ele>760.000000</ele>
				<time>2026-01-03T02:03:06Z</time>
			</trkpt>
			<trkpt lat="28.529493" lon="118.565310">
				<speed>1.009071</speed>
				<ele>759.000000</ele>
				<time>2026-01-03T02:03:11Z</time>
			</trkpt>
			<trkpt lat="28.529448" lon="118.565333">
				<speed>0.469359</speed>
				<ele>762.000000</ele>
				<time>2026-01-03T02:03:21Z</time>
			</trkpt>
			<trkpt lat="28.529416" lon="118.565377">
				<speed>0.708793</speed>
				<ele>763.000000</ele>
				<time>2026-01-03T02:03:31Z</time>
			</trkpt>
			<trkpt lat="28.529381" lon="118.565422">
				<speed>0.723067</speed>
				<ele>764.000000</ele>
				<time>2026-01-03T02:03:39Z</time>
			</trkpt>
			<trkpt lat="28.529343" lon="118.565454">
				<speed>0.886620</speed>
				<ele>763.000000</ele>
				<time>2026-01-03T02:03:45Z</time>
			</trkpt>
			<trkpt lat="28.529303" lon="118.565481">
				<speed>0.433471</speed>
				<ele>763.000000</ele>
				<time>2026-01-03T02:03:54Z</time>
			</trkpt>
			<trkpt lat="28.529258" lon="118.565504">
				<speed>0.501795</speed>
				<ele>768.000000</ele>
				<time>2026-01-03T02:04:04Z</time>
			</trkpt>
			<trkpt lat="28.529221" lon="118.565534">
				<speed>0.519826</speed>
				<ele>769.000000</ele>
				<time>2026-01-03T02:04:11Z</time>
			</trkpt>
			<trkpt lat="28.529170" lon="118.565547">
				<speed>0.893164</speed>
				<ele>771.000000</ele>
				<time>2026-01-03T02:04:22Z</time>
			</trkpt>
			<trkpt lat="28.529120" lon="118.565553">
				<speed>0.557523</speed>
				<ele>774.000000</ele>
				<time>2026-01-03T02:04:31Z</time>
			</trkpt>
			<trkpt lat="28.529087" lon="118.565588">
				<speed>0.486513</speed>
				<ele>776.000000</ele>
				<time>2026-01-03T02:04:38Z</time>
			</trkpt>
			<trkpt lat="28.529081" lon="118.565647">
				<speed>0.798478</speed>
				<ele>778.000000</ele>
				<time>2026-01-03T02:04:44Z</time>
			</trkpt>
			<trkpt lat="28.529041" lon="118.565686">
				<speed>0.876272</speed>
				<ele>783.000000</ele>
				<time>2026-01-03T02:04:51Z</time>
			</trkpt>
			<trkpt lat="28.529006" lon="118.565725">
				<speed>0.817457</speed>
				<ele>785.000000</ele>
				<time>2026-01-03T02:04:58Z</time>
			</trkpt>
			<trkpt lat="28.529018" lon="118.565775">
				<speed>0.540434</speed>
				<ele>785.000000</ele>
				<time>2026-01-03T02:05:03Z</time>
			</trkpt>
			<trkpt lat="28.529028" lon="118.565829">
				<speed>1.308621</speed>
				<ele>785.000000</ele>
				<time>2026-01-03T02:05:07Z</time>
			</trkpt>
			<trkpt lat="28.529058" lon="118.565884">
				<speed>1.126361</speed>
				<ele>785.000000</ele>
				<time>2026-01-03T02:05:12Z</time>
			</trkpt>
			<trkpt lat="28.529098" lon="118.565921">
				<speed>1.207390</speed>
				<ele>784.000000</ele>
				<time>2026-01-03T02:05:17Z</time>
			</trkpt>
			<trkpt lat="28.529126" lon="118.565965">
				<speed>0.991709</speed>
				<ele>785.000000</ele>
				<time>2026-01-03T02:05:22Z</time>
			</trkpt>
			<trkpt lat="28.529170" lon="118.565996">
				<speed>0.707051</speed>
				<ele>785.000000</ele>
				<time>2026-01-03T02:05:30Z</time>
			</trkpt>
			<trkpt lat="28.529206" lon="118.566033">
				<speed>0.764966</speed>
				<ele>784.000000</ele>
				<time>2026-01-03T02:05:51Z</time>
			</trkpt>
			<trkpt lat="28.529253" lon="118.566043">
				<speed>0.881035</speed>
				<ele>782.000000</ele>
				<time>2026-01-03T02:05:58Z</time>
			</trkpt>
			<trkpt lat="28.529279" lon="118.566086">
				<speed>0.242152</speed>
				<ele>778.000000</ele>
				<time>2026-01-03T02:06:12Z</time>
			</trkpt>
			<trkpt lat="28.529262" lon="118.566135">
				<speed>0.068194</speed>
				<ele>777.000000</ele>
				<time>2026-01-03T02:06:24Z</time>
			</trkpt>
			<trkpt lat="28.529251" lon="118.566185">
				<speed>0.917452</speed>
				<ele>776.000000</ele>
				<time>2026-01-03T02:06:31Z</time>
			</trkpt>
			<trkpt lat="28.529229" lon="118.566230">
				<speed>1.005749</speed>
				<ele>777.000000</ele>
				<time>2026-01-03T02:06:38Z</time>
			</trkpt>
			<trkpt lat="28.529237" lon="118.566283">
				<speed>0.116024</speed>
				<ele>777.000000</ele>
				<time>2026-01-03T02:06:48Z</time>
			</trkpt>
			<trkpt lat="28.529273" lon="118.566323">
				<speed>0.720394</speed>
				<ele>778.000000</ele>
				<time>2026-01-03T02:07:02Z</time>
			</trkpt>
			<trkpt lat="28.529314" lon="118.566348">
				<speed>0.341799</speed>
				<ele>773.000000</ele>
				<time>2026-01-03T02:07:16Z</time>
			</trkpt>
			<trkpt lat="28.529269" lon="118.566333">
				<speed>0.114735</speed>
				<ele>769.000000</ele>
				<time>2026-01-03T02:07:38Z</time>
			</trkpt>
			<trkpt lat="28.529224" lon="118.566309">
				<speed>0.041030</speed>
				<ele>769.000000</ele>
				<time>2026-01-03T02:07:48Z</time>
			</trkpt>
			<trkpt lat="28.529185" lon="118.566285">
				<speed>0.026194</speed>
				<ele>767.000000</ele>
				<time>2026-01-03T02:08:06Z</time>
			</trkpt>
			<trkpt lat="28.529197" lon="118.566336">
				<speed>0.208469</speed>
				<ele>764.000000</ele>
				<time>2026-01-03T02:08:21Z</time>
			</trkpt>
			<trkpt lat="28.529211" lon="118.566384">
				<speed>0.000000</speed>
				<ele>762.000000</ele>
				<time>2026-01-03T02:08:43Z</time>
			</trkpt>
			<trkpt lat="28.529237" lon="118.566432">
				<speed>0.548675</speed>
				<ele>761.000000</ele>
				<time>2026-01-03T02:09:04Z</time>
			</trkpt>
			<trkpt lat="28.529269" lon="118.566468">
				<speed>0.471623</speed>
				<ele>758.000000</ele>
				<time>2026-01-03T02:09:12Z</time>
			</trkpt>
			<trkpt lat="28.529309" lon="118.566497">
				<speed>0.655322</speed>
				<ele>756.000000</ele>
				<time>2026-01-03T02:09:20Z</time>
			</trkpt>
			<trkpt lat="28.529353" lon="118.566523">
				<speed>0.862515</speed>
				<ele>756.000000</ele>
				<time>2026-01-03T02:09:27Z</time>
			</trkpt>
			<trkpt lat="28.529394" lon="118.566562">
				<speed>0.591492</speed>
				<ele>756.000000</ele>
				<time>2026-01-03T02:09:36Z</time>
			</trkpt>
			<trkpt lat="28.529442" lon="118.566564">
				<speed>0.875042</speed>
				<ele>757.000000</ele>
				<time>2026-01-03T02:09:42Z</time>
			</trkpt>
			<trkpt lat="28.529415" lon="118.566607">
				<speed>0.525737</speed>
				<ele>754.000000</ele>
				<time>2026-01-03T02:10:26Z</time>
			</trkpt>
			<trkpt lat="28.529387" lon="118.566556">
				<speed>0.351074</speed>
				<ele>751.000000</ele>
				<time>2026-01-03T02:10:32Z</time>
			</trkpt>
			<trkpt lat="28.529369" lon="118.566509">
				<speed>0.402652</speed>
				<ele>749.000000</ele>
				<time>2026-01-03T02:10:37Z</time>
			</trkpt>
			<trkpt lat="28.529388" lon="118.566558">
				<speed>0.226388</speed>
				<ele>744.000000</ele>
				<time>2026-01-03T02:10:49Z</time>
			</trkpt>
			<trkpt lat="28.529434" lon="118.566576">
				<speed>0.388822</speed>
				<ele>745.000000</ele>
				<time>2026-01-03T02:10:57Z</time>
			</trkpt>
			<trkpt lat="28.529486" lon="118.566597">
				<speed>0.973276</speed>
				<ele>743.000000</ele>
				<time>2026-01-03T02:11:07Z</time>
			</trkpt>
			<trkpt lat="28.529533" lon="118.566586">
				<speed>0.849609</speed>
				<ele>741.000000</ele>
				<time>2026-01-03T02:11:12Z</time>
			</trkpt>
			<trkpt lat="28.529582" lon="118.566563">
				<speed>0.667448</speed>
				<ele>740.000000</ele>
				<time>2026-01-03T02:11:18Z</time>
			</trkpt>
			<trkpt lat="28.529628" lon="118.566562">
				<speed>0.156183</speed>
				<ele>739.000000</ele>
				<time>2026-01-03T02:11:30Z</time>
			</trkpt>
			<trkpt lat="28.529674" lon="118.566586">
				<speed>0.348653</speed>
				<ele>736.000000</ele>
				<time>2026-01-03T02:11:51Z</time>
			</trkpt>
			<trkpt lat="28.529711" lon="118.566550">
				<speed>0.585117</speed>
				<ele>728.000000</ele>
				<time>2026-01-03T02:12:13Z</time>
			</trkpt>
			<trkpt lat="28.529739" lon="118.566508">
				<speed>0.423484</speed>
				<ele>724.000000</ele>
				<time>2026-01-03T02:12:26Z</time>
			</trkpt>
			<trkpt lat="28.529729" lon="118.566458">
				<speed>0.652195</speed>
				<ele>720.000000</ele>
				<time>2026-01-03T02:12:44Z</time>
			</trkpt>
			<trkpt lat="28.529695" lon="118.566422">
				<speed>0.398071</speed>
				<ele>719.000000</ele>
				<time>2026-01-03T02:12:59Z</time>
			</trkpt>
			<trkpt lat="28.529734" lon="118.566449">
				<speed>0.071647</speed>
				<ele>719.000000</ele>
				<time>2026-01-03T02:13:12Z</time>
			</trkpt>
			<trkpt lat="28.529781" lon="118.566450">
				<speed>0.101942</speed>
				<ele>715.000000</ele>
				<time>2026-01-03T02:13:30Z</time>
			</trkpt>
			<trkpt lat="28.529773" lon="118.566506">
				<speed>0.656602</speed>
				<ele>710.000000</ele>
				<time>2026-01-03T02:13:53Z</time>
			</trkpt>
			<trkpt lat="28.529814" lon="118.566542">
				<speed>0.410709</speed>
				<ele>708.000000</ele>
				<time>2026-01-03T02:14:17Z</time>
			</trkpt>
			<trkpt lat="28.529860" lon="118.566543">
				<speed>0.213583</speed>
				<ele>704.000000</ele>
				<time>2026-01-03T02:14:46Z</time>
			</trkpt>
			<trkpt lat="28.529846" lon="118.566487">
				<speed>0.105301</speed>
				<ele>697.000000</ele>
				<time>2026-01-03T02:15:24Z</time>
			</trkpt>
			<trkpt lat="28.529806" lon="118.566459">
				<speed>0.215677</speed>
				<ele>698.000000</ele>
				<time>2026-01-03T02:15:30Z</time>
			</trkpt>
			<trkpt lat="28.529758" lon="118.566464">
				<speed>1.340913</speed>
				<ele>699.000000</ele>
				<time>2026-01-03T02:15:42Z</time>
			</trkpt>
			<trkpt lat="28.529806" lon="118.566441">
				<speed>0.019014</speed>
				<ele>700.000000</ele>
				<time>2026-01-03T02:15:51Z</time>
			</trkpt>
			<trkpt lat="28.529845" lon="118.566412">
				<speed>0.473272</speed>
				<ele>699.000000</ele>
				<time>2026-01-03T02:16:04Z</time>
			</trkpt>
			<trkpt lat="28.529897" lon="118.566415">
				<speed>0.168154</speed>
				<ele>699.000000</ele>
				<time>2026-01-03T02:16:26Z</time>
			</trkpt>
			<trkpt lat="28.529858" lon="118.566382">
				<speed>0.291906</speed>
				<ele>699.000000</ele>
				<time>2026-01-03T02:16:57Z</time>
			</trkpt>
			<trkpt lat="28.529814" lon="118.566407">
				<speed>0.227397</speed>
				<ele>697.000000</ele>
				<time>2026-01-03T02:17:07Z</time>
			</trkpt>
			<trkpt lat="28.529763" lon="118.566394">
				<speed>0.779928</speed>
				<ele>697.000000</ele>
				<time>2026-01-03T02:17:11Z</time>
			</trkpt>
			<trkpt lat="28.529718" lon="118.566427">
				<speed>0.809289</speed>
				<ele>698.000000</ele>
				<time>2026-01-03T02:17:20Z</time>
			</trkpt>
			<trkpt lat="28.529681" lon="118.566395">
				<speed>1.200809</speed>
				<ele>698.000000</ele>
				<time>2026-01-03T02:17:24Z</time>
			</trkpt>
			<trkpt lat="28.529634" lon="118.566402">
				<speed>1.325011</speed>
				<ele>699.000000</ele>
				<time>2026-01-03T02:17:29Z</time>
			</trkpt>
			<trkpt lat="28.529579" lon="118.566418">
				<speed>0.665447</speed>
				<ele>698.000000</ele>
				<time>2026-01-03T02:17:39Z</time>
			</trkpt>
			<trkpt lat="28.529895" lon="118.566268">
				<speed>0.219628</speed>
				<ele>697.000000</ele>
				<time>2026-01-03T02:17:52Z</time>
			</trkpt>
			<trkpt lat="28.529749" lon="118.566304">
				<speed>1.509875</speed>
				<ele>697.000000</ele>
				<time>2026-01-03T02:17:55Z</time>
			</trkpt>
			<trkpt lat="28.529666" lon="118.566313">
				<speed>1.918905</speed>
				<ele>697.000000</ele>
				<time>2026-01-03T02:17:56Z</time>
			</trkpt>
			<trkpt lat="28.529693" lon="118.566363">
				<speed>0.624996</speed>
				<ele>699.000000</ele>
				<time>2026-01-03T02:18:11Z</time>
			</trkpt>
			<trkpt lat="28.529757" lon="118.566372">
				<speed>0.234674</speed>
				<ele>700.000000</ele>
				<time>2026-01-03T02:18:18Z</time>
			</trkpt>
			<trkpt lat="28.529810" lon="118.566397">
				<speed>0.201653</speed>
				<ele>700.000000</ele>
				<time>2026-01-03T02:18:20Z</time>
			</trkpt>
			<trkpt lat="28.529869" lon="118.566400">
				<speed>0.271565</speed>
				<ele>700.000000</ele>
				<time>2026-01-03T02:18:31Z</time>
			</trkpt>
			<trkpt lat="28.529926" lon="118.566394">
				<speed>0.724193</speed>
				<ele>701.000000</ele>
				<time>2026-01-03T02:18:42Z</time>
			</trkpt>
			<trkpt lat="28.529976" lon="118.566394">
				<speed>0.403099</speed>
				<ele>700.000000</ele>
				<time>2026-01-03T02:18:46Z</time>
			</trkpt>
			<trkpt lat="28.529974" lon="118.566339">
				<speed>0.141518</speed>
				<ele>681.000000</ele>
				<time>2026-01-03T02:19:51Z</time>
			</trkpt>
			<trkpt lat="28.530028" lon="118.566341">
				<speed>0.394616</speed>
				<ele>683.000000</ele>
				<time>2026-01-03T02:20:01Z</time>
			</trkpt>
			<trkpt lat="28.529981" lon="118.566350">
				<speed>0.061910</speed>
				<ele>676.000000</ele>
				<time>2026-01-03T02:20:19Z</time>
			</trkpt>
			<trkpt lat="28.529936" lon="118.566364">
				<speed>0.271836</speed>
				<ele>672.000000</ele>
				<time>2026-01-03T02:20:36Z</time>
			</trkpt>
			<trkpt lat="28.529969" lon="118.566328">
				<speed>0.054407</speed>
				<ele>667.000000</ele>
				<time>2026-01-03T02:20:49Z</time>
			</trkpt>
			<trkpt lat="28.530004" lon="118.566366">
				<speed>0.083257</speed>
				<ele>663.000000</ele>
				<time>2026-01-03T02:20:59Z</time>
			</trkpt>
			<trkpt lat="28.530051" lon="118.566376">
				<speed>0.340542</speed>
				<ele>665.000000</ele>
				<time>2026-01-03T02:21:07Z</time>
			</trkpt>
			<trkpt lat="28.530099" lon="118.566380">
				<speed>0.082878</speed>
				<ele>667.000000</ele>
				<time>2026-01-03T02:21:14Z</time>
			</trkpt>
			<trkpt lat="28.530145" lon="118.566357">
				<speed>0.861860</speed>
				<ele>666.000000</ele>
				<time>2026-01-03T02:21:26Z</time>
			</trkpt>
			<trkpt lat="28.530176" lon="118.566313">
				<speed>0.559409</speed>
				<ele>655.000000</ele>
				<time>2026-01-03T02:21:46Z</time>
			</trkpt>
			<trkpt lat="28.530196" lon="118.566266">
				<speed>0.358077</speed>
				<ele>646.000000</ele>
				<time>2026-01-03T02:22:30Z</time>
			</trkpt>
			<trkpt lat="28.530247" lon="118.566253">
				<speed>0.073302</speed>
				<ele>644.000000</ele>
				<time>2026-01-03T02:22:39Z</time>
			</trkpt>
			<trkpt lat="28.530291" lon="118.566270">
				<speed>0.764382</speed>
				<ele>635.000000</ele>
				<time>2026-01-03T02:23:06Z</time>
			</trkpt>
			<trkpt lat="28.530328" lon="118.566236">
				<speed>0.496807</speed>
				<ele>632.000000</ele>
				<time>2026-01-03T02:23:17Z</time>
			</trkpt>
			<trkpt lat="28.530355" lon="118.566185">
				<speed>0.862029</speed>
				<ele>628.000000</ele>
				<time>2026-01-03T02:23:24Z</time>
			</trkpt>
			<trkpt lat="28.530386" lon="118.566145">
				<speed>0.357611</speed>
				<ele>627.000000</ele>
				<time>2026-01-03T02:23:31Z</time>
			</trkpt>
			<trkpt lat="28.530410" lon="118.566092">
				<speed>0.785986</speed>
				<ele>627.000000</ele>
				<time>2026-01-03T02:23:41Z</time>
			</trkpt>
			<trkpt lat="28.530414" lon="118.566039">
				<speed>0.151051</speed>
				<ele>628.000000</ele>
				<time>2026-01-03T02:23:53Z</time>
			</trkpt>
			<trkpt lat="28.530453" lon="118.566011">
				<speed>0.340848</speed>
				<ele>623.000000</ele>
				<time>2026-01-03T02:24:35Z</time>
			</trkpt>
			<trkpt lat="28.530498" lon="118.566001">
				<speed>0.032288</speed>
				<ele>618.000000</ele>
				<time>2026-01-03T02:25:16Z</time>
			</trkpt>
			<trkpt lat="28.530544" lon="118.566001">
				<speed>0.067297</speed>
				<ele>617.000000</ele>
				<time>2026-01-03T02:25:30Z</time>
			</trkpt>
			<trkpt lat="28.530587" lon="118.565984">
				<speed>0.114303</speed>
				<ele>611.000000</ele>
				<time>2026-01-03T02:25:55Z</time>
			</trkpt>
			<trkpt lat="28.530631" lon="118.565958">
				<speed>0.027231</speed>
				<ele>606.000000</ele>
				<time>2026-01-03T02:26:17Z</time>
			</trkpt>
			<trkpt lat="28.530607" lon="118.566014">
				<speed>0.130588</speed>
				<ele>607.000000</ele>
				<time>2026-01-03T02:26:48Z</time>
			</trkpt>
			<trkpt lat="28.530566" lon="118.566048">
				<speed>0.034705</speed>
				<ele>608.000000</ele>
				<time>2026-01-03T02:26:57Z</time>
			</trkpt>
			<trkpt lat="28.530521" lon="118.566073">
				<speed>0.108340</speed>
				<ele>606.000000</ele>
				<time>2026-01-03T02:27:04Z</time>
			</trkpt>
			<trkpt lat="28.530565" lon="118.566057">
				<speed>0.322286</speed>
				<ele>598.000000</ele>
				<time>2026-01-03T02:27:31Z</time>
			</trkpt>
			<trkpt lat="28.530544" lon="118.566006">
				<speed>0.387028</speed>
				<ele>587.000000</ele>
				<time>2026-01-03T02:27:34Z</time>
			</trkpt>
			<trkpt lat="28.530558" lon="118.565950">
				<speed>0.829954</speed>
				<ele>576.000000</ele>
				<time>2026-01-03T02:27:43Z</time>
			</trkpt>
			<trkpt lat="28.530600" lon="118.565928">
				<speed>0.269744</speed>
				<ele>571.000000</ele>
				<time>2026-01-03T02:27:57Z</time>
			</trkpt>
			<trkpt lat="28.530638" lon="118.565957">
				<speed>0.080741</speed>
				<ele>578.000000</ele>
				<time>2026-01-03T02:28:08Z</time>
			</trkpt>
			<trkpt lat="28.530675" lon="118.565991">
				<speed>0.174527</speed>
				<ele>584.000000</ele>
				<time>2026-01-03T02:28:23Z</time>
			</trkpt>
			<trkpt lat="28.530672" lon="118.565931">
				<speed>0.424453</speed>
				<ele>573.000000</ele>
				<time>2026-01-03T02:28:33Z</time>
			</trkpt>
			<trkpt lat="28.530711" lon="118.565903">
				<speed>0.225706</speed>
				<ele>567.000000</ele>
				<time>2026-01-03T02:28:42Z</time>
			</trkpt>
			<trkpt lat="28.530752" lon="118.565881">
				<speed>0.926192</speed>
				<ele>565.000000</ele>
				<time>2026-01-03T02:28:49Z</time>
			</trkpt>
			<trkpt lat="28.530767" lon="118.565827">
				<speed>0.620438</speed>
				<ele>559.000000</ele>
				<time>2026-01-03T02:29:03Z</time>
			</trkpt>
			<trkpt lat="28.530823" lon="118.565826">
				<speed>0.821149</speed>
				<ele>563.000000</ele>
				<time>2026-01-03T02:29:16Z</time>
			</trkpt>
			<trkpt lat="28.530871" lon="118.565821">
				<speed>0.449326</speed>
				<ele>563.000000</ele>
				<time>2026-01-03T02:29:36Z</time>
			</trkpt>
			<trkpt lat="28.530906" lon="118.565784">
				<speed>0.961082</speed>
				<ele>563.000000</ele>
				<time>2026-01-03T02:29:56Z</time>
			</trkpt>
			<trkpt lat="28.530942" lon="118.565744">
				<speed>0.754036</speed>
				<ele>562.000000</ele>
				<time>2026-01-03T02:30:03Z</time>
			</trkpt>
			<trkpt lat="28.530963" lon="118.565698">
				<speed>0.435103</speed>
				<ele>558.000000</ele>
				<time>2026-01-03T02:30:15Z</time>
			</trkpt>
			<trkpt lat="28.530994" lon="118.565659">
				<speed>0.373061</speed>
				<ele>559.000000</ele>
				<time>2026-01-03T02:30:23Z</time>
			</trkpt>
			<trkpt lat="28.530973" lon="118.565705">
				<speed>0.036303</speed>
				<ele>561.000000</ele>
				<time>2026-01-03T02:30:41Z</time>
			</trkpt>
			<trkpt lat="28.530939" lon="118.565748">
				<speed>0.222364</speed>
				<ele>562.000000</ele>
				<time>2026-01-03T02:30:47Z</time>
			</trkpt>
			<trkpt lat="28.530913" lon="118.565797">
				<speed>0.515279</speed>
				<ele>563.000000</ele>
				<time>2026-01-03T02:30:54Z</time>
			</trkpt>
			<trkpt lat="28.530868" lon="118.565830">
				<speed>1.100512</speed>
				<ele>562.000000</ele>
				<time>2026-01-03T02:31:01Z</time>
			</trkpt>
			<trkpt lat="28.530841" lon="118.565875">
				<speed>0.679378</speed>
				<ele>562.000000</ele>
				<time>2026-01-03T02:31:07Z</time>
			</trkpt>
			<trkpt lat="28.530812" lon="118.565916">
				<speed>0.795404</speed>
				<ele>559.000000</ele>
				<time>2026-01-03T02:31:15Z</time>
			</trkpt>
			<trkpt lat="28.530792" lon="118.565962">
				<speed>0.411604</speed>
				<ele>558.000000</ele>
				<time>2026-01-03T02:31:23Z</time>
			</trkpt>
			<trkpt lat="28.530750" lon="118.566005">
				<speed>1.028544</speed>
				<ele>557.000000</ele>
				<time>2026-01-03T02:31:35Z</time>
			</trkpt>
			<trkpt lat="28.530722" lon="118.566060">
				<speed>1.034521</speed>
				<ele>557.000000</ele>
				<time>2026-01-03T02:31:43Z</time>
			</trkpt>
			<trkpt lat="28.530684" lon="118.566112">
				<speed>1.251640</speed>
				<ele>560.000000</ele>
				<time>2026-01-03T02:31:49Z</time>
			</trkpt>
			<trkpt lat="28.530649" lon="118.566145">
				<speed>0.577765</speed>
				<ele>559.000000</ele>
				<time>2026-01-03T02:31:56Z</time>
			</trkpt>
			<trkpt lat="28.530694" lon="118.566124">
				<speed>0.047571</speed>
				<ele>557.000000</ele>
				<time>2026-01-03T02:32:11Z</time>
			</trkpt>
			<trkpt lat="28.530737" lon="118.566106">
				<speed>0.156466</speed>
				<ele>555.000000</ele>
				<time>2026-01-03T02:32:20Z</time>
			</trkpt>
			<trkpt lat="28.530778" lon="118.566071">
				<speed>0.158363</speed>
				<ele>552.000000</ele>
				<time>2026-01-03T02:32:29Z</time>
			</trkpt>
			<trkpt lat="28.530825" lon="118.566069">
				<speed>0.085221</speed>
				<ele>552.000000</ele>
				<time>2026-01-03T02:32:38Z</time>
			</trkpt>
			<trkpt lat="28.530868" lon="118.566047">
				<speed>0.070654</speed>
				<ele>550.000000</ele>
				<time>2026-01-03T02:32:46Z</time>
			</trkpt>
			<trkpt lat="28.530909" lon="118.566019">
				<speed>0.043216</speed>
				<ele>546.000000</ele>
				<time>2026-01-03T02:32:59Z</time>
			</trkpt>
			<trkpt lat="28.530946" lon="118.565983">
				<speed>0.565100</speed>
				<ele>544.000000</ele>
				<time>2026-01-03T02:33:07Z</time>
			</trkpt>
			<trkpt lat="28.530970" lon="118.565939">
				<speed>0.502990</speed>
				<ele>543.000000</ele>
				<time>2026-01-03T02:33:17Z</time>
			</trkpt>
			<trkpt lat="28.531015" lon="118.565901">
				<speed>0.887488</speed>
				<ele>542.000000</ele>
				<time>2026-01-03T02:33:28Z</time>
			</trkpt>
			<trkpt lat="28.531039" lon="118.565850">
				<speed>0.784739</speed>
				<ele>543.000000</ele>
				<time>2026-01-03T02:33:36Z</time>
			</trkpt>
			<trkpt lat="28.531072" lon="118.565803">
				<speed>0.841231</speed>
				<ele>542.000000</ele>
				<time>2026-01-03T02:33:42Z</time>
			</trkpt>
			<trkpt lat="28.531089" lon="118.565753">
				<speed>0.392907</speed>
				<ele>542.000000</ele>
				<time>2026-01-03T02:33:49Z</time>
			</trkpt>
			<trkpt lat="28.531120" lon="118.565714">
				<speed>0.280986</speed>
				<ele>537.000000</ele>
				<time>2026-01-03T02:34:07Z</time>
			</trkpt>
			<trkpt lat="28.531146" lon="118.565670">
				<speed>0.212847</speed>
				<ele>534.000000</ele>
				<time>2026-01-03T02:34:22Z</time>
			</trkpt>
			<trkpt lat="28.531145" lon="118.565619">
				<speed>0.524861</speed>
				<ele>533.000000</ele>
				<time>2026-01-03T02:34:33Z</time>
			</trkpt>
			<trkpt lat="28.531146" lon="118.565557">
				<speed>1.009018</speed>
				<ele>531.000000</ele>
				<time>2026-01-03T02:34:47Z</time>
			</trkpt>
			<trkpt lat="28.531137" lon="118.565506">
				<speed>0.737915</speed>
				<ele>532.000000</ele>
				<time>2026-01-03T02:34:53Z</time>
			</trkpt>
			<trkpt lat="28.531138" lon="118.565449">
				<speed>0.944220</speed>
				<ele>531.000000</ele>
				<time>2026-01-03T02:34:59Z</time>
			</trkpt>
			<trkpt lat="28.531157" lon="118.565396">
				<speed>0.603267</speed>
				<ele>532.000000</ele>
				<time>2026-01-03T02:35:06Z</time>
			</trkpt>
			<trkpt lat="28.531160" lon="118.565338">
				<speed>0.628409</speed>
				<ele>530.000000</ele>
				<time>2026-01-03T02:35:13Z</time>
			</trkpt>
			<trkpt lat="28.531159" lon="118.565280">
				<speed>1.010406</speed>
				<ele>532.000000</ele>
				<time>2026-01-03T02:35:19Z</time>
			</trkpt>
			<trkpt lat="28.531183" lon="118.565230">
				<speed>0.725737</speed>
				<ele>531.000000</ele>
				<time>2026-01-03T02:35:26Z</time>
			</trkpt>
			<trkpt lat="28.531206" lon="118.565176">
				<speed>0.803631</speed>
				<ele>528.000000</ele>
				<time>2026-01-03T02:35:35Z</time>
			</trkpt>
			<trkpt lat="28.531189" lon="118.565125">
				<speed>0.653924</speed>
				<ele>527.000000</ele>
				<time>2026-01-03T02:35:41Z</time>
			</trkpt>
			<trkpt lat="28.531207" lon="118.565066">
				<speed>1.439259</speed>
				<ele>526.000000</ele>
				<time>2026-01-03T02:35:46Z</time>
			</trkpt>
			<trkpt lat="28.531213" lon="118.565011">
				<speed>0.368541</speed>
				<ele>525.000000</ele>
				<time>2026-01-03T02:36:00Z</time>
			</trkpt>
			<trkpt lat="28.531240" lon="118.564969">
				<speed>0.345426</speed>
				<ele>523.000000</ele>
				<time>2026-01-03T02:36:10Z</time>
			</trkpt>
			<trkpt lat="28.531258" lon="118.564914">
				<speed>1.042284</speed>
				<ele>521.000000</ele>
				<time>2026-01-03T02:36:17Z</time>
			</trkpt>
			<trkpt lat="28.531278" lon="118.564866">
				<speed>0.985776</speed>
				<ele>520.000000</ele>
				<time>2026-01-03T02:36:23Z</time>
			</trkpt>
			<trkpt lat="28.531282" lon="118.564803">
				<speed>1.541627</speed>
				<ele>520.000000</ele>
				<time>2026-01-03T02:36:28Z</time>
			</trkpt>
			<trkpt lat="28.531280" lon="118.564751">
				<speed>1.040401</speed>
				<ele>519.000000</ele>
				<time>2026-01-03T02:36:33Z</time>
			</trkpt>
			<trkpt lat="28.531305" lon="118.564703">
				<speed>0.666390</speed>
				<ele>517.000000</ele>
				<time>2026-01-03T02:36:39Z</time>
			</trkpt>
			<trkpt lat="28.531303" lon="118.564646">
				<speed>1.031641</speed>
				<ele>516.000000</ele>
				<time>2026-01-03T02:36:45Z</time>
			</trkpt>
			<trkpt lat="28.531298" lon="118.564595">
				<speed>0.520699</speed>
				<ele>514.000000</ele>
				<time>2026-01-03T02:37:03Z</time>
			</trkpt>
			<trkpt lat="28.531302" lon="118.564544">
				<speed>0.807144</speed>
				<ele>514.000000</ele>
				<time>2026-01-03T02:37:08Z</time>
			</trkpt>
			<trkpt lat="28.531305" lon="118.564490">
				<speed>1.092315</speed>
				<ele>513.000000</ele>
				<time>2026-01-03T02:37:13Z</time>
			</trkpt>
			<trkpt lat="28.531319" lon="118.564433">
				<speed>0.577927</speed>
				<ele>511.000000</ele>
				<time>2026-01-03T02:37:21Z</time>
			</trkpt>
			<trkpt lat="28.531333" lon="118.564379">
				<speed>0.323023</speed>
				<ele>509.000000</ele>
				<time>2026-01-03T02:37:36Z</time>
			</trkpt>
			<trkpt lat="28.531378" lon="118.564373">
				<speed>1.031622</speed>
				<ele>508.000000</ele>
				<time>2026-01-03T02:37:44Z</time>
			</trkpt>
			<trkpt lat="28.531419" lon="118.564344">
				<speed>0.179693</speed>
				<ele>506.000000</ele>
				<time>2026-01-03T02:37:53Z</time>
			</trkpt>
			<trkpt lat="28.531466" lon="118.564340">
				<speed>0.473798</speed>
				<ele>505.000000</ele>
				<time>2026-01-03T02:38:26Z</time>
			</trkpt>
			<trkpt lat="28.531471" lon="118.564289">
				<speed>0.652033</speed>
				<ele>501.000000</ele>
				<time>2026-01-03T02:38:34Z</time>
			</trkpt>
			<trkpt lat="28.531468" lon="118.564235">
				<speed>0.288818</speed>
				<ele>500.000000</ele>
				<time>2026-01-03T02:38:44Z</time>
			</trkpt>
			<trkpt lat="28.531500" lon="118.564280">
				<speed>0.612829</speed>
				<ele>500.000000</ele>
				<time>2026-01-03T02:38:53Z</time>
			</trkpt>
			<trkpt lat="28.531534" lon="118.564317">
				<speed>0.646312</speed>
				<ele>498.000000</ele>
				<time>2026-01-03T02:38:59Z</time>
			</trkpt>
			<trkpt lat="28.531557" lon="118.564370">
				<speed>0.619240</speed>
				<ele>496.000000</ele>
				<time>2026-01-03T02:39:08Z</time>
			</trkpt>
			<trkpt lat="28.531559" lon="118.564426">
				<speed>0.879922</speed>
				<ele>497.000000</ele>
				<time>2026-01-03T02:39:15Z</time>
			</trkpt>
			<trkpt lat="28.531517" lon="118.564448">
				<speed>0.444645</speed>
				<ele>497.000000</ele>
				<time>2026-01-03T02:39:25Z</time>
			</trkpt>
			<trkpt lat="28.531529" lon="118.564502">
				<speed>0.393581</speed>
				<ele>496.000000</ele>
				<time>2026-01-03T02:39:36Z</time>
			</trkpt>
			<trkpt lat="28.531550" lon="118.564552">
				<speed>0.662651</speed>
				<ele>497.000000</ele>
				<time>2026-01-03T02:39:42Z</time>
			</trkpt>
			<trkpt lat="28.531553" lon="118.564608">
				<speed>0.874937</speed>
				<ele>493.000000</ele>
				<time>2026-01-03T02:40:02Z</time>
			</trkpt>
			<trkpt lat="28.531587" lon="118.564649">
				<speed>0.396272</speed>
				<ele>490.000000</ele>
				<time>2026-01-03T02:40:12Z</time>
			</trkpt>
			<trkpt lat="28.531617" lon="118.564688">
				<speed>0.185020</speed>
				<ele>489.000000</ele>
				<time>2026-01-03T02:40:22Z</time>
			</trkpt>
			<trkpt lat="28.531643" lon="118.564731">
				<speed>0.507961</speed>
				<ele>487.000000</ele>
				<time>2026-01-03T02:40:33Z</time>
			</trkpt>
			<trkpt lat="28.531664" lon="118.564781">
				<speed>0.518359</speed>
				<ele>485.000000</ele>
				<time>2026-01-03T02:40:41Z</time>
			</trkpt>
			<trkpt lat="28.531698" lon="118.564820">
				<speed>0.693822</speed>
				<ele>483.000000</ele>
				<time>2026-01-03T02:40:50Z</time>
			</trkpt>
			<trkpt lat="28.531744" lon="118.564803">
				<speed>0.660451</speed>
				<ele>480.000000</ele>
				<time>2026-01-03T02:40:57Z</time>
			</trkpt>
			<trkpt lat="28.531793" lon="118.564786">
				<speed>0.862593</speed>
				<ele>478.000000</ele>
				<time>2026-01-03T02:41:01Z</time>
			</trkpt>
			<trkpt lat="28.531831" lon="118.564752">
				<speed>0.903498</speed>
				<ele>477.000000</ele>
				<time>2026-01-03T02:41:07Z</time>
			</trkpt>
			<trkpt lat="28.531843" lon="118.564702">
				<speed>0.544224</speed>
				<ele>475.000000</ele>
				<time>2026-01-03T02:41:15Z</time>
			</trkpt>
			<trkpt lat="28.531866" lon="118.564655">
				<speed>0.489376</speed>
				<ele>474.000000</ele>
				<time>2026-01-03T02:41:20Z</time>
			</trkpt>
			<trkpt lat="28.531877" lon="118.564603">
				<speed>0.596062</speed>
				<ele>473.000000</ele>
				<time>2026-01-03T02:41:35Z</time>
			</trkpt>
			<trkpt lat="28.531903" lon="118.564552">
				<speed>0.884495</speed>
				<ele>471.000000</ele>
				<time>2026-01-03T02:41:49Z</time>
			</trkpt>
			<trkpt lat="28.531945" lon="118.564528">
				<speed>0.564673</speed>
				<ele>467.000000</ele>
				<time>2026-01-03T02:42:01Z</time>
			</trkpt>
			<trkpt lat="28.531996" lon="118.564527">
				<speed>0.782681</speed>
				<ele>466.000000</ele>
				<time>2026-01-03T02:42:10Z</time>
			</trkpt>
			<trkpt lat="28.532049" lon="118.564518">
				<speed>0.715617</speed>
				<ele>464.000000</ele>
				<time>2026-01-03T02:42:17Z</time>
			</trkpt>
			<trkpt lat="28.532095" lon="118.564519">
				<speed>0.721983</speed>
				<ele>462.000000</ele>
				<time>2026-01-03T02:42:23Z</time>
			</trkpt>
			<trkpt lat="28.532135" lon="118.564493">
				<speed>0.166620</speed>
				<ele>459.000000</ele>
				<time>2026-01-03T02:42:34Z</time>
			</trkpt>
			<trkpt lat="28.532171" lon="118.564463">
				<speed>0.550859</speed>
				<ele>457.000000</ele>
				<time>2026-01-03T02:42:42Z</time>
			</trkpt>
			<trkpt lat="28.532214" lon="118.564435">
				<speed>0.643078</speed>
				<ele>456.000000</ele>
				<time>2026-01-03T02:42:48Z</time>
			</trkpt>
			<trkpt lat="28.532246" lon="118.564397">
				<speed>0.813284</speed>
				<ele>456.000000</ele>
				<time>2026-01-03T02:42:54Z</time>
			</trkpt>
			<trkpt lat="28.532276" lon="118.564356">
				<speed>0.570251</speed>
				<ele>454.000000</ele>
				<time>2026-01-03T02:43:00Z</time>
			</trkpt>
			<trkpt lat="28.532318" lon="118.564328">
				<speed>0.506438</speed>
				<ele>453.000000</ele>
				<time>2026-01-03T02:43:06Z</time>
			</trkpt>
			<trkpt lat="28.532364" lon="118.564301">
				<speed>0.784503</speed>
				<ele>453.000000</ele>
				<time>2026-01-03T02:43:12Z</time>
			</trkpt>
			<trkpt lat="28.532404" lon="118.564269">
				<speed>0.740763</speed>
				<ele>452.000000</ele>
				<time>2026-01-03T02:43:17Z</time>
			</trkpt>
			<trkpt lat="28.532440" lon="118.564228">
				<speed>0.886026</speed>
				<ele>451.000000</ele>
				<time>2026-01-03T02:43:24Z</time>
			</trkpt>
			<trkpt lat="28.532485" lon="118.564195">
				<speed>0.838876</speed>
				<ele>449.000000</ele>
				<time>2026-01-03T02:43:29Z</time>
			</trkpt>
			<trkpt lat="28.532528" lon="118.564166">
				<speed>0.776449</speed>
				<ele>449.000000</ele>
				<time>2026-01-03T02:43:34Z</time>
			</trkpt>
			<trkpt lat="28.532567" lon="118.564130">
				<speed>0.604266</speed>
				<ele>446.000000</ele>
				<time>2026-01-03T02:43:41Z</time>
			</trkpt>
			<trkpt lat="28.532612" lon="118.564115">
				<speed>0.770122</speed>
				<ele>445.000000</ele>
				<time>2026-01-03T02:43:46Z</time>
			</trkpt>
			<trkpt lat="28.532665" lon="118.564092">
				<speed>0.951344</speed>
				<ele>443.000000</ele>
				<time>2026-01-03T02:43:53Z</time>
			</trkpt>
			<trkpt lat="28.532712" lon="118.564076">
				<speed>0.686187</speed>
				<ele>442.000000</ele>
				<time>2026-01-03T02:43:59Z</time>
			</trkpt>
			<trkpt lat="28.532763" lon="118.564078">
				<speed>0.596038</speed>
				<ele>441.000000</ele>
				<time>2026-01-03T02:44:05Z</time>
			</trkpt>
			<trkpt lat="28.532808" lon="118.564086">
				<speed>0.448214</speed>
				<ele>440.000000</ele>
				<time>2026-01-03T02:44:11Z</time>
			</trkpt>
			<trkpt lat="28.532859" lon="118.564081">
				<speed>0.609420</speed>
				<ele>438.000000</ele>
				<time>2026-01-03T02:44:17Z</time>
			</trkpt>
			<trkpt lat="28.532905" lon="118.564075">
				<speed>0.654603</speed>
				<ele>435.000000</ele>
				<time>2026-01-03T02:44:24Z</time>
			</trkpt>
			<trkpt lat="28.532942" lon="118.564044">
				<speed>0.642492</speed>
				<ele>433.000000</ele>
				<time>2026-01-03T02:44:30Z</time>
			</trkpt>
			<trkpt lat="28.532963" lon="118.563993">
				<speed>0.531690</speed>
				<ele>431.000000</ele>
				<time>2026-01-03T02:44:37Z</time>
			</trkpt>
			<trkpt lat="28.532983" lon="118.563940">
				<speed>1.350439</speed>
				<ele>429.000000</ele>
				<time>2026-01-03T02:44:45Z</time>
			</trkpt>
			<trkpt lat="28.533015" lon="118.563976">
				<speed>0.666861</speed>
				<ele>429.000000</ele>
				<time>2026-01-03T02:44:51Z</time>
			</trkpt>
			<trkpt lat="28.533064" lon="118.563973">
				<speed>1.173405</speed>
				<ele>430.000000</ele>
				<time>2026-01-03T02:44:55Z</time>
			</trkpt>
			<trkpt lat="28.533109" lon="118.563976">
				<speed>0.995876</speed>
				<ele>429.000000</ele>
				<time>2026-01-03T02:44:59Z</time>
			</trkpt>
			<trkpt lat="28.533148" lon="118.563943">
				<speed>0.757945</speed>
				<ele>426.000000</ele>
				<time>2026-01-03T02:45:08Z</time>
			</trkpt>
			<trkpt lat="28.533178" lon="118.563902">
				<speed>0.766652</speed>
				<ele>425.000000</ele>
				<time>2026-01-03T02:45:14Z</time>
			</trkpt>
			<trkpt lat="28.533206" lon="118.563855">
				<speed>0.846295</speed>
				<ele>424.000000</ele>
				<time>2026-01-03T02:45:20Z</time>
			</trkpt>
			<trkpt lat="28.533235" lon="118.563810">
				<speed>0.488146</speed>
				<ele>423.000000</ele>
				<time>2026-01-03T02:45:28Z</time>
			</trkpt>
			<trkpt lat="28.533259" lon="118.563763">
				<speed>0.693606</speed>
				<ele>421.000000</ele>
				<time>2026-01-03T02:45:35Z</time>
			</trkpt>
			<trkpt lat="28.533264" lon="118.563701">
				<speed>0.775722</speed>
				<ele>419.000000</ele>
				<time>2026-01-03T02:45:44Z</time>
			</trkpt>
			<trkpt lat="28.533261" lon="118.563646">
				<speed>1.293688</speed>
				<ele>419.000000</ele>
				<time>2026-01-03T02:45:48Z</time>
			</trkpt>
			<trkpt lat="28.533249" lon="118.563594">
				<speed>1.003009</speed>
				<ele>419.000000</ele>
				<time>2026-01-03T02:45:54Z</time>
			</trkpt>
			<trkpt lat="28.533231" lon="118.563542">
				<speed>0.838656</speed>
				<ele>419.000000</ele>
				<time>2026-01-03T02:46:00Z</time>
			</trkpt>
			<trkpt lat="28.533224" lon="118.563484">
				<speed>0.637996</speed>
				<ele>417.000000</ele>
				<time>2026-01-03T02:46:08Z</time>
			</trkpt>
			<trkpt lat="28.533195" lon="118.563440">
				<speed>0.435777</speed>
				<ele>415.000000</ele>
				<time>2026-01-03T02:46:15Z</time>
			</trkpt>
			<trkpt lat="28.533238" lon="118.563420">
				<speed>0.485629</speed>
				<ele>413.000000</ele>
				<time>2026-01-03T02:46:32Z</time>
			</trkpt>
			<trkpt lat="28.533255" lon="118.563365">
				<speed>0.873026</speed>
				<ele>413.000000</ele>
				<time>2026-01-03T02:46:37Z</time>
			</trkpt>
			<trkpt lat="28.533246" lon="118.563314">
				<speed>0.586242</speed>
				<ele>412.000000</ele>
				<time>2026-01-03T02:46:43Z</time>
			</trkpt>
			<trkpt lat="28.533271" lon="118.563266">
				<speed>0.856350</speed>
				<ele>410.000000</ele>
				<time>2026-01-03T02:46:55Z</time>
			</trkpt>
			<trkpt lat="28.533244" lon="118.563221">
				<speed>1.036055</speed>
				<ele>407.000000</ele>
				<time>2026-01-03T02:47:02Z</time>
			</trkpt>
			<trkpt lat="28.533192" lon="118.563216">
				<speed>0.818289</speed>
				<ele>406.000000</ele>
				<time>2026-01-03T02:47:08Z</time>
			</trkpt>
			<trkpt lat="28.533194" lon="118.563164">
				<speed>0.283279</speed>
				<ele>404.000000</ele>
				<time>2026-01-03T02:47:18Z</time>
			</trkpt>
			<trkpt lat="28.533214" lon="118.563115">
				<speed>0.607059</speed>
				<ele>403.000000</ele>
				<time>2026-01-03T02:47:26Z</time>
			</trkpt>
			<trkpt lat="28.533251" lon="118.563084">
				<speed>0.551443</speed>
				<ele>401.000000</ele>
				<time>2026-01-03T02:47:34Z</time>
			</trkpt>
			<trkpt lat="28.533294" lon="118.563057">
				<speed>0.712442</speed>
				<ele>399.000000</ele>
				<time>2026-01-03T02:47:41Z</time>
			</trkpt>
			<trkpt lat="28.533342" lon="118.563062">
				<speed>0.837488</speed>
				<ele>397.000000</ele>
				<time>2026-01-03T02:47:49Z</time>
			</trkpt>
			<trkpt lat="28.533385" lon="118.563036">
				<speed>0.416308</speed>
				<ele>394.000000</ele>
				<time>2026-01-03T02:47:59Z</time>
			</trkpt>
			<trkpt lat="28.533421" lon="118.563003">
				<speed>0.361180</speed>
				<ele>389.000000</ele>
				<time>2026-01-03T02:48:06Z</time>
			</trkpt>
			<trkpt lat="28.533470" lon="118.562994">
				<speed>0.484577</speed>
				<ele>386.000000</ele>
				<time>2026-01-03T02:48:13Z</time>
			</trkpt>
			<trkpt lat="28.533519" lon="118.562999">
				<speed>0.728022</speed>
				<ele>384.000000</ele>
				<time>2026-01-03T02:48:19Z</time>
			</trkpt>
			<trkpt lat="28.533558" lon="118.563029">
				<speed>0.448966</speed>
				<ele>382.000000</ele>
				<time>2026-01-03T02:48:28Z</time>
			</trkpt>
			<trkpt lat="28.533567" lon="118.562973">
				<speed>0.661584</speed>
				<ele>380.000000</ele>
				<time>2026-01-03T02:48:38Z</time>
			</trkpt>
			<trkpt lat="28.533594" lon="118.562927">
				<speed>0.596624</speed>
				<ele>378.000000</ele>
				<time>2026-01-03T02:48:51Z</time>
			</trkpt>
			<trkpt lat="28.533640" lon="118.562926">
				<speed>0.882107</speed>
				<ele>377.000000</ele>
				<time>2026-01-03T02:48:58Z</time>
			</trkpt>
			<trkpt lat="28.533678" lon="118.562960">
				<speed>0.477170</speed>
				<ele>375.000000</ele>
				<time>2026-01-03T02:49:05Z</time>
			</trkpt>
			<trkpt lat="28.533679" lon="118.562906">
				<speed>0.656408</speed>
				<ele>372.000000</ele>
				<time>2026-01-03T02:49:14Z</time>
			</trkpt>
			<trkpt lat="28.533668" lon="118.562854">
				<speed>0.460149</speed>
				<ele>370.000000</ele>
				<time>2026-01-03T02:49:23Z</time>
			</trkpt>
			<trkpt lat="28.533705" lon="118.562823">
				<speed>0.481905</speed>
				<ele>369.000000</ele>
				<time>2026-01-03T02:49:29Z</time>
			</trkpt>
			<trkpt lat="28.533746" lon="118.562847">
				<speed>0.523669</speed>
				<ele>367.000000</ele>
				<time>2026-01-03T02:49:37Z</time>
			</trkpt>
			<trkpt lat="28.533760" lon="118.562797">
				<speed>0.329938</speed>
				<ele>364.000000</ele>
				<time>2026-01-03T02:49:52Z</time>
			</trkpt>
			<trkpt lat="28.533806" lon="118.562799">
				<speed>0.655085</speed>
				<ele>363.000000</ele>
				<time>2026-01-03T02:49:59Z</time>
			</trkpt>
			<trkpt lat="28.533852" lon="118.562830">
				<speed>0.774673</speed>
				<ele>362.000000</ele>
				<time>2026-01-03T02:50:07Z</time>
			</trkpt>
			<trkpt lat="28.533871" lon="118.562879">
				<speed>0.730860</speed>
				<ele>361.000000</ele>
				<time>2026-01-03T02:50:15Z</time>
			</trkpt>
			<trkpt lat="28.533899" lon="118.562921">
				<speed>0.733346</speed>
				<ele>362.000000</ele>
				<time>2026-01-03T02:50:21Z</time>
			</trkpt>
			<trkpt lat="28.533950" lon="118.562915">
				<speed>0.687086</speed>
				<ele>362.000000</ele>
				<time>2026-01-03T02:50:29Z</time>
			</trkpt>
			<trkpt lat="28.533970" lon="118.562867">
				<speed>0.571249</speed>
				<ele>359.000000</ele>
				<time>2026-01-03T02:50:36Z</time>
			</trkpt>
			<trkpt lat="28.533971" lon="118.562808">
				<speed>0.834262</speed>
				<ele>356.000000</ele>
				<time>2026-01-03T02:50:43Z</time>
			</trkpt>
			<trkpt lat="28.533958" lon="118.562757">
				<speed>0.732906</speed>
				<ele>355.000000</ele>
				<time>2026-01-03T02:50:49Z</time>
			</trkpt>
			<trkpt lat="28.534002" lon="118.562746">
				<speed>0.072298</speed>
				<ele>353.000000</ele>
				<time>2026-01-03T02:51:06Z</time>
			</trkpt>
			<trkpt lat="28.534035" lon="118.562783">
				<speed>0.164434</speed>
				<ele>352.000000</ele>
				<time>2026-01-03T02:51:14Z</time>
			</trkpt>
			<trkpt lat="28.534068" lon="118.562822">
				<speed>0.163837</speed>
				<ele>350.000000</ele>
				<time>2026-01-03T02:51:23Z</time>
			</trkpt>
			<trkpt lat="28.534095" lon="118.562865">
				<speed>0.074916</speed>
				<ele>346.000000</ele>
				<time>2026-01-03T02:51:35Z</time>
			</trkpt>
			<trkpt lat="28.534099" lon="118.562917">
				<speed>0.588599</speed>
				<ele>342.000000</ele>
				<time>2026-01-03T02:52:54Z</time>
			</trkpt>
			<trkpt lat="28.534148" lon="118.562922">
				<speed>0.700180</speed>
				<ele>341.000000</ele>
				<time>2026-01-03T02:53:07Z</time>
			</trkpt>
			<trkpt lat="28.534174" lon="118.562879">
				<speed>0.684983</speed>
				<ele>340.000000</ele>
				<time>2026-01-03T02:53:13Z</time>
			</trkpt>
			<trkpt lat="28.534198" lon="118.562829">
				<speed>0.974166</speed>
				<ele>339.000000</ele>
				<time>2026-01-03T02:53:19Z</time>
			</trkpt>
			<trkpt lat="28.534206" lon="118.562773">
				<speed>0.547749</speed>
				<ele>338.000000</ele>
				<time>2026-01-03T02:53:26Z</time>
			</trkpt>
			<trkpt lat="28.534225" lon="118.562825">
				<speed>0.558079</speed>
				<ele>337.000000</ele>
				<time>2026-01-03T02:53:35Z</time>
			</trkpt>
			<trkpt lat="28.534258" lon="118.562787">
				<speed>0.591120</speed>
				<ele>334.000000</ele>
				<time>2026-01-03T02:53:46Z</time>
			</trkpt>
			<trkpt lat="28.534286" lon="118.562738">
				<speed>0.748075</speed>
				<ele>333.000000</ele>
				<time>2026-01-03T02:53:54Z</time>
			</trkpt>
			<trkpt lat="28.534310" lon="118.562692">
				<speed>0.792840</speed>
				<ele>332.000000</ele>
				<time>2026-01-03T02:54:01Z</time>
			</trkpt>
			<trkpt lat="28.534313" lon="118.562634">
				<speed>0.562582</speed>
				<ele>332.000000</ele>
				<time>2026-01-03T02:54:07Z</time>
			</trkpt>
			<trkpt lat="28.534299" lon="118.562582">
				<speed>0.568331</speed>
				<ele>330.000000</ele>
				<time>2026-01-03T02:54:14Z</time>
			</trkpt>
			<trkpt lat="28.534280" lon="118.562534">
				<speed>0.780696</speed>
				<ele>330.000000</ele>
				<time>2026-01-03T02:54:21Z</time>
			</trkpt>
			<trkpt lat="28.534257" lon="118.562486">
				<speed>0.983055</speed>
				<ele>330.000000</ele>
				<time>2026-01-03T02:54:26Z</time>
			</trkpt>
			<trkpt lat="28.534238" lon="118.562430">
				<speed>0.785829</speed>
				<ele>329.000000</ele>
				<time>2026-01-03T02:54:32Z</time>
			</trkpt>
			<trkpt lat="28.534280" lon="118.562407">
				<speed>0.680887</speed>
				<ele>325.000000</ele>
				<time>2026-01-03T02:54:51Z</time>
			</trkpt>
			<trkpt lat="28.534325" lon="118.562413">
				<speed>0.372965</speed>
				<ele>323.000000</ele>
				<time>2026-01-03T02:54:57Z</time>
			</trkpt>
			<trkpt lat="28.534373" lon="118.562413">
				<speed>0.463411</speed>
				<ele>322.000000</ele>
				<time>2026-01-03T02:55:03Z</time>
			</trkpt>
			<trkpt lat="28.534411" lon="118.562383">
				<speed>1.045138</speed>
				<ele>321.000000</ele>
				<time>2026-01-03T02:55:07Z</time>
			</trkpt>
			<trkpt lat="28.534441" lon="118.562340">
				<speed>0.532397</speed>
				<ele>320.000000</ele>
				<time>2026-01-03T02:55:15Z</time>
			</trkpt>
			<trkpt lat="28.534479" lon="118.562293">
				<speed>0.688027</speed>
				<ele>318.000000</ele>
				<time>2026-01-03T02:55:23Z</time>
			</trkpt>
			<trkpt lat="28.534499" lon="118.562247">
				<speed>0.370795</speed>
				<ele>318.000000</ele>
				<time>2026-01-03T02:55:31Z</time>
			</trkpt>
			<trkpt lat="28.534530" lon="118.562198">
				<speed>1.138409</speed>
				<ele>318.000000</ele>
				<time>2026-01-03T02:55:36Z</time>
			</trkpt>
			<trkpt lat="28.534553" lon="118.562151">
				<speed>0.928643</speed>
				<ele>319.000000</ele>
				<time>2026-01-03T02:55:42Z</time>
			</trkpt>
			<trkpt lat="28.534569" lon="118.562095">
				<speed>1.563556</speed>
				<ele>321.000000</ele>
				<time>2026-01-03T02:55:46Z</time>
			</trkpt>
			<trkpt lat="28.534580" lon="118.562032">
				<speed>0.939573</speed>
				<ele>319.000000</ele>
				<time>2026-01-03T02:55:51Z</time>
			</trkpt>
			<trkpt lat="28.534590" lon="118.561974">
				<speed>0.686684</speed>
				<ele>316.000000</ele>
				<time>2026-01-03T02:55:57Z</time>
			</trkpt>
			<trkpt lat="28.534610" lon="118.561924">
				<speed>0.594240</speed>
				<ele>315.000000</ele>
				<time>2026-01-03T02:56:06Z</time>
			</trkpt>
			<trkpt lat="28.534618" lon="118.561870">
				<speed>0.811978</speed>
				<ele>312.000000</ele>
				<time>2026-01-03T02:56:14Z</time>
			</trkpt>
			<trkpt lat="28.534671" lon="118.561883">
				<speed>0.703648</speed>
				<ele>313.000000</ele>
				<time>2026-01-03T02:57:12Z</time>
			</trkpt>
			<trkpt lat="28.534721" lon="118.561875">
				<speed>1.011291</speed>
				<ele>313.000000</ele>
				<time>2026-01-03T02:57:16Z</time>
			</trkpt>
			<trkpt lat="28.534746" lon="118.561829">
				<speed>1.230717</speed>
				<ele>311.000000</ele>
				<time>2026-01-03T02:57:19Z</time>
			</trkpt>
		</trkseg>
	</trk>
	<extensions>
		<name>2026-01-03 08:45:13</name>
		<TrackTypeId>8</TrackTypeId>
		<SportType>0</SportType>
		<TrackTags><![CDATA[散步]]></TrackTags>
		<BeginTime>1767401113000</BeginTime>
		<EndTime>1767409071608</EndTime>
		<PauseTime>2</PauseTime>
		<StartDistrictId>0</StartDistrictId>
		<EndDistrictId>0</EndDistrictId>
		<CreaterId>56392261</CreaterId>
		<CreaterName><![CDATA[Andy 的游历]]></CreaterName>
		<OriginCreaterId>56392261</OriginCreaterId>
		<OriginCreaterName><![CDATA[Andy 的游历]]></OriginCreaterName>
		<Distance>4636.188189</Distance>
		<ElevationGain>450.470000</ElevationGain>
		<ElevationLoss>561.570000</ElevationLoss>
		<SportAvgSpeed>0.582735</SportAvgSpeed>
	</extensions>
</gpx>
